restaurant_id,restaurant_name,city,cuisine
1cLXGXThDYZ5WK_KpBLtkw,Koko Bakery,Cleveland,Other
Pawavw9U8rjxWVPU-RB7LA,Richie Chan's Chinese Restaurant,Cleveland,Chinese
wkhxaIt6S9bQ0twAD9Svpw,Giuseppes Pizza & Subs,Cleveland,Pizza
2xcnolaD9e6voXJnrbu_Hg,B.A. Sweetie Candy,Cleveland,Other
VUb97h3RTg6InKdfgB49Bw,Happy Dog at the Euclid Tavern,Cleveland,Other
CtYWpX_cy1YdZgoKtS0Tqg,Happys Pizza,Cleveland,Pizza
n8GCGa5gX17Ibix5VsGMuw,Popeyes Louisiana Kitchen,Cleveland,Fast Food
8FZftD3Y5jQ2R44EDBqhlA,Cafe Bon Appetit,Cleveland,Sandwiches
WpkuAJfHSIgjppRC-Wnxgg,Brio Tuscan Grille,Cleveland,Italian
YNI26xBkdOzI1TMGmIcEaw,Taco Bell Cantina,Cleveland,Mexican
MTsIckdo3_uKuqk3B4zuKA,Cleveland Pickle,Cleveland,Sandwiches
a70yZ7lONw4sd128WMjPNg,Cone Heads,Cleveland,Other
IeMtrPFpMzcUUCWw1q1yAA,Becker's Donuts & Bakery,Cleveland,Other
UgWVMUWFrr6bt3NSfuKrGQ,Guys Pizza Co,Cleveland Heights,Pizza
TW6A7M0j0R9hp1zYpxz2FQ,District,Cleveland,Other
uYGccFiK5EdKBV0W33eGoA,On Air Studio,Cleveland,Other
GYHaejDRFdUgyRm8X_g8rg,Shay's,Cleveland,Other
eUrFjzkC2qcX6Hwh1RN5VQ,Aldi,Cleveland,Other
VGRn5KgYKMkqdIKtBUzQQA,Wahlburgers,Cleveland,Burgers
1veVZUawy7IhIc5oDpRRQA,Slyman's Restaurant,Cleveland,Sandwiches
-Eu04UHRqmGGyvYRDY8-tg,West Side Market,Cleveland,Other
N9qQPezv9swXFLPgoMdhOg,IHOP,Cleveland,Other
10Jk5ilimXrfAq8JJ1gISg,Saigon Grille,Cleveland,Vietnamese
pcs7jXj_mvuLQq6DQ3Ggcg,Seti's Polish Boys,Cleveland,Fast Food
B04F5Jvb4JsZdr0Sc9mbgA,Bob Evans,Cleveland,Other
knJh7agyWMdPyndI9dURjw,Zócalo Tequilería,Cleveland,Mexican
fSZcgCRJb7gqd3uplDozBw,Dave's Supermarket,Cleveland,Other
k9vukbB0xYq_FC9KpktnbQ,811 Kitchen Bar Lounge,Cleveland,Other
SZbn2cSLGsAmvliMzsvXOw,Popeyes Louisiana Kitchen,Cleveland,Fast Food
blU2m56zkJc0SucLnbc4vw,Vine and Bean,Cleveland,Other
JftoP9r6TT98v83hfY9RZw,Mandarin House Chinese Restaurant,Cleveland,Chinese
gk5zSldov0A3do1q8kLUDw,Lancer's Bar & Lounge,Cleveland,Steakhouses
6WdKJJbK6EC5R8PKGWMsng,Katherine's Family Restaurant,Cleveland,Other
KRM-JflDiqIpJUToNQc7pw,Larchmere Tavern,Cleveland,Other
Ywdy4YARQK1ZWOCDzZDi-w,Sarava At Shaker Square,Cleveland,Steakhouses
OERShuAgSxyjmXJ8IwT2zA,Boston Market,Cleveland,Other
hmfAdo6LuVOvBLiu75C8ZA,Luca Italian Cuisine,Cleveland,Italian
oVZsUPIMdS8Vk7Jip5l0_g,Mitchell's Homemade Ice Cream,Cleveland,Other
cdsxkycC_xrXlOdsm5yZUw,Nunzio's Pizzeria,Cleveland,Pizza
wdYEC6DIO6O4d-ouB72x9g,Dunkin' Donuts,Cleveland,Other
kG3TJsJvaDHF3csp0dRDYg,Dairy King,Cleveland,Other
XUA7xA7myMaCuN6G3xYdIA,Number One Pho,Cleveland,Vietnamese
mo78R4hiF5JDcxpnLljEXg,Georgio's Oven Fresh Pizza,Cleveland,Pizza
J1hR6fcmGWUACBXQVQkhjw,Mertie's Hungarian Strudel Shop,Cleveland,Other
YVkcZQEfH0qQRtN86CoSDQ,Batuqui,Cleveland,Other
nM-1hqurfwvlEyPOqXamjg,Liquid,Cleveland,Other
1FRf6pdx7AtI6HZXIlAZWA,Sunset Grill,Cleveland,Other
Sb2a5N9gSLICYkMVSjszsA,Wolfgang Puck Express,Cleveland,Pizza
MSc5pybthcvHa0g_lg5wuQ,Dewey's Pizza,Cleveland Heights,Pizza
Vkz7c2EDh7ydELK8Za0obQ,Arby's,Cleveland,Fast Food
bjbegGikWzSgeVsOJdE22g,Chili Peppers,Cleveland,Mexican
MNNplhqyy5APhT4ny4yAVA,Weenie a Go Go,Cleveland,Other
DYhGhT9bvsija74RVt8tCQ,Alex Bistro & Bar CLOSED,Cleveland,Mediterranean
oK_uwtOectm906rpUtHiug,China House,Cleveland,Chinese
GYMP2opfj0-dAf_3rWZEjA,Arabica,Cleveland,Other
E50mr3xobsahb77IBRwVTQ,Clifton Martini & Wine Bar,Cleveland,Other
DWeW4PKZQkXhgKdLtRsmFg,Michael's Bar & Grille,Cleveland,Other
GZlJDJhDlIy-Xj7ckfyJuw,Zeppe's Pizzeria,Cleveland,Pizza
Yyag9ZHs0hZ7UIGFC04Vqw,Now That's Class Lounge,Cleveland,Other
06DxO1hUPQJmtUzIbVNKwQ,Popeyes Louisiana Kitchen,Cleveland,Fast Food
IUldL6DNTst_wwDRUNrmMw,Taco Bell,Cleveland,Mexican
wT7Y-dJxyKIME09o37DE0A,Terrestrial Brewing Company,Cleveland,Other
1ktw2saTrIr_YJSxQjhnpg,Urban Kitchen & Deli,Cleveland,Delis
G5rqI8RjYa5Jkoo1lYbdPw,Marco's Pizza,Cleveland,Pizza
97V91GSG-OQvrvOc9GXoGA,Phusion Cafe,Cleveland,Chinese
7-K3HAcYkS92V0tdgmM2_A,Cedarland Express,Cleveland,Middle Eastern
DjF7FY3KU1MFE6l9W2A3cA,Souper Market,Cleveland,Vegetarian
LpQPDBgKh1nP-vLLzfsilg,C2,Cleveland,Mediterranean
f_vZiW020vjgySYwUUjZ7A,Subway,Cleveland,Fast Food
G9UlT-mBMdUwoUGCW405ow,Lago,Cleveland,Italian
d9sv7fexFJiChG9Xl0SP-A,Hot Sauce Williams Barbecue Restaurant,Cleveland,Barbeque
OiS6K4IvKwxIcWlKVywG_w,The Red Chimney,Cleveland,Other
IPF4KcnNTuITlyiaSooD4w,Tommy's Fairview Tavern,Cleveland,Other
VH2BjFjc9usDquDgoHhptA,Barrio,Cleveland,Mexican
KfiSiJZ73oO0TyJSsu851g,Bon Vivant,Cleveland,Diners
6J2yA7KwX9aU5lP5OneWfg,Dee's Old Brooklyn Diner,Cleveland,Diners
Nz7OzxE5Gp-yfb8-BAsy6w,Einstein Bros Bagels,Cleveland,Other
JkQSLe_rBftbTJdZuQFlSw,Chinato,Cleveland,Italian
r3lT2Qd80FXBoJKaVGY1Vw,Al's Deli,Cleveland,Middle Eastern
dCsW_fmSz_DiotoRIjh3jg,Darna Casablanca,Cleveland,Other
3Esl4FVI9Rzl_KSmIiMgaw,Jackie Chen Wok,Cleveland,Chinese
bsme1TUoEQt5EDF7O6HBrg,Dragon Light,Cleveland,Chinese
7tiobQOY3WLYYJl4uMEfrQ,Brickstone,Cleveland,Sandwiches
hkYRgPoWUQXJ8iHXSqvFZA,Pizza Pan,Cleveland,Pizza
n5S6BuEvl96RgCTafnYkvg,Papa Santi's,Cleveland,Pizza
NYOONIzD1T0yY9MuCglwLQ,Penn Station,Cleveland,Sandwiches
XYQx_ADdAYwfUEgN7eGmQA,Asian Grille,Cleveland,Thai
jjBTBObnHrY87qQIMybjzQ,Blue Jade,Cleveland,Chinese
vBMAdtlABJ1qb1ryaeOugA,Potbelly Sandwich Shop,Cleveland,Delis
8hwbcCNUv345Kw1xfOCcWg,Brown Derby,Cleveland,Steakhouses
29Qe90Oep3S1nc0iIOFckg,Cebars,Cleveland,Other
M4RwZL5bTBTwwbVcoaDbtw,Rowley Inn,Cleveland,Burgers
OzRGWW5R05kC0pQyUHX3lg,Guarino's Restaurant,Cleveland,Italian
Sja9RHq7FpwDcmfzbGfIxQ,Moriarty's Pub,Cleveland,Other
ZxYPXtZQ-6DFyl4VQkTELQ,Washington Place Bistro,Cleveland,Other
1FK7hoiPMPEPG0bRL4bi9Q,Tom's Seafood Restaurant,Cleveland,Seafood
zH3HFpkJZ9EmWMRhw1oypA,Superior Restaurant,Cleveland,Sandwiches
1FguXgDNcb__8ct23Ngp9g,Brick House,Cleveland,Other
ByTe_MSUlqd8yGvFPKerNA,Dave's Supermarket,Cleveland,Other
ddlnpDxGDDxGGoG_dVXwiw,Felice,Cleveland,Italian
hGEutUMfbpSdCiekvbW-rg,Subway,Cleveland,Fast Food
BLfCMa2yWNo70D3wwAxwow,Grovewood Tavern and Wine Bar,Cleveland,Other
ohIzA0mZOtS6_9q_pJYKrg,Alesci's of South Euclid,Cleveland,Delis
GlZMZrA-whyu1INVXcvRnw,"Al Wilhelmy Flowers, Inc.",Cleveland,Other
Kxlt3ZNmTzbxRFYelWAmKA,China Chef,Cleveland,Chinese
gDZm9f38d5Liuvcd75_FZg,Moe's Southwest Grill,Cleveland,Mexican
RUxGUjjeRfwHvBNbuxrasw,Mediterranean Imported Foods,Cleveland,Other
j4170xdQJTwSvXFpsQzWtg,Rincón Criollo,Cleveland,Mexican
GoWNE6T23FNqSG0njOtiig,Chuck E. Cheese's,Cleveland,Pizza
SdSpGzhdum5iQuiscqOUNA,BP,Cleveland,Other
7xWbvNsFeKaJTurdHFrnqw,Colossal Cupcakes,Cleveland,Other
B6nhGEqt6rzXw6TwltTspA,PIZZAFIRE,Cleveland,Pizza
KWnLw61n0v4plYLhmD4v7w,Foundation Room,Cleveland,Other
ToHKLIjR05Rz9boWvmWaPA,Corner Alley,Cleveland,Other
KhtmCNHqCH6cnxirsenndA,Fisher's Tavern,Cleveland,Other
9JUynLfWPwe1X9gsJS6FTA,Cleveland Chop,Cleveland,Seafood
5KluMMlJvYZGGFpGjdBDhg,China Kitchen,Cleveland,Chinese
vJOwJQF4sDqBbecUK4cVRg,Kinneret Kosher Pizza Restaurant,Cleveland,Pizza
L94TmVg3KpFn9br5LlD56g,Wingstop,Cleveland,Other
-7weOHmN5s487aq-7zMbtw,Driftwood Catering,Cleveland,Other
jhNV1xO2q1_61REv2YQAtg,China Buffet,Cleveland,Chinese
GsObcV5MmqE2KQ5cJqJvtA,Holiday Italian Sausage,Cleveland,Other
nZ4uuPHq0QLM5DwI52aO3Q,Burger King,Cleveland,Fast Food
d_tubLVx2pnTZXvXFfcOeQ,Ariyoshi Japanese Restaurant,Cleveland Heights,Japanese
cUwNW5NEua_yMcAx-X2sMg,Grumpy's Cafe,Cleveland,Other
GSUcoQF66b8usUGtGnnooA,ACME Fresh Market,Cleveland,Other
5wyCSyKqUCjRZKDaWX_fmQ,Wendy's,Cleveland,Burgers
cdHqkN6Mi6Q5WlwgOyokUA,Fresh & Meaty Burgers,Cleveland Heights,Burgers
xs8EbiKfQ_RvpAIXPOnHEg,Audrey's Delicatessen,Cleveland,Other
Mp4l7f83GtphC3iudYE-Zw,Kamm's Corners Ice Cream Company,Cleveland,Other
YnGa16TSqBCcQyJDm9PIuA,Urban Herbs,Cleveland,Other
tNJgmbODR-N0qdPGy4Vsrw,El Jalapeños,Cleveland,Mexican
4s-eHLQcoMqAgfzbiQsKIw,Rascal House,Cleveland,Pizza
USRXU4ASBAFSKhlk-KVrCw,Bo Loong,Cleveland,Chinese
VOhGHyRcLau12RpZXQVrHw,The BottleHouse Brewing Company,Cleveland Heights,Other
uTKrt3rE4xgYyuiOtRWDvw,Dagwood Sandwich Shop,Cleveland,Sandwiches
cL38u23Ez492pToB4xZZXQ,Pedro's Pedro's,Cleveland,Mexican
wYcCWaqjikA6DnLFBthj_g,Burger King,Cleveland,Burgers
cmVD6r0opmziN2R8uTIJpw,Savor the Moment,Cleveland,Other
pGu7YwnkIueer-3r3pkQdg,Rascal House,Cleveland,Pizza
u-H6djIQKi73jNtFaoSuGA,Acappella,Cleveland,Other
WvunDFSs2hJrPHVFqB6Y1w,Brothers Pizza,Cleveland,Mexican
ebgu1HjoE5S45U7oKyq4sw,Tick Tock Tavern,Cleveland,Barbeque
NrjmgaPjpnFSmEE9FDzQjQ,The Grocery,Cleveland,Other
1hFksNGqkzHBgYSp8H394w,The Cleveland Flea Sunday Market,Cleveland,Other
uYl_QBtb7bXhu9sgb4kCrg,ABC the Tavern,Cleveland,Other
V2sxcWosKBDwxZQ3J7unOQ,Porcelli's Italian Bistro,Cleveland,Italian
yZE8Vwam62qWB5bO0kvp6w,Little Caesars Pizza,Cleveland,Pizza
EVfJbLXSMZOF8K3vFOaLOw,Rockne's,Cleveland,Burgers
RRUyGOb4MDlPLNHIq9gMRg,Papa John's Pizza,Cleveland,Pizza
Gbo1RSbSjl0Mj_ekV0MS4w,Subway,Cleveland,Sandwiches
X3hDsOd-8oAm_3gFwanBWQ,Nelly Belly Food Truck,Cleveland,Other
uqPHO-o4stxGXLdxP3WNig,Dakshin Indian Bistro,Cleveland,Indian
aGMU3qMFOQzG0DT2akMfng,2nd & High Social House,Cleveland,Other
YjhD8yL8tEDV_9SCCF2Ulg,Timothy's Cafe,Cleveland,Other
fMGGlY9MhlZZOSvgagBB0g,EZ Shop,Cleveland,Other
nBmpmc4R7LP8HjII7DJgkA,Bounce Cleveland,Cleveland,Other
iDrlmWvum4yrNhanInOyOQ,Cleveland Tea Revival,Cleveland,Other
5x0yRV0ds9IN1ZIlo3XJ6g,Pizza Hut,Cleveland Heights,Pizza
nsqvwfobNuSALEE5p-4qPA,City Fresh,Cleveland,Other
nCK19UJUHdX5bXWAASr-Ww,Harvard Deli,Cleveland,Delis
mLjDh0vQYBCY6g9T1HczVw,Great Lakes Brewing Co.,Cleveland,Other
wAjTjCw2JsDbIn1HNgBQUA,Casa Dolce Bakery,Cleveland,Other
loXkZgAd70KMjP8ISCnZPQ,China Express,Cleveland,Chinese
iIe6PLxsZDVyrKf4ziKxyw,Ontario Street Cafe,Cleveland,Sandwiches
dQwjYLmQXb06CpMPIpm5-g,Villa Y Zapata,Cleveland,Mexican
_wpUUDnJwrn7eSYAjnv7WA,Brothers Lounge,Cleveland,Other
vdloJPM3bSpQTMlwdFek2A,Butcher and the Brewer,Cleveland,Other
QUjJmpTQvGus8WfYq1dtOw,Battiste & Dupree Cajun Grill,Cleveland,Sandwiches
T0V6pK7kJWTrTiB788ED6g,Mr Hero,Cleveland,Fast Food
Jdqg97lLo_qJlCqU9RjIEA,Dairy Queen,Cleveland,Fast Food
lfdiEgr4xbbn6waskIZj4A,Pounders Bar & Grill,Cleveland,Other
JBt7b3Z9of23xuz3_uIq3Q,Beet Jar Juicebar & Takeaway,Cleveland,Sandwiches
j6JAY0KpNCVgOmq9G6MZuA,Little Italy's Feast of the Assumption,Cleveland,Italian
EP1do6l8hLyIGEru0gN3EQ,Johnny Mango World Cafe & Bar,Cleveland,Vegetarian
TnO9SmZoRNfJlbNV1wBKYw,Red Lantern Kitchen & Bar,Cleveland,Other
myWTU6p921CBUrx3JclCfg,Ohio City Cafe,Cleveland,Diners
_PUGXxBeY2Z9OOosFS056w,Tavern Of Little Italy,Cleveland,Burgers
zgAh21YWYaZUSEGi_E5SVg,Que Tal Fresh Mexican Grill,Cleveland Heights,Mexican
rts9r2F-st7UQCDkplOivg,Subway,Cleveland,Sandwiches
3VZ98ST9--1a5XkqKT-xCA,Sandy's Frozen Whip,Cleveland,Other
HqQp9bTzpPcHMvEhS9geeQ,United Dairy Farmers,Cleveland,Other
MVIthKWqwkQz0dai7LkVzQ,Tommy's Restaurant,Cleveland Heights,Vegan
qMyYUz_V9I-jor53xb3bMQ,Porcelli's Bistro,Cleveland,Italian
2L0I4w2_32aVJq-IzhZSig,Restore Cold Pressed,Cleveland,Other
3chd-CjwQz7Pap_MQEWhWg,Little Shop of Cookies,Cleveland,Other
yhxv_FcPrWQglM0g0DSEwQ,Touch Supper Truck,Cleveland,Other
vcV1q5onsIMFhOBxwNow7A,McDonald's,Cleveland,Fast Food
UXXAzmuz2olKSpte9eF4Vw,Moncho's Bar & Grill,Cleveland,Seafood
qGASqyiluYmjG_tIjpkSrg,Rudy's Strudel Shop & Bakery,Cleveland,Other
MtjwVcFHvtogmJZ7De8M9Q,Teresa's Pizza,Cleveland Heights,Pizza
5AWuy1gmFuqyQfj0484fcA,Cmb Soul Food,Cleveland,Seafood
jhCcZgDhPh5oiPgOXYTkrg,Best Gyros,Cleveland,Mediterranean
9x6YjEmCwErs1UTFuYDOOQ,House of Cues Cafe,Cleveland,Other
gWgWn4lkRQZwfCP-LBJ2xA,Payne Laundromat,Cleveland,Other
AsVR-X40wAzI7z7oRpsbTA,Cuisine Du Cambodge,Cleveland,Thai
tLpkSwdtqqoXwU0JAGnApw,Wendy's,Cleveland,Fast Food
i0ld5nTFMyGRlH1EZJNhvw,Panera Bread Co,Cleveland,Sandwiches
WG3zvUktE1l3llwq3PPVVg,Nate's Deli & Restaurant,Cleveland,Middle Eastern
v2a8hI1Tsi1SgFKFWD39qQ,Wasabi Restaurant,Cleveland,Japanese
NzD6xiU6OwyesY6wMZq5Gg,Dari View,Cleveland,Other
q2sh3hHMs9RsEoWBo4CGEQ,Peet's Coffee & Tea,Cleveland,Other
K74HYkFjYwhEpJt8HTOxnQ,Johnny's Bar,Cleveland,Italian
nfnr1RP2VjV6K_OkbX6avQ,Fish Shack And Grill,Cleveland,Seafood
4P3zCFzQ1tT_7PLD73gMvQ,Back Stage Bar,Cleveland,Other
9O4EX3T5X_TnoXjppl1-dw,Marc's,Cleveland,Other
AAbJ3fYWHIL16Uqvl6a6lQ,Theresa's Bakery,Cleveland,Other
jmTirQw-n4V_Z4g1-RE9iw,Kung Fu Tea,Cleveland,Japanese
L4xtiJPS_VSbmBxTfOwjCQ,A Cookie & A Cupcake Boutique,Cleveland,Other
Z0c9-Eoxz7SQ__68bl3TQw,Nora,Cleveland,Italian
DUOrYFyHiJ27yOtTgCw0HA,Vino Veritas Little Italy,Cleveland,Other
Pj0rFqv0EcdNdlpnRvLZBg,Callaloo Café and Bar,Cleveland,Vegetarian
sSb41sJghGm2nEkuzzJEBw,Einstein Bros,Cleveland,Fast Food
Imb8EXuimCm5II7Ad1gj3A,Saucisson,Cleveland,Other
Zrq4_GDePGn8epquCUibbA,Old Brooklyn Cheese Company,Cleveland,Other
myorOrDcPgwYwNXcFs0qBQ,Steve's Lunch,Cleveland,Other
klrE4AGf42dXFU2g98TSpg,Au Bon Pain,Cleveland,Vegan
fneDkhJDvnHNY3FRKS8YVg,Yorktown Service Plaza,Cleveland,Other
J_RNo9FQJt9mWN3rNofBUA,Jimmy O'Neill's Tavern,Cleveland Heights,Other
l5w3gAP51KEqN07JdizzzQ,Dunkin Donuts & Baskin Robbins,Cleveland,Other
cYshR_iYRMFhyLmqjAX_SQ,Rally's,Cleveland,Fast Food
ugPCIr4fZXtuHbC6xNctaA,Mom's Family Restaurant,Cleveland,Other
ZJWKb-ooSCPUjZLeWD-p_A,Rubin's Family Restaurant & Deli,Cleveland,Delis
jmeDvVx3wzCBlTBN7XNb-Q,Alley Cat Oyster Bar,Cleveland,Seafood
dOIUk3wm8LU8-FUpCKa1eg,Karl's Inn Of The Barristers,Cleveland,Sandwiches
xGHbSbvng-vXV6i9ePOcgA,Farkas Pastry Shop,Cleveland,Other
CxV9DJCxc04_xkDRSrfgFA,China Mountain I,Cleveland,Chinese
KXqOT3vyx8Ao7com4yST-g,Chapati Indian Grill,Cleveland,Indian
LzVfKUFHb597LHwheowNKg,Randys Pickles,Cleveland,Other
hSU3MbB9Yu8MlybxfmABeg,Maxi's,Cleveland,Italian
H3cMcV9KK3g2pi68lDNsng,Luxe Kitchen & Lounge,Cleveland,Italian
ZUvAR3I1uhC27zQFcRXumw,Dina's Pizza & Pub,Cleveland,Burgers
50vVs0Mtrt1AYt74cEKLDA,Brewnuts,Cleveland,Other
T-_xEyoDPAKV-I6iQlbKWA,McDonald's,Cleveland,Fast Food
NDfcum0Zpa2o9czVgRds9w,Steak 'n Shake,Cleveland,Burgers
wnyMhlR5KCWkTCzQ1_gOUQ,Mi Pueblo Taqueria,Cleveland,Mexican
YnU8DWugJ0BgdjDAaxWW3w,Malley's Chocolates,Cleveland,Other
iJpmIt-i9-VeChouLcPXbA,Arrabiata's Italian Restaurant,Cleveland,Italian
Fhw_BqD2_KO6AVBwZ5lYBQ,B & M Barbeque,Cleveland,Barbeque
rECYunhPI1P3gmdbaXcfeA,Anderson's BBQ,Cleveland,Barbeque
Bl8_M_kDXZt_zsrLRgDulA,Al & B's Barbeque,Cleveland,Barbeque
PXJH9H6fJslcNYHnVTgFCQ,Popeyes Louisiana Kitchen,Cleveland,Fast Food
yVMWT6cF9yz-4LOfocwugw,Honey Hut Ice Cream Shoppe,Cleveland,Other
rgsKBjXJbiXPaRHc3mY2hw,Perla Homemade Delights,Cleveland,Other
dUxnPaU2S67QQYpWTSjqTA,Masthead Brewing,Cleveland,Other
dC6OXF_4Bd9nDOSRc8VTGw,J. B. Mack Macaroni & Cheese Kitchen,Cleveland,Other
1SJiW_mW6IlEe7hqMTnjYg,China Wok,Cleveland,Chinese
KJuWKVel8fO37UTtXkpZ_w,The Clubhouse,Cleveland,Other
bx3JxOE_pfO2cWr3MkBIng,Charley's Steakery,Cleveland,Sandwiches
r6o9Fi0rHCB3f1mEGdL61A,Presto Sandwiches,Cleveland,Sandwiches
nqiTujxNtEpA8dPATEQRrg,Table 45,Cleveland,Other
u1qzJu0JwbKU-HjIFjq8kw,Dewey's Coffee House,Cleveland,Sandwiches
Vv7aXgWg2TEXfrfE_-FFrA,Papa Joe's Subs & Pasta,Cleveland,Sandwiches
t2O4Qx74U_IfBzDHJzvUCA,Urban Farmer,Cleveland,Steakhouses
GCr0eTVnVzFE72c-VJezoQ,Angelo's Nido Italia,Cleveland,Italian
pW-fOxuaWBkIhum5NANx2w,China Sea Express,Cleveland,Chinese
Vu6yNbKinh-54QT8i27LCw,Hong Kong Kitchen,Cleveland,Chinese
ZspvlO5Dvtd517YhVLJJ_A,Tomo Sushi & Hibachi,Cleveland,Steakhouses
bWF-DY2jfaFH4oKE9wGqYA,Slices Fabulous Pastries,Cleveland,Other
__yLFKiImNPv--e4hBrlYg,Catanese Classic Seafoods,Cleveland,Other
u_ZGUzNkGppD0-WR61bd1A,Papa John's Pizza,Cleveland,Pizza
hcrjdLHf8UlR-D1-rTEkfw,Open Pitt Barb-B-Que,Cleveland,Barbeque
9bxcpud3GREFOxKY2cbheA,Verso Casual Italian Bistro and Pizzeria,Cleveland,Pizza
bfF90MspMbqLWdcEU9JLcg,Wild Ginger China Bistro,Cleveland,Chinese
aURWnSm0BrHhp-0DSXFJww,House of Hunan,Cleveland,Chinese
5jWBMCoR8aAXBM9RNyzzbw,Penn Station East Coast Subs,Cleveland,Pizza
pWyhmTVRNw6hix3J__SqvQ,Hotspot Cafe,Cleveland,Sandwiches
Ykg-jzdJS5UAlkF5YaCsyA,Loparo's Pizza,Cleveland,Pizza
S_02VqM-sXAY9kDhvGxXtw,Five Guys,Cleveland,Burgers
IoPSrK19Xd9FG_Q0x_CcLQ,Giuseppes Pizza & Subs,Cleveland,Pizza
NVC1MFGTobWxYcuo_z7BGQ,Etna Restaurant & Wine Bar,Cleveland,Seafood
XDeAQ9ayhiWx0lBM3iVUqw,White Castle,East Cleveland,Fast Food
UD7Khh-HuG915Xy-o1eeTw,Yuengling Bar 1829,Cleveland,Other
S1t1kRnoiB1j3u7bRkjlvA,Phoenix Coffee,Cleveland,Other
GfsnZ9j5tapx2QRuMoyzog,Minotti's Wine & Liquor,Cleveland,Other
CbsS6VvPsIvpytUbLAu71Q,Oriental Palace Buffet,Cleveland,Chinese
BAsu0FUkZvFOlrX083EFww,Dunkin' Donuts,Cleveland,Other
Vc8sXKEdO9yVxbRlwBFHKQ,China Sea,Cleveland,Chinese
yVrN5uu3xiUY3SGINp0H_g,Samosky's Home Bakery,Cleveland,Other
WZhI-q8IyV7ec_4kWzrSmQ,Assad Bakery,Cleveland,Other
aiU0FRtHTIHBWMYapw79LA,The Reddstone,Cleveland,Other
Yu4_CF-0gY89rm5KR16z0A,Starbucks,Cleveland,Other
VDGMgPcGFB6acVw1qEoooA,Papa John's Pizza,Cleveland,Pizza
CDqPVVvQtVncNQGydnZy7A,Beachland Ballroom and Tavern,Cleveland,Other
DZBAkVf8HU4U4ZQ_yKECBQ,Giovanni's Meats & Deli,Cleveland,Delis
vBZ0cwtWKUN4t6sFCpSFCw,Thai Origin,Cleveland,Thai
E9kXJpQfbt0yN59zoIlz7A,Archie's Lakeshore Bakery,Cleveland,Other
mjdRpXM1U8hg7gns3cH2iA,Al Wilhelmy Flowers,Cleveland,Other
9_0FtoabuC42T7AWDk5_sA,Algebra Tea House,Cleveland,Other
wvB9hZqwXrfB0kfNVS3-aw,Indigo Imp Brewery,Cleveland,Other
keDD0Y6nphUzgxf7rVGZAw,The Vitamin Shoppe,Cleveland,Other
78V1WQHXc5UUfttHm07Grg,Pit Stop Deli,Cleveland,Delis
D-xE90Ut4AUlOomgYPLaYQ,B&M Bar-b-que,Cleveland,Barbeque
-dFfucHmOtgDmDneps-mgA,Mallorca,Cleveland,Seafood
PyLnx5fym__aLJalMnTZgg,Entenmann's Bakery,Cleveland,Other
F6FYo3IpVwvAJ04kcwEh_w,Brooklyn Barbeque,Cleveland,Barbeque
vybX7mQJLYm6HP1vRxZBDQ,Ugly Broad Tavern,Cleveland,Other
QynoTZ8UifuQWBnapWX-jg,R's Kitchen,Cleveland Heights,Burgers
xzQzJTu47vNCYlpB8jdMaw,George's  Kitchen,Cleveland,Diners
agLfHsIkTahE9VRNlSXM1A,Paciugo Gelato,Cleveland,Other
sACSJpBOQ4zPtjsv9trf4Q,J & J Czuchraj Meats,Cleveland,Other
QxdxYcEF-JAUhkmw3sHXUg,The Cafe at Arts Collinwood,Cleveland,Other
bchksAMD4CtI98_s_kJNpg,Taste,Cleveland Heights,Italian
7l-TZk8Ckd5Ct_QQ6G5tuA,Arby's,Cleveland,Fast Food
v21dSJb78W3NM41cC8MMuA,India Grill,Cleveland,Indian
nI36UCs4cQUNxbMO5BxrUg,Pasha Cafe,Cleveland,Middle Eastern
v8GgrqLTs_NZZl2tkyvOgA,Cleveland Clinic Cafeteria,Cleveland,Pizza
N5nB7bt89WYvobTGIP1vPA,Empress Taytu Ethiopian Restaurant,Cleveland,Vegetarian
8r9G0fUJpCFnbFWMdzzdMw,Burger King,Cleveland,Burgers
eZo_WH35_ugK6kqcF0M2Ig,Bob Golic's Sports Bar And Grille,Cleveland,Other
v4PsaviYCaSaFIejGszMvg,Kabob House,Cleveland,Middle Eastern
dAn1MqXl4pghfeXx3XFRaQ,Bruegger's Bagels,Cleveland,Sandwiches
GU6GdrXk1j2LjPPjoNHlOg,Menchies,Cleveland,Other
OPIX1wTOll0aZT08Wr6sDw,China Dragon,Cleveland,Chinese
-prmBNT8sD8V2o2kXV6Ywg,Chili's,Cleveland,Other
KUAI4xdaC3BJmkpT22KIVQ,ENCORE Rock Bar & Grill,Cleveland,Burgers
caYlxQ7kaYcUZwcqJKNyoA,Caribe Bake Shop,Cleveland,Other
F6a-o0Ig1iSVamX1LbdDEg,Pho 99,Cleveland,Vietnamese
4qCYRklxSuTdN2z6dC2KeQ,5th Avenue Deli & Grill,Cleveland,Middle Eastern
MBpTl3womA9RRX4ruce78w,Chuppa's Marketplace,Cleveland,Other
d84SeduMbotS3WIJwn4oUQ,Portion,Cleveland,Burgers
UwtQpKRHATMLx0Po7vPB4w,Pizza Joe's & Deli,Cleveland,Pizza
kmGXnOfkBldRQ_ECXytFUQ,Bodega Restaurant & Lounge,Cleveland Heights,Other
CpUfCSFoTNlZRzzz5U9V0w,Mexican Village Restaurant,Cleveland,Mexican
68kpmZBEb6x7wG1HBeLQ3g,J. Gumbo's,Cleveland,Other
MKCbZC6KR4oxA4LOQAVdhw,Greedy Girl,Cleveland Heights,Mediterranean
0OflEYBTvbX0EUie466rhQ,New Harvard Inn Family Restaurant,Cleveland,Other
p8p6xfFWbxN070r5qt32Rw,Barristers Deli,Cleveland,Sandwiches
CpC1vapLlvPSCPCE_wtVgA,Pho Que Huong,Cleveland,Vietnamese
J-3u7M186SmAoC1l0ViEFw,Penn Station,Cleveland,Burgers
ZedwJdX1jQ7Hw1CzU3VDLw,La Pizzeria,Cleveland,Pizza
lxU5_YEsvMsn1k7Ol-i3xQ,Sam Sylk's Chicken And Fish,Cleveland,Seafood
8RjMP1eA6AUNS10WtLyuEA,Almadina Imports,Cleveland,Other
I2lDmQHDxnUKbEBJuJCW6w,Hunan East,Cleveland,Chinese
QAN6zr-IzPD04G9clSGtBw,Dragon Gate Restaurant,Cleveland,Other
GIfZNMP0oIJCje_Xp0Bgrw,The Greenhouse Tavern,Cleveland,Other
tIby_wfzpZ5QH02IWFNogg,China Sea by CSU,Cleveland,Chinese
v8k8aVrVzWoG54U_OkMGOw,Great Steak,Cleveland,Sandwiches
UoRSHohdGuzfrpydZ9j0Lg,Luchita's Mexican Restaurant,Cleveland,Mexican
ZPAkg2phFo_p3U-QjvHVPw,Mama Santa's,Cleveland,Pizza
SeOQ32EwCxusSbSTwx4aRA,Panini's Bar & Grill,Cleveland,Other
FjWkdzVMhv5S-Lm1Qu1AEw,Mint Cafe,Cleveland Heights,Thai
QvCTNqb4NxxndqfZXvsZmw,Mocé Cafe and Bar,Cleveland,Sandwiches
I2jFnLCBmrxmz1YCgedKZw,B & M Barbeque,Cleveland,Other
KpChykR_ukWWeDPC6NPyUw,Downtown Liquor,Cleveland,Other
aP7SJxadQE_KaiBHl9sSWA,Table 9 Restaurant & Lounge,Cleveland,Other
Rt7gjrTceO86sCtnS8Td0g,Green Rooster Farms,Cleveland,Sandwiches
nv1XdkWviHXO7N6mK8O1yg,Don's Lighthouse,Cleveland,Seafood
JbD1jy_Jxpy5W9Gq0L8U1Q,Giant Eagle,Cleveland,Other
vfIidkwVf_kF_APFMHIANw,Malley's Chocolates,Cleveland,Other
b2jN2mm9Wf3RcrZCgfo1cg,Portside,Cleveland,Other
Um68_R8V2r5OLOuksJXLnw,Famous Gyro George,Cleveland,Sandwiches
KSP42nTbrx_bNucWs0GrCA,The Lu-Jean Feng Clinic,Cleveland,Other
i5A6Bb9SpaYb3_Yr40Pk2g,Taste of China,Cleveland,Chinese
A9ba0gRgqCQO2rn2_BtWqA,Babe's Good N Plenty,Cleveland,Barbeque
t181Pejkkaos8n7HW8YYCg,Bella Pizza,Cleveland,Pizza
M5tclVg-PSf-XbSRvUG-AA,ABC Taxi Company,Cleveland,Other
dmu1wM0CRgeoTIUXFihU7Q,QDOBA Mexican Eats,Cleveland,Mexican
LVjo-nTZt7FoOMBJfiKs3A,Starbucks,Cleveland,Fast Food
D_ZVW8HKH7crSGqsg9KOoQ,Walmart Supercenter,Cleveland,Other
F0TQeC2VGQDZbYjtrL3QTQ,Bloom Bakery at Campus District,Cleveland,Other
uziDWXfTvCYlbQYrJT0iAQ,Yours Truly Restaurant,Cleveland,Other
bj983gybZceLrdUBeCahkQ,Phoenix Coffee,Cleveland,Other
N6qraRI63OZgrCAmWRX92w,Cedarland Mediterranean Cuisine,Cleveland,Mediterranean
YnvUFIZVvxsL5L4PEmWcUQ,Joe De's Favorite Pizza & Restaurant,Cleveland,Pizza
dpEE0QVbYvpbuYgXBawmDg,Crop Rocks,Cleveland,Other
QJ1YpQLVuentjgTQqNqqpw,XO Prime Steaks,Cleveland,Steakhouses
ZQG5EFBd8yVO78nz3fLYJg,Vienna Distributing Co of Ohio,Cleveland,Other
dcytjy24XmYrLtjTjgyEZA,Rocky's Pizza,Cleveland,Pizza
1Z6YrdtjD6hNzZRYpuNEsA,Rising Star Coffee Roasters,Cleveland,Other
Q9ErERag3bccG8KjUAPPTg,Athens Imported Foods & Deli,Cleveland,Other
xqxRWwtyvXCWZvVUM0tepg,Michelson & Morley,Cleveland,Sandwiches
D6ux7nQ7cup0nsCFwPiKxg,Clyde's Bistro,Cleveland Heights,Other
mXaqyzYTqiTc-LrTFAm0Yw,Sabor Miami Cafe & Gallery,Cleveland,Other
BDgfcq9xGZFtePH0YyV9ZA,Sixth City Diner,Cleveland,Diners
QjZFYd5hme7EHegpuJngMQ,D'Vine Wine Bar,Cleveland,Other
wmstf9dw0-kN3YThIxx8eQ,Stone Mad Pub,Cleveland,Other
1iZxAUX4grYZ1y2wB-lOWg,Fresh Fork Market,Cleveland,Other
dAkg4Tucp7b5AIPwkqjAGg,Abc the Tavern,Cleveland,Other
qx-d5K0fugvnrW5AYcTqlw,Teriyaki Express,Cleveland,Chinese
rRTz0zVbjmrEY8dEZmPJTA,Otani Noodle,Cleveland,Japanese
ntds2JP29DPYp765oFqptw,Rusty Anchor,Cleveland,Steakhouses
IZnwuTymXngPjnG19cZo2g,Hobart Health Foods,Cleveland,Other
LcSbRF9yn9i5gTpYO613kg,White Castle,Cleveland,Burgers
ahlYnXn0Ai6CfvU8xOiIJQ,J & L Country Market,Cleveland,Other
QMAD8tvYgh53N-AyIvFHAw,Panini's on Coventry,Cleveland,Sandwiches
JdqSgTOP98XScttH-25nVA,Red Bar And Lounge,Cleveland,Mediterranean
G63I6tTMcQDBavorYBWUSg,Champps Restaurant & Bar,Cleveland,Other
8yZ_nBgRC3CT1RFJC6KhXA,Gene's Place To Dine,Cleveland,Sandwiches
1RBh8N3oGEQpu20Sq_BAwA,Massimo da Milano,Cleveland,Italian
pnYDtPaVw_xRBHm9y0y4gg,Sammy's Beach Bar & Grill,Cleveland,Other
LD_r78sj2FLuTRZ-eHhi7A,Baricelli Inn,Cleveland,Other
q4KI2aUkrCnje3jqKBMULg,Piccadilly Artisan Creamery,Cleveland,Other
de2E6-wKURd0RLJaq8mrTg,Happy's Pizza,Cleveland,Pizza
rwKSKNRKXVERaltnjVltEA,Arcade Pizza,Cleveland,Fast Food
QKhAME4uxgrOn-Aq3OURUQ,Harry Buffalo,Cleveland,Burgers
rV6PwAjgpTx5Knr5lYouoQ,Master Pizza,Cleveland,Italian
dzMeok5lHK9N56yaWz2oZA,Michelle's Bakery,Cleveland,Other
zRVIGRRZEw3jna2QJwLjpA,Cleveland Grill,Cleveland,Other
qLHGiayTfGYmHrHCRgzDCA,Grandma Campbell's Fresh Bake,Cleveland,Other
Xg_eCdx99z5Y1oTLimniOw,Boaz Cafe,Cleveland,Sandwiches
JQYafSTWN_9sanM-l7BMrw,Dunkin' Donuts,Cleveland,Other
olgPGh22pPVRkKw-c1ZOuA,Gus's Diner One Eight Five,Cleveland,Diners
S57rr30za_KzIUGkFqg3mw,Hard Rock Cafe,Cleveland,Burgers
KBeObet1-XcpLLh1RACV_g,Dohar Meats,Cleveland,Other
VV4NAmS0KJ8A8xOcQnKB6A,The Coffee House,Cleveland,Other
OcXcAVjHoX0tTuzT5A8oww,Equal Exchange Espresso Bar,Cleveland,Other
MX3TL4-ij22rLFBD1XjKGw,Fahrenheit,Cleveland,Seafood
QYio9HySny2cMcIs8YjMCQ,Zaytoon Lebanese Kitchen,Cleveland,Middle Eastern
a3WnfZ8Nw5kwP66AFT1oWg,Daves Supermarket,Cleveland,Other
gGlFPw1TFJANUl_FFmSNgA,Wendy's,Cleveland,Burgers
XLA5RQ-Afg-OgeLhSTjabQ,Hotz's Café,Cleveland,Other
z71cDtFTgwvT7ihsxesTzA,Chapati Indian Grill,Cleveland,Indian
binymvD2QxETihoAmHOMSQ,Austin's Smokin' Steakhouse,Cleveland,Steakhouses
qeJ8OUASkd0KQ1oEN3P--w,The Dog House,Cleveland,Other
51w8nETUAMrTNQtuH9dZYw,Munch Vegetarian Kitchen,Cleveland,Vegetarian
VMcUG1dw4ldI_ldA2lGyEA,Kan Zaman,Cleveland,Middle Eastern
aL8D2ko6lQ3oGGFeCqSPOw,B & J's Corned Beef Shoppe & Deli,Cleveland,Diners
6g8S6V0iyYu6QMvt0QfIqA,Heck's Cafe,Cleveland,Burgers
8CRoFhyVzple6ji3S1_L-A,Ponte Vecchio,Cleveland,Italian
lYppFHq_lmKLfUtQBFOheg,Al's Deli,Cleveland,Sandwiches
VbYtdUn1_HM8Hv4vxTEGQQ,Dairy Queen,Cleveland,Other
xn9xI9z_xcQBHWtuS_IGbA,Foodfetchers,Cleveland,Other
LzWROAt-RhgaBss4cOoDRQ,Food Peddler,Cleveland,Other
QjEob2WSROiBPVjh0-BfxQ,The Third Place,Cleveland,Other
P3LC20iTwxv7CicqgNUXzA,Captain Tony's Pizza & Pasta,Cleveland,Pizza
ZRLmQ3oAuspAkk5R6BOfyg,Fat Cats,Cleveland,Other
_y6D2jXsM5S7hWHcIy2NoQ,Sub City,Cleveland,Sandwiches
VdnqeZXVfTRYB_ASLp8umg,Cafe Tandoor,Cleveland Heights,Indian
7OaW_FuiE6jObsoCBDw7gg,Coffee Bean Cafe & Bakery,Cleveland,Sandwiches
x3nZVmEyXIYu3z5_dfbvTQ,Columbo Room,Cleveland,Seafood
lbUKEN7XVdD_FEF61TlQeA,Arby's,Cleveland,Fast Food
eBoRFMm14n6Bte5vJIaeSg,Buffalo Wild Wings,Cleveland,Other
9UH89MK29yaYa5BV95kcHg,Georgio's Oven Fresh Pizza,Cleveland,Pizza
CpGUTcon4cwFxerQUcA22A,Sakkio Japan,Cleveland,Japanese
UeKaHOLZATrb1H-XW3AiFQ,Holy Craft!,Cleveland,Other
aOvEr1tluvkmwZjpzfxBAg,strEat Mobile Bistro,Cleveland,Other
yXMynk68dupMrVB94Lrwsw,Meister Foods,Cleveland,Other
0Fmvi7EnRqQfk_AG1q4JSw,Caribou Coffee,Cleveland,Other
cXmlv2WBzuB6JLMhaCvLuQ,Han Chinese Kabob & Grill,Cleveland,Chinese
fja2EnaSxKu1D7uctMhw-w,Red The Steakhouse,Cleveland,Steakhouses
4uMAsbmiYC3O6BfsMJJTJQ,Yum Yum's of Cleveland,Cleveland,Other
7xsKJ1BL5ka9msj2rHrk-Q,Burgers N Beer Coventry,Cleveland Heights,Other
e68xTl12ry5-RMEvWulUoA,JiBARO Gourmet Food Truck,Cleveland,Other
kH8BdX2FEdREBXfeDsgjYw,Dim And Den Sum,Cleveland,Other
Q373Y-siDCSP63rU_F3qMw,Cleveland Mofongo Latin Grill,Cleveland,Other
J4h3IP8lYBW82gr2SGeV2A,Manchu Wok,Cleveland,Chinese
aeeltEJtud69n6GPy5OATA,K & K Portage Market,Cleveland,Other
49ka-LYrj6AnxnNwz6tvHg,Food Co-Op,Cleveland,Other
NHersw9tR7dnmlZINOBi9Q,McDonald's,Cleveland,Fast Food
htllg7z_3firi_F2NLksWw,Lunch Box Deli,Cleveland,Other
p2OvNFiFKnRoWSRON4-lcA,Le Bistro Du Beaujolais,Cleveland,French
IVBviNFlrVuQD42yPUnK7Q,Honey Hut Ice Cream Shoppe,Cleveland,Other
4L8Wq_PCxbBKJr4VNBg81A,Leather Stallion Saloon,Cleveland,Other
2qTT_zT99eHT4XqEJTOKLA,Congin's Pizza,Cleveland,Pizza
X0mNw8owxgJXrgTBR-7Yfg,Jack Flaps Luncheonette,Cleveland,Other
xiGM1EfkRqZBBf1tuyr1vQ,Susy's Soup & Deli,Cleveland,Sandwiches
YWN_rtn24yYRNlFB77AK2w,Constantino's Market,Cleveland,Other
6eZSIV10RAdZRNXQLE_w6w,Kalie's Restaurant,Cleveland,Mediterranean
nNA6qyZVWt21gTwSmxevpQ,Taste Cleveland Food Tours,Cleveland,Other
8B6HoeMy-xCeOarkMANdZA,Quisqueya La Bella,Cleveland,Other
zKJ4KcZAfTNBIM7OvkVv3A,E 30th Street Cafe,Cleveland,Chinese
60OPSIOw7oJe5Rp6FO2CNg,Gray House Pies,Cleveland,Other
J46HmbrA3LwK-V4R8KIm2g,The Cleveland Cupcake Company,Cleveland,Other
l1ug2BtaafDvHpr3JEmbAQ,La Casa Tazumal,Cleveland,Other
WuPSEvu8pES752S92awAVQ,Buffalo Wild Wings,Cleveland,Other
G-u14MaU6ymd0gZoNX3mAQ,Coda,Cleveland,Pizza
tWtuHpIFtQHMQq8q8DG3dA,Tea House Noodles,Cleveland,Chinese
JX1_mKHN38bjgQP0JB3fkg,Tink Holl Seafood,Cleveland,Chinese
0nyzmtzkjJm_AqkEMuKKlw,Jumbo Chinese Restaurant,Cleveland,Chinese
whh4FifOxjPmhiBi0tyErg,Luna's Deli Restaurant,Cleveland,Delis
a1uoERTwwlf6yTAWaSUakA,Fracas Restaurant,Cleveland,Other
Dc8ygQx5gXHoqYAOmRydNg,Lucy's Sweet Surrender,Cleveland,Other
pi1UM_U1hq-DwDYqQRK1Wg,Hunan One,Cleveland,Chinese
G_CW38j3t6VOZiiYtJQvng,Gyro Guys,Cleveland,Greek
fxw_kCJJDSQDtY7QJ66Fog,Cone Zone and Grill,Cleveland,Other
zKaeae3yRGgb21Os-v6eOA,The Hub Bar & Grill,Cleveland,Other
aaWhSHpsE285eaSTzDxAMA,Bistro 185,Cleveland,French
drecpkFkgxAuvSglTIo9wQ,MotorMouth Food Truck,Cleveland,Other
JhxI7oS_jsFnq34dDubugQ,Ferris Steak House,Cleveland,Steakhouses
CfwrsG76Wm4iLS22v_wAcg,McDonald's,Cleveland,Fast Food
ZeB9AUZ6pdZmpWQGSx8NKA,Pizza Hut,Cleveland,Italian
QkwGJUT1rSRHRdjKFat7aQ,Menu6,Cleveland,Other
EOBTIIbjfeLuTdXeFGsOTg,Anna In The Raw,Cleveland,Vegan
H9THotfiu-UjFL44rpLjCw,Provenance Café,Cleveland,Other
NBfhphIUcOgUpdf_QdDWvw,Jezebels Bayou,Cleveland,Other
x1wYelMFfNppFvDAU661OQ,Alvie's Gateway Grill,Cleveland,Diners
iaZecBDSHsS3sqTQjmDiRQ,Ohio City Pasta-Retail,Cleveland,Other
nRmTDIs3Gbis9aX2-v1qcw,Shula's 2,Cleveland,Seafood
YFO5rDWDZ7Ngk_DEobjpLw,C Town Pizza,Cleveland,Pizza
2RmL-l7oQQOKNshFMoKl4w,Asia Food Company,Cleveland,Japanese
OkLqpxpbvU2N2-OGDn0yiA,Coquette Patisserie,Cleveland,Other
QUvUB-_lGtaxxFAifiDI2A,Tremont Farmers Market,Cleveland,Other
L7txS44bvz862djgTOim9w,Bac Asian American Bistro & Bar,Cleveland,Other
18b_QEiqTD7cwJTLjNgw3g,Noodlecat,Cleveland,Other
g8_Tf84s9E1vh5c3BC7Zzg,Miramar,Cleveland,Other
2cMWPqJLjQ-ZvH2HvJvMsA,Adam's Place,Cleveland,Burgers
JmbB4lyrRHgShkMd_8AuVw,Thee Six 5 Bistro,Cleveland,Seafood
dtszGNoYeZnUC2c1o04UZg,1890 at the Arcade,Cleveland,Other
Tal9LqH3fvSDiF_-YDnfEg,Indian Delight,Cleveland,Indian
akCp7BceIrkkeOV5ndI_bQ,Au Bon Pain,Cleveland,Other
zYbEKtLeosxhTzF4zSRIyA,Rumi's Market and Deli,Cleveland,Delis
ht0lf3tqyxWV1QH2ZqhMag,Subway,Cleveland,Sandwiches
GDpd9KZdUgnjcoCWTTphqw,Szechuan Gourmet,Cleveland,Chinese
gAZy-APHAL1vnwI5R6U4Og,Dunkin' Donuts,Cleveland,Other
ntkeyTQNc735Dr-yjGd_IQ,Fired Up Taco Truck,Cleveland,Mexican
RiGtSzVzc42CKjyZkDxZRA,Crop Bistro,Cleveland,Other
0iVIvJyTQfPCkBXII7kE8g,Kate's Fish,Cleveland,Other
h39PkiW3Zt0N_syoRsKbGQ,Las Dos Fronteras,Cleveland,Mexican
9SrZRDl7-ZfuENCo0DjfsQ,Punch Bowl Social Cleveland,Cleveland,Other
W97YBvhkOOel-HkBBfQbYw,Seven Roses,Cleveland,Delis
G6IR0pYAjqn6qOwdBBA4Wg,Domino's Pizza,Cleveland,Sandwiches
qDqHD4iPXPecT1WnV0JRzA,Bin 216,Cleveland,Other
3bM9rmjbaLOrlS--dRzZAw,El Rodeo Authentic Mexican Restaurant,Cleveland,Mexican
uRbrfI6DW0hn3Vj0tyjycA,V's Gourmet,Cleveland,Fast Food
UO39lBhCFsVRLRPY4Yq9mQ,Bruegger's Bagels,Cleveland,Sandwiches
cM4a6iIM-VdILKMsPjOx5g,Shoga,Cleveland,Japanese
_Bybs2sj44IIh1iH85zzzA,Cake Royale,Cleveland,Other
OhJHQhBB1V09mkI-r4o5MA,Irene Dever Dairy,Cleveland,Other
IzEHkReZTds6ipOaCq2G6g,House of Blues - Music Venue,Cleveland,Other
vFW3KiE897g-MRr4FLqr7w,Gallucci's Italian Foods,Cleveland,Other
VXTReQT3Bqte_Liu58scdw,Canarys Family Restaurant,Cleveland,Diners
mlqdbe7cC5xgg0KSSPyasA,Penn Station,Cleveland,Sandwiches
F-RyIw_kNi4a6TCt281j0A,Frank's Bratwurst,Cleveland,Sandwiches
mUlkfRhBjQB7MI5nJkcRsA,Num Pang Pate,Cleveland,Sandwiches
QSfFgtcIrFHMs3_TVXjCLA,Boston Market,Cleveland,Other
iNeiyfZ7MHK8dI0QZ4Ucsg,Big Al's Diner,Cleveland,Diners
eoJfl5vG7X87QhcKb0nt5Q,Hofbrauhaus Cleveland,Cleveland,Other
ObelBwE40B5oYm2aA8yTjw,The Harp,Cleveland,Other
a8SfPXBXzNdD82He0D-xsA,Euro Sweets,Cleveland,Other
hh6OnxhTmfoyLo4prSNwBQ,Great Wall,Cleveland,Chinese
QY1c64999GIxuXtzdFMbqQ,Mr. Chicken,Cleveland,Other
q0PH5CjXSdmpL-LLgCNdeA,Ferrara's Imported Foods,Cleveland,Delis
hWgMbRQKIBrAw18-I0KJQQ,Lobby Lounge On 6,Cleveland,Other
nkTKlVAdh7DhFJMFvQiAXQ,Paninis Bar & Grill,Cleveland,Pizza
COuznKd_gb_N8hlOy3_i9w,Zinc At 668,Cleveland,French
dN2y_stPXdw1u0io64fc0w,Zig's Pub & Grill.,Cleveland,Other
cuI4nkcx6d1bdG--ZM4oww,Anatolia Cafe,Cleveland Heights,Mediterranean
l3lM7HNbU5Wlrb6K4Vw69A,Cleveland Bartending School,Cleveland,Other
Dm9p-2DX-3ID90_DsLHauQ,Fuel Coffee Bar,Cleveland,Other
oSS4sjOEjsubAKdTuAErfw,The Mad Greek,Cleveland Heights,Greek
B_ouKNVsEDrGHwec280CAg,Denny's,Cleveland,Diners
ugGMhvYnjheG3rHKxK2-gQ,Euro Wafel Bar,Cleveland,Other
ZRXL5kBWxRcGmgImzKq4QQ,Scorchers Casual Eatery & Draft House,Cleveland,Other
iPaXQP-JQCvwHV5D8RFTIg,North Park Brew N Bistro,Cleveland,Other
bM3ARXFMxGrntnHS6a7vEQ,Flaming Ice Cube,Cleveland,Vegan
IXLDpnSLYiyz9tjOrpCFpA,Tilted Kilt Pub & Eatery,Cleveland,Other
7fiRVsawDX0vCpoMTbbxcQ,China House,Cleveland,Chinese
YI-79PxZcX6X009ynWRLoQ,Mirch Masala,Cleveland,Indian
jDQLcr7_1O0w1yUlDqYREA,North Union Farmers Market,Cleveland,Other
ATrQfex3fY79YxWw2gsD-g,Great Wall of China,Cleveland,Chinese
6_a7lIPqXm47aF-E2xHB3w,Giant Eagle,Cleveland,Other
DBGf3gaJ30ObzQ5fo1SSLg,Battery Park Wine Bar,Cleveland,Other
bLi48v8Div6Qm2Fyaw0C6Q,Hodge's,Cleveland,Burgers
TKaND6oV1n2ylnCYoAfoag,La Plaza Supermarket,Cleveland,Mexican
U9YrbQDfH8UVsv-hLVvwAQ,Constantino's On Cliffton,Cleveland,Other
6XkWMEJc3ecJH6HKKjfclA,Jimmy John's,Cleveland,Delis
p-n42R58yEoNtWgBDG1Eiw,Cathy's Creamery,Cleveland,Other
_Rw3EkxvI_tJIVbnT5jT2A,Caffe Roma,Cleveland,Italian
qCJ5txE34m5OHx4UVRzCTA,Wendy's,Cleveland,Fast Food
DDzUKZj7EU4mLNbRWwMoFw,Orale Contemporary Mexican Cuisine,Cleveland,Mexican
Z1mLBp6BMlHSQUh364vk1g,Blue Point Grille,Cleveland,Seafood
vuC03KldDXReH8VTqRK03g,LaRich's Pizza,Cleveland,Pizza
nzOTw9xu1LfEQxGTykAGdA,Park To Shop,Cleveland,Other
czBupdPk4qbW5wlMOEOcWQ,Tomaydo Tomahhdo Express,Cleveland,Italian
BX-JlaAowcQ5FpPsS4d9rg,Burger King,Cleveland,Burgers
1iQFx2CcAWon9JaBOJUZJw,Flyers Bar & Grill,Cleveland,Other
1zI3trw5QLNdypXBfudh0w,Marsella's Pizza,Cleveland,Pizza
V4YBWutY9j3ONvrTH-EhMg,Giant Eagle Supermarket,Cleveland,Delis
QPvgkPXhjkqKf70eVc_lMw,Helen's Game Time,Cleveland Heights,Other
8FBFFu--uMxj2pxMESeOeQ,Dynomite Burgers & Sushi,Cleveland,Burgers
o1TZ62VQ8RBoYv2B8v9UUg,China One,Cleveland,Chinese
HqEcHjMTBMg178La3Uh95w,Krazy Mac,Cleveland,Other
Kr4HUtvJ8zRjCqbCJRSSSQ,Aria Nails,Cleveland,Other
Jzc4lKBUUNo_DD-9aQJsbQ,Dave's Cosmic Subs,Cleveland,Sandwiches
-JgxoIIxZf0q-PGD7P96Fg,Viaduct Lounge,Cleveland,Other
qp0UKeN7QkMPPZnx_vnOmg,Distefano's Authentic Italian Foods,Cleveland,Delis
rgdD0z1plae_ewOluEq8iQ,Speedys Grub Shack,Cleveland,Sandwiches
rg2VaD3zfmW_Itj5NR9iLA,Fat Guys,Cleveland,Burgers
cd3ZlHmdNI4XlxGQBwPjvA,Big Egg Family Restaurant,Cleveland,Diners
Ow5ONEzv1z_Y3m7c_egjjA,K&K Bakery,Cleveland,Other
Ms_3aqO0f82H-A53Sroudw,Takeover Restaurant,Cleveland,Burgers
Jd7pyrfNdffLM5nMcP4IPg,The Tea Lab,Cleveland,Other
XM2qN3PiQbfSYo6zmHgSlQ,Gillespie's Map Room,Cleveland,Pizza
GdTK0lZkITpw89uVuNqXqg,Just Like Mom's Restaurant,Cleveland,Other
acRce6Ej4BccaLza2ZZ1fw,Cleveland Brew Bus,Cleveland,Other
sWRALTHK1SO0-bsWeWWyQw,Platform Beer Co,Cleveland,Other
_BgcPmKV5myMK_gMKqttdQ,Boris's Kosher Meats,Cleveland,Other
mrCOQuRY60xAMkQVSf3nCA,Parnell's Irish Pub,Cleveland,Other
lp7Ee2udtQ8vzrCsN6sZZA,The Pork Chop Shop,Cleveland,Other
G6FARrnzBdWawIe_S2IFOA,Arby's,Cleveland,Fast Food
ZPm6lZlNO9iG1_v0GF_Gqw,Georgios Oven Fresh Pizza,Cleveland,Pizza
uBGPTzye3wrxZPf54AXuFg,Nuevo Modern Mexican & Tequila Bar,Cleveland,Other
Bl630sBaHhqghapTUlCl1A,Donut Lab,Cleveland,Other
9YYBnnVT1j1Y61e6qb9oZQ,Cheeburger Cheeburger,Cleveland,Burgers
F7tBX4pRGhWxAXr4Ld7dzQ,Damascino,Cleveland,Other
cXyUYLY2xi4HpqZqjCQmfQ,Ironwood Cafe,Cleveland,Barbeque
C-oKwqnAPa1KJZhMOox60w,Melt Bar & Grilled,Cleveland Heights,Vegan
nDKX55KbERSd_KzYHPgEdw,Gepetto's And Johnny Malloy's,Cleveland,Pizza
Ya9FMj-MWMkeMcog06N5bQ,Bar Louie,Cleveland,Italian
RQ_nzDzcc7pxYsfh6SKNRQ,Webers Premium Custard & Ice Cream,Cleveland,Other
yTv4ptghx8xrErx6dcW3HA,Toast,Cleveland,Other
HYN6S4Z7bMR68TF2lX3NIw,Harvard Wine & Grill,Cleveland,Barbeque
EGDg1FDT0Pnszd04mQkHxQ,Grum's Sub Shoppe,Cleveland Heights,Sandwiches
zt9yBumFjjnKhaFpnOdOyA,Pierre's French Ice Cream Company,Cleveland,Other
P0ytQBoqSbMG9S7Hx-PAdw,Old Fashion Hot Dogs,Cleveland,Burgers
l_7CFWBdyZkBOIqHgfHUQg,Kathy's Holiday Toffee,Cleveland,Other
7cQaxDXTxNu_SywNDsTS5w,Papa John's Pizza,Cleveland,Pizza
AEUzqUECmLCrPkIS9ryDCw,Applebee's,Cleveland,Burgers
S9OtMCsgr-xzjXrhpqbJQA,Spirits,Cleveland,Other
NKMkvLWatV9v7zbMNS6D3g,Jackie Chen Asian Dinner,Cleveland,Other
xY90cIKTj9rVYqgJmFxgJQ,Good Olde Daze,Cleveland,Sandwiches
E9OP8TODswMcmTEGXE1C_g,Guys Pizza Co,Cleveland,Pizza
jyAhu2jqSMBoeJi-KQ5lZw,Wendy's,Cleveland,Fast Food
PK2v_1GQI7ngoJg_uE593A,Dairy Queen,Cleveland,Other
eMMLnaaS3aSn-9jkjoTAdA,The Fix Bistro,Cleveland Heights,Sandwiches
tpG_KqvR1v2GrlLKNAChBw,Wings Sports Bar & Grill,Cleveland,Other
TokG1L02Eic6gHRFa0gFYQ,Biagio Deli & Beverage,Cleveland,Delis
DhOvRBU3IXi_vClfRWz4KA,Diana Baker's Diner,Cleveland,Pizza
UQMQDq8yuxnyQyBIoKhzoQ,Indian Flame Restaurant,Cleveland,Indian
NgioF61Bs9YNLBg0o9I-Uw,BD's Mongolian Grill,Cleveland Heights,Other
61BtQLwM5QPI9taQ20owVA,Black Box Fix,Cleveland Heights,Burgers
kt8gBE0TcSC_Srrxg98Mow,Great Wall Chinese Restaurant,Cleveland,Chinese
YyyqcbVyoBo4wPsgowUtUQ,SASA,Cleveland,Japanese
E9fg_uwhJN_l8vHk-yo_Og,Ohio City Brew Stop,Cleveland,Other
YTNgCm8-TlyLvkBXCGxeMg,Subway,Cleveland,Fast Food
lJi_YNH86EHX4WctntU7Tg,Arabica Coffee House,Cleveland,Other
7LzhLKAwS7PHUvaPIW833A,Dominic's Santos,Cleveland,Pizza
uqKwC97wBEcNdzYw_SBjlw,Obrycki's,Cleveland,Seafood
29TiCPFXWtmg4kjZSZIvFg,Kristy's,Cleveland,Other
umYIc-FJg-3tsqoVaM-Mnw,Earth Bistro Cafe,Cleveland,Vegan
MNcHg6VFkqvPNS_0n2bWsg,The Hipp,Cleveland,Sandwiches
GiqQniByPQZJcwU6yvlgeQ,Poison Berry Bakery,Cleveland,Vegan
RahdAQ5h6_nu50jeR2EKTQ,State Road Pizza,Cleveland,Pizza
tP4r-lRzyhkGZuvZQ0n16w,Menchies,Cleveland,Other
UOOqfmHLIok1l3q3l32YCQ,It's Greek To You,Cleveland,Greek
AFafWFYGKjJZ1pTvjnot2g,The Pub,Cleveland,Other
nIJr76IGIGS3nkmieY3Vow,Trattoria Roman Gardens,Cleveland,Italian
Q4iaGE5XM4yguqENY32Ttw,Kabab Station,Cleveland,Middle Eastern
4sYUOH1R2r4mCCJSjJ66ow,Academy Tavern,Cleveland,Other
qF-NiRVw5OPD_MPUJNlt9g,Arby's,Cleveland,Sandwiches
qfOSFYfT23CIya1KmD7EGw,Grayton Road Tavern,Cleveland,Burgers
pM5OiwjOih7twp4mP0Rmhw,The Old Angle Tavern,Cleveland,Other
mmtjbwUUjw266ulkEnRX3Q,Shanghai Joe,Cleveland,Chinese
zZa54XuYySbT1DI2WG4i3A,Otto Moser Restaurant,Cleveland,Other
ZLPAP1YKL56ODigLn4wd3w,The Willeyville,Cleveland,Other
ORBAhrzLIjIsDtbpl7BjeA,Arabica Coffee House,Cleveland,Other
qSN504OGvbnoucXcYZlnTQ,Pizza Pan,Cleveland,Pizza
1u4EvujoBP37oEL4SGLpgA,Civilization,Cleveland,Sandwiches
wTTNXThF1RQ3Lu5FnujmOA,Banter Beer & Wine,Cleveland,Other
uSRgegdEFHHasT5BbRkcFA,A Bar and Kitchen,Cleveland,Other
aAVydRJ23okd1AHi2AS4Mw,Cleveland Corned Beef,Cleveland,Delis
dt09TJuvnZR6dRd30CKNaA,Marco's Pizza,Cleveland,Pizza
X2WmQQFWLloDLXkoyqHKnA,Kelly's Cajun Grill,Cleveland,Other
4t6z1AT8qBfwaBm13d1GMA,PJ McIntyres Irish Pub,Cleveland,Other
CIUI73p0D9TSCUvNznn_Eg,Bruegger's Bagels,Cleveland,Sandwiches
VkwdilFrlPc2-dwfRVFiiA,Apple Cart,Cleveland,Other
-jehSax3LB7Jm4fzaWtegg,Mr. Hero,Cleveland,Delis
Tm2dKN_-DCdZfF2xMWrX7w,Siam Cafe,Cleveland,Seafood
bMSiHjs2fbKbBNPyuTwhHA,Coastal Taco,Cleveland,Mexican
UVaoufxuDXcXDvovuIIxyQ,Marjees Bar & Grill,Cleveland,Burgers
lFmodN3eYipeWBmE9fwzxw,Lancers On 21,Cleveland,Seafood
0Wp67zZWeVm8BfLZkW72_w,Colonial Eatery,Cleveland,Middle Eastern
R7vTAK0m4NVc7OKtPg_G8w,Mena Produce,Cleveland,Other
zo9fKM_Sty6qGztXKoMPmQ,Dave's Cosmic Subs,Cleveland,Sandwiches
F9JDMhOEDsE0PnutWhGqAQ,Pizza Hut,Cleveland,Pizza
26CMx5t6_h5PWT4gcae4zw,Beviamo Cafe,Cleveland,Middle Eastern
pW2j5fhlmuTrQ1egkKKLlg,La Bodega Asiatown,Cleveland,Sandwiches
GcOSwe8tNvWfRH-gp2UQYQ,Starbucks,Cleveland,Other
wgXwKEK9MeJruxx7-w178Q,Freeway Lanes of Parma,Cleveland,Pizza
PnVMicrAi6iYRO1_duaueQ,The Spotted Dog,Cleveland,Sandwiches
mYeUwj1BlhJTaHd1Uo6PUA,Kimo's Sushi Shop,Cleveland,Other
dS5eIQUN4uSrzRtSfcmWvw,La Borincana Foods,Cleveland,Other
0xUKfmnzPSl8HQz-K_-0Ew,Phoenix Coffee,Cleveland,Other
E60s6EXdPhet5FKJfA_YVQ,New Heights Grill,Cleveland,Other
Y8L-n2BUbCr31by8eYBazg,Banya Tamazonka,Cleveland,Other
oTTBpDELlpgMah1o0OIbvA,Broadway Pizza Spaghetti & Sandwich,Cleveland,Pizza
Z2CpAUYX5rsJW4LlYsOAdA,Mitchell's Fine Chocolates,Cleveland,Other
agrbtuIv3ZfHWlAqRDsqdw,Shadi Produce,Cleveland,Other
I5YF1kl3LCVM6nDeP8rUzQ,Papa Nick's Pizza & Pasta,Cleveland,Pizza
D3MfMrIoNV4_aXPj0bi1BQ,Lopez SouthWest Kitchen & Tequila Saloon,Cleveland Heights,Mexican
skxLYzZxZhJ5MO-Sg9uXqg,Giant Eagle,Cleveland,Other
_rFhH-eSg6heHC9m0t-cBg,Characters Sports Bar and Grill,Cleveland,Burgers
MgwhgGo313gLxZ_eM9izCg,Lilly Handmade Chocolates,Cleveland,Other
QG37umIGrDFzkdmBqFLAYQ,Steve's Diner,Cleveland,Diners
ccoflrCjKB_D06Cc3vC6Ng,Winking Lizard Tavern,Cleveland Heights,Other
qmm3eoSgi_tCZx9h-zSOFg,Don Tequila Mexican Restaurant,Cleveland,Mexican
SzcCJJmreMlWCsNjupdVAA,L'Albatros,Cleveland,French
trRoGNmBW26V43ApaKqPmw,East Coast Original Frozen Custard,Cleveland,Other
4GkiahNmE3G3-RFn3xrAYg,Carnegie Kitchen & Dining,Cleveland,Other
FdbCq4kPInhZlJKEYL5P8Q,Heinen's Grocery Store,Cleveland,Other
91diBNaSiwHr6tUXXJee-Q,Anthonys of Little Italy,Cleveland,Italian
FutUAQPBfCeTmqytfDW1pA,Chipotle Mexican Grill,Cleveland,Fast Food
huYgyzdbIwj2JF3U4fGT6w,W XYZ Bar,Cleveland,Other
awG2dPuE8W9-ejhB2jP8FA,Dunkin' Donuts,Cleveland,Other
6TMNUvxPfU6HnNMVa_Fv4Q,Accent Restaurant,Cleveland,Japanese
ue7tVbfE3cRt14LELax2nw,La Fiesta,Cleveland,Mexican
Ye7m47NmlX-r6dyCU1ix0A,Pure & Supreme Cuisine,Cleveland,Vegan
rHX9R1blojU6xK7XhSCSsw,Jinna's Hookah Café,Cleveland,Other
E_tvJL3lfmCTWAcq2js8Kw,A Touch of Italy,Cleveland,Pizza
38Q56Fgl0OF1iLqq_Wwivg,Manna Food Truck,Cleveland,Other
1zKjojtmAHuVOHhtGVxC2Q,Jukebox,Cleveland,Other
jPrN8a-JW-wA52NPwE0VoQ,Famous Gyro George,Cleveland,Greek
TaEASKZil0TT7CAzyqFUgw,Margaritaville - Cleveland,Cleveland,Other
kS_xANADJil_EGX6gmMa5A,China City,Cleveland,Chinese
w4a6TuFWArSc29dB51rPNA,Bar Cento,Cleveland,Pizza
Zn3GV2xa9a-8bHjUM-2sow,Pizza Hut,Cleveland,Italian
XgUlUmrktr2Um2gczYeYpg,Garden Cafe,Cleveland,Chinese
KHdYW6Wl4wWXW60by60P0A,Rebol,Cleveland,Other
VDHN8ahFFBX8cC7wSZoUIQ,Pierogi Palace,Cleveland,Other
zGWTylnfPBV3nuNhRyFpOw,Seven Seas Seafood,Cleveland,Other
VHchdLl_QVtStqx13vENbA,Moe's Southwest Grill,Cleveland,Mexican
epAifIGqwj5oFp5MV8kgiQ,Mia Bella Restaurant,Cleveland,Italian
fg2nRepS0cS3xNfWYG7stA,New World Restaurant,Cleveland,Other
ACfokx9YuO74JJgQnXXljg,Oasis,Cleveland,Other
lK-wuiq8b1TuU7bfbQZgsg,Hingetown,Cleveland,Other
JtRKB_HJgpIHSduMSyyIkw,Ninh Kieu Vietnamese Restaurant,Cleveland,Vietnamese
WngnIN7vi2KYo4doqK51zA,Joe Maxx Coffee,Cleveland,Delis
9mI2BHTu0at_JA3RA_AEeg,The Treehouse,Cleveland,Other
hDd53j4_rrnNk9IQlCoJqA,Giant Eagle,Cleveland,Other
imyKBHJGFixHJ2bh400b7Q,Geppetto's Pizza & Ribs,Cleveland,Pizza
NMtxUApc4-puhWVtZWcU8g,4th Street Bar & Grill,Cleveland,Other
ORcU4wTBkpihqcbuFuDAQA,Panini's,Cleveland,Sandwiches
2muD3YfbRQolf6M5p3jlnA,Zagrab Quality Meats,Cleveland,Other
0ZZIqTdEb7yUa13QZLKuGQ,21 Lounge & Kitchen,Cleveland,Other
6MlO4sGzERjA8kq5rySspQ,Chicago's Home of Chicken & Waffles,Cleveland,Other
w8_gMZb2TyfkzslI4XMOew,Off The GRIDdle,Cleveland,Other
mGb55Zvkb3D8yooZpRkz3w,Georgio's Oven Fresh Pizza,Cleveland,Pizza
jAhWofys8yG3ueMoXO00wg,A.J. Rocco's,Cleveland,Other
GB8qlM45USlFJ6bGoO8Bpg,Get Go,Cleveland,Other
GtxwFRoQTitTa6u3oVgS0g,JuiceUp,Cleveland,Other
C7dj06ZUM-5P-_DMLckcVA,Lion's Pub,Cleveland,Vegan
J1RDyyPxhioqm8c_fi4P4Q,Lola,Cleveland,Other
A7i_H252XydtrK7BUTvoog,Stonetown,Cleveland,Seafood
6oOIpBNo0h3hrtx8aFCv6g,Rally's Hamburgers,Cleveland,Burgers
OwXMxqxIy4YoprAjnoUoiA,B & M Bar-B-Que Shaw,Cleveland,Barbeque
yLnpDARXjqc1Iaom-Pcf7g,McDonald's,Cleveland,Fast Food
MjLRxNBuFR9DvA2XzQAXIA,Danny's Deli,Cleveland,Delis
IvkBPG8qtSx56P0Z9xmijg,Grotto Wine Bar,Cleveland,Italian
Gf1W5_Gcu_yn4sF28JkVXA,Jimmy John's,Cleveland,Delis
IV91JX6cxGw3SvOi5YoKBw,JB Grill,Cleveland,Other
FKcj1DmDWsRO4aOQ6i_nWw,McDonalds,Cleveland,Burgers
y3FiZeYWQ9umQpmbhKqFOA,Café Bon Appétit,Cleveland Heights,Mediterranean
x0yfZo7V6WDEE6voAKpC1w,Georgio Oven Fresh Pizza,Cleveland,Pizza
nkubaPIxnt6ZYhjKsAe3yg,Lotus Thai House,Cleveland Heights,Thai
Lh-JAmxrTPmFoeBkRNXrZA,Nick's Sports Corner,Cleveland,Other
TywR-VhheOAi0kGlKwclpg,Starbucks,Cleveland,Other
qbDaSyxDfUZNheucJym2Pg,Golden Dragon,Cleveland,Seafood
ws247aEo3PAqR9FfxyIvNA,Six Shooter Coffee,Cleveland,Other
p6Rf2hsyF1eYVJk9ag3W2A,Mason's Creamery,Cleveland,Other
VioxDaPzDzK_Yfahw0axlQ,Crazy Horse,Cleveland,Other
6oGY1ZfA7-FKKk6murM-_Q,Walgreens,Cleveland,Other
RfZjZ1SPN69s7xhlP_QeMQ,Fred's Breads and More,Cleveland,Other
eJj9eDmM0dz7fZ04FI0aIg,Pizza Hut,Cleveland,Pizza
y_pR7Ak2VqRVNttn1b6jcQ,Starbucks,Cleveland,Other
gukI5ICBC7c5hPETr_F7oA,Vino Volo,Cleveland,Other
LvnOhs9Udhyp5adF7Cq98g,Sushi 86,Cleveland,Other
m5t6Ork5uMHRvIlCmP6ULQ,China Chef,Cleveland,Chinese
4xnurYLQHpLgsVcWB2fEkA,Panini's,Cleveland,Sandwiches
m3DVIvPsuLuA9OMSgWNLcQ,Bloom Bakery at Public Square,Cleveland,Sandwiches
f0O3dXG2t3QUFw8ogNRVjA,Wendy's,Cleveland,Fast Food
atjtuvR00Gkhi11BgrVs1Q,Sportsman Restaurant,Cleveland,Delis
KsYAGLP4yC7FbfixaeCHsA,My Friends Deli & Restaurant,Cleveland,Diners
XBsZoWiUJLi26FtAD6wWDw,Mama Joyce's,Cleveland,Other
63lBTe-rgqR_LcAOh_xuPQ,Primo Vino,Cleveland,Italian
ZNB91myFoOYgyXoG5LQeGQ,Alfonso's Restaurante & Catering,Cleveland,Pizza
jrrozZmlFKp5KaVTD1fq3g,Victorio's Family Restaurant,Cleveland,Other
RPpHS-I4Xf-IbQWb-iSDvA,Beckham's B&M Bar-B-Que,Cleveland,Other
_8Os_hsIMqO7njlJChHdvA,Marie's Restaurant,Cleveland,Other
vmOnhwEiqBOCaTegD_cUDg,The Garage Bar,Cleveland,Burgers
yqIVlkpQF_IdhVk1yTiIjw,Chipotle Mexican Grill,Cleveland,Fast Food
L-Yo6f0evdy6v3a9-biwkw,The Cadillac Ranch,Cleveland,Other
Q9FlD64hm1OT5GF1tAsbPw,Arthur Treacher's Fish & Chips,Cleveland,Other
oxeW1tSB-e_oIzCQZtqyTw,Noodlecat,Cleveland,Japanese
ZzGaVbyam1AhZFW928-95A,Taco Bell,Cleveland,Fast Food
viCWNmpnYWCdWpHOHGjerQ,One Walnut,Cleveland,Other
xFl6krZlEO5vrX5LzsCsGQ,Waterloo Brew,Cleveland,Sandwiches
IWDA6Tp8aFIaIqJJnZF0oA,Pizza Hut,Cleveland,Italian
8U6EmwNaeTnhKbhBgIZPGQ,Twist,Cleveland,Other
0Sx2QBsMFe35HhwlvrwARQ,Classic Seafood Market,Cleveland,Other
9k8cUeIuVDHhDJVw7bSgwg,Zoup!,Cleveland,Sandwiches
_KD8Fua-jFlEXHCwVTY-cQ,The Standard,Cleveland,Other
Jd9L7pNhC982XeCNbPncXg,Saucy Brew Works,Cleveland,Pizza
7mAaMNDdTTNDIj8utXMZIQ,Chocolate Emporium Candy Company,Cleveland,Other
G0F3kmnES1i8a9Vp78ct7w,New Jackie Chen's Chinese Restaurant,Cleveland,Chinese
AI7sIJMnSYVX8aLxdPVyNA,East Coast Original Frozen Custard,Cleveland,Other
hc_x57UHPd3752vQj-2Oxg,Georgio's Oven Fresh Pizza,Cleveland,Sandwiches
m6O4gOfTtqJKmz0Ev2-PCg,Doc And Lennies,Cleveland,Diners
VeEswq0hjUZ9zaFF7GtpEg,Lemonberry Frozen Yogurt,Cleveland,Other
cE1-64tA-mmGYx7y2FMJNQ,Hookah Vapor,Cleveland,Other
0kyVqnMoflj3DLDecGK89Q,Taco Bell,Cleveland,Fast Food
jRAUH6Ypc_2rX_nh3NMqcQ,Otani Japanese Restaurant,Cleveland,Japanese
-lJtyCOTVInWusU9YF120A,Joey's Bistro Bar,Cleveland Heights,Italian
g5zVkPRW2umfpCuDkan7tQ,The Fairmount,Cleveland Heights,Other
SkxDv7IpQWu8xvIPK92PuA,Little Caesars Pizza,Cleveland,Pizza
se2a2QaJi8Yx_KjE1r-_sQ,Eat'n Park Restaurant,Cleveland,Other
lTFauUhnfk4pPhOMGDiEgg,Barroco express,Cleveland,Other
B2yz5yAviP9sj8p1G6xi1g,C'estlavie,Cleveland,Other
YNUzS_mEKaEAKGyUqjqZtw,B and G Tavern,Cleveland,Other
MJXN25eWW0U4E5aVUlAFCw,Ming Moon,Cleveland,Chinese
dhuHrRgF7ULuBhV5sCEiGA,Baskin-Robbins,Cleveland,Other
AbPQf-X7awuPFDULiJ43bg,Superior Pho,Cleveland,Vietnamese
HeXqhdzNR2mn-Ez4PyWcTA,Jack Frost Donuts,Cleveland,Other
11JpKLTgSGMlkK_HmQsjaQ,S & R Farm Market,Cleveland,Other
B2lr7sQv1NDujuD37tTBNw,Antonio's Pizza,Cleveland,Pizza
rj5TMsJ3Hq5QUm9RzJYKcQ,Bounce Nightclub Hinge Lounge,Cleveland,Other
__rNL7RODe1D85sWuU-FKg,The Katz Club Diner,Cleveland Heights,Diners
73LHo5-eeflau1JQ5SxlAg,Cork & Beans,Cleveland,Other
hlhXDG5GfUUWLduFbbAXzg,Rascal House,Cleveland,Sandwiches
4TFm4xk1y3lSeInw0r0ALA,Papa John's Pizza,Cleveland,Pizza
xfCgxY_SQfzxFsQjNiLJEQ,Mitchell's Homemade Ice Cream - Cleveland,Cleveland,Other
Q2fR4XDZPScez4b-Ttk5vA,Janelle's Restaurant,Cleveland,Other
4tc3kLlLuiolIP4jJslYYw,Deon's Restaurant,Cleveland,Fast Food
akjewrvAc_LwLqbZ-kqQ5Q,Cafe 1845,Cleveland,Other
_9ivE0h8DdfEWqdSL8JU6g,Muldoon's Saloon & Eatery,Cleveland,Other
6OhgauonbNtqLRpXXn_nJA,Master Wok,Cleveland,Chinese
ORM-8CMtxLsbhyJIvxfjYg,Wrapz Pita Bar,Cleveland,Mediterranean
qtJEVrDf2jpfqvqqBozBCw,Starbucks,Cleveland,Other
PcjyQa3TEFCKe5_K6iClAw,Circle K,Cleveland,Other
Ged33xMUz2TpAgzxycGfVw,El Rinconcito Chapin,Cleveland,Other
bbl8fr69OHrzbOFLeJ3kSw,Kabab-G,Cleveland,Middle Eastern
LdRQcqRPZXCceiMUG_uvoA,Starbucks,Cleveland,Other
xBgQ4T6mhS5VsmK9u6mBcg,Fire,Cleveland,Other
mZ8ZBfxKvNCIEHoBfak8MQ,Bruegger's Bagels,Cleveland Hghts.,Sandwiches
bLWSca4rqXmgidT0bW3Oeg,Discount Drug Mart,Cleveland,Other
kcCncG6-pomVVc7r27HYWA,Cafe Sausalito,Cleveland,Seafood
3dMAswAQk0ehFvuE8V8RDA,Istanbul Grill,Cleveland,Vegetarian
ghNYyKxJsyvOBDFIh8YDDQ,Corky & Lenny's Express,Cleveland,Delis
7M_wmSKg-qljRdwafdPKpg,Umami Moto,Cleveland,Thai
bbnpPdoRymorHJLY2owBiQ,The Market Cafe and Wine Bar,Cleveland,Other
z7h3_K5lg3RnYieq04C0Vg,McDonald's,Cleveland,Fast Food
2tfMXjOotr1r168mVttUmQ,Local West,Cleveland,Sandwiches
ioY2LiBWlkBxhfnJ3gbGLQ,B.A. Sweetie Candy Co,Cleveland,Other
3_STYcEwVsieJPo0GWjxLw,King Fong,Cleveland,Chinese
kVEjTbR6rJgfTnq_h7kLPA,Erie Island Coffee Company,Cleveland,Other
RWRFp_gkDIBjYfJ3K_HiAw,5th Street Arcades,Cleveland,Other
WmuIohX-7n6Ep9mnB83nCg,Happy's Pizza,Cleveland,Pizza
COszO5BlwqjRbZ_IUqExZg,Little Caesars,Cleveland,Pizza
24t7-XcaR6yJi_20CPoB2Q,Sweetie Fry,Cleveland Heights,Fast Food
p8JB_gaDUuJFwypSZOSYMg,Hoggy's Restaurant,Cleveland,Barbeque
507j6A0IUBSYFgTOx7YABA,East Coast Pizza,Cleveland,Pizza
2alo9GzeOsbg4jeKYFQmxQ,Santo's Pizza & Pasta,Cleveland,Pizza
3IobmJr-mqkF3l0hChAFcQ,Taco Bell,East Cleveland,Fast Food
lMPv3UxzQoYWftbyoDE5dQ,Pastas and Pastries,Cleveland,Other
GpR0Lpi5VmVAYIB7mscmEg,"Peace, Love and Little Donuts",Cleveland,Other
A78pY3qgc_UrQv7tTFIoRw,Fairfield Food Market,Cleveland,Other
ESR-aQJX2IoQEPvvF1pmyw,Pinzone's Market Fresh Meats,Cleveland,Other
UuTehgt62L1ffA3iPJtYAw,Penn Station,Cleveland,Sandwiches
PuY09XUxfQhURBhaQNJuqw,McDonald's,Cleveland,Burgers
LFh-Ay3bt9pTUNolfLn5gw,Buettner's Bakery,Cleveland,Pizza
wCW_fxjF3EvkQjkOu28Y3w,Incredible Foodz,Cleveland Heights,Sandwiches
2hJNAFFy2qOqmIIKFjcw9w,Bella Pizza,Cleveland,Pizza
oB-1Xd915B9dQY2HhqfWsA,Liquid Planet,Cleveland Heights,Other
nob8d79rMFgux_nDW_KvNA,Marc's Stores,Cleveland,Other
fmfYw-ywwfN6SY-v97Wk2g,Bling Bakery,Cleveland,Other
gPo0PoblgaiY1qjhracBHA,Marc's  Stores,Cleveland,Other
Kuv-QSWUtOm5IjAxcFMl8A,Luna Bakery Cafe,Cleveland,Other
lJU19A8gxyNT1gU8y4pv1w,Hatfield's Goode Grub,Cleveland,Other
tB0zkiCxLjJwEPCRmwlVrA,Sonic,Cleveland,Burgers
xm1SHIAGpWuLh-8F89jBgg,Sophie's Choice Pierogi,Cleveland,Delis
7MZArBbssmSOt-IPpR8YWw,Bratenahl Kitchen,Cleveland,Other
42rDLL6vNJ5w66Ccj6a5XQ,McDonald's,Cleveland,Fast Food
0LAjD6m5LjiSbiajp2SR4Q,Leader Bar And Grill,Cleveland,Burgers
hVyvFxmlWpGDQviQ4tls9Q,McDonald's,Cleveland,Sandwiches
gstmQyich5ToZPBNhSthmw,Zdara Grille + Lounge,Cleveland,Mediterranean
BT7FeQ8VkpHrU9qihvGD3w,Cafe Falafel,Cleveland,Mediterranean
kex_-dwIA1Ia5sDDje7beQ,Reilly's,Cleveland,Other
c4MqC2o5n1ZKuyK7sJcKFw,Indo-American Convenient,Cleveland,Other
vaOeSb5w8uCZFhyrU8VfJQ,Georgio's Oven Fresh Pizza,Cleveland,Pizza
TWrjQ4Ulr6NSwiGOaGzFrQ,Panini's Bar & Grill,Cleveland,Other
tulUhFYMvBkYHsjmn30A9w,Hot Sauce Williams Barbecue Restaurant,Cleveland,Barbeque
-kTHAUKuzh7cFZjVAW55Ug,Chipotle Mexican Grill,Cleveland,Mexican
fzRUt2RPxNRSVY-XCIGttQ,Potbelly Sandwich Shop,Cleveland,Delis
1KRnx1P4gYlkpmezGTERaA,Touch Supper Club,Cleveland,Pizza
lr24BCFNXmnFsIXk4utUjQ,Casamel's Pizza,Cleveland,Sandwiches
S1zlGFu9fi5-QmVpGqsKsA,Michaelangelo's,Cleveland,Italian
Xm0BdTIRqtTIgacx_JjICA,Hoopples,Cleveland,Other
BF1orcrZTPLUOx-tRKcAGA,Taco Bell,Cleveland,Fast Food
5ynzVV_kayd5hfv5Kt6Vbg,Burgers 2 Beer,Cleveland,Burgers
OCxl56kc8QcxxA-uLxNfIw,Guthrie's Chicken Fingers,Cleveland,Fast Food
DuMWyxL4DMcy5A8MXD_67w,Parkview Nite Club,Cleveland,Other
R13VkcyUIU3xG2fRFbBvBA,Cafe 56,Cleveland,Sandwiches
Ksk5cLav4OtbUtpRGp5b4g,India's Cafe & Kitchen,Cleveland,Indian
VUOn9pztnaEX49Xfb_9L7A,Osteria Di Valerio & Al,Cleveland,Italian
fireL6HjsBqOrj5PMuCZVw,Nana's Kitchen,Cleveland,Italian
u2w7rfwl06rzHU7RcRkr9w,Antonio's Pizza,Cleveland,Italian
n_UlhRNcv9dm04NbUNBrFQ,Currito - Burritos Without Borders,Cleveland,Mexican
AyzyqTk74oLJrhS_PdGA1g,Little Caesars,Cleveland,Pizza
yNb_PHvkAMGA0NU25L-kgg,Papa John's Pizza,Cleveland,Pizza
x8dRsP9mpI2FD6vazC990A,Zen Cuisine,Cleveland,Chinese
NFrDOhznry5iqD15p4nyfQ,Subway,Cleveland,Sandwiches
QeEYzgBVTVO8IGqGCfPg8A,Nate's Deli & Restaurant,Cleveland,Delis
WiQb199J8wKuS4l37xp0vA,Gas City Gas & Convenience Store,Cleveland,Other
uCfs8ESP0lmtGIN7IX1fxg,A Phiner Bistro,Cleveland Heights,Other
qZZ8VU1Bk-xCruEAZNwm6A,Sainatos,Cleveland,Pizza
9cyYy7cbboWsth_4yd7XDw,Mardi Gras Restaurant,Cleveland,Other
w-ch2_73sYc68VJrWAQL3g,Light Bistro,Cleveland,Other
_5inlOVvlrCOKcI772RqJQ,Benihana,Cleveland,Japanese
awGiEZOQ7ldhrzTbibpV2w,McDonald's,Cleveland,Fast Food
T2JwvV8hH15KbnS1OCnrJg,A Thai Restaurant,Cleveland,Thai
jH4EAEWiCYfiXyvtgPE1xg,Grandma Campbell's Cupcakes Stand,Cleveland,Other
g9i9xFh9HtPWNLMB3ru3ug,Campbell's Sweets Factory,Cleveland,Other
QvKN1zh_BCFai6oDCx3d_g,Spring Garden Chinese,Cleveland,Chinese
L-Go77QiXmXsYt9dYULPww,Sí Señor Mexican Restaurant,Cleveland,Mexican
-dPyMMUEilN0qwiiPqVWhw,KiwiSpoon Frozen Yogurt,Cleveland Heights,Other
o45CYsY8jG2lKKI9ZBuBxQ,Honey Hut Ice Cream,Cleveland,Other
KpKYl-rfvYLhUylIuNHg7A,Subway,Cleveland,Fast Food
EsjY-B1wh76hK6G6deH1hw,Prime Rib Steakhouse,Cleveland,Steakhouses
j4Ms51MtI4arORwaICNfCw,Ohio City Pizzeria,Cleveland,Pizza
BhSBdVYkrRwijEWqI9yFXQ,The Mayfield Smoke Shop,Cleveland,Other
BR92F6HmOHq-uKtMgyr7rw,Der Braumeister,Cleveland,Delis
-DkhPijabXuTNvNteIpRPw,Common Grounds,Cleveland,Other
ijY4C4ut4M9xg3QvK2R2pg,Li Wah,Cleveland,Chinese
CxvirkRLRYaspG6GKn73YQ,McDonald's,Cleveland,Burgers
XrjuO3Pr6Kw8YjDQzXMv4w,Superior Deli,Cleveland,Sandwiches
T4JGbW9XEGQVrLpQcNFXtA,Sun Luck Garden,Cleveland Heights,Chinese
jNWyePugCw1J_O-s04JtIQ,Luna's Deli & Restaurant,Cleveland,Diners
zB4w1HYzZ9tBwjLNvLNc3Q,Houlihan's,Cleveland,Other
QXpNsm8A8G86Vu5ECo1MgA,Duck - Rabbit Coffee,Cleveland,Other
_080cljKOjr5sSaxi_hbyA,Tropical Smoothie Cafe,Cleveland,Other
BxpWf0-aNxjpfdZcULR6vg,Geppetto's Pizza & Ribs,Cleveland,Pizza
sS5-UR5I1N_JZx8UGt5xGg,Blue Bar,Cleveland,Other
CxIIq9axHO89F3Y8l3WwHg,Yeleseyevsky Deli,Cleveland,Delis
p-rJOC4UeC75V71e8mYeww,Truffles Pastry Shop,Cleveland,Other
nL4cq4GEz4uiM48nz5E7ug,Gus's Family Restaurant,Cleveland,Other
V7CWokAzp4elzILyhyD2Lw,Giant Eagle,Cleveland,Other
dPIQurJHDMt1KDlXolNFhw,Nautica Queen Cruise Ship,Cleveland,Other
claunOWWYNvLD9Ybt5dA8A,Tea House Noodles,Cleveland,Other
hiNArIsFnQXJHwtCglSJFw,Encore Restaurant and Blue Bar,Cleveland,Other
nMscHTw8QDyXjT5iteO9aA,Drink. Bar & Grill,Cleveland,Other
PNMsWRyh4X1xfPil5vhywA,Bogtrotters Doorstep,Cleveland,Sandwiches
e_W6Q-qOHcUR5ZKrwvC2qw,China Town II,Cleveland,Chinese
UbYl76BraRy2HObPNLs4Aw,McDonald's,Cleveland,Burgers
xqVeSoyuWsKhQpWZjwiYSA,Golden Gate Chinese Express,Cleveland,Chinese
Qqh2cFO1bk5TQ8mWIEjbCw,Herb 'n Twine,Cleveland,Sandwiches
CSBNoeTyY_PjH0Wdcw7S2w,Aeoshi Cafe,Cleveland,Other
mIl2E5qSPveA6Bl9aXAMjw,Johnny's Little Bar,Cleveland,Burgers
9H8c6QYpgbQng4XD30wq-g,Wrap It Up Food Truck,Cleveland,Other
hTEVm9uOnR6L7hLAigNNAw,Alaturka,Cleveland,Other
jA3xcba82t8x06H8NzG4VQ,The Black Pig,Cleveland,French
CJvN2k3gjR7JspTx21icTQ,Crust,Cleveland,Pizza
dJCZeDVq6cqqdch1e6YiUQ,Subway,Cleveland,Sandwiches
2TC-P3bUwz1ZYxpqAlCgiw,Sans Souci Restaurant,Cleveland,Mediterranean
intKyiipUlHDWi_chv0f3A,Merchant Street,Cleveland,Mediterranean
OKYp_AwhXfqL_0Pgw1WB9Q,Jack Flaps,Cleveland,Other
yGoA3jHUWfRzx8c6BiF5Ng,La Boca Barrio,Cleveland,Mexican
COUJUfrodU-MH4tenlzoXA,Rosie & Rocco's,Cleveland,Italian
2N4AeKjw2WdBchIVqYPv_A,The Nosh Box,Cleveland,Other
9Hcu2bRtzHtj4jhJB7By8g,McAlister's Deli,Cleveland,Delis
wjvyVdtP-VpHrzZ3qEHg6g,Subway,Cleveland,Fast Food
CZjWBiv0U0UFELpJ-UDUfg,Rodizio Grill,Cleveland,Steakhouses
anzCdD5eIEHwydTpXhLlUA,Happy Dog,Cleveland,Other
HNs2Nf-trqFTDtho4vhfmA,The South Side,Cleveland,Other
_g0dF6TAj7-RlSUfsGwl7w,Teahouse Noodles,Cleveland,Other
VbPPexfp8wa7Fjqp3tRDmw,Sahara International,Cleveland,Middle Eastern
l-TaawqI-mlN4z_N9WdW9Q,CLE Urban Winery,Cleveland Heights,Vegan
gm7G69c-PU5dmMotqAjcsA,Breads & Beyond Bakery,Cleveland,Other
y_Xi2V_0lGbCkRuiXLHUFA,Hong Kong Buffet,Cleveland,Chinese
xQo0O_EgcH2_yldW3lOt5Q,Market Creations Cafe,Cleveland,Other
hWLqwafZ2tXH0S073lJSGA,The Coney Company,Cleveland,Burgers
CBgcKcrbN7VSoofxCsCOBA,Mister Brisket,Cleveland,Sandwiches
BV_ywDG0HJYWyFFXG8ssvQ,Vera's Nationality Bakery,Cleveland,Other
zqRTnP_JQv94nuoyO7xCQg,Constantinos Market,Cleveland,Other
IeH7I-29vKD5w9v9pX5KYw,Sahara Restaurant,Cleveland,Middle Eastern
fM-29EyHcLXBrYyzNKNRvg,LaMarca's Pizza,Cleveland,Pizza
VfsUreaME_2nqk1D0sVsIw,Baker's Bakery,Cleveland,Other
a1_ZedhXo5mVflOV471pCA,Mely's Kainan,Cleveland,Other
7OuY7NAB1KuC9cYn8He3Pw,Starbucks,Cleveland,Other
lHLNQnEHwCJ_CROCfCxEzw,Scotti's Italian Eatery,Cleveland,Pizza
qML8HCfDh7vmIxvbt1QgOg,Cicis,Cleveland,Pizza
PqSwcDrL1wrwal8hlDf8IQ,Sapporo Sushi,Cleveland,Japanese
Md6NWl54ny8hA-NVaYZuew,Nighttown,Cleveland,Other
9bxrdL-pQg6SVMFmDcg1ow,Rising Star Coffee Roasters,Cleveland,Other
UkrULFvq5y-bJoqBu5eI6w,Scott's Fire and Ice Pizza,Cleveland,Pizza
423AAbu0yBoDMOeVwnLzkQ,Camino,Cleveland,Mexican
3trdX3B7ZwmO2SKpQ9UJrg,Flipside,Cleveland,Burgers
dyJsv02GJgQZBl2Lh3vjjg,Addy's Restaurant,Cleveland,Diners
bXGADvexLZ7sAiAuTfhYiA,Champps Americana,Cleveland,Other
UEpKf4g8oaAIr0ZIM0TXgw,Starbucks,Cleveland,Other
xXZw2v10FbaqRiibXhAhlg,Fanucce's Italian Imports and Pizzeria,Cleveland,Pizza
ziTgeXaM7gWRnIhPtespMQ,The Copper Moon,Cleveland,Other
Aqhy2ZYpEeJ61aIJH_iCxw,East China,Cleveland,Chinese
GtSNTE2qMOZBlj0noCgCGw,Miega Restaurant,Cleveland,Barbeque
HPtTqirOkZArADg2FLr0eg,pizzaBOGO,Cleveland,Pizza
ztG_sG9ugajX9crrzh0UyA,McDonald's,Cleveland,Burgers
fiYqGH-esbPpO-3DnSqVeg,Bialy's Bagels,Cleveland,Other
sR2Rdiv4IenRNQl54f80Ew,Lance's Beef,Cleveland,Other
qHiaNXS_F1M8aEa7YfoqCw,Ocho Rios True Island Cuisine,Cleveland,Seafood
CySpYWrovIOGh7hdz9ahOQ,Dragonfly Lounge,Cleveland,Other
OvxbkxlD8FLjBGtNtYLbjw,The Cheese Shop,Cleveland,Other
kfTvilKjXhD_0GmlmKdW_A,Wendy's,Cleveland,Burgers
liPSeXaAfv8jxRGJ717VmQ,Nano Brew,Cleveland,Burgers
VEeqUTODkjwera_JKy97rg,The Wicked Taco Shoppe,Cleveland,Mexican
QMpy9X4gqqqRY2QwG2kxVA,Astoria Cafe and Market,Cleveland,Mediterranean
hdOkgm5wyn1hOWLlqq5hyA,Oasis Urban Cafe,Cleveland,Delis
fCFXHH4uiOOro_F_i0jeiA,Marc's,Cleveland,Other
zCyyPH-7DIvv0XgnW_7Fwg,Knuckleheads,Cleveland,Other
hTSIT3puu8m8-kOZYS4Zdg,Ohio City Burrito,Cleveland,Mexican
cfsXuDfeSX24tInGNEoc2A,Severance Restaurant,Cleveland,Other
98XJsz4hbDBxzowVUPC3lw,Silver Spartan Diner,Cleveland,Diners
Y3RWEmu4ykuc2LvG3Qv9Ew,Pizza Roma,Cleveland,Pizza
hrvjRWqHOkPa9jBPpX1B8A,Becky's,Cleveland,Burgers
gGl2B8_kd0wTY8FjBTXjlg,SnowBros Shavery,Cleveland,Other
W07TY9cx2ZpDQyAn0ynMQg,La Dolce Vita,Cleveland,Italian
P0uECGAlrELjqeOtDHcB-Q,Blue Moose Eatery,Cleveland,Other
AFL43sQNnLsEhw-jspA2xA,Melt Ballpark,Cleveland,Sandwiches
02E9r4BQzVrA76Bf7G-KMw,Edison's Pizza Kitchen,Cleveland,Pizza
B57-WztEVG1oWzIRkhqZmA,Casey Jones Tavern,Cleveland,Seafood
2VUhmFkIvARpEP9B5dZo9w,Suzie's Family Style Restaurant,Cleveland,Other
INsBi18bVl4UNqRcGzAkLQ,McDonald's,Cleveland,Fast Food
PubwGsZPO2N7QBekieMe9w,Don Ramon/Grand Fiesta Mexican Restaurant,Cleveland,Mexican
gjRH4NXI6DLuTHbwyw8ozg,Gilly's Donuts,Cleveland,Other
X1v2lPPXgJGaIufxJHvZCA,Ha Ahn Korean Restaurant,Cleveland,Japanese
gw0ZS5b5RP3Lzr1BoCbALg,Charkha Exotic Indian Cuisine,Cleveland,Indian
YgHp9MdZ1vVdYyMEro4TtQ,XYZ the Tavern,Cleveland,Barbeque
KB5iCfg8sW1NeNQV3HToCw,Myxx,Cleveland Heights,Other
RQlC4Tgc7Gk_tmxxY7oF6A,Ligali's Bistro,Cleveland,Other
kh4fLYwyUl8yb7IHu-HCyw,Charley's Grilled Subs,Cleveland,Sandwiches
OOXUDZVOREgjwrLiwr3Spg,The Corner Alley at Uptown,Cleveland,Italian
iZfeH70e_YFLrURT8WuCYQ,El Rodeo,Cleveland,Mexican
Ap0dtO-8P_eg9uAepZyj0A,Taco Bell,Cleveland,Mexican
ots7CgnVUu7f9qNiZCXw7w,Guys Pizza,Cleveland,Pizza
54kfE6vauORUVUifLagkXQ,Hyde Park Prime Steakhouse,Cleveland,Steakhouses
FGaO0j2KqKhk-CH34-eRJQ,Kamm's Corners Farmers Market,Cleveland,Other
doz0Zf14FVyj4f2knQO30A,Beckham's B&M,Cleveland,Barbeque
o4HbgQnUkYnTLsbb6K5hjg,Society Lounge,Cleveland,Other
tQ-BmlXNhaykObSzU6xujA,La Tortilla Feliz,Cleveland,Other
9Dpk8U2-7bETxk6MSfCM-A,Smedley's Bar & Grill,Cleveland,Other
qSVCYsz1sv1b3W4z4WDTsQ,Cropicana,Cleveland,Other
WVHpnaX6zPdIIJqpQh4paA,City Roast Coffee and Tea,Cleveland,Other
kJtijhRR8fl4QIrj-oxf9g,Golden Lily,Cleveland,Chinese
MyjsATJw0mx5bH79vvdSGg,Crooked River Coffee Company,Cleveland,Other
unDs06rQ8V-d8-EujSVe8A,Gusto!,Cleveland,Italian
TknwCR_kdD90D8Bx1WcLnA,Sung's House,Cleveland,Korean
H1j34TgbrVZkxeww9xlJTw,Steve's Gyros,Cleveland,Mediterranean
9WZqZaFM5EkhitW3aON0Zw,Dave's Supermarket,Cleveland,Other
0DapwcHS0YWNeHKptURSCA,Break Time Bar and Grill,Cleveland,Other
yOx4Epa3NDDxS-ExC5Ya3g,Kristina's Restaurant,Cleveland,Diners
TAwgNWX-Xv7xnTHeRqPReQ,West Side Market Cafe,Cleveland,Diners
zhwqX2uk3XF_fwtwLj397A,Rock Bottom Restaurant & Brewery,Cleveland,Other
zVvekQAUjhZpys3xzcCGaA,Giant Eagle,Cleveland,Other
emYhGfn1oIKNdUNHHCvGMg,Nice Place Cafe,Cleveland,Other
q_lznPwJiprULcyYudWq1g,Brennan's Colony,Cleveland Heights,Other
rzd_2GJpkvHPejEwJ-IKHg,Somer's Restaurant,Cleveland,Diners
9-jtewo0SHAyBRLljyyaGg,Red Lantern,Cleveland,Other
7tzhoEyaTLxdwkCWMTUbZg,Dynomite Burgers,Cleveland,Burgers
Ufo0Papm3oyoCfBvnsJH7g,Bonbon Pastry and Cafe,Cleveland,Other
WpOMfnH8hvUOENVNn9xMsQ,John Q's Steakhouse,Cleveland,Steakhouses
nJVDHjoTilGmhLjXAOwiyg,Hemispheres,Cleveland,Other
O2-K859oBGBMgiKigZr_JQ,Good Harvest Food Market,Cleveland,Other
cRTkev8c66o6q6v7FstjLA,Szechuan Cafe,Cleveland,Chinese
JYFYfJL6t1EK99xofAjJUw,Honey Hut Ice Cream,Cleveland,Other
K7iDRCWPTbcLuHQoPR0rIA,Krusinski Finest Meat Products,Cleveland,Other
0jHZk9RrKh0uRhTRW1XIqQ,MoMo's Kebab,Cleveland Heights,Middle Eastern
soyZ8bv2ZsSpsBv4PGMrTA,Sergio's in University Circle,Cleveland,Seafood
FqakwQitwceVi15JwN8EHQ,Corks Playhouse Square,Cleveland,Other
ZjptoOcCgtQTSiNwQR4vEQ,Aloosh Hookah Bar,Cleveland,Other
Hq-6gDr_sYL4_KlG5aGf6Q,Uptowne Grille,Cleveland,Other
h0r1AJiTJUP_W8qxeRBlYA,Starbucks,Cleveland,Other
UXl_Grxsus1o0w3NKxYn4g,Big Guy's Pizza,Cleveland,Pizza
rnvKg9DtsAIHWU4eywsqmA,Boney Fingers BBQ,Cleveland,Barbeque
fQP_jXrSoVKty5zxV3_Z6g,IHOP,Cleveland,Other
clmjilkPbjl3B5qRSHB1rQ,Auntie Anne's,Cleveland,Fast Food
xMUcmzDm3P4U1urVD2pYdQ,Presto Sandwiches,Cleveland,Sandwiches
PiQ11tDiQMxvFGbKZpbkSw,Sprinly,Cleveland,Vegetarian
82aapoEF7sBcxrrP9AWiEw,The Burnham Restaurant,Cleveland,Seafood
wkNT82BPI9eW0Jv36SFYkA,Subway,Cleveland,Burgers
JJe0yIYC_M3la1Qbm9i3UQ,Sachsenheim Hall,Cleveland,Mexican
HNv5U4CnJIY5CiwdedVrHQ,AMP 150,Cleveland,Other
eylK2PKCaCC4db5gmKRuyQ,Ohio City Provisions,Cleveland,Other
fuPhVyvwoMFNRqM4O1CkeQ,Aladdins' Bakery & Market,Cleveland,Mediterranean
GREUapStr7mD3L528tefVQ,Zoss,Cleveland,Other
9Ii0ZUKw0zAus-AnI00xLw,Piñatas Mexican Restaurant and Cantina,Cleveland,Mexican
TPJO55zWyo2CeeXQvOre8A,Tastebuds,Cleveland,Sandwiches
dQIO_7U0sUkNXzbDaZ-LHQ,Huron Square Deli,Cleveland,Sandwiches
7oS4RyfwnQ3n9fARzjsNNg,Golden Dragon Restaurant,Cleveland,Chinese
HCL73X2aBGmJ5C0Ynqihkw,Green Leaf's,Cleveland,Sandwiches
E620tPFKKAVOi7EjF1nJHA,Fresh Catch Seafood Express,Cleveland,Seafood
7sz9Rw1dbIEfLy-L9qB3Tw,Chopstick Chinese Restaurant,Cleveland,Chinese
4sitViZ5-pr9wKjmCSK8ng,Gelato Star,Cleveland,Other
ESCeeLwhOSZ1ketQn1nq8A,Kim Se Cambodian Cuisine,Cleveland,Thai
1gQrMs-I8oKg2p-iRxznzQ,Soho Chicken + Whiskey,Cleveland,Other
dKjYOSJzPQFs5sj6-ftvfA,Nourish Cleveland,Cleveland,Other
K-tl3k56Px2G6KRsKNyUUA,Subway,Cleveland,Fast Food
F6AVfyPXBRBNFoZAfOHegQ,Dionne's Meats,Cleveland,Other
kEbdBwyqucFNNi0iCEmmPA,Wendy's,Cleveland Heights,Fast Food
D5LnYdq4O5ZTxL_u0lgrIA,Angie's Soul Cafe,Cleveland Heights,Other
pP4MRsHfrage-sm4mXYFAQ,Applebee's,Cleveland,Burgers
0G-WFdOu3_KW3mBZJQq5Cg,Phuel Cafe,Cleveland,Fast Food
fKJK8Wrfhq9n6qNqWZ6J0Q,Burger King,Cleveland,Burgers
B7pVrERldmQmrbkSU_wjgg,Hansa Brewery,Cleveland,Other
e1RcTvtihmYdf8At7hLgRw,JACK Cleveland Casino,Cleveland,Other
LsBLKGlaoXxmr_n-r6of0A,Halite,Cleveland,Other
2TVZb3GdY6XvX88jbOofIg,Chicago Deli,Cleveland,Delis
_5PJ4GHIXNdUdXtohylKGQ,Lucky's Café,Cleveland,Other
sac8XR9yH0_OMN2BWV0Rzg,Handel's Ice Cream,Cleveland,Other
iDUPJOcU1VRQv9aK6Egztw,White Castle,Cleveland,Burgers
OA5Li3ySzhrbG_WvD_QGYA,Barrio,Cleveland,Mexican
WHlbUb5SNdXDKYfkNDo89A,Pickwick & Frolic Restaurant & Club,Cleveland,Other
IBTbSC9zAodn54NuuphLhQ,Fluffy Duck Cafe,Cleveland,Other
GhOWffUr9yDBxB5Ceqzc_Q,Tremont Scoops,Cleveland,Other
V_CzgZ8maFoKv9t-LgcjDg,Metropolitan Cafe,Cleveland,Other
bJVVEhficUUHVL2zvtuJWg,The Wine Spot,Cleveland Heights,Other
CikuTcu41X3UZsp8YjCjSQ,Vita Urbana,Cleveland,Other
Rcx0AQSEmqiuRDE_FUMUGQ,Whiskey Island Still & Eatery,Cleveland,Other
2JeciNHrJE_tI-o2tUCu5w,Ty Fun Thai Bistro,Cleveland,Thai
HYm_XUwKk_s-gCC0kdERDA,Gateway Bar And Grill,Cleveland,Other
dCRjbHW3JCQwQMl6tvjWiw,Starbucks,Cleveland,Other
W1hXfgnugKfVV1wDhko5lw,Flat Iron Café,Cleveland,Other
iVvK78ETaEnIZwnDZQV8Qw,West 3rd Deli,Cleveland,Sandwiches
ivtLwRZfMq9Hagk8nW-xzQ,Maha's Falafil,Cleveland,Mediterranean
5yLYMBJRHWRj2wlbjKFwQA,The Sweet Fix Bakery,Cleveland Heights,Other
5CqM8dr3d3LI_B-1_-5U7A,Cibreo Italian Kitchen,Cleveland,Italian
GVTL5nxjlhzdXJMy4-4HBA,Sun Sun Chinese Restaurant,Cleveland,Chinese
bTcA8cjGBgb_z4BMYvAq2w,Chocolate 76,Cleveland,Other
CKRfBUqQGaVCYTKN5kDrzw,Boston Market,Cleveland,Other
yZARNBEe1gTEV8UJuwIR2Q,Rally's Hamburgers,Cleveland,Fast Food
n_UkzLCAMCIqhUnu-iLQyw,Bricco,Cleveland,Italian
sARejHFyWLA93RgGwkhy5g,Burger King,Cleveland,Burgers
xVWLSFGNr4w4DYvYiafMPw,Holland BBQ,Cleveland,Barbeque
Z2zynjhj6umPoHwLVfyOkw,Don Tequila Mexican Restaurant,Cleveland,Mexican
cIoB6iinl48KDGCVwtCHoA,China Dragon Restaurant,Cleveland,Chinese
OyfXVKjDy7VviVWkUxkk1g,Insomnia Cookies,Cleveland,Other
h0vjMtXQl0NyLzgk_V5NkA,McBill Beverages,Cleveland,Other
ja7zjowr6ymsVglQXZZ6BA,Great Taste Chinese Restaurant,Cleveland,Chinese
guRFpV67mavRHcloCAR-ZA,Marko's Family Restaurant,Cleveland,Other
-Glmj_sxqCu0F3G62kFt1Q,Mazzone & Sons Bakery,Cleveland,Pizza
dhrv6GXy5otbzabXMXbOLg,Sunny Side Up,Cleveland,Other
W2JsaFFMClHsriR5gnmesA,The Orange Trük,Cleveland,Other
cuYl-tgIioYVp619BlmokA,Pho Ha Nam,Cleveland,Vietnamese
zjygAC4qLf91b3KOdHQT-w,La Cave du Vin,Cleveland,Other
g5XW5RiVhykjleeRrWlJ2g,Flying Cranes Cafe,Cleveland,Japanese
54ne9NBqgiWQAx0-RrOaFQ,Sterle's Country House,Cleveland,Other
nPyYW0YymDzs8fqMnyO1fg,Zoma Ethiopian Restaurant,Cleveland Heights,Vegetarian
4IdcT63iE5fNrVzayZtKEw,Valentino's Pizza,Cleveland,Pizza
RGq0qjn2ifmnRWTJ8bfOPw,Press Wine Bar,Cleveland,Other
LsVoVwJFhTksjm4jURC68g,LaBella Cupcakes,Cleveland,Other
PvyJ2gv3baPyqqmLoGLY-A,Dish Deli & Catering,Cleveland,Other
KIc9ByKdM1Vdok-kHb7XWA,Abbey Market Grocery,Cleveland,Other
z1OhXPMw8CVdfq3BBGkQNQ,Wendy's,Cleveland,Burgers
y8KBzM9iE9v8q0FeAPn0yQ,Woody's Bar & Grille,Cleveland,Other
pN3UbQ1n4WVli-kfFDfWug,Fabios Pizza,Cleveland,Pizza
uB6zt1CUBgAaSgKmtfwIzg,Mount Pleasant BBQ,Cleveland,Barbeque
dxD8j20MkodieZLc7fZRsA,Circle K,Cleveland,Fast Food
JoMHtnAfdBI78-u17mqw8Q,McDonald's,Cleveland,Fast Food
3gtlkstuZHZhC0h_qTLFJA,Mootown Creamery,Cleveland,Other
XhMfL-6lt-prYyC9Lp02gg,Best Wok Chinese,Cleveland,Chinese
WEs9MN1M6tixwEz844jCUw,Nunzio's Pizzeria,Cleveland,Pizza
ssyjN-SqT2O8jlC8IvrH-w,Corbo's Bakery,Cleveland,Other
fId--RMAhHZcJagMSD-aUw,Crop Kitchen,Cleveland,Sandwiches
YmWTejuNaIuABtkNZQV5JA,Arcadian Food & Drink,Cleveland,Seafood
YpfMt985ZQCNID-eehG-uQ,East End Restaurant & Bar,Cleveland,Other
ZvU3diVRI7LUG6YcwmIKjg,Ridgewood Inn,Cleveland,Other
nOwexc-fUenxAtJf8cNW-g,Walnut Wednesdays,Cleveland,Other
fjjDfZkChBWyCtbL7bvb2Q,Wexler's Tavern & Eatery,Cleveland,Burgers
tXJkGjBkGOZHWAcCmlzS6w,Valerio's Restaurant,Cleveland,Italian
uZZnIe0KJEpFlJlYedrQsg,Inchin's Bamboo Garden,Cleveland,Chinese
1v9TVINzMod7JfSQI7Aayw,Bombaychaat,Cleveland,Indian
iWLNyADtZsORV58bttRrBQ,Pizza 216,Cleveland,Fast Food
tNw9uqfIzl247SfiZ-JBLw,Alesci's Downtown,Cleveland,Italian
9FgYJqenmSxWdM4VH0Z6lg,Mod Meals,Cleveland,Other
dyiNt5ZTQQsLpX3Vt-hWng,Mi Casita Mexican Restaurant & Taqueria,Cleveland,Mexican
ZeN8xHEhsPS-amDyZSYJ9w,Ruth's Chris Steak House,Cleveland,Steakhouses
7kjQBf9FvS-wUXawx965QQ,P Jay's Pizza,Cleveland,Pizza
Lox6-6gfbRXgc4VMMwPb7g,Thirsty Parrot,Cleveland,Other
x39RAjfckW2buRTZ57rKDA,Charlie's Restaurant,Cleveland,Diners
Aw4HH_bjUL8L_EU61mgQHg,Tasty Pizza,Cleveland,Pizza
Zv2ZxnAZLswC3IXyiHhYeA,Lovellee's Pizzeria,Cleveland,Pizza
VHl_CX2rfWviSQdvrpmnyw,Tower Deli,Cleveland,Delis
SVCUA3QkgAvSxs84KMGOew,Pho & Rice,Cleveland Heights,Vietnamese
Uzkiz-IKgLZXdhHucfYZww,Rockefeller's,Cleveland Heights,Other
eQPmRBwVHCX3mx5ld03OFA,Michael's Bakery,Cleveland,Delis
0S_TTdArnW8BrO-Xsp7EwQ,Mel's Cafe,Cleveland,Diners
228mfqUuGbnCs1kiupJXZw,Map of Thailand,Cleveland,Thai
rQ9qBma0ol5N5O_sOZ-l8w,Goodman's Sandwich Inn,Cleveland,Delis
ss978X4omzcJjIeq6K-kag,Vero Pizza Napoletana,Cleveland Heights,Pizza
Pnv-BffVgfQmXb8y_DEWMQ,Latitude 41n,Cleveland,Diners
h0Wmyzb8q0bXbrqmWqVvfQ,Jackie Chen Dragon Tower Restaurant,Cleveland,Chinese
T4OTL7ZGe-UTrpWl3KwZOA,Market Avenue Wine Bar,Cleveland,Other
IHYqkS2xEZLBS5J9iez_lQ,Burger King,Cleveland,Burgers
7qM5o9edXqf0Qo54Y4ABEQ,5300 Boulevard,Cleveland,Other
NbjeMaUoYT_XUB8PWnwLkw,Pizza Pan,Cleveland,Pizza
0dcYp72pkePaWMA0vbytZA,Rite Aid,Cleveland,Other
tKWoQENTGxhYCJSbY4ZLsQ,Uppercrust Pizza Chicken Meatballs,Cleveland,Pizza
1YGQsn4AHPbcVsRmHqbeqQ,B Spot - Horseshoe Casino,Cleveland,Burgers
LnYkQ2Hjm-klqYJVgZ1cEQ,Sakura,Cleveland,Chinese
0youcKV6-eE3F2MQj1l6Fw,100th Bomb Group,Cleveland,Sandwiches
gUR2pWQKLPgMEm_R_aI_aw,Shooters On The Water,Cleveland,Seafood
i40pCeg6QG5CsAvP0Vp0Xg,Bistro On Lincoln Park,Cleveland,Other
ib8kSuDsmqLpbXuIs4KfKw,Kim's Wings,Cleveland,Barbeque
GEkDYesNiLzMA4Ib0velBg,Potbelly Sandwich Shop,Cleveland,Italian
gNER9lE1Ma9FLm9MBsvYgg,Market Garden Brewery,Cleveland,Other
wJgLNCFtLESBavqa6m9ZIw,Heights Soulfood & Grille,Cleveland Heights,Other
sYo2QHxXMnO1IfALy21tIg,Pure DeLite Strongsville,Cleveland,Other
evNdyHPR1B8E1aIoUAsGrQ,Chipotle Mexican Grill,Cleveland,Mexican
q7qqx3odlp7Pbjo96l-1RA,Sages Cafe,Cleveland,Other
7d3tmP0XIFdjdqQ6hBRA4Q,IL Bacio,Cleveland,Italian
pjX6mJ6AmfWwUOnTnkEmJg,Rudy's Pub,Cleveland,Other
NfxKtgcWURAbI5yNzlzcnw,Chill Pop Shop,Cleveland,Other
EtMPZAC63gcPSVj8N-dicg,Passenger's Cafe,Cleveland,Other
sRqlwSng2nHqTZuggX__Mw,Wilbert's Food & Music,Cleveland,Other
IoXcQkLpEaiv6S7ITelLWg,Ushabu,Cleveland,Japanese
F2pfjAZ_3dMTGCKv6c5wOw,Momocho,Cleveland,Mexican
EtLmuDIMsBCmqdgpysz60Q,La Strada,Cleveland,Italian
KNVMahZH_7xDDjZz-K6lwg,Wine & Design,Cleveland,Other
Xny0n0s98TpP82sQxfgIMQ,Sokolowski's University Inn,Cleveland,Other
g51yqmKl_NzTy_eTpiz_zg,PrestoFresh Grocery Delivery,Cleveland Heights,Other
8pftLQ9OT2VKbco_lf7vbQ,Ledger Bar,Cleveland,Other
PPCuGwbGA7HlhsGh8dbBsA,Taj India Palace,Cleveland,Indian
bupMXFUaZfranBLdaVcRww,Ginko,Cleveland,Japanese
bwzeFaJmhdZIOwVr-LXifQ,Al Manar Buffet,Cleveland,Middle Eastern
5mJlO3oCw_4vvbq1qM6OEg,La Bodega,Cleveland,Sandwiches
nJrFxROYx9sis3acKkhzgA,Lolita,Cleveland,Other
-V-fpvR47iZJ5jq8Eit7ng,Murray Hill Market,Cleveland,Delis
RPxDu0iYWUbg-3v7zzxyCg,Verve Restaurant,Cleveland,Other
vDPRMZPe6lfy0MAcycvQUw,Fifth Wheel Restaurant,Cleveland,Other
TIhj44mic9wxLcv18BJTLA,BRGR 9,Cleveland,Other
ryG0kC_7fmBMrl-g2NFa2A,Annie & Earl's,Cleveland,Other
J4jxIxv_vgmWHCajos_B8w,Taza A Lebanese Grill,Cleveland,Middle Eastern
zC86_-fg-tQk7x565a96AQ,The Cleveland Brewery,Cleveland,Other
Qeie5-8-S_hLPk7_ujpajw,The Nauti Mermaid,Cleveland,Seafood
OD2dbQTKN7FS01fHzZqqzA,The Bourbon Street Barrel Room,Cleveland,Seafood
oWHZtv98YyKvSennjtBuAA,Pour Cleveland,Cleveland,Other
DG2bc26AWHUaPedrcQUNqg,Angie's Soul Cafe II,Cleveland,Other
s7SaLKwhfRXZqYY6NClLew,Market at Flying Fig,Cleveland,Sandwiches
-F0B5F1YLx7093otwgboxw,Wild Eagle Saloon,Cleveland,Other
JezHN-9KKLTMbojq00VP0g,Le Petit Triangle Café,Cleveland,French
CzcfYhCbzPoVEgVZfOgw8A,The Boiler 65,Cleveland,Seafood
ln-9sGJL8hVjSDwDcwEXWw,UFood Grill,Cleveland,Sandwiches
WvGHNuPHebXae2sDbDjuhA,Mr. Hero,Cleveland,Fast Food
8U8B2E4F7u53fkfpqkCIWw,Taco Bell,Cleveland,Fast Food
1FbPiw_tWdyjrUcJa41Zvg,Goodfellers,Cleveland,Burgers
AghcEVxuULED2z8ibLKTww,MoCa,Cleveland,Other
hiIc3UeDYlWsoT8D3FsczQ,The Monkey Bar and Grill,Cleveland,Other
gWz6E7v0i403_t8Ntor5JQ,Santorini Greek Taverna,Cleveland,Mediterranean
n8VWmSVq9-oaDSUOIaxSfQ,Raddell's Sausage Shop,Cleveland,Other
CvP516pjOdcJJkaMjl8rPw,China Kitchen II,Cleveland,Chinese
wzj2cMpiDJW0HB3iCvCOYA,The Jolly Scholar,Cleveland,Other
vkQEjuWcGKhibYjQlPaaKg,Mt Pleasant Bar-B-Q,Cleveland,Barbeque
K6I_546GX7wxvI4CVZDrRQ,Taco Bell,Cleveland,Mexican
rxaxR6lJTYKabKCEN_oa9g,Good To Go,Cleveland,Delis
cFDpY9Y-s2yNnsqNk__xqQ,Chick-fil-A,Cleveland,Fast Food
I6Cjm4e5bg8ywf-FTQ6IZw,Hudson News,Cleveland,Other
IYpaW7h8aPYKIK84_ZKMIg,Puente Viejo,Cleveland,Mexican
OiCcesI28uoVgdYmO8VjXw,Big Boy Restaurant,Cleveland,Burgers
IJlEACzNH-i_6Ovppj1KSQ,The Plum Cafe & Kitchen,Cleveland,Other
7FFlMoNoIW5W3KgCYqknmQ,Cleveland Airport Marriott,Cleveland,Other
nZnebnuZDiBJxEMDxcDF-w,Winners Sports Bar & Grill,Cleveland,Burgers
IJPwpdT31IxaKSHEIIZJNQ,The Seafood Place Plus,Cleveland Heights,Seafood
uzsMilozioxCenzyXbVMmw,The Rib Cage Smokehouse and Bar,Cleveland Heights,Barbeque
k-XN0KuOWPU5xZlfXOVSlA,Ninja City Kitchen and Bar,Cleveland,Japanese
HbpEevlotptlh1omZ4qDHg,BanJoe's Cafe,Cleveland,Other
4Ro6AiYhiinh6hly2Pbdfw,Best Steak N Gyro House,Cleveland,Other
tnvy8Xt_pRGIpWzcOJf9-g,Omar's Seafood & Grill,Cleveland,Seafood
oHeiAs-mnDJU1_4BD8_5Dg,Señor Tequila Mexican Grill & Cantina,Cleveland,Mexican
mbk0WvEjeVXUEckUq5D1BQ,Greek Express,Cleveland,Greek
GJeequm4jhS8ei1b7-Q33A,Domino's Pizza,Cleveland,Pizza
heYR5Dy_8oplmEAfMkhcIg,Krispy Kreme,Cleveland,Other
gJQ6EBQ4RlLY84bElYkooA,Airspace Lounge,Cleveland,Other
cUAulV1C6H-eCNdgXTC_5w,A Cookie & A Cupcake Boutique,Cleveland,Other
G70k8VCOe9CJUIapSYZRcQ,Applebee's,Cleveland,Burgers
t9zdTrf38kkE7XTmkrsMyQ,Nexus Café & Coffeehouse,Cleveland,Other
Aob9kNExpqUX5zD5culM9A,Eat At Joe's,Cleveland,Other
ROh9T1DcAfb4CODX5keoWg,Jasmine's Bakery & Store,Cleveland,Other
Cg7LzEnDacKMrNaezjRGsA,Steve's Family Restaurant,Cleveland,Diners
z82CyKgRSX2KyUWgphygtg,Gabe's Family Restaurant,Cleveland,Other
ZSnAyj829ZcaGGxs-6sArA,Luchita's Mexican Restaurant,Cleveland,Mexican
K6fYrrTorlpXmqutRcrHzg,Tremont Taphouse,Cleveland,Other
C68LYoOSiitXTczAFXjdiQ,Maha's Cafe,Cleveland,Middle Eastern
Gj8ANgQ6FcWdhrpEwUsxqQ,El Taino,Cleveland,Mexican
dqzdumTXqMvoB7SVXos-Qg,Hodge Podge Truck,Cleveland,Other
J5tGb5yI9-bMEohZrtf0SQ,Carmino's Pizza,Cleveland,Pizza
t7b_86s_Q__P35H9NXedhw,Gyro World,Cleveland,Greek
U-wZPV97TC3cAmIPyupwXA,Victoria's Deli & Restaurant,Cleveland,Delis
h0eR5-U7hWtkKeYbqJIqPA,Luchita's Express,Cleveland,Mexican
l_MAsRrpzf2sXPykr9DyxQ,Capri Pizza,Cleveland,Pizza
kf5vUoZTGedgydqce2e08g,Fat Fish Blue,Cleveland,Seafood
OZhRvcJ8WjnvRaRQVirD6w,China Star,Cleveland,Chinese
MAXMZMUEprc7rUMeoXrarw,Daily Press,Cleveland,Other
83rwReeaAul486BuYhJ0Dw,Forest City Brewery,Cleveland,Other
123cbSJgE-BzNCzXV_7r0g,North Coast Cafe,Cleveland,Other
GQRql4WEd_tdMXJDzb7WIA,McNultys Bier Markt,Cleveland,Other
_vDoNSl0w_v-dEkj8EorwA,Athens Pizzeria,Cleveland,Pizza
_Y13P59dGTpV7b8xKktLeQ,Sakura Japanese Cuisine,Cleveland,Japanese
IsM5JWNuN5dySu6f1vX1nA,Pizza Hut,Cleveland,Pizza
pGjtxXBq4tZcdKdgTU-Tww,Little Hong Kong,Cleveland,Chinese
wbGOeoSttZguRXldqaiBVA,Zanzibar Soul Fusion,Cleveland,Other
956ZfpypyxLLkRmlaHWGkA,Double Dragon Buffet,Cleveland,Chinese
xMdOtKnwd-hW6BkU-7LYyg,Landmark Restaurant,Cleveland,Other
sX-7qfeKaN9wRr2eD0UmGg,Penn Station,Cleveland,Sandwiches
n3oWQ7FNmzzKGGZGAW1mIg,Capo Steaks,East Cleveland,Other
qwkzD5_OjQ2eYv0EIKxV_g,Fu Sheng,Cleveland,Chinese
mtpeEJ4mhs3DUninFgEE0Q,Lush Hookah Lounge,Cleveland,Other
LnkkArYSmU9pYRWOO6oPzw,Yours Truly Restaurants,Cleveland,Diners
FenZddarZtsEUACrJlUpOQ,Speedway,Cleveland,Other
zgyiBz-vZg09wx9z3RQHWg,Discount Drug Mart,Cleveland,Other
QQqI1z1FohJGSLV0qKvOjQ,Tree Country Bistro,Cleveland Heights,Korean
MmHg20VupqMSQXL0jLNFmg,Cedarland At the Clinic,Cleveland,Middle Eastern
VVjevjhveDcoRW-O1uT3Vw,La Gelateria,Cleveland,Other
hXWUEd7I7tmbXdQsfYY5tA,Lakshmi Plaza,Cleveland,Other
EoHYfqfIIRhDuI1h5YWagw,David's At Marriot Key Center,Cleveland,Other
ajCLNse9PXoZniKna0S69Q,Don Ramon,Cleveland,Mexican
gnYF5wj2-g3MT7AM5BIlTg,Cold Stone Creamery,Cleveland,Other
r2BP0Irh63hqYUDSZd0ijQ,Stancato's Italian Restaurant,Cleveland,Italian
lVAnRardgNKapBd-lyduHw,Gas USA,Cleveland,Other
ygpvIw60wGri7cr3CA9Ipw,Jerusalem Grill,Cleveland,Middle Eastern
bJtlSfdr8KPCSsOr9PvGjw,Gina's Place,Cleveland,Diners
8ZIw1dhLwPc1XGquN6i-eg,Old City Libations,Cleveland,Other
7toYPf5ZAjCkEuwaMPtDwQ,Wah Fu Chinese Restaurant,Cleveland,Chinese
kyp6dmpiexaEhTBg7YpsSQ,Angela's Family Restaurant,Cleveland,Diners
UbmWUWX_Or7u_w0hGfHUbQ,Muncheez,Cleveland,Seafood
9p-oDNOVSG38rRN-15MviQ,Korea House,Cleveland,Korean
uNsMn44UOp58l62_Jj8bmQ,Fresh Catch Seafood,Cleveland,Seafood
CRSr30-6ZZnT29gV13_eqw,Terrace Club At Progressive Field,Cleveland,Other
l6M8lNhCPV4ILEG_q0QC5A,Walmart Supercenter,Cleveland,Other
wlUiXdH1Cfj4do5kNxrOtw,Hunan of Lyndhurst,Cleveland,Chinese
GzHhdq5fZbFLhbWRYMCDcw,David's Deli,Cleveland,Delis
en2o4Y4kdDHIDc5P82EXBw,Simply Greek,Cleveland,Burgers
WAzIjBcsRIY7HKhTMxVeow,Black Dog Kitchen & Bar,Cleveland,Other
oxx6LBeBMr3xLkj3jq6rFw,Tabu Coffee Company,Cleveland,Other
HUTDbniG4URIGfkP8e_cfA,Quaker Steak & Lube,Cleveland,Burgers
RKtbtlOEpBdT-i5vqeIMsw,Dave's Cosmic Subs,Cleveland Heights,Sandwiches
3z6gQVDbWuykm-a8R1YyJg,Captain Tony's Pizza,Cleveland,Pizza
wSFFityW7V-UCbTjtiRfDA,Kim's Oriental Food,Cleveland,Other
QsnPC0c7-97fDgQAGts-sg,Aldi,Cleveland,Other
dcT4gXG-lY7xlaU_YPaZTw,Cafe 55,Cleveland,Other
5VXxZIMgoKRWbNa6x9kMfw,Sweet Moses,Cleveland,Other
YtmTXI4mH3Nj4Cal0uAl4Q,Dave's Supermarket,Cleveland,Other
ZUkF0syMMAF1rRiLK-J-Dg,Mashawi Darna,Cleveland,Mediterranean
tiuz3qDtCUV-BfV-AQSJ2A,Lviv International Food Store,Cleveland,Other
MTQot6uazWb2SV3WABa20Q,Lincoln Tap House,Cleveland,Other
MHxce6ztMkbYHR8z3Z1q3g,Jack's Deli & Restaurant,Cleveland,Delis
xjQigsaN4wLSaZhqHsMiQA,West 6th Grill,Cleveland,Middle Eastern
Hy_UuNOaOgpoBDo-d-kcbw,Gabe's Deli,Cleveland,Delis
soQEl35sQuARBOlH1Y6MaQ,Teresa's Pizza,Cleveland,Pizza
63ieHAevJ5szVnClT8FzGQ,Phoenix Coffee Bar,Cleveland,Other
Xcgtw8YvHof1bN3v8Y3rMw,Baker Candies Inc,Cleveland,Other
KS1WE7wFQRaq3HncVjN8Vg,Kaufmann Poultry,Cleveland,Other
Jbl6p9CVkfCB8fWYFd2-Qw,Club Isabella,Cleveland,Diners
ttRnQ4PYIuR_ptgaTT2g_A,Athens Pizzeria,Cleveland,Italian
N5w41qCOYCxhmMX5C2XgUg,Cleveland Deli and Beverage,Cleveland,Diners
SP7H3zPArNvbHKQW0c_gpA,High Thai'd,Cleveland Heights,Thai
taZtZfRU6AG-Q5T0CIS46Q,Nick's Diner,Cleveland,Diners
e8a36rGWT7tnst1yChUukw,Blitz BBQ,Cleveland,Barbeque
9IJ-TE4HEcAJQkUtc1A_Vw,Parallax Restaurant and Lounge,Cleveland,Other
Lx2iogriI7219WkgKgliAQ,Noble Beast Brewing,Cleveland,Other
BgGzWcWPwJ7pN5Bm78BuuA,On the Rise Artisan Breads,Cleveland Heights,Sandwiches
VodyCVoc3QUoEsi0rv0opg,Mike & Dee's Diner,Cleveland,Diners
aPnAEP8WzjJkxyAJ59GS8Q,Indies,Cleveland,Indian
OyhCNhJJuJjUt2avxI5POg,Chocolate Bar,Cleveland,Other
112pGcb0ZB666d_IwFt4jA,Chutney Rolls,Cleveland,Indian
A4GjSb9NhUKGUoyyGHNwYQ,Don G's Pizzeria,Cleveland,Pizza
aPhxmyXOBKtxdv47EYkcHQ,Sub City,Cleveland,Sandwiches
wsgWLUX6ZVBEBQglZRVt2w,Linda's Superette,Cleveland,Other
LmwJ2QDLaxEjbvKZ2TXZgg,Zog Dogs,Cleveland,Other
Rjq4R_AsDNC8E52FPdZ28g,Pacer's Rib House,Cleveland,Other
0ZPuFZMMYfRa3FRfjddCDA,The Spread Buffet,Cleveland,Other
SJZjFHUvMfsqRasl0lp7XA,Barle Soup & Sandwich,Cleveland Heights,Sandwiches
bgNmUYcraelf27TviWEMGA,Inn On Coventry,Cleveland,Diners
D6KoYvnmWswZJjdGm0uiqA,Girves Brown Derby,Cleveland,Steakhouses
Ur4eYOFq4qVLHkZJNmcqfQ,Prosperity Social Club,Cleveland,Other
aV-f_elvNoDG-yC6XJ5NKg,Gypsy Beans and Baking Company,Cleveland,Sandwiches
nWW6fBfBljiRFa4sG7TyxA,The Black Pig,Cleveland,French
CuIPocteo1F3LEn1OqUoHg,China Jade,Cleveland,Chinese
T6kI7rb2pAlla1UZkVFuwA,Penzeys Spices,Cleveland,Other
51kUjAGZLtDl1K3XV_UXxQ,Tropical Smoothie Cafe,Cleveland,Other
5bonqFfEp6nQ7SgBPzN4Lw,Cool Beanz,Cleveland,Other
Ur4WVTUfMrTMW-yVsREEvA,Ticket To Tokyo,Cleveland,Japanese
WYhmqVAWZEK6Xz8O1kMSHw,RJ Boland's,Cleveland,Other
Nkb9_PKgnVYZe8W1y_fBRg,Dante Next Door,Cleveland,Italian
wrV2yRrSAoVeXpvR7n-czA,China One,Cleveland,Chinese
Svs-B-a5-13D2dGTKxLsyw,Mr Chicken,Cleveland,Fast Food
3r_y_cjRlobJNApmXDJoRg,Phnom Penh,Cleveland,Thai
LNsZJP6jZ11e0tDljOLPiQ,Townhall,Cleveland,Sandwiches
LtDYRcMJbJPhXPEklT29Fw,EDWINS Leadership and Restaurant Institute,Cleveland,French
v5MjMhbdEn2fSCtvmXdgZQ,Betty's Bomb Ass Burgers,Cleveland,Burgers
S1I7r5YvxcrTASv_t7cxAA,Radisson Hotel Cleveland-Gateway,Cleveland,Other
Kr1ANk9o4NrLu87xoWB80A,The Parma Tavern,Cleveland,Other
09KSeRIpzGeAqsJCXZ4d4g,Phoenix Coffee,Cleveland,Other
ujHyL38EI-OxAyN4_En3wA,Lake Erie Creamery,Cleveland,Other
PBSnhhjJ9X2uMRgx4QhTcw,Sirius Pizza,Cleveland,Pizza
EjBZKPyq_G9WMO01N8DnDw,Winking Lizard Tavern,Cleveland,Burgers
HmF1uRRxucvELiPWXXsZPw,Helio Terra Vegan Cafe,Cleveland,Vegan
G1Vl_TGAjKKFtVJhM0-uxw,Bar One,Cleveland,Other
QgrxN-PyUWaIab41-RrTwg,Au Bon Pain,Cleveland,Fast Food
qsDxZtF-tauBMHl_NZYssw,The Crystal Keg Bar & Grill,Cleveland,Other
CF2abR1isMzLfRPzjTvIkg,Ali Baba Restaurant,Cleveland,Vegetarian
k1VQF6auj3RQT-QjMWtrEw,Artefino Art Gallery & Cafe,Cleveland,Other
9LAXz_VfATZ0kLdaavkN4g,Bakersfield,Cleveland,Mexican
xHIu3f3jKEhAT8gf3mfZeA,Memphis Bakery of Old Brooklyn,Cleveland,Other
J5kUNCioqtgNCursxMMJaw,Stadium 3 Bar & Grille,Cleveland,Other
yBHltbm3DqNaKgBgTMpxsA,Happy Buddha Cafe,Cleveland,Chinese
Aveg0GSyXhU8tTlH5Ior-A,Parker's Downtown,Cleveland,Other
BMXeJPcosAxfLU-6baO_0Q,Pedros Pedros,Cleveland,Mexican
KOMknt4PUJcxvY98cQON1w,Famous Gyro George,Cleveland,Other
wOKcWLyN1DhSEl3Y1eG5nQ,Flying Fig,Cleveland,Vegetarian
sOXRk5TkFrz3pKzUYF1EEw,Papa John's Pizza,Cleveland,Pizza
ris62LHWvRJt5j9FhHU03Q,Rally's,Cleveland,Burgers
SYOzI_Ooe-rXI3ZqCybwSQ,The Diner On Clifton,Cleveland,Diners
tCVma1LcSnLWBRqJoTom5g,Napoleon's Pizza,Cleveland,Pizza
veXxt8rGY_RJPpA5QkHT9Q,Barrio,Cleveland Heights,Mexican
haGstZfcH0IeRPncH2oFPQ,Cha Spirits & Pizza Kitchen,Cleveland,Pizza
s9CG5XGXJQpP03iYFIHeLA,Pura Vida,Cleveland,Other
sfd19Wo_7g2TwaoJmA9B8A,Hunan Coventry,Cleveland Heights,Chinese
2GoA-3SG9SnDmPi2MnxhaA,Fosters Meats,Cleveland,Other
DhD1sFqgtjg1rsIWuIeTng,Palookaville Chili,Cleveland,Other
vvyr4r16lx5hjHJpaFJ8kw,Kicker's Pizza & More,Cleveland,Pizza
1LbvFwxbLepIpDasI-Pshg,Subway,Cleveland,Fast Food
dN0GBmRHgxFPCWtejNkKbw,Hansol,Cleveland,Korean
AdhoiyQD1sELIJNNE3npDQ,Kantina,Cleveland,Other
THc8RsAa8_ohIR21NCnLog,Take 5,Cleveland,Other
4HVGgGI5rKvUJcaIV7ub7Q,Gionino's Pizzeria,Cleveland,Pizza
DcdHd6FxqozvZhKdJ6e-vA,Sammy's at PlayhouseSquare,Cleveland,Other
JCdEeoMxmY-kBgIrjbvwRw,Panini's Warehouse District,Cleveland,Pizza
3tPemruVItQW12O3tYnsxg,Bylo Gyro Bob's,Cleveland,Sandwiches
CiGefVc9Uc-4H_aNgOMWhQ,Sakkio Japan,Cleveland,Japanese
pTkmsIie9OzCLRIgyh8knQ,Phat Daddy's Kitchen,Cleveland,Sandwiches
pUSXdML1e4ThKmiqa1Wvmw,The Tavern Company,Cleveland Heights,Other
XHUGoHv5mP1zsgloxI-Oig,Nova Bar & Grill,Cleveland,Other
7W_PUqiBmoe2PVFGQ1ZBOg,Bruno's Ristorante,Cleveland,Italian
CgR2SBlU9bRey0vedrsvvQ,Dunkin Donuts & Baskin Robbins,Cleveland,Other
cX2Nr_XmGYlMaBW35M0sUg,Mabel's BBQ,Cleveland,Barbeque
Occo0_pOXAUG-eL6gazeGQ,Applebee's,Cleveland,Burgers
ZWq8Fq13JPDAqt7rPjSwcQ,Cork-N-Bottle,Cleveland,Other
KvAPV3E0RsV4rfQ-gN1TUw,Famous Gyro George,Cleveland,Greek
GDOAg680Gmi6S1MlhU7B1g,Taco Bell,Cleveland,Fast Food
w1rHHt72BON3K_C4caDDXw,Pupuseria Katarina,Cleveland,Other
APPZiUz_CEvR_--qY-tbig,Pacific East Japanese Restaurant,Cleveland Heights,Japanese
-QjnuSMIAJhcwOc-8BqalA,Melt University,Cleveland,Sandwiches
ghWZ2gBeCbrWOns68afDJw,United Dairy Farmers,Cleveland,Other
txVbZR1mAB6GL8G4Sx4KHA,West Side Slices,Cleveland,Burgers
v2UYBFxtaB14OnoKQOuwjA,Gigi's On Fairmount,Cleveland Heights,Other
5DJPRY-DT_VM5PHLYZ94dQ,Sunshine Burrito Bowl,Cleveland,Other
HIvLwkEYuGRtI17H2x7RuQ,Bold Food & Drink,Cleveland,Other
iyeanZgAkpCSL4eHoqdhnw,Music Box Supper Club,Cleveland,Other
PIDtIPKa4Fmd6eMEi7B2jA,McDonald's,Cleveland,Burgers
ogmjK0R0K9vpPTfhNKrXzg,Rising Star Coffee Roasters,Cleveland,Other
s1FNMwBVBmC7mLfYy77e8g,Spice Kitchen + Bar,Cleveland,Other
yBsM_aIocvzLYIOSP5knjQ,Working Class Brewery,Cleveland,Other
IPrtHNKwLERUKvYJGDOHtg,Lemon Grass,Cleveland,Thai
osfBW9AMuOqX3aDsA6Rzmg,Elements Bistro,Cleveland,Other
dWwvaWgnfKQ8dFHTSgi_2A,Stone Oven Bakery Cafe,Cleveland,Other
sYMAijY2oRrd71KRHKoIDA,Pizza House,Cleveland,Pizza
UT7I809RZYVsRzUUsCDTbQ,Mixed Greens,Cleveland,Sandwiches
r9QETdzuTTQpn-_exlL6jw,Mr Hero,Cleveland,Fast Food
6Hk_TsxZQ5DCF5SYQMYffA,Weber's Health Foods,Cleveland,Other
AfDAhPqfOD9vnhKomSqAMQ,Juice Garden,Cleveland,Other
ks8XsTMTungCk-HUtZleYg,Water Garden Cafe,Cleveland,Vegetarian
IjyNFVZPLVej9de31KGTxA,Godmother's Pizza & Subs,Cleveland,Pizza
tnd0GWjSEntWbG6wpLu61g,Cuisine of India,Cleveland,Indian
f0ELDvCsvHaWwxGodOd8Sw,Inca Tea,Cleveland,Other
FeigEbRVs3d_WoMVUhIT7g,Crop Sticks,Cleveland,Chinese
3RnhYptW01qZ6rdPngojAA,A Cafe,Cleveland,Other
X6chSU0KBGHGNxZ8UH_qag,Kenko Sushi & Teriyaki,Cleveland,Japanese
Gh2kkOnzieYqe5cVLtl7MA,Tabletop Board Game Cafe,Cleveland,Other
628tNYMR-o_e7SGjatZ8kw,Denny's,Cleveland,Diners
tjqK6lgvoIbRkQ7QuKRAFQ,The Loop,Cleveland,Other
RbrZJEf8TlnP7RHaKnCtIQ,Piccadilly Artisan Yogurt,Cleveland Heights,Other
RCE44XuZ4KhEgD46RNEQXQ,Dunkin' Donuts,Cleveland,Other
RFxiH1C6NcDBOurFfs2UVg,Steve's Doghouse,Cleveland,Diners
BsvCTCVG7lrzXZ68VyyIcg,Lago East Bank,Cleveland,Italian
n0NH0FW8NU3zfeJY3QluMQ,Flannery's Pub,Cleveland,Other
RadvHxEGJLdp9IvNWzv30g,Sweet! Mobile Cupcakery,Cleveland,Other
Sc2_TGgW-qBj1nkkxBkeQQ,Fergie's,Cleveland,Greek
Ajwbbo3y6VL_xtyr2sC9mA,Piccadilly Artisan Yogurt,Cleveland,Other
bCWB4Lirn--Z8DkMCagoaw,Speakeasy,Cleveland,Other
kyphxFtMIC6w7ktg-fwxWA,Panera Bread,Cleveland,Sandwiches
2nn6Sx5EFpzFbsy5cJYHUg,Merwin's Wharf,Cleveland,Other
Rd79PR6gCBOCKuKdBsAfmQ,Vince's Meats,Cleveland,Other
bnYSXSMa09CSL2509gtSiw,Kernels by Chrissie,Cleveland,Other
Y1x-DOdfvlIGxVzDXmd-eg,Winking Lizard Tavern,Cleveland,Other
_6Brh4UGrsnakkBKT1H_Qw,Beerhead Bar & Eatery,Cleveland,Sandwiches
ORRq2RMOCBUNjolyJl8-Lw,Juji's Cafe,Cleveland,Delis
7xfeQhen2wLnvFuQNvmTAg,Tandul,Cleveland,Indian
B7pLK62P0rRxz25HV4RXFA,Victory Alley,Cleveland,Burgers
Dt-ygvMchiw0wrWpocGOeg,Byte Cafe,Cleveland,Sandwiches
7xmuQuhpzBlkkSbWePFeVQ,Orale! Kitchen,Cleveland,Mexican
CZ1NjI_Kyg_V3ol3se2fQg,Starbucks,Cleveland,Other
jQe-ZROYfR7dTgUhAtjvrQ,Angie's Soul Cafe,Cleveland,Other
wftmt-n8OUA4Ng3bWWH5dw,Wonton Gourmet & BBQ,Cleveland,Chinese
a58P2BPCCbQgDMbEoLfWzg,Emperor's Palace,Cleveland,Chinese
TXcVQfX4J0NqKRqgDBgWOA,Marco's Pizza,Cleveland,Pizza
r_TKhukd3QwMVxeFqQ8F1Q,Penn Station,Cleveland,Sandwiches
bLOC0oR_n2k8qMTdnQ9OmQ,Chef's Ingredient Outlet,Cleveland,Other
B0qB9pWaYOFx_iv_KNSLbw,Irie Jamaican Kitchen,Cleveland,Other
1Mf0UInsuxMNfJjzy0rTBQ,Denny's,Cleveland,Diners
OdLYPceRdj07gC378sruMw,Taco Bell,Cleveland,Fast Food
6h5UmbIV4HPFj5bklXj75w,McDonald's,Cleveland,Burgers
uKCCJB-OkAtLBunNFDIrxw,Penn Station,Cleveland,Sandwiches
kXIJwryYY2xDHNnI7jz-WQ,Pho Thang Cafe,Cleveland,Vietnamese
jTverXPOjbLCWEhGYtBd7Q,A Tasty Affair,Cleveland,Other
LNYqgenmMJv3QgXm0wBGxw,Starbucks,Cleveland,Other
gJ4wkwiECJdAxSaupp_9kQ,Wok N Roll Food Truck,Cleveland,Other
svRAGD2eDu2kXiZuV5Qd5g,Souper Market,Cleveland,Other
PlmdHJS5tiFrIM65klmNNA,Panini's Bar & Grill,Cleveland,Other
3OCgpAos1gmS4rbWTIjmsQ,Liquid Planet,Cleveland,Sandwiches
LNtt_ftd8zOkmAnuQ2d1RQ,Dunkin Donuts & Baskin Robbins,Cleveland,Other
d9fHu9xEmCDs9ShFIWEMZw,Kifaya's Kitchen,Cleveland,Mediterranean
12wrYXh9NWCvMpLmnc0tFw,Eliot's Bar,Cleveland,Other
TsNYXmSJYjIq1WN8EfP0Aw,McDonald's,Cleveland,Fast Food
w1Dt_Dsbm40IgdVERLv5sQ,Jake's,Cleveland,Delis
x8vFYI2chMt1qNVjBe4Ibg,R & D Sausage,Cleveland,Other
Is38EZoAISS2XLc57LO8Uw,Edible Arrangements,Cleveland,Other
-1vulUmD1pYf0uvXBY1Fzg,Night Market Cleveland,Cleveland,Other
XBRCMc3rcvcRXrB3p-o9yA,Balaton Restaurant,Cleveland,Other
MjAuGkgPjNLyMrN74_0YbA,Johnny's Downtown,Cleveland,Seafood
meXjqyhTNLFmknY39y2sMg,Great Lakes Brewing Company,Cleveland,Other
LMam7VLCMJfa1EoUfAv61Q,Shark's Seafood & Deli,Cleveland,Seafood
zwXi28HGMAI5MyCOBdYtcg,Boca Loca Burrito Factory,Cleveland,Other
nbFAn60OmDt9reIRk8vilA,Turney China,Cleveland,Chinese
gtSW-xt-csn6XFMC-Dwoqw,The Stone Oven Bakery and Cafe,Cleveland,Other
5NXVAflW2KkXr09Yqq0WQQ,The Cookie Store,Cleveland,Other
LWJ5IjXJxC-h2Lrcg6TyGQ,Ohio City Ice Cream Co.,Cleveland,Other
Sou1ICmgZagITpCSZxMOHA,Marc's,Cleveland Heights,Other
hr0WzIJ1j7bp5SKgVBPBIQ,Laxmi Groceries & spices,Cleveland,Other
tef87haIHYdgG5GYMlQ6iQ,Dimitri's Family Restaurant,Cleveland,Other
1NenPFL_a_D_SSy5s4vP7g,India Grocer,Cleveland,Other
gIZgDLdt-PW1j7QjV6z2Lg,Hanabi Japanese Restaurant,Cleveland,Japanese
yh0mvFCjZuMKy562h2_d_A,Minh-Anh Vietnamese Restaurant,Cleveland,Vietnamese
th_1PEhLxrwzFJrBb9NyUQ,Irv's Sandwich Shop,Cleveland Heights,Sandwiches
p5uB6cp17euTJSG6AV3f4Q,Rose's Braai,Cleveland,Barbeque
lq-S8rP-advEFlshnCV3gQ,Burger King,Cleveland,Burgers
KIanJQ6ZouQRQeaim8gZHQ,Provenance,Cleveland,Other
fS1QBwuCUXVQ_K7LNnYvBg,Mi Pueblo,Cleveland,Mexican
fihcqcjpMWTSGiR_dWLOcw,Starbucks,Cleveland,Other
K3onlKzkO3LHPGIbvC3xbw,Koffie Cafe,Cleveland,Other
0FXAHiDs1Fkr3V_kK8b1SA,Cleats Club Seat Grille Old Brooklyn,Cleveland,Other
RstX9t42Bvag4pVDBDScdQ,Caribou Coffee,Cleveland,Other
_yKeTKNvXaBduAkRIS84Aw,Kafeteria,Cleveland,Pizza
-_DxZ8gKU50sfuZEu4ypKg,Saigon Restaurant and Bar,Cleveland,Thai
VSo34eZH-0u-CMyLpXD1qQ,Amy Joy Donuts,Cleveland,Other
ae_bWvkswYJZU4sOWOVVng,Bridgeport Cafe,Cleveland,Other
0Bg55OM_rzC_jdvIZRw_7A,Pincus Bakery,Cleveland,Other
W80o5A-ajAznRWO3E5J7EQ,Bill's Coffee Shop,Cleveland,Diners
ZcbGfZ0GYjvJp9xi5uE9KA,Pizza Whirl,Cleveland,Pizza
PNdjgI6mZYXKCTBKiVQMRg,Mark Pi's,Cleveland,Chinese
J-c9f_geQDMcNiZSjJDDYw,Mekong River Restaurant,Cleveland,Thai
8bnX7WyIZ_ZMoUNnkkFa_Q,Muse,Cleveland,Other
BDXod8xpyhjzePWDgdVhtA,Costco Wholesale,Cleveland,Other
VyqC3N2iBtR6PczQGafe5w,Diner On 55th,Cleveland,Diners
wSAGILK2CFbq5BVZ5D67-A,Adega,Cleveland,Mediterranean
DJr-kNyyTJpobrvjwaQZ4g,Valo,Cleveland,Other
g0APw_zhwwHoLjSlHEsTzw,Applebee's,Cleveland,Fast Food
par8VO9cAg-wAmRIlYlpgQ,East Coast Original Frozen Custard,Cleveland,Other
BUz4cv0BqwLA4Vrptp1OxQ,Sharpys Subs,Cleveland,Delis
0AuJAwPNQDJAlsmk0KtStA,216 Bistro,Cleveland,Other
3-PNVMyFBJEDAGghumsY5Q,Moko Coffee & Tea,Cleveland,Delis
hc009HrrwaVRjg0PTpy-_w,Zagara's Marketplace,Cleveland Heights,Other
4V2KN03EJMzaoOmLOy5UhQ,Barley House,Cleveland,Other
uN07PMXEg1RY5IoP90Eghw,Boiling Seafood Crawfish,Cleveland Heights,Seafood
gn3QZOWJqICxnSNdyM54hw,Bw-3,Cleveland,Other
YH11qUmwVmrMMK2nJGVo_A,The Canopy Mediterranean Grill,Cleveland,Mediterranean
ex-KFCUOxa9mWkbbVvuGQw,Maggie's Vegan Bakery,Cleveland,Vegan
WsU35CfVBFzIke3PqkH5eg,Kim's Wings,Cleveland,Other
sXY-t_J7fNteA9gWqWs9Qg,Jake's Lounge,Cleveland,Other
o_une30mUUXlFdcud-cqWw,Seoul Hot Pot,Cleveland,Korean
PipYLRCLVC55HIXllbQ-rg,Cafe Ah-Roma,Cleveland,Other
MzEzQLdcHcASsYVZ57UY8A,Waterstreet Grill,Cleveland,Other
uLUjru9JVkI_qmFHCxYwAQ,Papa Primoz,Cleveland,Pizza
2r9U0--QqAK0JjL8vxB7mA,West Park Station,Cleveland,Italian
GatUelEiMO2tShY16y6Zrg,Applebee's,Cleveland,Burgers
4gO38_nlrPCHqEcs_6-AAg,Roseangel,Cleveland,Mexican
vVlMA3fAXrf7pqpwBleE_w,Brick And Barrel,Cleveland,Other
ZL-4ejIO3DCgSsdRWwsX-A,Vincenza's Pizza & Pasta,Cleveland,Italian
0KufZ-0fcNdHmLGgk62ZMQ,Westown Grind Caffe,Cleveland,Sandwiches
C0i1vWllFvYjcqvbI66JKA,Marc's Stores,Cleveland,Other
AhQu7mLtmGlp8U2I-SV_jA,El Guero Mexican Grill,Cleveland,Mexican
LWk7Q5CTjpK-k_TfXdbApQ,Brasa Grill,Cleveland,Steakhouses
LaSI4hTI5EZ2DfcSvE0uWw,Stevenson's Bar & Grill,Cleveland,Burgers
A66bAQdNWYHzhe-_7tm4Dg,West Town Village Market,Cleveland,Other
XriJk1yVLlBd2rIhk0s_eA,Pacer's Bar & Grill,Cleveland,Barbeque
DPJMGfVPeSMBjAVKKKxiKw,The Blind Pig,Cleveland,Other
_B9UZ80XfyS7PcauINe_lA,Walgreens,Cleveland Heights,Other
4j6NUmLWCvYEcf31BdlQ1w,Critics Cafe,Cleveland,Sandwiches
JYVCQhZU4g-vXrISzUJFUA,Benny's Sports Cafe,Cleveland,Burgers
6ExIH5FoPyMRhtz4p-2K1g,Sushi Rock,Cleveland,Japanese
ldoNHXUnh62ZhHwbr7EBqA,Dante's Pizza,Cleveland,Sandwiches
XZUT68Q5ykgu_fgXfXPOFQ,Le Oui Oui,Cleveland,French
ZLanOvPw7BscWDo0yC8Ncg,Aladdin's Eatery,Cleveland,Middle Eastern
o5jKW_A2PInNvHYBj-sCyg,Bear Den Restaurant,Cleveland,Other
OXHqelJ5pLNxpleebStKkA,Mediterranean Market,Cleveland,Other
xiUVYCnW8pNL2uiMjETtQA,Johnny Hot Dog,Cleveland,Fast Food
lw3E5vaRVO87KEbDNhyfjQ,David's Grill & Bar,Cleveland,Sandwiches
2_l1ufFOkdjem7YyQgfWpA,The Club at Key Center,Cleveland,Other
Ub-RrbQWAV_JuVyYixynfg,Villa Fresh Italian Kitchen,Cleveland,Italian
rDPNbJW8XzDvO6lzmzFv5Q,Professor Market,Cleveland,Other
K_xtAppJIWWeO8pNzK22lA,Messina Pizza & Bakery,Cleveland,Pizza
L0NPyLfRL6eQnzday1KzJA,Grovewood Lounge & Grille,Cleveland,Burgers
Hew_aO1WsHAlRpaxXcbgqw,Rascal House Pizza,Cleveland,Pizza
g0MQNtwxfUBisDA7hMuLEA,806 Martini and Wine Bar,Cleveland,Other
tYNK4--H4WDaUBZ13salzA,Jimmy John's,Cleveland,Delis
QRSmjSpB6Yn5iNS6q88tNg,Ginza Sushi House,Cleveland,Steakhouses
0_3vFRwwoOxu6PF-N9gZdw,Dairy Queen,Cleveland,Fast Food
9gXWjHAhDpzy1x6khHehrw,Graffiti: A Social Kitchen,Cleveland,Other
evsr-Wq8ihHecBj1UGB7SA,Tremont Convenience Food Mart,Cleveland,Other
OnK_2xEmEmW0EunZnlZIag,E55 On the Lake,Cleveland,Sandwiches
Ld_O1Y-To09AhLubcsxwhQ,Warehouse Beverage Inc,Cleveland,Other
bprb8-OFeDNndWziTgjsOg,Famous Gyro George,Cleveland,Middle Eastern
_HW7sgUShin0aGouFMiUdA,Cedar Lee Pub & Grill,Cleveland,Burgers
lwLd3mQRtzywaf0ndkyOmQ,Marco's Pizza,Cleveland,Pizza
XS1Zx6GzjtKPKmhDuVw5Jg,Collision Bend Brewing Company,Cleveland,Other
FnE_WckfalB0tBlXj205-w,McDonald's,Cleveland,Burgers
SoCjdgcYyj05tSPWz6MUXg,Pupuseria La Bendicion,Cleveland,Other
096qNc7waeRlReivCm2lXw,Au Bon Pain,Cleveland,Other
CZzRtq0HQKwbBaJJi-Xpnw,China Cafe,Cleveland,Chinese
ISTwdmgIjeIPan4l-bGtOQ,The Sausage Shoppe,Cleveland,Other
7RrV91tE1lIbbbFRRQOl3A,Daves Supermarket,Cleveland,Other
nllz_CryvbKJg1MX8sh_Kg,Jack Sprat's Pizza,Cleveland,Pizza
_1vc7cJmMqpdK8YO0FYXhA,Metropolitan Market,Cleveland,Other
4juuUn_vuJLP4MMFJetXfw,Jazz 28,Cleveland,Other
IAbq5UuXX_hJbxTOB5suWQ,Vintage Tea & Coffee,Cleveland,Other
-nZwVZqlk_ET-dpTtvEqPw,Pizza Hut,Cleveland,Pizza
qzjMO-bLXirGU1Q4_8vJEg,Vicinato Pizza,Cleveland,Pizza
PMbOqZqr17lbwMD7kZYJnQ,Gordon Biersch,Cleveland,Other
Fy_FojwGrizFhLWoTPxFuQ,Michael's Diner,Cleveland,Diners
VkE9FAH4B9uyxfhUZ7-24Q,Chloe's Kitchen Diner,Cleveland,Diners
3XCW8Z56FFcHyEDa4nLHEw,Bert's Brooklyn Deli,Cleveland,Delis
UtyW9cHs9Z8vIEt8I9aIeA,City Tap,Cleveland,Other
hZLdSnk3cpp5R4tIxR9NzA,Rocket Fizz Soda Pop And Candy Shop,Cleveland,Other
km0bFbcjmggC-TfALhc75Q,Taste of Jamaica,Cleveland,Other
e7207sqC-pSn6GIf31ikhQ,West Side Market Café,Cleveland,Diners
riXr33UJRQXVMKJcNZPqqw,Wing Kee,Cleveland,Chinese
fJ7grcsEvEKPZbje_3CFYw,Lelolai Bakery & Cafe,Cleveland,Other
fhTTP5HRqOzmFw-31Qe7QA,Mario's Fish Bowl,Cleveland,Seafood
UDPkPyxczQwKa3hKTs0qWQ,Hanna Restaurant,Cleveland,Seafood
mTcPc9rE43XrG05RQOjnWw,Zanzibar Soul Fusion,Cleveland,Other
fZKECzeSUlr3kZL_2dzhrQ,Starbucks,Cleveland,Fast Food
pw5B6BKQ4dWPzKesqn01NA,Tony's Pizza,Cleveland,Pizza
Xs2MWO1-iNmX6Okf2UUUhQ,Pizza Hut,Cleveland,Italian
EJGv2la6CcZmEIpkE4hzyg,Iron City Cafe,Cleveland,Pizza
Zm_0BnYXdeNUBcYFerXVYQ,Kocian Meats & Marketplace,Cleveland,Delis
sfWFdhpwsThk4w9nDg1tTA,Best Steak & Gyros House,Cleveland,Other
xKw7zu8z28i3qv5vHPkEQQ,Amazing Wok,Cleveland,Chinese
0niwecRyUgSE_7LlgwIH0g,Goldhorn Brewery,Cleveland,Other
iWq6qeOnOS6CPmeDP9vyFQ,B Spot At the Q,Cleveland,Burgers
-9S_n0bktrfv3h3YIOPVfQ,IHOP,Cleveland Heights,Diners
9lDpO8fpgZKd18yskBM3Zw,Diamond Men's Club,Cleveland,Steakhouses
BXz2w3mlus0xqO_4nfA9lA,Tink Holl Food Market,Cleveland,Other
tUjyGFSN8wQqLgKp5Q0CUA,Trentina,Cleveland,Italian
XcQKsEUlh1W0R4iXbTA1Yg,Dervish Grill Tremont,Cleveland,Mediterranean
o10-_WmF3MF5uXwMWGg5VQ,Wendy's,Cleveland,Fast Food
-Mm4YqCDM5CqSDDh7HI6Zw,Crust,Cleveland,Pizza
EXIZwIxLoiPDJs-oKzgaKw,Steak 'n Shake,Cleveland,Burgers
jXo3-D3fCzaQzLE0NRZlZw,Angela-Mia Pizza,Cleveland,Pizza
EFxjlMxrfcWeO0KIZB-GTQ,La Boca,Cleveland,Other
kd4PwIjtWK2Lx0wUcovo5A,Marottas,Cleveland Heights,Pizza
rDegp5eG69OVtXo2380p4Q,Cafe Miami,Cleveland,Diners
GAxUBjzhiyPZl4Atk30MCQ,Metro Bar and Kitchen,Cleveland,Burgers
bo3z3-WUNblcRKRrWqeTAg,Starbucks,Cleveland,Other
TZ84r-ku5k6oUFOtS9-fAA,Penn Station East Coast Subs,Cleveland,Sandwiches
Scjd6eKQ2zWiecxQcbGXIg,Wingstop,Cleveland,Fast Food
-GQzMguGfB4jswo8jAO7CQ,Royal Donut,Cleveland,Other
ud4nmjsbj2-YZIfKeUj2Cg,Auntie Anne's,Cleveland,Other
Ni26IoQqRCy9iVeNV4vNFg,Frank's Falafel House,Cleveland,Mediterranean
RRfMUUgddw6uzXvqO1cPXg,Tommy's Family Restaurant,Cleveland,Other
r1woqo3WMAGpQ9ltNvGrZw,Ohio City Pasta,Cleveland,Other
Clg5A2zdiFE-4BDEbfDkew,Kelley's Pub,Cleveland,Other
IWx4Yx1h-ramDGBNqNQ4MQ,Jimmy John's,Cleveland,Sandwiches
4pc7356HgsRdDwkHf2BVhg,Vienna West,Cleveland,Sandwiches
Dfy8YhZdTrYHQPS3Fdt_LQ,Jigsaw Saloon,Cleveland,Other
gaX7uryTDU18sT5Az0pRxw,Country Style Jamaican Restaurant,Cleveland,Other
eGt0GhiFS0FPJNRGJkp0fw,Mr Hero,Cleveland,Delis
Lo_kU1f3Jd1qCQNrUVeo_w,Crêpes De Luxe,Cleveland,Other
jEoBsvxQ-_CYJLVlZ1vuKA,Villa Rosa Pizza & Restaurant,Cleveland,Pizza
CVR3kDHXzK1fd0RAqU1Efw,Phoenix Coffee Company,Cleveland Heights,Other
avMIOz0hpdcGyN59JTAOFQ,ALDI,Cleveland,Other
UDiMCb4LKowlozI5mhtO_A,Rivals Sports Grille,Cleveland,Other
_QL-D_zQ-RSdlsMZF3TLyg,Chipotle Mexican Grill,Cleveland Heights,Fast Food
oGnUASBpfhXLlJcdyv_2ig,Flame Urban Chicken Grill,Cleveland,Fast Food
nlrUUtIO0s0a6umCE55prA,Mulberry's,Cleveland,Pizza
_QySOnv3RBmL7GrbJ6beSw,Phnom Penh Restaurant,Cleveland,Vietnamese
VQGetWNN1f0dMWQ6ehDAVg,Morton's The Steakhouse,Cleveland,Steakhouses
-DU8jf5nA1_yaOqsKsLqmw,Tiffany's Pizza,Cleveland,Pizza
3qLTly2tgDgBMVKyoK8O3w,Souper Market,Cleveland,Vegetarian
LHT4AADPgWT0BM4tZKCz2Q,The Basketeria,Cleveland,Other
1ForN8iXqYZ_dZZcOkvVeA,P.J.'s Luncheonette,Cleveland,Diners
F2MJ61d9jDOiY9-Naa8I7Q,Frickaccio's,Cleveland,Pizza
cxq_iu2Zl5jm6qLGfff5eA,Amazing Wok II,Cleveland Heights,Chinese
4xnVH2jTVwrsO88q_jHWWw,pizzaBOGO,Cleveland,Pizza
dWShECwk4R1cQhzOzJXtIQ,Los Arcos Mexican Restaurant Bar and Grill,Cleveland,Mexican
goZV-PlwLJOB8s5O3GruxA,Bangkok Thai Cuisine,Cleveland,Thai
orrrhqRRUORIzUSxWTveKg,Presti's Bakery,Cleveland,Delis
l-Bmp9aU16eujG72-uGvNA,Stockyard Meats,Cleveland,Other
SGZAsdQAp0SjtMDjXWBPYw,Banana Blossom Thai Cuisine,Cleveland,Thai
-ay1ej_XQscOcUn8VWXO7A,Mr Hero Restaurants,Cleveland Heights,Fast Food
qGJZ1C3rUjqZ6LAtNMjQtw,Aladdin's Eatery,Cleveland,Vegetarian
5indH5UpallkkTNmXTMn7w,Popeyes Louisiana Kitchen,Cleveland,Fast Food
BR7lkLeaLCZtUBvCLnltww,Big Daddy's Cheesesteaks,Cleveland,Sandwiches
YiW3hYRpLKPhv99FkuZEbg,Nipa Hut Oriental Food Mart,Cleveland,Other
0S4mVrhhSfTsKRtBF_W_BQ,Tony's Southside Pizza,Cleveland,Pizza
wGKM32sRVy60i0LHVnHPDw,Wendy's,Cleveland,Fast Food
3vZ8ECJuiEZIuDv7OQ2NHw,McDonald's,Cleveland,Fast Food
QQLVFIx7vevEe0luzqPZQg,Damons Grill,Cleveland,Barbeque
_iZv63vOfUIlJoxhQtyUcg,Mr Hero,Cleveland,Sandwiches
Y-oPVMkxgEsve1sG2iDLXA,Citizen Pie,Cleveland,Pizza
udFcIcbWbxrO8uLF95WnQg,Cowell & Hubbard,Cleveland,French
QOmR4Z53kNbiDWRrVdN7ZA,That Place on Bellflower,Cleveland,Other
XJE_gq0I1Na0kkrGEgxq9A,Raving Med,Cleveland,Mediterranean
Mb4V2aPneclZZ8BfZUjWGA,Ken Stewart's East Bank,Cleveland,Seafood
J2T_kHY2Ioe1SdFgtZl4bA,Falafel Cafe,Cleveland,Mediterranean
yDRt1K6dLvrR_DZMubSJnQ,Garden Grill,Cleveland,Barbeque
3Wl58ou8llxY2UMRKwaICg,The Cleveland Bagel Co,Cleveland,Other
Vj-QgRXDpCm7vLBBSckx8g,Sammy's Grille,Cleveland,Diners
