user_id,account_age_days,total_reviews
om5ZiponkpRqUNa3pVPiRg,4731,2559
D-ydMTPGWXTVm4_jjp0k9g,2101,436
s8bVHRqx6cI8F8HGf3A_og,1475,32
YJLlvBPtvB8iJg8_WKxVzQ,1767,72
3lil3eH4skNVzI0y3vM72w,3244,208
aW2GmH0UZPvjpex1abJFvw,3769,63
7uEuP9iJEzCshvDKS7_n8w,2682,164
hRoTTa0uT_qLSLOaFJbP8g,1769,8
uXXc8Cv_71CUYJUMNX8wzA,1634,3
0cSk9KQ8vh9vhYyE0tgkvQ,2906,322
u53plO_OAFuXg81JqQ7gTw,1278,4
II7eBcZJRLwnFtuS6BtVRg,2249,211
AAad7NBwWz6cctsYGJ5JNA,1167,6
iNUH_vfvhzF7qxg9k0ofsQ,3112,8
aAe3zknnrbmsFax-DnfqEw,3441,119
vZMNPjs8K6ez-OLrFsjisw,1284,17
10sHU7STQqFpdMb0YErlsA,2432,97
EtFYEN0sbxkZOOt3DE7vWg,1249,340
4WZ-RUk5akPl5_4-tqqygw,2371,10
uVDJlnPJNx07_jDqI4jgYA,4152,555
3aBGR6pyzQM_646ZITODrA,3213,99
UyKVmpHUcsk_tjcspIWUow,2270,370
DGwncjO0h6WiBw5nsPDuZw,2755,4
RSAHZjr2yPZHZ-HhrgCrXQ,3684,160
8btjjkWbs_3PJxJnM0vGwg,2730,108
9i-JHoPnwlka_oVtslYOtA,2755,46
zW3PaTqR8fN-mnoYWk6Ymg,2321,170
22Y8hc4NYWPa2D6ffodddg,2351,507
_gpe_TTzOfZuKpIuzgArJA,2641,230
n6sxZHu9wmUVrJI6TDRiaA,1379,104
TjXqTqYOXAs8VKo_otj3lw,1095,210
U3JxaX3TySooO7JHndcnHQ,2671,51
vbzE5iqO5QNRVMUSoVzbiQ,2900,19
jq1OvVaYgpIwsLUZ_wWpXw,1875,24
igcnVpgAYC2EMP0sXZmuTQ,2990,245
3rySHX9WYEFOHp2ut85DWw,2825,19
vFhxrM_IYu7WBfI_2zFTRA,3444,59
kEEx6yEf81i9Wk5Ww1q6GA,3545,86
obchMlP16GFOlyCVp6Ruug,3426,127
xb9-sVUs7gDjDrnRNPSyag,2084,87
cUqU7UfSaamDg0L5TIJPRg,1447,199
pB0NlwWMqAsh_vkvDLqZXA,1595,18
et2aBoZ50-LFuTPLc7-FZQ,3132,19
gUK-y5XQmuBcyuVCGQ171Q,3251,32
l3J9MZ8K2GnrPOYR72aDcA,2376,1
NGnS6xFCefAB8JsuuNIIYw,2951,69
m_WWgiKOR8AFZ8O2hxpmuA,3973,44
b6QQV4qVoyQ4rCQpj1yj_g,2800,15
aLqp_fe64ugZFuwMpsXLiw,1633,249
rzq5nqG2NG13o3ISxJSrsQ,4726,543
wi3P_JxFvsAAe9l_HOGjPA,2008,41
ludX46lEfeQ8TuHsK0D9zw,2745,34
XvEOKQ0DcM1CkRPYA_3GJg,1479,4
moNUn1fGznbGCQSCOA9a4w,3025,80
QrcxvvqiJT3EyNJcQACVZw,1598,16
eR8fBtTjtFDuEwhxEYlEeg,1342,28
-S1dz92Q3RPfHomiqEeP8Q,2622,68
GfOy6HCVzMyCfDtuQ4czeQ,2349,14
QEpNF4Hag6_W9Stc-1Frvg,2149,666
DojaJuL75eaSataTeCgfmQ,3382,31
BuzxMxVrGBTsQyagoJHECQ,3177,244
sN_xx195g9EPCr7FNepwiQ,3133,85
yUyJf21ghBaVyyZHyOGGhQ,3415,69
h5e3Lt-rkc4l0rL_J31XHQ,3174,476
Udibu1rel-PEypMX-4TKdw,3359,293
r1jWEEScNKa-Xiw1Lad-rA,3766,11
vhwvwHcHNIK3YsoHTV2HNA,2927,39
rfCJYUTntqjo5Vq_vO3dJQ,1631,71
0wf8jAdiMelXNDUgTimhDw,2490,177
Vrsv7QSc8BG_1jKWDOpzVg,2585,113
H-rapYMiTuoXV4pONBq3AQ,1411,60
TWt_hQXobwWMPpQVoEvanA,2296,38
BO1A62kTQk4MfwZPOD9sKg,2932,45
DOKrvb9i0A3a-CpOxLqo4g,1864,637
N3W4nLE-nVKevzyI3_B4Fw,2719,866
KiaBUSCZA6Z5Y7XLx0HGMw,2730,56
2s0nmHmArQ4SYGDScOHu1g,2561,13
_K9sKlA4fVkWI4hyGSpoPA,2658,1110
W1p8_CFW5FISSihmQo5Qzw,2958,215
8xJAJ5UTOkQHyiUlUBiB7g,2755,28
PyFSjIJdgCMlou6rZoXohA,1085,5
mF5uDAgG4swaURbmpRsBXQ,2088,54
8DclOINSPldMTgiEbuCdoA,2246,146
hnPTPyh6wNfZe1GxOm21Gg,2243,694
CrInIRBSZA7HERD_ZzZSdw,2062,63
AeK4xAxubSGwqo7iUBgXMg,2802,67
ITf8PiWzmTzcZu3kRWEoGg,1793,124
e50i-ism0QqP2qisUCfnKg,1448,11
b9ncqgPDrh9pZQ3n-IfW7Q,1267,17
KBVL9aPlcLVwqyFQ__EeIA,2661,92
hTK3zyyPzyMgJ0_3hgFIzQ,2893,5
qNqKM2bZFopxOgj5KFmpTQ,2984,27
yMR00Vkq46IBebHjtDoygQ,3425,100
zvoKQvcCsnJeC7ZRKrsWPA,3023,197
f_99qFbcLJQgJ9Q5O60aRA,3242,239
Yi5KGA-QvolRWNeDfzEKrw,2789,72
3kj0naj7ACPcVdpnygFLEQ,1424,12
5xGC7DQV5wOyrv0r__u-oQ,927,7
yQN0tGkqhi0Ch0Hqdj2XSg,1686,59
1TWW5BuX22VGK1KecATxeQ,1569,6
AU7u9BC31idClMQK0xHXXQ,1799,10
URtj8ftRfb-F9vgOk2th1A,2063,34
wI795B7EQTjkSL1eiYpMhw,3125,449
Bzq1tZI3SMsewc2FerFcOA,2637,229
dIIKEfOgo0KqUfGQvGikPg,4162,1768
7DCwwpe524F2AqZqTUGExg,2014,116
zfD3xhVNkGJs-AOOSslqtQ,3325,642
1yEGaYQ1x4qDN8hDZ59Tkw,1805,25
mA3tALTzmDunDRctGEu-wA,1333,60
7M-rWYRGPfCDnb7tjl7QGQ,2711,259
6RLyY84jqZW_0VMcse4qdQ,723,1
qQRmnbKI84Up4a2MBFfaFg,2000,244
1PesLMAdY2soq2zD_3rAYw,2003,246
8SVOBWdAtEdZ23y-AkOUQQ,1320,99
Xxvz5g67eaCr3emnkY5M6w,4025,1952
ilr5hbxy0-5hLWxQwj0W8w,1457,69
qBi56_wwlaIuOMm8LIBWTQ,2423,16
4Gbq5r5Xp34ofXl8K-8QPw,2854,32
4m9NXICYBC5i9t4aTt-I6w,2669,1020
RylA6VZUTRuMGBu4nHKbCw,3508,869
nNbWe5bp7ecsXHJfjowbKw,3754,64
WFY2F6xJH_tPLpY0CUsUmA,2328,52
8EPHywVzuKnevp2zAzbMug,2041,108
WH8x23LEwoLMCYufrrOQuQ,2390,19
nb_Z66wU7vGlO7MDNlAAVg,4586,194
g_fjQPv10hPoHePHlMMk2A,1029,5
Digti7amgg3PLWQ8K1dNrw,2201,27
CxDOIDnH8gp9KXzpBHJYXw,3340,5778
sBQnwE7tTiURm6RKamqWyA,1601,136
RFXcKWIaGsqFWK6WJbkl4g,2999,253
NfU0zDaTMEQ4-X9dbQWd9A,3086,868
9OWTd6yVLO-MpU09olm40Q,1816,22
mPjPyipaD0C_myqWqDipZg,2632,27
B7AjB8W2BWJtXPjweJs9pw,3109,321
mWBZmoWDKSsb9TAiNsTXoA,1153,117
JAC4-1BCS92KZIqGIoS7xg,2208,8
NkYR1Ejn4nQ1Mm5zwZYIPw,1237,8
_Dtfsu1ab3SCXhpfmG78tw,1376,11
gqYegYGd-N4TLUile0CS8g,1640,10
WLHlDjs3HZKrqjdmW-3XkQ,1271,23
ZGo1CHPVwLXdEVzwa0KCkw,1182,20
wRzcrtxZj7MfzQnxrsqqfg,3474,83
NTtgQrb8VGr_xKePhppqjA,2607,221
H_-K6erSJYtzg3ZEvOg3EQ,3605,580
IYJQXv-KtGjxO6ehyET0LQ,3238,207
WL_U3MBUfTkeHL9lYxoleg,3591,299
cB38Ga5dBf22knWciqLt_g,2112,15
QyScH8Ef-7RosWQch4Ikcg,2850,161
rO4GSNa2nz3jn7HMf1DgsA,2987,52
_JRXYBCB9CAHLyqQiSd2Iw,2545,21
y3OmMymE57BiHa03yjaxCQ,3133,124
p9zfZnJ9iIsbIA19hvHpxw,3014,86
_ireXTpAJwUchkC71J-qoQ,3191,268
araK6VbPhskhY8a03BGvAw,3115,1
w2TXbBftSVvF9kKrOAng_w,2151,7
8V_bVL_zkMo_SlCh93040g,2880,25
btXPi4-4eEx1zSzw9USuGw,1389,25
oZyiiNdA-I5zk_EHUmGRMQ,2944,119
iOewtls8v56h3r07-wrtxw,1614,25
ngoUHTjO5JedUPBSCiGwww,2838,88
4tZ_YZRFfEgs6ACCXhvjzg,2770,12
aYwuYu8yYhZu6n7j594hug,3074,59
hhjgIlaWYQqZnJTeAsSpXg,1760,6
gRmVx4vwLGdJP0pZuJX4uw,2803,19
243VUTbQBl8ozvZC3fV0zg,1379,110
7Jt3EZxH5v1TUUygtyqPSw,2224,7
Sxjc78bgN4xMrIkzvnrUjw,3065,19
U_fwLsdR88GgbIsf5PAaOw,3267,36
56Vv2GfzASZcNdDM8abZgA,2645,3
FkAQEMFYempRF7H1VjdsOg,2767,2
6Y7wCznF1AfBfuAe9UqccA,2146,96
GqkeZSWzm3o0ISt0a3wgQw,979,6
W4fQ5Eay71kAUW0cTMjehw,1584,13
Bye8Wgs-fJSURcMoIjRvFg,1463,41
9N6JTKSiK46to_-PVQgJ9g,1705,6
OetxJUS-vi2SQ_Comn_WxQ,3046,4
q-_GUb4oPzyfz80nLOc9Cg,1820,6
lDEHkibIukRKta76AYeyew,1423,20
ANRxx7hKxoB5ErCvu_wUIg,3413,5
fD8IVgrkQcsIrRSMfmKtFg,2480,15
tw7_aY4HBOizJqhA0gZw3w,1277,1
C2LcYA2P_o41h7ILngVVZw,2583,1
CmhAQu-L097T9CJ4S-UYAg,2373,14
ZSiDM8cED024fmmOmL27EA,1642,6
YUROxan3hHbfWm4jTd3smA,2710,43
u_NffJ8SHpIF6sZJyg9HSA,1234,18
IFr2jnV1X3iUBmaG1nhuNA,2083,15
1CdL5sNaLI3D4ILzvYedWw,1291,20
fSWkvv43T2NTGS6fgejoNA,2726,118
U_WXZ6PeTNbZLv68WdK9eA,1225,7
aYrvn_5tR3U-4ZhpH-CD0A,2109,34
CnfpvMJshjeDVlRl0Kgj4A,2675,33
kHq96Sj0z-jg-QiiKYsUHg,2192,5
mEDn833IEhIbslkq_FyxJg,2959,43
Y6lnGHeeSoJCeg9HSmGXjw,1493,22
83zQAHCvZGYgm8bjQoJ5wg,1619,348
rTcnkbALOmr7LOaTzJ1D6g,2508,23
grK9V8BM5csZg8dMYyjJVw,1245,57
PoSp_xk51Ybxo1y2NXUMtg,2558,13
6ChF8UnxFaW2Aoj3CJO_4A,2768,36
SJdZ69X58sKfbxxdp0cE5A,1603,5
pQZ7AVjaIHtwS4X3yhjBGQ,2030,22
svQK71FNn4ZNS-1ASs5XYA,983,5
QQtoHnP0cP7nzNnUob_1CQ,3333,611
uWhC9eof98zPkvsalgaqJw,1811,2094
CP-NXrlvfw3ndwvjfwIY0w,1545,67
pbzeNgmK2qPhkZQ-M-7iCQ,1436,388
5MCBLBxr10NLUKZ4AboAMg,4499,2754
tQV_zGWjSHxUEr6Xmxz88Q,3057,148
nF2TR0yfB2tx3VzAMvdlgQ,3066,467
2XqvR5GxhIrmcBV4EnmVtw,4671,65
M_qwexE6ciWB4tJ_T1S6hQ,929,55
6ZqRM7yTJpFfkkQ8Rm5kww,3437,408
Wu0yySWcHQ5tZ_59HNiamg,3199,1077
L9ZJpCQgXzfNXiJI9ahyZw,3223,858
far9qchg25NqfxAX6YaCSA,2608,92
w-w-k-QXosIKQ8HQVwU6IQ,3581,2729
faaOI6hU64h6SSaF0f11eg,3669,751
Hc2tC2TDMD1wDjp8aCq7jA,3309,116
3R3wbFhMhT-wVVtuOttHMw,2763,230
ZAvOJe6YZ6ap8gCgBPh4Rg,2736,16
3C2BxKTAGLNUpnzZ51CxfQ,1888,9
RkJoJ5DtxFPWpcwiiOmBRQ,3411,41
X4jrIs4KK8T06j4IkQqcIw,2784,25
DxsZCsQXTN7vcVUwtGlN9g,2602,408
iFGUVhypIzWNZfNeLH7itg,2889,153
JZRKusMq93Ltsz6PQ08DOQ,1564,9
JBu7n5pIW-Y4XHtzGtUgoA,2837,59
-HLE-x7Lpkfprd6er-JFGg,4697,136
3tFW6x0PaEIiokZTjKAVqw,3312,46
tQz_0FZrxlulgz5X_prthg,2490,32
RvdNqhsUz0fa0zK60g9VDg,1617,17
4zfVVhUYBmi_5JD4CDaj0A,1672,80
ZUsS5CjWh4YrPVi4Hi3Y6Q,2592,141
TPDTu3KAJ-RCbHiaraBeDg,2894,13
3Hud9hTH36DB5MeDOihjnA,858,14
diG2NOOfioszmxg8wSHBHg,2994,37
duymKKwUruH8GwbvcaFd0w,4909,1117
MGBv4e-Z6lfyUcSVwPXQPA,2406,46
s_WC97T4fwpgEADYkGeS-w,3055,26
vtv4AZtMBxOdUtY8zTvkdQ,2794,281
dqfCjksa09IAWvnUObGhPQ,2226,155
nqA8zJXhEVWCMi_yC1Z8Dw,3290,84
JyzLjUFEIW3epNlHI6Oa6Q,3718,538
o68A_3bAJTge-ioGXHdxKA,3858,491
WkG9phTuWbhAC0z4354mrg,2660,122
hjcOqlZLCvOQvwMdLsiOcw,4008,244
AxUmbVeOOSPUOvwXq2DvRQ,1530,112
unlh4GPv09TPIPYicu1iJw,3339,49
El4Hgp615lAyGOTkjKfBoQ,2428,64
P58V5U9wdNMpRDZDWVCOfg,1954,15
uO21Oi5nmXCeEQJOm28lQA,1737,63
v064NNb0OhOQeIu-XFIzgg,2626,17
fQWkg1r-JU0jDWP01xEcpg,2552,9
8I6tUqUTi4xL9j3FuwgjIQ,3526,125
DZ44749Faw9RT9NbgHYz8A,2950,55
w8q1hum7FsGb6hb9T_2j2g,3727,802
DeXKbQYNx52OlOizobOLJw,1641,422
sM-eevGF9YOtgVSLGZiRzA,4259,238
GLwWb3bnjicMZxuJwSQLiQ,1829,40
AlhCsZXsJ-Wk2qH-uSTmOQ,2120,53
OPN-dDUBkH7uH-G8nOnskg,4086,531
pUMR_0CHYMrWdEMwpDmaQg,3090,6
hYBa2DvaRSAuI6Xm9q4I-A,2617,28
kxj7TPtJY2zbEjGV0PYfAA,3802,1300
fUSZ6lW0-l7ECC90Lhj5fA,2804,5
qb6-AFUxq6VuatEIwX8qHw,3354,20
MmlJSLDg-IFaeXb5wdJbgg,2622,91
aET30aMEQQLWz1oNGd-DBQ,1960,31
m0Lo60hQAkZC8rUrx5do4w,2828,729
UJw9u-mcaAfBwLWjPG3cRg,1803,23
xUxXl1wxsnTtzjhM8hnM1w,2060,120
YTuksHb6YsMI62BqEG_eRA,1422,236
5daHu02u5o04mm4E7cHm5g,2912,115
Hd2eiFDBPThsobqXdRL6oA,3590,34
nBj9Ee9J1WHr4ELTuwD8yw,4144,5
e-bqL8cIPF6f7s6UsokjbA,1384,56
Vkk8YfesfF2aAehFb5SlSA,4053,695
zLfLGCBArA6jZd36leNnFg,2640,42
z72G0C2kq0vP1vVX_EU2UQ,2949,711
CTl0VeGdRuYC-SQjL6dyFA,3990,54
8WDkuOJwkod2LM2QYSIrWg,2078,323
Gv7Cmnkyv2v8kTMD8clMww,2724,153
Sc-oweS1F7yXTaf6Gd1_SQ,1267,29
DPtOaWemjBPvFiZJBi0m8A,2943,286
eOFCBU-PUTEX5UC4dQxCqg,2421,62
mWF_r-7Wi0jnPVTGp6steg,2793,5
NtjYwqmLBo29bmfRmoLHmw,3887,70
AXBsPgSbyjGkAqPLSwiTYg,1905,286
B05gFd26mFIbU0np7Nl2pg,2218,40
cfTxSW4NRROkdZMiwqRhaA,1318,91
8W8LDl9XHwpNE4Izsx3TpQ,2690,69
djXzQSkIoDGP-IdycN2zjg,2716,2
KlVly5IFaq4Q3FRxrxMN1g,3811,491
rSsbCUYJpw0mkqZ-Hwlj3Q,1656,230
uDwnuU_ZccDOJyI5AzjLQQ,3607,166
_fpHwIiEJOp79qED9YSE7Q,2702,229
OUEGiNw-bZcsvCfmfFCg_A,2822,158
qnbh2dQj-RaICIk-nr-B_A,3426,250
PEjS7EYRg1cfHyx3r-w0qg,904,109
KloWGEOPweXiqyhcg1ulKA,2188,94
H_09-Wr5JcN5hpp5RnSLTA,1975,191
G5reVMkdwUc-souSaLdm_Q,3159,43
Bo3heX2kbUCAemUyV4BLqg,2101,15
lBf5LelVfhc413gczJkNDQ,4561,39
qOODN0RsLbNQaLPN3srixQ,3180,804
ysCBsXWPB-LAiewVS3jZfQ,4437,3159
xWR-GSPPlt7taGuM1vk_0g,2833,94
jo63sPDGfUOjJNUiNE5i2A,3978,310
qiz4Ri_cMSsoH3ccN19eAw,2695,183
2ZZNOoMQ7WFvFoxDUFw1wg,3809,320
cSgXFN_Xqtlbj_zA65gPaw,1574,11
bWoIe5ehjIxOMeElNzXShQ,2909,178
5wacStFUC1RoQ3rNLf2-xA,1578,51
rK2aGPWEU7UVwz_fqKE8mA,3078,191
dWJg55FxAyvSSZ3AQhPDvg,2752,5
MPGqUhAsmVEHq9k9X6VZKw,3894,446
JPeToWUwXEiwQGPSgNgB5w,2371,143
tm4qINQC61avNv53khiOXA,2739,4
CoNKnZbxBaXp0oXGdEgwkQ,1286,3
SaSXRzjHx3SMTNnW90PetA,1959,314
TdbTpjfhOUeTCVBX9evLkw,2106,229
oQcYUZpK_SXGByezITnimQ,2325,33
voXU5A3FfOcXZ2VNsJ0q4w,3229,129
AisEChupdLdqptU_QT1-tQ,1262,66
1G-IHtBgRsuwn1Ysr5hnwg,2760,15
q1N0Z9oljcrhpEnXIO3fLA,1619,45
BUeqfrO3j65uzd9RxC6gbw,1785,473
Fuzb6l_uQvlcb0ctNc-s-Q,2248,24
1QABw9xW72L-3EkGmIllaQ,1752,115
tb7q_TIKu_pha2UFyneMmA,2912,361
FsGjL_GNpzhvSCQ3DJiHpA,3102,88
u8GYSTxYLHlPDEM0rL-wZQ,1113,4
YNkbvkPhLMFlOFYH2PLMwA,3610,282
Ozk5VXvLLhjSrQ5hV8MjFQ,1994,295
qGDIsH6b4GTo37krG8ZfzQ,3237,459
yn4Lhb8NMm9-cDNmN9p34A,3423,195
ItNnrZSyJxsxQhkGJ_kqUw,2799,15
OP1jgh0eoc6taMwCwwTN4Q,3598,71
W7ZFD8xThjOX7_O0FDH5kA,2791,277
tKcIXdrTFFOPrl2Ob83P3g,3798,120
6-RXoqxa9L3FfBwkPLrtbw,2006,29
XhyK4GaKHh3dzSeHfsfsvQ,1238,4
I9Gug5E1yElSQXDX1MsqEw,3269,16
71YGGOOf4gDlX0O2lAzrzA,2889,27
xRHSDXoLsmkZuhjwDihJ5g,3233,115
9iPgLp8cx4UXf5BAY2uwBw,3092,7
MI7TjNlOSHsPbf69VTqrOA,3234,172
T76-jKiHe5Fz5qTjQQlWoA,3711,309
XWXHE-0VRDzQIdEeMsY56Q,3916,157
Rs-HbyVraRCP2X4ey1t-IQ,4000,239
SCSV8lHxXkS8fdeJTqnomw,2809,93
OZWskTOKCWvYejhu63gFmQ,2516,235
IpReaQYuXO_nB07xnkHuNw,3024,687
P9juBjTdlzDlrxb6uMqSug,3273,59
DZO2lmlHi41X19g9U44I1w,3451,876
SsH9zQtl01SABH6QGsnu3w,2982,430
WI9c4NmfA4RoknEufaMdIw,4004,273
OThr0jXDuoS4onOCiq_ahg,3087,34
y4gIlUBQNlOWImitDLfyRA,3538,51
ouI1xciHLEMSriQUK95nlQ,3015,171
0_Cfb4ZEG2mQY9C2ACHnbA,2505,40
6QiFhOdiaJEB-qVrrSALgA,2343,306
mLDC0DjkT2IJkoppBze4eA,2887,107
hIylKBbS9u9Ppn64534yfQ,2841,70
BYHm-dCBHRtiUDgOfFgLhw,2653,338
tNy6TYGSOEgtFxYPKM-jrw,1334,4
0TWqlGuQYMwgpiNCi5we2w,2994,243
sM1_Yqd9L28H4-wRHw7YDw,1978,9
urHUfrgvs60ZT5c7fqVZ0Q,2422,8
1N8U9DyE87FMX1glQS4qnw,2493,9
My1-ZSq-FrdxkjmJCcVSfw,3703,162
J7oTKiFKFvTDFrmCpgOv5g,3242,23
5RLOLqj8f0MMJ5OJVXTeYQ,1704,51
TMRNXcw08dsbUGGbVgkqzQ,1185,2
T7Nhxux5ao3Bk7ItFhpuig,2556,116
lCXKbSVJYJpUVpZlG4FZIg,2572,745
KcFxhQFcVlr4urPTsJAVXw,2301,211
e2rzWXUymjIUnGG_kgY3ug,3109,25
7zhbYOPp--pNOqTYXGuyIQ,3929,20
hFgY9So6qsPOE7fK2noGHA,4299,49
P-ImWYCmCtBOn8WpFX5eew,3809,9
IgPDOSRmOl_l1_37f13E-A,3068,20
2TcPEaJYIiG9hdmb3DGqZQ,3804,16
X-JepHJb5-KgBwSWDXtN6Q,3020,12
qEVzzrg5tjnmZlYmSFTCSg,1730,65
a9m3FLUiZ3PcAY35yVP_ng,3791,62
G-_KF_Ul4d3WGEa-G0Iq4g,3907,1004
gby4gdTt11vz5jQz5OaDoA,3654,705
LYBSlu_TNQB3AdRhw0I58Q,2587,83
NQ-nu-rFhthtJO__tKdZbw,2513,46
Rk3KKBmL7coOI3qEs5JzlA,2844,33
OofIjAhnuKJ_o9KoNrs7yw,2328,17
PzNcdJaz0ld6TaTD43S4cw,2009,37
4wp4XI9AxKNqJima-xahlg,2918,1053
MLf4JUa1uzQkDLrBJ5yJHA,2313,234
_Zu6oD6OgOKR8H6sJrsH3A,2222,88
hC84EIj6uPIkTKNjTnMx7g,1849,129
a_YK0bJ5cPoOKH57GzGROw,3250,102
5QFws6LKMCZCgKHl8WR1jQ,2840,464
mRcD_ZPzsggX6J9XJn2JhQ,2556,56
cp-rWPVqlGyuroPKoBefYQ,2310,316
SgiORk6xC9OxIhzrGcPv1g,2498,46
53SsiacxmHO1CBBUGyQCaQ,1612,41
M6v37Q3fCL0rxUXT-pNvFQ,3857,20
_YkzpKm4TAUfx8vckSTDgA,4273,99
l6CltLUsYG237Npad2uowg,3494,95
R-zu0RJuLft5-f5Crvv_Zw,3512,71
uHpl6vRuuu2hIg6orTrWYw,2599,32
CYTpi63Tv_UTjsaTMCZUvg,2391,256
Hk1ToxGyGpZpQbgIuSUgGg,3586,23
laaK9HfZzwSvyHDJIzjB-w,2116,8
2oTG2GrBpikkonRxQywI7Q,1811,417
bWh4k_cCuVt5GLVd33xIxg,3707,41
4R4WP7Vb5wU2y3SGVWMUqg,1915,144
u18Zj83sQ05oKotJd2Ujig,2471,5
naVij3S3X9X-ExwFNszZGA,1535,28
fcGZ6yigN3byP4fln2AHEQ,2898,28
PBfrnY_vb-RwNry7wjqXoA,2670,4
e3fdrK1tMCwWLr76LFe-cA,1858,99
RVagGrcHdy1HB7-_c9ywZQ,3075,102
Psa1UCn_F5PQAqWwQnaZqw,4472,26
91p9yCg3QqxhXUvJlwDsag,3352,96
TBihDgU1iEQ7-qSl3L5yjg,1591,8
5sH6Rcahm4R0CdXfSIdOOA,2719,146
ymgPMjIYBhFoNoM8Q7wsMA,2698,62
Fl_LHNaGfb2_znvsJDdPCw,3037,19
gTNJye4cSFmYfdBQAwcTTg,2906,194
Ozp9AQ9EOaw3ZQnVE6TDFA,2615,117
Ry2eEdDFbB3jCd-puLq0bg,2121,985
ol41034oA4J6R-IpokhxIw,1389,127
1HjIRmoTBTeVV7cAVmBTdg,1860,13
3T1uD5CoMNqjdUAEFB0Y6Q,2544,19
Z0sXnwF1eZWONpRzMedOEQ,1523,156
mJS_GfRQ9NZvo1XRiV5pcQ,1301,2
AM_ZYtCR1fvSeS6wwh-FaQ,1213,16
Vcm8XxD6clFOlRVh31nnhA,1410,12
zpu3KWTBuZLqyy_Gb0z-8g,3709,71
XF4QVTTq5NpzOyhGzvJlEA,3109,108
1YQfC3zpH2Eyu8WT9Zb4jA,3753,12
a1x5xhZ2zpBdOfqtH9x-Kg,3769,84
56PMGk12KYLJWPt7ejg-XA,1493,20
IhmBr-yHC8xLjdnoq7O37w,3933,1960
O3DwB3K_SwP_9hrrdnQdHg,3382,29
25QzG8_MT4zr4JiglZI8dQ,3885,317
Pe5eoZvuQYif9-jPfrFSTQ,1411,44
wat2TtMMeJZN5YFavnbgmg,3827,550
NIJWrUAz7-9IEqwZnGBT9g,1645,135
BgI4-bHddSlRkp7UbJkMaw,2114,3
8ye6-7YYMsp0YizCLyrxcA,1114,111
oZ9wTJLI9GxQEtvp2OQoxg,3469,186
uOG7Yc8TztArNfnC3iBPxg,2081,19
51munej7rdZuB7KfPofhaA,2415,338
N5E3KDv9O5lsHfG7f8YvHg,2944,30
Jg9fKTfrDwq3jktc6A83sA,1527,3
hWDybu_KvYLSdEFzGrniTw,3586,7818
jHX2qMpRIg-W32vJgi50lw,3966,193
D0_EDhZvO5z3UEPszmxiYg,2889,162
w-7hE0p_VZ4TsQzIIOUFKA,1473,240
1evn3hdX3gR0EMJwRQ1wQA,2127,10
2rIHr_3qznLHn73YfOwkWA,2298,15
qibGLHABNReGeJr2w4_8yQ,3967,1123
jO44Apni7iJZVVK4HQ60tA,3719,187
NNL1zLTP2J_SOputgoPYeQ,2865,1151
U4INQZOPSUaj8hMjLlZ3KA,3988,3862
AkH0edUmxPnieWabfJQIBA,3785,283
PrwnAL82LL4Ewt_wJpHWCA,3361,553
PpBzb-w7JlSuML_-GpORcw,3566,156
AhEC08e19X-QCX3-7nHs3Q,1930,27
vf7YS2TaBur-IJ8gUI0mjQ,3335,58
eRo4NGjBh71EJZZ0wMCniA,2725,13
eSuRa9ZX2heqJudcZksSMQ,3811,28
C5mb__l80YLwCGO3vjNP_Q,1903,114
9pWzE9Eymj-s6WHAmLxlRg,2348,13
eBnedff2L15dAxfD_btx-Q,2828,155
4svKxhnRwZSuzHCZegs8Ww,3056,98
loOoIBFpGbkx8WaIpQndiA,2948,243
IM0INCfvTNg9k3RbFyM0vA,1632,24
H4W1CyyrU3Ru3rcSMkCG7g,4105,353
kroQYWSj-BhIEXT4VwLRHA,3766,1507
42P_hSlGg0Lgj6wl9-eDjw,3682,254
ROZxOt9-WNdLDECasINlfw,1595,3
DYqujEDnSMgwL7sFTRSv8w,1126,351
LMMuQToqhIjJko7DVa39XQ,1237,10
Xvhu0rfngzfmxM3WBoZauw,1975,19
WhMRlxkMkv7Kf2YQWCHqjA,2652,35
j9vih1KD2r-NLlaHfZPkRA,2730,243
kpfcpXXWwVGyOVRw5Ftwdw,2474,14
m3fHWGcoY1sKX19Uk0nsyA,681,1
sfp6PhgbQnemfeZTqfuajA,4456,530
m4XwHHYvwdYYNauoSjVfQw,1498,36
V9ckx_o1ZsZzSyeh6BxNOw,1345,2
s1hZZMkaWCql09X-cGUQEQ,2912,220
Ht8iGitRu8kynEubcIhsTQ,3515,692
BSddbsOi3PCrUbmnJIdXGw,4635,3
94vzW2UBX9YXAvCWd19WMg,3103,39
tJiWkQtxSmr4UdfEp-EYHA,1148,55
Z3qh6Jdfrjtcynvp6Z0_ug,3634,197
jSdiPiaO_FI9Ic3raKbU1g,2367,560
oBhQMjrT0zdSLdlybWRA_w,4011,1188
eZZyuJDouIg4p-GYB3PV_A,3384,515
YXXQRFICj2BPGPvG2EHsEg,1663,82
PKZLwAGgBtQCjJtGhyPETA,2584,102
zATgdMp_5gL4kYPu7aVdUg,2229,767
1BWCs7aXDg-EiLmv-U3qtw,1701,49
6NFCzeW5MLLkw9k4ogIpGQ,2660,42
nldp0chdyawDDpdJZCogzQ,2890,61
YLapNxdlNtq7xwi5RHmJ6A,2249,23
NVPhaPAyu04dsjVUhJMOnw,1718,18
lcnVv4SR30WobMTGD3SGsw,2577,93
eQB1Bq54dRWKUfslBdoXmw,1542,25
2ik193bx9ElgztaB0Gf9qg,2951,12
QeDgPonIgw9jaF38pFoArg,3750,120
MsQ1l8VXwAFJZKuLBbqb8w,1890,38
m3yEBbCM1eswIn0pwRicCw,3621,166
1zakNqCYq8TDVQ_4yV6xuQ,3661,11
lxt4LomsbAjBvk5POhDTEw,3396,802
2wxsJS1YXU0iciKKiVSBcQ,2190,99
fq6zfv7xi9AelJTYcwD_fw,2424,43
pnyebpz0aotZYXhQ5HP_cQ,2607,3
cNx5fD_Spw71JVF3hW8fEQ,2863,37
3I2wGF73UOPMuwSuzMCYWQ,3445,105
0JtR3uNVD0q69WRnIBDD2Q,1779,22
SxScGOVkxC8-jERtO-nX0A,2296,23
Wom5ss-owNYkxSy_j4s39A,3205,386
oKesRsDlwjm5q06Kqterqg,2977,55
KtdsUUkm_I2ba1F28p0pBg,1288,50
lmGQxTC0yDTQxTRIJukMZg,1191,14
-XE-2bb0bSPKMUfXZPgOqQ,2340,46
mYn168r789uidfdLbbmtbg,2174,14
Rz3IIZOcIX7zwBLrSIxk3A,2674,172
KOdvLHLzPYwe8E_FmjN0Ug,2127,8
FNzzWyVY5nUWxBTTVw--RA,2353,109
p-VoXsZeQ6t8L064jq46eA,2422,28
gCL7dKYSJvGvTX265WSDCQ,2599,8
FqSlXUQPOb5AjdVoJcfNNw,3735,82
HkeDHRkHStVYunThCrzFdg,3117,16
SWsIATHHegIdilD3HAgfUg,2166,5
M7U6IzkFq_ELlm_4Wqb29A,2537,4
eFnbRvaqpxbMjJPqOwAosQ,2796,27
BqFtVrn9p9BCDZA99O_QPg,1321,17
nQ4e81UdfczimYcIUtO3HA,2530,20
WtOw1sPwL1KXX5TmztJjXw,2939,18
V4B7E7pFlTMLQIp0nQ4UAw,2392,102
5p7fIgmWgP6yWdqJbSrlig,4358,918
aF6VBYhGYVyiuClp85wsBQ,3042,13
GKXrTZecEsqWuACpRNyuxw,1807,16
WC235EldJD3vxmh7VFnGpQ,2527,52
VbPb2-zOI4poJY8nahkFcw,3085,185
An8Q0oLP_2juwErLw90L8A,3446,208
_VTEyUzzH92X3w-IpGaXVA,2454,391
2akJPb9X2HhDsM6sOi6b6Q,2828,44
V4TPbscN8JsFbEFiwOVBKw,3250,832
hDSeawZ10uiqU8lZk6knUg,2453,213
vyJ10ksQz61FawQzWB7Mrw,3015,28
gynMtvoyHZrSDsHMecwd8Q,4212,223
qIhpQQ_B8NP9LDAqZ-DlOw,2060,44
5r2oH1YoLCY2wv3dPuwv_w,1284,2
gnpXRfr2UmFkdPt9sh847Q,2583,27
wl2gOEQqgj_IJBzOHQoJXQ,3077,9
SwjaMXIoXKKLmH_MX6aXrQ,3476,385
IfuIhg7AEoTQxpUSCLe8cg,1762,4
cqGRaV5KiDkdA5VFYhVb7A,1961,54
4p87ApJJWOgqfJ-DnVnVgA,3613,93
OPn0WckB_KWfwkeLLOIlLw,2768,1
z1UrbSoWK5-h4nOfMpoliw,3589,422
1LdXqpTv0bcKQVkQB6Lttg,3294,456
ca___2Qaf5FFyPCf6T2eZA,3180,194
a4mO387_O77ebmv8AlQB3A,2025,2175
7aHozVyWO5wtHfhKCQqQow,2723,14
XrqeYL5ZhgT8bEIjqW9nqg,3675,309
mzexPXl2iuASVakpjODhrQ,3111,46
iHe2FR5fOTDG-AEvxfUCNw,3131,148
2psu7_9YwuGeb26ptYxn4w,2736,28
RyixLoQmLZt5BWp6xJZ5uQ,2261,7
0a1MHA0Y_uXWuyxHuzNJlw,2750,23
TqF8mPAEql3EQpHXeo_bEw,3949,114
mrC19Qr9EoXO3FqgpDIkaQ,3424,444
Mc96DFXbgYTwHfEk7yljtQ,3450,191
fIXHCXGakA3gm_aVJMU73Q,1665,20
aqJ4Zh-f3IDEVrbcD5Csug,2633,23
aKtwHb1VPg0P21N2Rv0rSQ,1544,9
xbJxVZve6bMkct2pqft40g,1000,6
40pYoBJA9rcoXPZqWGyyfg,3387,295
e4j_Thay8LJCIDwoZ8VjHw,2678,23
SRSmzTPA2dX2Zpfa2uE4sA,3473,680
K4PiZhOMyQ7MMZU55w8rlg,977,21
IbXbo8logqnDAErRGiCwXA,2594,6
3AC_liBwORA9w18CIrGxcQ,2006,34
BGbJoE27h8aarvKx3imCgA,3062,12
IeTnXyHXA9S6N1QVqHPDcQ,3456,41
zA0dqa5wNsfJqIu7ZT5q0w,2287,1
iG3kkKamfIfLcXLnA9hvUA,1899,27
BL0DbgQDx_0nvtC7bPzVRw,1735,16
lEXEbYwDNtR-pwVBZdk8FA,1593,15
dlHpvqR_hO3_34i1OABIRA,1871,3
d2LnPFw9ClyAH_N4-NCt9A,1417,3
wrtNzV1xaTpoq4nFdo1VRQ,2209,37
AHUFJkVMFyITf2537YNV6g,1930,4
JwQUSRWaxQjsXqTCKjkmbQ,2544,103
D6ajSWxtT6dYo7D1iQYY3Q,2551,16
PmgqNO0-5Y3e3UoR61TD7w,1746,154
5u-fBoYPEuLE62b8isoTMA,1632,82
MHpmzHR0-drYGRf6aVRYcQ,1327,9
1aJKiVOYGWcw44BSonANIQ,1681,76
mWuHaZZ3Enp-VKQGJG-e0g,2119,207
mAqj8WY-uHncPpCn3ahCiA,3080,796
VKwI11qTXOxHmlh2yr_2TQ,1810,12
pPlvWMi32elSiPaeq9_oKQ,1803,41
faT5jNdlj9kXhvhI5-VR-g,1461,27
aMRGhb3N8okuklbcgp9XjA,2691,17
qV2wmfhc2eAN6sKOG9p99w,1642,43
h3EvUnccfQ1-1fEQmIaGSA,3329,56
DsqIqc8hQcfDci9ZlVZkJw,2812,70
J50BanBFNY4naDYAJRAZAA,2488,22
mt6qpBHvjSObvmy5owvDxw,2773,13
m-SNY6qLtkZtFfaNmy_KWA,2037,10
1CVUtIG7nyRUoyKr2w9ecg,1411,6
XZjpxNjYKpqobYghUnccPQ,891,4
GrVj7vY-nKqL4oYQeC-31A,3301,20
6Zdd9wX-fif8ocrgv21TKw,2884,8
rIh5CWN0O_HVXV-6MT-BUQ,3301,55
ykQVR1fBGLUZEZXmKkmA7g,2663,12
DR6QZOOcU9zF02POqHYZoQ,3477,134
cXny8Uj0BGOwoX19VbuEhg,3502,43
zuAaoxACmDj8-Tmqm4KBAg,2602,2
h2zvAFFGP47jBPJbnBCKlw,2099,33
m5iFZbW5hSNPNplx-vGkyA,2290,12
dVRPUKBPqymoyW2CjV2YVA,1631,27
dbHAcEjquerRGnhwy2ef1g,1242,15
4E2PDs8EFM-ZO3hvqQflgA,2047,2
cAUBHQBYEo1PUB8WxN95JQ,3558,31
9Vu2eIk0HXGAD2h1Vr81RA,2817,2
eV2kCuRhVUOPdKmnrqWi8g,3974,24
Dnw34n0oTFzkpwwJauE8fg,2796,9
CTaZ3ebFGQMHaLZhnO2EuA,2269,144
u3n_ZDuaJHoA0wwHTJnFZw,2308,79
9DX7eR8qp76qO5FVJ-GhMQ,1673,24
d8veymLDs8iXyqkR_l9UGA,2282,23
Xm0tSbulIeormIHIFebO-w,2260,7
QS2fLDJTylluRXUTmHiY3w,2752,51
sh0w2UjJUn0tdof5lsLBtg,2585,18
eB-ryqGBIVeNL0-mm88r0g,2702,3
PXYyefo0owuuSl9RmSf18A,676,1
7_lYp42oYr5C8PoYDIu6cA,1551,17
qeUnU_Ub8by2_tr2RzcgaA,1396,16
cbz-Frpoz62QGX66YZqZ1w,1932,13
m_AlnJiPmuIiVglbTxEbJw,584,2
GLhszT-o8RFEGIKM7KShwA,1626,7
zNqCQ5Vz1RTu_CxFMDg_-w,3539,2
eR4HeYHRS1Jo7T3iaRKduA,2370,24
m4Tubkpz-fA_CwxpwSCcwA,886,10
w1qqIN5tguQ6ztQIKjbrKg,1002,9
iZRMrUNCqWMGAU18UzWIOw,3550,152
9noE3O3mh9jZOB8-NPEbvw,1508,69
DZEClXcmhoTk2caP9gpl5w,1943,8
BjtJ3VkMOxV2Lan037AFuw,3811,513
d4vqfqDzNFvYppXMPjJrow,2105,1181
_Le2KFF78hrKyoxE0NgN8Q,2803,31
6W9WQpd_MfECX7Eitf5Z0Q,1353,22
Ey6eYO9E0aXwsasVF9_Qug,4279,64
LHrWsfw1BMgh5BrLHfcgAA,1769,6
nBwNWbMXWdwUiiP0SSDs0w,1367,16
ovNiv_kFoNmVy4rdAjzfdA,1633,8
k5ryqpVBhTFpdk2AT5T-Eg,700,2
D_s41-7xCXqylWyJtQd7rg,3047,5
BmU3wmzxJuJ1HgpqI1RFkQ,2217,25
2XuP-lUVBF09qPmCpZ8oQA,3292,160
fBP8BpYYKqHdLrhkaiM5sg,4286,163
o02gAo-7zT_Fl2H7IXNYKA,986,18
7YpvfNsqbzwcu5EF94f8Bw,1602,37
PwOYstqW_MVUbV4qWonCEQ,2126,12
0pi8MiB81EDaugjpmTPiGA,2586,3
4qlDCgyEeS3Xbfer4Dzjsg,3394,74
6gzhNQxrAqpRunnVncgAkg,2040,29
K8Rl5fx0VdRQ6YZI3NT3lQ,1967,50
wzItnkHTHKNqJESMSTEYJg,1303,130
fR-TZbHOE5-_k0S9q2UHRA,2677,85
jjogE_kPPMjxKvDEFlct6w,3677,511
0YVU1wZe_u5MplquMLpw8g,2800,23
T9yWXszhzEKDVaNH09aa_w,1227,14
hLRiaP_dTSdI1eeh-JnIhg,2848,114
Hi10sGSZNxQH3NLyWSZ1oA,3507,3736
DYIsjWbjMf3GYiIVRoNXcg,2514,18
PeLGa5vUR8_mcsn-fn42Jg,4014,1239
Tb-JkeFvX9krPI3kCYtCnQ,3326,352
q91tQNboB-0HWtM8cXRjdg,4372,714
NWuFF7-HjYE9dvt_xGbEhw,2890,317
9LizIp0GWYW20gqnOcDPGA,2151,7
LeucUJ7b8cOwi_14VMfi_w,3094,12
DIqmYwkcPFcYnEpWvzXeOQ,1928,185
Lc1BDdBFhQNTwHeU6HsHyw,1830,31
2PtUaDGbtFITLF0_t9LOTQ,1287,59
vq4vh6cy48Hcg99Iy63YHg,2149,19
aiWYPQq6GoXQsogrgAgXlg,2021,169
_nQxEhtkMeNyutmwmrCpzw,4096,29
-KClFfe3QFxQW1WGhPsbeA,3869,49
rRBsSTtkbyN1_ShP60sGdg,2974,121
xi8InTCDOmc3IA6pdblvSw,2726,53
tOdJethFY2mgwwwmDjYrkQ,1102,271
uufubBI9EcKwFW7x_o9j8w,3526,181
WoKCLSctS7G2547xKcED-Q,2532,514
kHGRDaZt4nHgNSJcjOTDeQ,3801,289
ypKZT3cHMUKv15JfKmxnkQ,1185,36
9p1roSiL9YJ5jm7b92V_sQ,1089,3
80ruaQuoC-E9CRBYAhNZtg,3246,163
mm9WYrFhiNqvHCyhQKw3Mg,1837,219
SeWLddwE5dnMcUqjG1JmiQ,1611,77
ub50UE95-gu7yIoed1zssA,2747,94
9JXtMjyw_tyjcBmnhMSvoQ,2697,112
UByCy7oxeiqFKOLmGUVm3g,2648,349
JRDLnxB8V9PYxCWBz4xD3A,2983,18
XHc773SUHXk4uZXhnA0bWQ,2627,24
s-gTqGLgKxDrCqDjsir_VQ,1570,4
fBr8jEXh4bIX4D2eT4Oxqw,3030,10
Rf730nsizp41XCIsHLjQeQ,2508,117
rOaRtxrYEetXyQTfc_30Yg,3234,17
6GCEw0CKr_s6vjXnrttLbg,3699,13
zsF--f6_2t26VHqkY9w1CQ,2809,101
c-AEz8tt7leZinzb7FyFpA,3504,38
U-ZTx3AiUElsM54DmA5d8A,1422,13
ZYfVZ3_MmbcHgTnrt40n4g,2517,95
ECfyQCGQTgw_CK8DNXcM-Q,2736,8
IkLWlkJek2e4It8Xt6vIwQ,971,20
_1YDS75DabQaAqqlPgu48Q,2366,21
453V8MlGr8y61PpsDAFjKQ,2612,38
37hrGTTnFCSBdw9aAXcitQ,2273,13
ica-FXNzyDzoOeArmg9Lwg,2601,78
4mVeX-XUX54gmyvCypewZg,2405,1
44tG8u-8JbcLJrVq_VcZfg,1411,9
7VdUgel0UfQZ58lKUQX3uA,3515,4
Ir_XjuubbpyRPzbBtpkyJQ,1016,3
yMb0P_kZjyybo8v0AdnBoQ,2269,5
o6PwFjn4WZ9Axal6zdGDrw,1614,9
YN4MDaoToGX3jTMSDAFOCA,2611,218
sGevqCTJv1gzGxaWQ34loA,1707,20
06q6Uvv6rRIDewp326IX0Q,1777,6
H4_YPiEqsGYiUWWHx63h9Q,2002,28
GNKLnUOBOCUomspaK3czag,1705,7
lMpEj892FujXVk5ISmAGVg,2696,332
ySHUfdDhxVtcbAPoWxfEng,2809,32
GSVZm1zOINHwc7Bb7e1nJw,2139,64
3gE3_MDUsCg-Tay4t1R5nA,4216,531
lJFBgSAccsMGwIjfD7LMeQ,2926,267
fleb-0jfBkYs7g0R3kz9YA,2168,67
hLVq7VSJBHZwqurwWoCmpg,2859,524
yjFpQX9QJ0WLC7cgZC15ew,2354,12
Ytjon2aVUm09CMdfGJxZYg,3392,636
ahBUJmFUedHoFfgtcfzqSA,2385,203
3Uv0dGI2IXJb2OUj8R2GJA,3803,482
dX9nbKetvW1nprtH1ih_rg,3142,71
VuVnDNculbta1BJLPwd7IQ,3470,113
dccateTjyakPfsWd5U0wsQ,3437,229
rI1d_pVACJKczzlTuXt47Q,1722,25
c1BpiSp3XAqFLG1LuN2DdA,2057,40
5EA2xiWUZGSxmkB2HQdG3Q,2264,10
K6uzhrmovXvxbGVpluXNBQ,2931,17
r1Pddd6xVlMGzVFKMYBgkg,2991,45
88z-SqRXlD8T9iYM6bAISw,1402,1
9p3rDPd-eRm2X8E9w_OXvQ,767,9
xYJxOOhm1qHPjckMur8iVA,1471,18
nYCGV9kideUd-MiidI7eZw,3405,38
AecE6t97JJRjuRVqFJbkew,3222,170
mTS8KRRe5RLjyc3bxf38aA,1443,13
S6cz25GMphB3QdpfCqOopQ,3215,123
jnB_saJqNfOmVoCWquhAzg,1906,1044
KVN1eio-4QU3zlkPmZHRFQ,3083,537
Z27fERSsub99cZNbcJHBDg,1302,138
udAaoR0aX9XC-M_NM_lonQ,2684,97
O2nUn7vAS2WH2EakL0jE_g,2721,13
o_RkA4NC9DxWP8_yn-V3JA,2251,58
Tsm8VraTp5OGyVALtUiCeQ,3355,921
fplKErEvQvDIwzri3C8pjw,1095,9
Xw4t5H88wVt6vfKw3n3z-Q,3241,95
M6olJVnPF00VnRDdigWrJw,3386,530
NhKd1Exzt6SXjdR0PY62Aw,2283,99
dUGwfQfKYiM3qWt-FvVPZQ,2042,67
0OhcNToaDdLU0vS7uPkYNQ,3311,119
vNLlZKxBZ0BugGedC6CvZg,1431,26
d64lte3gSQVd6AeHXvaixA,2860,101
YM72g6MMcI1S7Sk8ymM1GA,1318,10
99vP1vzDQcbty8RrLm5CNw,3828,40
U_n2b8gEsIxZQmXXLiDKCQ,1705,109
UoOe8LNJLiEifIR9u2jZaA,1696,5
5z587IBRnjCbo51IaHNPzQ,3491,130
Yn4MZ8iWr2w3G27_m4bhdA,3202,19
eZxv-fdRB6c6LC0Q8xMAdA,3101,24
KJI4KET6cujPDHzej3pxjw,4246,60
DfzNhxWVPp8iZm_laj50Zw,1740,61
7XlrJX9IpLdmgVoUOyzq8w,1764,22
zeBwFxL0yP0IGYlOjV5D_Q,2422,21
s95NeQF5NaXF4zRlQWNnMg,2139,19
hHOsJjdR1R4rzB08Divfvw,2906,457
VfD-7Wk7Y1dypmhlo0fhhw,1378,99
SoteA1jZF5FOijTCGn07mg,3206,15
TjCqA6QqIcsU9k29cT9c1A,1675,10
ZsikTPf34zSkWnldqISDVg,1122,31
KefA0WXMTjEpgpeivvY6WA,2691,18
iRgfqy-YCaHiFCWR_CE8aA,3111,34
JHdVExpJlJbCaiS1YY3Vkw,2250,45
UGszBvq3yL7XyV-fqZbarg,2030,3
EEI1wjfuZIFshDl1ue9N8w,2774,70
r52OQY3BW75X9eZn5eoK7g,1616,34
RljLe8wxKRC0jj1DbdP_Qw,2280,361
2VDMM04xGemsCykNxhdwlQ,2858,34
cV1YK_jcZ0n0OEa8eHZq_w,2703,24
EpZFiJxo6RO8a6QwDwC7TQ,3901,420
VOUnXOlll52vwQcJK1tm8A,3137,230
JlH2Q58EMhrPsMSP9hspjQ,2908,7
CG3rzWdHjtEPRs2yfOIzbg,2705,9
JiPMk9WmbJu-VfTRAKpZpw,3435,311
YMgZqBUAddmFErxLtCfK_w,3578,1657
Bz8yiCnCO5auG-g0-HMFlg,4167,163
CHK9IUyf2Oz95_ZcNZav0w,674,4
YBbNemmB8wWbKGr6V3bCAA,1461,25
JzP5uJjhZb0Vj8J_bn3mOg,3510,938
DtzguIRjy-oRbrwVidAxQQ,2326,134
bPu5ZsjIhoHV29UYWLVc8g,2779,32
oSDN3AAiog0OqQ9bS42_ng,3101,39
8n06jqTi1y2jP2me20R1ag,1327,121
Qm1RKY-HaDYFvWkwpRaLqw,2082,3
p4WztGxrJBrVWmt-xmY5Fg,2047,136
ZNkpsi353TRp2AhFFT9V-Q,2741,36
rDjgjO9gbPQTdekVd3p7tw,1674,41
eVuAa81h1l41CFQ2rvX8uQ,1388,120
GPQ9-bYKnbqOVEfR4zQfcg,2836,81
XBDoWphbj_c0bSVjcT8PVw,3251,86
Rt1sD4KdPD6Uquf9BIsw2Q,2558,44
n8pUO6sa5BBagPHx3qMkVA,2606,26
pNRS91V3d7S1RXTjfXGLuQ,2056,38
F3HvHD2dO-h62JFYOhQMgw,1204,7
qEToyFaq8hiQbAFkYj3uog,2336,6
DC1hfeeSaYr2E1xwiEL81A,2265,713
VfAfrBGohcjD_CRCwuKz6Q,3982,781
GEc9Xb7YpF4YgN8KfSUAGw,2270,114
nfcBvVbzRqVU_qoq423gtg,2718,81
Gmj_0_uQO1hyhI-wplzzaw,2501,51
OEWLzM2WuBRl0dFEkgmTQw,2653,133
Q-LUmBqNHUhMSnmyaPGbUQ,1808,12
SfssBehO5_rl-vg0yh2lSg,2639,7
CK1Xx-PfeAYMi-o_Qm6i-A,2606,4
vgwdQ0fpDZdoTidJuwYq7w,4852,1303
f1RZWbUF93mscmC-P3sn4w,3081,68
mdmFPUq98OtP8BQ4fCs8wA,2061,396
8QHaI9Ubh0tc-Cz7cRTbgA,1148,1
Q_QsCiaeQ5T_CfmidxEM7Q,2275,208
7xtfOH39ndGI6rTxddhi6A,3067,64
5ZrFDFPJe8Qq3Zgue315oA,2166,298
cUdyMNnZSo-SGE_krhjnhA,1221,1
N9YjlE3xW0KztirsezHT6g,1092,4
TLgRnuz77gE2D-joE-2Fxg,1424,14
Ty8k7Wj3kXMcCvOHsu-ptQ,1467,283
4U628IMVQaGuy1wuhy4BNQ,3376,81
JuFBjJWirUwqnnyD4U_HlA,2593,114
zHyQjAJa3XqnSzn71ywjAQ,650,49
MDeA-Gx8NScCyAdziq7IeA,2901,205
i6nzTfZ8TRckJOGgZIpr5Q,3113,606
3bo1FXvQnxw2hmO0CHH4Nw,2919,212
s2c7-9bqMhjA8POuKIHm8g,4367,863
wGQPpPFIva5vft7turlw0w,1889,6
djtroJm7wdx2G7MkXPusIg,3638,64
T1XUUXIEU5uj3NmdWAdIlA,3217,156
VKP1tppEwu9m4JUmubRCFQ,2732,162
LBcuPALypeSiLalEZa5JbA,2611,109
Enkx_H-B0jp2tRLl84wOiw,3570,224
mK-muLy9-EFuLapKZJZoDg,3974,117
gAzLxWsgYk0YsZhgmfA1hA,1975,10
vwdZXqnzaXE-T0UX7_GLBg,1910,6
OD9Q7wXecMhmCxTkxEs8gA,944,7
Ok8MnmGRBd9YszkgHRwIjw,1468,5
U3iWx7whcqumlQkGnZtgXg,2771,57
oiMbJahNrBDmQWWeqxo1hA,2733,91
fhi8K-yYlcCpWt2MRBYPgA,2607,412
_0ITEGc65gOmDIIbUZXg6g,1138,25
HV5HZf7DOQHiwCtNdor2Zg,1610,108
80RiaWwxfP9eu5shqvxaHg,2887,227
lU5qkrFbxZwI6gCQKoPrDA,3220,248
OWAAX8ZwYpgDwDtTvj3nLw,1829,212
zN3kkIyZ8IhbZXawvnz6gw,1199,41
r_dYnqAQf4_G5T0ekGFyyA,3465,13
xhVlmdU1sPVH6GBJw6AZtQ,2970,155
bV5TtTRF1Ak6L-plU6qBcQ,3452,36
3vYsjC90S80legSDDTmqcA,3125,71
Y9oXy1NMExRpK3ac1mYCIw,3714,36
Q4TwmNoxEU7KMQpWjMI7Ow,4248,5
SlbGQDdJy319kMFlH3wp6w,4170,493
zebIPfcIwNDTt8ePscqOKQ,2155,51
gMIibaqW5OBWFKipVL9qew,3550,54
-zrXNYGN93L3DiujE7zABw,2043,139
CcOgdfEJxgrxTAwag5k18Q,3388,383
NNEBlq2ErsdCPZxbPyc0EA,3359,53
_8ch-8X97NRtLwdtSd-XrQ,4742,111
qWTeFVdxXS-H5l41XA_Lxw,4607,152
U4ERp63gvcIeOis8UdtxvA,3125,179
8yKJHTJoZFNRBZ94BfP9Qg,1979,92
MMtVO2wo63aaFVpQSHISdw,2088,29
yT1A5dsWOfkOb2-H76JQIQ,2436,43
trV3UzJZi2vUSMVrHaDIFg,3175,196
YJLMa0DDZbRIGaoqWoXUcQ,1972,144
GpgBEengSGt1SDH67ATF8Q,4729,823
2tO6W40AXedq6EWtOhBAww,2388,18
FaIaRRLa0j_nWSXYQ3TvFg,4170,48
cqxeyEGlwLRAeN7F8LZcww,968,12
kIR7CVqMni2Q-wt6fXS6VA,2008,76
0I9NYzozlJoz1n82qcgNHw,3056,30
6Ki3bAL0wx9ymbdJqbSWMA,1624,861
2ge6gSEcK3x41I8VdYcV5A,2421,63
xU7H808td9xQkkxPsRjjFw,727,13
ITSnuLOu81doC5GGT5NMSQ,2625,356
xRjujOJ4F9Eiwvd3KECxNw,2141,114
co2xWFyBCWbPL51RwtTiPg,2107,18
OKe55-f2tvTWDDPHV5cZtA,2374,84
Kgxvv4DFWimTD3DlBhjbmw,3655,118
GpbUnYjQvGU1sZ-e9yCkAg,2093,8
xbeVw1teuShtX6Ayao9RNg,1969,23
L33GxyD28mrbGycvuxcMdA,2359,9
-Dl9qo4V0mNlu3rnj-B61A,2225,4
Dw03vpK9QnohtjWhc-h3Gw,2064,25
eye4SC65_nWy23XSJJSiXQ,1807,6
MZP6ApldRsaebJkWxhcOKg,696,2
KOe5DkFfUcADXCbYYfHJ2Q,1628,1
GUfZeBpNf6Khl-EMasnuZQ,2210,35
u-8pBisc6w4SgJ63mrzHVQ,2200,49
rtPVsFnaKhbU7RZRNJ0mLg,2394,17
TA76Xtmgloju3AEuAcbQYg,2603,9
gHNpwcLKV_rlalBcZDYdmQ,2920,294
bl-8nJUMxPBGAyifiBj29A,2097,22
h9MZv5I1hvTX1kkzq-3Cvg,3329,825
IA5rGat09DZbd8qaQattlA,2236,28
KT97taQ93dLyMMLDCGGj_A,2070,54
DRlIsW15Zn2qwYdOuhHlsg,2385,150
L4vgE1dKTt3uk0DhO2fyzg,2113,29
L8BHda5VvT0C50N4l4ytpA,2710,9
VvGcRJNcdLGJaacZWPas7A,1146,2
P-u44KFPjtKEUzXqLkeWOQ,3470,293
zxA6KTqMirq7EsaIH93LSA,4293,28
O2ASSka7du50Rl1vxmpNBA,1382,68
UhlXS6NdA5k4SRunpcKHJw,1794,259
HxeiKWNQhp1QD7oImwzIxw,2512,69
K7SkdSo1WZBcyWsP7yzSDA,1117,40
eMPDHA60zBEjoTv-4HPf0w,2877,30
H7mgupTANch-r5-v8FgHdQ,1390,77
X187Nh15l2YESRRcEruY6Q,2060,122
uZzTRmfIHdJawLDxyvlRaQ,1634,50
Jyi0WJt0UfGdEg0grR38ZA,3694,69
Yv7bXizbRW48tRnb1GG9Qw,3491,21
2otXDEiKDqUbox4BS6uK0g,2571,306
jWUJsIt9FPwNYsl3ckJSoA,3342,546
eA-KLkSEq9RYt9-RfNZXCA,2881,446
iCG9Z_4TDOxMG_aLWM6LHw,2137,509
2HchhLgGj16aITZGVy0hqA,4007,2563
CLhwqxLbc4GsNLDUC0gaww,3549,93
STcrjP1twU03Vk6syLft7g,3013,383
l8IgYnTR5YAnf3GAJtPwIA,2971,80
-6DoXmdXEy_P5N-QZzntgA,2652,341
hVOJJaaKRdQvB__BMq5yDA,2953,46
bJgm6aq08MFWYgjLmqRD_Q,3167,40
FKZG5e-1CoMZ6kLUUVrqcQ,2624,7
X12rOHcDfy0-ibcOHIKw0Q,2040,16
vIVFZwjd5w60CeDeEwAzOw,1077,4
wnO99pBbGqwqOoTQM25iCw,2789,418
s5Aa0rCaRL1VM_RfYCIkaw,2905,21
yDirjgppPDkY2Bv60ok6bA,2387,64
0FuVzKxh4ydtzuJpnCRYiw,2267,100
PV-s_dURz6HPhNdHLULXUA,2386,24
V3tFIHUlJUv2h4tOcG4dIA,3326,75
FNOunCc0dWDSDifjk_iuEw,3093,26
n21f-BuxbDQc_UL0wo3o7w,2016,2
Zl1fJNTzNULZiqBRShxUYA,3985,2228
YrlNGnrofZHseVYxrLrvJA,2852,675
nbVhicAu_-rOrXKh7xV2dA,2667,114
URL8nL-6BHft1E5nyzhPOQ,1011,6
iGxRul3CsnR73NOW662hKg,1452,29
DG7fYMcTdl0OE6B2mRfqMA,3813,324
MOTNdoIzyP9oyjWMtrA1zw,1002,4
cHb3oW5z5wSNKW-VtW31dA,1378,7
zBroG5s5a9l1EiTbrzxSWw,1785,17
PF29j5TUkdf_SGReIzsH5A,1864,48
QTNMJ8unxkk8XT4Tl4a68g,3301,443
j3-OMUPubY_3VdVeYHejmg,2133,1
oOHOGockJrZoaNTyqiExCA,3004,58
u_uMvqNpZNPos0drmP37Lw,2936,98
n134DrtNn-koR5e16_Qryg,2187,22
T5MGS0NHBCWgofZ6Q6Btng,2105,48
X86vXWcxSzuCfMJyOnx1UQ,1624,93
48WXHO2jOnl6D2XmzqEnRQ,1811,85
aRzBh8fCzIRpMwijyN4sLw,2589,201
RCrfj9GaKF4isWSIRfEPjg,2554,55
Rrgf1xScox-hRIIaUHdKYA,1627,51
XH5r-lMjx-F18H8okXYZAg,2860,5
QgkQ_xhy1QbWQsySXeTGSg,1475,19
TcJvptOC56hZZGwWM9QSZA,2494,102
qALa-1hNJOH-SnKVki5UfA,3439,8
hTSTFbaRFBDT1O73jBwHXQ,2916,11
7GVA958q4zs5Z8cdHauU5Q,2886,784
DNC1C3_Vw1AwiKomUcSO4g,2100,20
LVChK4kvG_mdRdEsk34PkA,2811,62
AV5kKSsGI5I2C9rkmkljcA,2316,71
4LHZzxTvMo6xjH5yXLAaxg,1518,90
6k0WCl_brTdP6e24DUSNfg,1578,13
VAmKvQNamoQi4uMqkNmMJw,2163,5
AVMvyff2-ERph9uDSC5WbA,1763,4
hBVCVTDpnNBCBTalYBsVhw,2912,19
yL8U76mEYgAIrW0oYpo9Lw,1947,5
GauIYNqLLM92leHjwomMLQ,2235,13
uSMtrX_cEMAayHU2yRzMeg,1356,86
Tnf_zHip7OeYy93v3vKp1g,3566,8
5QBtIy-aUrg9BdsxqhqORA,1924,6
yT6nYnoGo5IW-X9QV2KTZQ,3361,56
IuOj599FXnmGWhyX0aRnJQ,1524,138
fttIbxIx4_zre4zOUGiqCw,1986,5
J-xm5Q9zQhMoiswHIoBtvQ,1578,228
D5YwD8rMx3f8gUFDp4JeSA,1888,110
SjVQWs8k4h6-0GyK156pfg,1549,79
gRvyz9qCPGJeSrZg-HPqWw,1656,27
2JjI8DCyrpabtg36iL5lrw,2393,108
VLy6l8L72adD7iTBNqiPXw,1337,296
9nw_A7HYmcIkZS5EcE3-ww,2450,10
hgBnkxgxgk7ERdPZCkBLpA,1364,56
EdR5dIPOK9fR_IFGcTCxZA,3139,62
QaN-nccbLZPWzownQYgTVQ,3001,362
NvI6nkdKut_x5GommcngDw,1105,12
E7rnUkLX8ajxbeUtTpBuIg,3026,81
gf_VD1MJRnoqLDljDwiDnw,1200,6
MZVSvbnghsV8uDM-TnPTKA,2998,21
P44rMHIMlDNntn6vDaGi0g,3378,186
YQPDBJKKFFseQybsvo2rog,3636,594
f-ysez9SJSosLUON1BihWg,3991,380
bBq7xX00ZX4Qkfwjr_2Fxw,2748,43
wNnkBAPmyZMETAmwYbKZUQ,2207,48
balhXuT7Pa2Sqb3cuTkDRA,2535,999
veRNLv6_8QSJXFnKwQaexw,2825,282
qP1ZGxCFTtQnOArZ_oq82w,2775,18
IMSWNZv-9aueL57yQdDRIg,3781,130
U5M5Nwv_sDwb0WCwBctzRA,3837,8
TpduqHWg7DGumb_7guoFLA,2308,5
dzGrH_IYlidXaSSpmrltnw,2063,9
Tsk7eASXRkq79jsGQ9XgNg,1893,137
VAExcxlYFVzCgLuPmertmw,3913,632
1TkFY3Z_g62uZ6xNhAhXoQ,3964,209
z_s37dxPo0uFzdm64_G18Q,3667,186
etTn2JUCfWBuWmT7GzLm8g,1172,36
heyTVwhO3iNkOWGApTKKVA,1979,26
lEw2VL9JCDFk3R5NzahqnA,3065,710
o1Ka-pDfM8_3QPTvau3ogg,3012,18
gPK2AKr-UA_7hZus80SSng,3978,437
M7-K7GwC-vUUPVHfsv_xvQ,2191,77
sKVIL6VYjuAaO-hiS2rzTw,2831,107
kcLuh-ck_Zj07TsodaaNUA,4250,646
UVDUl5SZ0gNmgLzurmQb5Q,1689,34
fjNNUJS0dtMr7W0hHMiNVw,2872,127
lf1m4CbheuUR7fFZoLGRvA,4062,1031
cSGIyH2RV8QU_hC4aDPPfA,2997,320
cRymBatSrFJ1VshPx7ef6Q,2140,7
GyJf71ss616pHZrFZpL42g,1653,145
sVy5pmUN2J0sE2AzmgoBvw,4258,769
CBeZvUAazk_eHnSD-ZF7YQ,2539,105
KBPdlToMdFxLDGnyLDgAIg,729,17
GefiDYsb2U_-3ujGnheSpQ,2012,89
-jCNrky1-s4ZNIDeFL3C4w,2885,114
isy4gf66dvSLbiItR9kERA,4171,44
YYJNykk0WhPxL3c7KeTzyw,2225,38
oAil_gYOXUhqWnKA8SwKsw,1882,338
Q5jizBYD32p0gH2aoNoJqA,1263,7
q1AQXsOcXAs3TmnfuQh5BA,2694,17
vkpjSwVta--IxFOtrj-38Q,4458,184
6JsWSs8ususnXSCb_8HKXw,2348,115
w8K4cCz0k83-kA06oQlt3Q,2026,30
2AjHNuVqJDR5B-hTsbqpWA,2426,40
cGVAutBuX5PuAbrkoiRkxw,3485,5
n5P4Cw7F1pCYwVutSTqUPg,1188,73
HyYzkffDCWDOc0a46ZkLuA,2210,92
jzV56K7A_mx3y3Eh7YG26g,3173,618
-wYnwsNf8Lpw8UlY0ALApQ,1981,58
O8iYiw9dOr_fh1zByPJCcQ,1384,2
yiPOEnr2V5ekghE6WM95dA,1884,3
V4UzXPOGsAp5Mm5nxILPWQ,2719,14
vInhYl7i3v9UsYkmcm_ZUA,2285,251
X2eg_nHO5t2BLpq2EDIJ8g,3139,86
ywcc9N7YgCLqVb7pxS6d3w,1782,34
15zNBnXrstPogxDBc7oR_g,1775,38
jT1japLeFEucHwEaEmFf5g,4156,2137
rATLqbHENHQcs8clSGZfgA,3627,225
830xKkSYOMcbY-4hefhJwQ,2645,158
Vs1mvnH22CNDWnY3BsJgvQ,2049,33
jNT3aBGqgFRSEacPFiM7eg,1697,19
2LaXC_AW4I0EBU9FhzpOgg,1641,129
qEv3LrfTm95_VJfU0hFQwA,2596,972
OVOoEO6x1ZFP65hX1NRrPQ,3280,50
SS0EYY31LPBnmvrfRxDRJA,1347,3
_MlmCxxCYMMs3DB3yndhGg,1650,4
-NycZLw5rPxqwrkKKI-83w,3375,161
0eaSfDE66uojuFNdQdJb4w,2721,38
zbmH2eGV6zDWy8fyG104uQ,1913,73
Z0GBHiE7QpWlymLMnUP8SA,2915,294
E0v3KkPKsizW_RW3CKQj-A,2758,100
3VYqcbXzx_4GYmOw9WJpdw,1971,12
XhtMmcvMN4h9NF4C-eGD0g,1626,130
T7cNF1q6PSV5mOs4r2-rrA,2440,48
pkq44EgxHypB9Rz3eJEZDg,2638,21
Bd1jhY8egXqjeWJqsoSarA,2508,9
oAFYwJ5_4cmJiaGI0EUXNg,1749,136
SJFM2K3zIVBhZ14F9V-TdA,2313,17
QTsWqcotTvOVSmK7dvYOUA,2372,52
Z9EFr2BGo2PTEDdaqwxElw,4315,120
mPfLvSeRYqdQxJQk5ANVUg,2113,36
itA_phxuqLPPw_PT5BeP_Q,1713,38
a10wVYnv5LaXCbAlEQmOmQ,2693,327
vy6bsyGB80NX24wddBb--g,3784,117
xH63knKaVhclXU2gSP1q_A,3176,335
ns4BbYwSwX1cdY7z2uU65A,3408,94
YRvwnfOfpeXK76e1-pe5Dw,1905,119
waQyArTYXLuJrY8Jo3guNQ,4167,93
NaWSRaSwF8moJVT19tlZbg,2752,136
N8xd5E3RGxU0Ot3mqXqUHA,2513,14
3nIuSCZk5f_2WWYMLN7h3w,1304,864
peVsgFj0qa8SErmzIDM0lg,2152,241
vaHsTC5aRMmet0pVkPovrg,1517,9
hy4uEHgITEfzxrXzyDhCRg,3499,770
hurnfMzgL3Id73mvg_mFGQ,1507,19
zjYg5B443x1vK-GLONLa7w,1951,135
Jo094uuT74p9LPoAN_Axxw,942,3
GBo2RbrSn9vdOrlQV8N8Sw,1721,19
YRzValcf7LVi28zTNcfr7A,3192,72
BKiznTGRtzaxuRHDVv7JZg,987,2
S6gAeiubzQ7FJOdMvipsog,1291,101
qnD3krZFDoeI0Y-H9zW1BQ,2835,41
FuqhGOagJAGMmLrGRlvOYQ,1698,13
cvXoSNjYyaqlBZMZFBT0sA,2888,77
6y5FddadSJfZNatjuJ0vhQ,3504,50
Eedrz1bElHAZJEIZwu3Rmg,1466,114
uEvusDwoSymbJJ0auR3muQ,2764,1153
Kw5RHGNWA3ByBPzMv5oaRg,1730,44
60IVUw1Rfzz-IE7EiAoUEw,4137,446
dvwFC5u09dbG_16AeNKBmQ,2685,333
nOr3_aq60yivqgcso_iDMw,3551,609
H5d_nFqzwrREE-YduK2ABg,4325,1201
-aHixePaKmwBtiDrhYPtFQ,1178,11
bV-bRxZQzNopoRzSah3s1Q,2768,463
tjwblGkWN9m0vsGaypJ0Vw,3380,514
9RG87QSBaTmcbDu3ydQJ2g,1661,53
cJ-ujlCWP0i1UZXSH7F3gg,3576,495
vkOWrnWgPhgpqev9ZanAnw,2715,13
5xvel1GGOkVHhAlvRl4lxg,1983,7
7HS_z8WuH6YaLByM5wq37g,2768,43
dNpKiatJ_s7hVaiUrd0e-w,4321,517
IMS-2hUUL7-YUfPtqQliAA,2335,101
aMHQktZt4_ESlwkQW55MSw,1557,62
O3p2-rKwo2RfQKC2s3ojlw,864,2
m2KsayCZcI2n_dWhraIBBw,1992,3
agWoa2je21wiq2Rq8Hngkw,2194,21
cHgsx8nhRdzSDvyleihkmg,2474,66
v4QvQ26L0M1HJFd8AKxzTA,2727,18
mG1SRElljRwoIMdKGX1Ifg,863,20
Qo-MYRxNT2GBJdR0zI6nDA,3054,65
NsYNI_NqDeERp8sR4TMilw,2402,136
DNEL65VpHk058UQMSmiQbA,2353,12
zFCuveEe6M-ijY1iy23IJg,3593,298
j5yfS1QjGwNLQ0h4_wDyxg,3878,550
r2Jfm9mUxUTPzSNJ5JDr5Q,2167,18
7sYytBXJSB3llVE8XHpn6A,4375,18
gSwBZSw7lem2IEB8jId4Gw,3006,5
5wV1mrvsH4ALKYDJgwIwCA,3173,13
HqzBSBZ2xgf_6Fx4WYx3Zw,2098,36
09jpZrKD_j0SG9WPBDSJQg,2771,237
tN2ml7LWTM2AcZz6JI7ZuQ,2362,228
w6l9ID_wIh4L4fVuXWF0Rw,3598,17
6ZY1Lvi4U2CIK0Vf66VOgQ,1283,1
hkHkvgNklP236_fs4d9iCQ,3825,146
4BZFreNaGsXOCOc5QvSFVA,2048,78
fxV5doTLQ6MDL7J80PXt4Q,3099,27
NbperQjpoFMMsRKZJAB0yA,4037,169
xlOTpU_YSyLgjElIKS2q-A,2757,315
AgIcMFN_3IH_4B3GgWLBTg,3207,161
u9r7r92gaqijc3eday-XkQ,2428,75
eSncHkZl2JADD3qbRXgbyw,1991,16
y_KL2mj5EGus48AxGbM8AQ,3582,216
k1xAfazPABQ3C1IIhcTSIw,1793,132
FjSJfIljusGSwZhMPQzuPA,2452,28
VJ1hveH1BE-EQLgHKdGvlA,3129,34
xlp2qzyxgBg31wFHSDhKww,3216,16
sbb2XUj9aYh5zP6gTJ14lw,1738,194
jXBYwJM0w-RbWrmuwz7MzA,3088,58
Qn92K8FIsKmnQNDyViK9Hg,831,1
SkueY7hVsyXmYItELoodGw,2156,25
VJtiiemI1gs-cJqlkEquQg,2670,31
s2QdpIBMUJn-H7UDDcZZ0g,1150,30
yvtXeOoAjdGfZR0lQB9IyA,1563,31
jpdigJmHkSdTy6QzB74wdw,3464,19
-dErbI4sHSkRz6oxjy9L3g,2743,46
bw_S7ujLY6lo3LxiZXU8bA,3127,11
NCdm2x9SNp0dl5xHsj-LzA,2865,14
fgipIef7Eaa5pPcCQ6XgiA,3364,11
C-8aWzXFEU-_awJfYwVATQ,3090,106
vxRgc6S1mgXbZGXOE5nylQ,2640,111
MBf09zdFcOEnYA84aENzXA,2387,19
oQ4tySU_lKGrTOgs2GXuXw,3318,46
1zSF4o_SshTe4wKg9hAZbg,2800,109
rCUvlj4TSETvtAWxVlZPwA,652,9
cgFYpCzVSywxod6B18mqjQ,2067,25
uOuH6gb4Qcs7FlpRcxOZDg,1625,22
17a3-hvYn3DE8m0Ws9DQ7Q,2415,41
9n9jfv3kV2WFJu80eY3rfg,2628,14
Q9NF-twna2DbV-wOPbtKlw,3233,28
_ygVZpOdoO5dCgFgbVv4Jg,1347,32
dNnxpLZdE4AoS4PBGApPvw,2687,8
vtFd0TJCg8uDkAVlyrp26g,1777,8
YCSLzauNHv0qHL_E-y2MNg,1002,35
FkqkyifiYxBaajtYvAL3kQ,1604,27
1zeS9uLQ6Dc3mhtIUjKMbA,4207,83
tCPM2DZIogsGYTMfHOKstg,3074,22
OJPFRCHiZ9YrdlFx0p5X6A,3439,53
BOy8m7_KQPnRz23Frer_jQ,1758,4
tzsVIyd2vGy5IB0jKgvUew,3560,41
aAc_jUi2FTSR9dUJ_pd6vg,2715,40
M00yOjpjfaQOzWw5rHqRNA,1910,1
C37CnhZ4hrpHT1PIHIbA-w,3119,17
i1WmoVluDofxbEZbIQxf_g,2969,59
1HQ3yuhqVJPqjCz1P6fDeA,1318,374
xpkdFgOVRX43fV0begAaOQ,3071,137
loAFGfHUoy8XpCyg9pWsqQ,2271,34
RvaNCv4vdJEkBfNIWqxV5Q,2943,72
TYCkjEHPSJSnFb6m6GDluw,3982,300
dusl6MaLSfYbE83_iVO2KQ,2350,799
nfxBW14MqaY2dUZ1saPPjA,2342,68
oN23cWAm6Umyp19BTCc-QA,2802,874
eO7Wam6CD5-2xE4tfqFFkw,1257,255
lfkKVyEYQkspfRzNyqqQDw,2097,4
DTUTL44FGXGBJGwDthNj8g,2157,15
KKS97DndTcypcizR5sApTg,3161,66
ccqlLGfbdxGX6t6wE53R7A,2982,222
Yy3Vh9fPFLwwv8HdGVFj7A,1340,6
-t6KeBikcXfsovbS6JnW-A,2169,9
XEVek5VGp8WdWVAD4y77dA,1266,12
C-t9StZcNWtEyUyXFbvxug,3107,40
nXdQxFlBQbGOFmPTcW9vHQ,1808,13
i6Z_5zqFqLpp7T9j4tYtZg,1739,12
ic-tyi1jElL_umxZVh8KNA,1777,1066
DK57YibC5ShBmqQl97CKog,4721,1923
WptrrEsYE7R4Vd3Bai_xVg,4452,41
RzrHN6yhBlc0z2nBJjgvFw,2373,23
wM7HTh-ixzNpZfTvFZmbuw,3679,453
5lmfMXvBEn-bOAoWPlzyFQ,1617,2
9BeV9g26iBVMkDPRWjW3AQ,2392,155
8TQtY8VkfnZLjs8pci-XpQ,2173,69
_Zv4bQSR5o6aYctUzBZTng,3123,151
7KfPI_otF_Lw27dL_y0aag,2889,342
93qFWC__yRjDWzpM0gBjpQ,2690,6
bf9TJDQefaFzVc6Sb4CqCA,4499,341
dpxRA20vDQOAospE_1R6hg,2759,277
EHUX_-utY21UYNbRsC02wA,3768,23
n0DjR5Jb-dU4WkgzIe313g,3017,18
0I2S0ePZLgbBWQly_GqWzQ,2907,117
qpQqcj6zptaOD3syO92yeQ,3475,7
4kr0z93Ra7tEE4r0qcf3sA,3023,27
vMG6XwBk9dcYYefgy3HmyA,2550,2
8g_iMtfSiwikVnbP2etR0A,2310,384
8JsPIMqsS1zsaOGbcxdklQ,2323,123
2t4iMoZe5L69jmD2P19ofg,3917,220
yN9OJF-GrI_dFrtUpU-O9Q,2583,36
jdQVCqUn7xGxGSGFFZTRwQ,2450,22
yTl1G6vqwJAJKM1HjGJc2Q,3726,37
ogkSx3LzAZrY7ZwFz5JV3A,3355,91
4vyIItbdZ80s0HVlGhAJdg,3487,124
T9CPuTCN4K_dS1Lpmstv-A,2530,191
4cLAnzMc0ga57b_ICAMqbw,3183,92
bbaLRNVxGeSmaRAUHOdmvg,1822,18
EtkKoNZq8tavbA405yUmFQ,1986,93
gpV4qU5swBe2Eo7rRDEzjQ,3528,64
5QWtZdJlAxO_Ye4t6YB1jQ,2492,334
YZThm7IC0YFEBZqT2EdDeQ,1704,22
XN_iuckG1xVsgMXRNXKdLg,2819,7
wzyAH2F7kvh7Mnd_cSfv8A,4948,197
hss-cB-NlrEYuRa0oPrT0g,3429,162
ddG8kqjZxPeOgFlRstM1Vw,2171,7
8v1rpTH0d8YjjGWA892l1Q,3530,169
re0POTeMNFdYUF7eTs5-mw,3043,22
YFwhEgu6mOFkZ_fqRYmzhQ,1324,9
0r_0k2GYfx2Wy67VxgxFZg,3108,8
S--N18N7TtqnE0W_CAQEcQ,2913,27
GiwDyjC_v-bcoAKvRsZobA,2279,6
PH8SyiEDbgE0IvBmPfSZqA,2248,21
6JYVVoNt_EKNQjnVB1d3rA,1749,18
hbuyoFMC5UbxWIxVHYipwA,1307,2
ZcI4bBPsmsnfmOZZ0tMbEA,2680,38
-dhGS1TwPc3soucH5WvOKg,2004,7
OpC3aXiae85C3jazi9IFBg,606,26
ANz3yaspyY1Vh0z9P6ekCA,1494,51
iRrKGBtJpTW9PrT7kLe97Q,1273,1
icDPVdDIBLWSX_8hClrM9Q,2401,202
Xnt8YuIWXECp8brKKEhM5g,1541,23
Zv4_RmGdrlQ5QG-ps7fZJg,2736,3
v7yK6UjUsjVjKijF1UChtA,910,2
HY5ydxJMObbwmRFdU31x4A,1066,5
-WzyS1gUd85rrgPbLKWnEw,3230,13
ZfqrQVvCfnhlqma6bkEWJw,1186,2
rnsvoiVLr1v5XTjvJF1aHw,3221,71
HnNhqkPLtEgVYB7IHiPW2Q,937,9
8e9MNZR36Pm70RzmXbytuQ,3166,46
fQ-JEIe7oONr1QjY1dgLKA,2283,33
e0un5WIRfs6XCmWanM3OXg,2777,62
x2FgdJCi47_WXriXUp4vlw,2789,13
32M_2x0IzeIxcJucQp6BOw,2454,181
6uJaZlTF9iWprMy_jZ3_Cg,1001,22
RbcmsOT26NycBgFRMAkNlg,3646,42
nPKNLcE_R_L_IVSX82VWXw,906,1
xLaAqGYbP5koWcof1e78rQ,1461,26
w7C9GUYD_nfOFiHa4Yi4Yg,1106,9
CDA4IgUy2wHHsCt62sMtTQ,2118,13
H6QSYPYJFAW2wGOyn12SYg,3422,136
KsTjbW5YSM54vYSCkSz9ig,3233,25
YZw7puXgpRt4FJuYZ6N22w,1915,5
JQRclzXEo6AMZ-GUPlJgrQ,2322,4
CvkAtlkAIkGvRXZIv3uZog,1782,7
nOyphAl0JQ8JrvNi93pclQ,1827,9
S39_XDbIQbcCps2HRGS4tw,2193,20
uIX-ck_ykeTjWib0qGeXFw,1296,33
q0Z0G01P-jl10h9RdGL7Ow,2656,11
8_72kxMo2JM9Wrl-JH9z3Q,2228,11
uvnEFgR4Y4xg0Ad5GnLreg,2277,143
id2PorJklxhytP-JAwpu-Q,2289,249
AGEFNAQYn0Ih4E8RjWS6sQ,4223,19
fKNW79kum4TKDZX7i4rPdA,2704,8
vrC1d_ClcnkMqcZ7Tzsqmg,2346,178
xbGucDBM9q2xcJX4AypSTg,1867,23
hMSzh9xzzz-C8zY3TJN0HA,1381,10
FDFJk0feR-RAGHkxRr_3Nw,3132,166
ox9koLWTaWyZbaEivAv6ZQ,3104,237
V14yhVFT-SzqG0_3laLrEQ,2041,21
OLe7FkqGMtDfvZRERSPmCg,2423,59
sq6mhMI1ANfVJ1-UApzpwg,1440,1
V2YLI2Eo4ArlAwpYxRWczg,2591,119
7YqIOPRpr_ldE9xwfMZvDw,2976,11
w1CYD3yWvajHzAbyNEjKuQ,885,24
e8OFASsZ_6QCNAIkJnM4ag,1618,25
YUj1AIpzbnhUGlkO9iBxXA,2497,39
hx6_lI8_JlwtCoeVJId9ZQ,1760,2
vDlrf84X8yu-CZ-8isrOSw,1510,50
nNZ6zG4Z7VYDvFB5isIf0A,1865,7
W3o61WWDdvFXc0LURM1L7g,4351,621
dFdIYuMi1ywUjxT3DrL7-A,2654,53
DpzkYEYIKnAMg9-gWIsCZg,2053,5
JAG9gPVGqaLvq-mc8HSL4A,1519,26
PxIYKVpoKa0BmQDh8x6v1w,3238,43
hxTvxWgPHS-OTEoZTncXRQ,1934,96
6r9qr8Opx74uatALHXtIJQ,2777,80
OzOwwv655qbjvNj96SHNlg,2266,60
gArhntoIF-9LQaJq7CC6Zw,1255,72
BMzYk93383r1ALSJdRuLjw,3481,9
Q3kjcFXgFtCLaPAAhzc_Zw,2342,7
e7fdnUmNDBc3oMjQMqIn0A,1407,18
qnDTqDxNvTJC4SAXNe9iuw,3434,66
xd5xn0OLsaYrZfhay4J6Mw,894,33
JMX2dHmI_xUQ1bBElfnzNg,2577,11
INawQVAzVXzRfvsaA6R1Gg,3470,17
ZdUFyF5eNyZxete-T4bmZA,3246,111
7ESV_cuaEjDWjiXPiI25zA,2006,14
T0YwtQklqZvq8er49gvwsw,2452,24
EGsXCfVJUQLbSTfPhV7iTA,3613,16
C6lMm6x71zUMerAstbS7cA,1423,3
8YMAKg2lGjTc0X1dIPOn8A,2378,20
96s7M_uk_Blow-N5_j6ymQ,2600,36
oGadlVSR8DEE85ghFA9VvQ,1455,9
SUAFCKtkx8RrQ6EgJQIVrw,2795,1569
Y-XAUpt0XbA8NBxPYTz85A,2949,8
9OVPPf6NX-b_Hl1Hu-bKCQ,4515,59
6bdDDaLc8u20iWklkyckrw,1388,74
TmLQ7jsCLsyLVfvK2ulRWw,2152,25
WtypKCf3rzL50b5WW8p-bw,1703,3
X0HEDees4eRpNkaMCshrbQ,2615,30
9PmUzfxz3vamMaTzGSesyg,2189,101
y9OBmj65ajboO7hq5-rQsA,3691,37
lptL1bnTvR3QVzNxerzHww,4073,28
57tf_RmT5o3BiFj2gpV-Jg,3810,365
w8dy-ibFrNXBfA-TdQDCIQ,3534,512
cZOKJjJde5ruGrzFQVUwKw,2778,10
BSJDp9-kCmV4tVtYMJyhGw,3696,80
ZJCWUrxd2YzEj5yLshYn8A,3220,425
n6VF7X8cSEN3UjR2n21Rqw,1311,29
ZdcWl9GqbxFHEgKdSaJiKw,3326,28
nx6kjjvqTn3H6pPhHVNYyA,2058,4
NOoUo_71pNm9PHWVnL8DFw,2481,72
2jlimdYxRiZt0-OegVqvqQ,1699,11
QedyUyPfN-cq1FH8yVfn0w,3425,8
S0c_7XZkLDT3_NRzj77TVw,2084,19
0nUu56cTm8ObmNMZtEX2Zg,2640,14
unEY79t6hHECP9Yd58R1dg,2751,206
RN0r5vFDP0DcmL7rmKD45Q,2788,99
ch3M4r9HE2Sm2ptHEoRAuw,2931,52
MHI1R-PBE7__qXtotM7QSg,2543,41
5j-WVGXUhYyvededXicf2A,1892,24
Le_Hc0_WM9n1qeZ96ej5XQ,1950,23
41kMyI1BfOTyIIAenUSaTQ,2674,1294
oDoZe4gYUCb7ylHuhWFUow,1398,133
1V5SGuaq0aREwB-QlsJz2Q,3200,131
Vp29MaTyvTQMUg_TabfzHg,2056,7
oF_vwmhGi-JechfnimM60Q,2323,299
ehrAj-3sTzB3EjcNQ04Uag,2463,18
rBVubLc9uLDZLrIhd7OiQg,2437,61
FkGajijieNylae9Fne2j6Q,2074,23
7ZZHOEf6rBT6EqzQet4PWg,3584,16
H2P1sRMHDccMZQZjrVfoFA,2726,19
ZDW-i3GdtiMtHvdGFxOSJQ,3223,13
b7zWPM3MDi074PbSw9GSIA,2216,12
_ctJpM_-3Hd39OTjoQicCg,2038,14
d16R2W4V9zwWC90AEwfItQ,1479,14
wyODhqTQFfBum-B98JLLHw,2939,77
iF8nXPQUk8izJSh8-xjiqg,1629,105
JRyEJiXMLFu6iu5sns3iQA,3305,380
BdORxIHCQ9TlGC49phb_XA,4676,134
IlGYj_XAMG3v75rfmtBs_Q,1326,1442
ciXjBfJrAEteIKpzZg4I9g,2830,850
oIY4DR9xqAok3PJJwVnXDw,1666,222
PB39PcCatok0BtAu3_LtEQ,2507,158
-ZamWX626lcEUCzGEzofTw,1238,20
p33ucB_rAJTRM_dPF6sCXQ,2210,37
Jv_QXEvWuVvQUMWwCY4CIw,1487,50
x71pWjC9q7RKslDqly92Vw,1842,14
87EXpdunRG51h8fd_KC-Fw,2552,12
6ak9aEiCaUOnJ5jSHyGj6g,2441,9
beBgenWupfUOWEt3UFyQ5Q,3034,33
xqHK3H7shf-YMqXXjAHH8g,1644,13
2n03U1y-9Lr3gl0CcMrHPA,2270,77
YBV3qoEE1TLYzwg5iOvfcA,3015,13
lfZuhgKVXx5elQxAKaTwEg,2365,87
TGosES-ZAB24el62Y4Wypw,4850,71
af3FMwlleNtTuuzxvRHwFg,1205,3
lTr72zdVb_KVXdSIQxnemQ,2179,12
IvjNEgC9D5Zf8OSD6bBbFw,1990,3
H6aapOsuHBXl1SV2lmwLiA,3702,7
NJqmAzerpbAIC0-VBclwgA,2917,363
Rwg57VgKEP-8gu-kfCL47g,2499,6
0QREkWHGO8-Z_70qx1BIWw,2868,149
NSbDCO01supWweswiXvcNQ,1554,70
_n6GfNAx5LHtKeSY1xKmSw,2414,50
4pVwuNpFwn8nWrSkT0urvA,1449,16
DP6FyBNMw5M2C2kxXnFH7g,3052,143
hWqAvGYs5CGuDMB3D-OBRg,2726,5
nCkxOedb4CQ-jVfxqQyjKQ,2441,345
jQkVuGd6bggFlLzKc_BWcw,1697,13
AVjmVlQ0X36pr2yLagAmBQ,1042,26
e8o8mJ5qZ-Hx88FL1YNQDg,635,8
Dk516AUVjnBj5q5c59Icug,1210,10
debd6Lh1Xbo2ods49_mp4Q,1228,10
azBgBtg7wGRxdnlilW8AJw,2275,19
_pk2IL4uGjFLX-lmQsUKWA,2589,12
UGKF55VJsCXFUKq-HQCJjQ,1045,3
b7dhl8zTm_-ep6qWla6x5w,2534,39
J2ypbaPCF34BJ9IY7W0PLA,2424,71
yK4njGSBfFpZhDuTxNpnLg,2971,155
DSAKJKZn2TK25f8E6jgHzw,862,3
90xPUscApJ9qh1iPptGmRQ,3162,334
_w22R_jg5Y2SEii3ioYGWQ,1980,81
kJO_EOBfA16-OzcBWGrDdA,2538,96
mZJug5G_my4Tzul4b4DlaQ,3158,60
LIXmdga0iH8D2AFVpEORNw,3306,24
JUlMVyJQ6ijHCdMjs8bGhw,3932,1012
nPnRy6FGHBonO6J5RjxIVw,1947,17
rrbxUby8k4rYF5wgDZCxlA,2632,16
Kls99Rv3oM_V74YvcQDE5g,3475,172
YR1l4h5rObc5M5xsEis-Kg,1629,5
vLGYI7Ue2AXQhYnhWKYo8w,2837,16
LB3GRDZ7dyIF4TZf5Zit5w,3831,41
-BzGJlFETorP8d9pSAW0YQ,2572,31
OepicbUeYRwxGWM_rp1JRw,2595,310
uv_9hNnKlGKsjCl6mErY9g,883,4
ojRNsPxfXJaBeh0vEJCLhQ,1443,52
SOaJL315uK9uIy2xSzZX5A,849,2
qlC607Cyp0Mj91vDFvkp3Q,3182,1494
DHRupjFv4GyD0tEdj-QNjQ,3594,1383
-HYNrx_v73c2Jr6dLBuhXw,1325,7
v6SrDjzqb3oS6CbHB0xjPw,2556,291
lqy9arkXu50bOXrvDnQ5SA,2493,301
w4zdOaMGvSdKVBDS2vIaWQ,2129,4
ouxUJh1toYNdH1Y3hhnMpg,1248,70
fUnIZ6Z_hy68xjvWipXA7Q,1990,228
zBd1999-8dmjN193MEWe0A,741,9
7O1_x_3IlgjpY9BkiZ16xQ,2894,916
b50IkPtxvLYpdI7DD83FDA,1362,8
W4LhbkGlBGtRT14X8ArGtQ,1155,5
bD9Zc-fv2yH5UKWOAw8wFg,1828,9
ZH2BsTXtOrzgNLFGDFsogA,2768,611
9OR0X4T6JjvzLTW6-XZq8g,3697,863
dD5vTDPzv_79m8_zZhc9hA,1297,120
8p2nss7UoZmIVZTr1IjR3w,833,38
wlogZhQJn3ZW-S4jSWm99A,2661,70
LkFZLmvS81MszEbRxoKqow,2216,27
b8vslHjht8t8SmKO0CKC3Q,3878,90
ZQsqrNTmVRTLxCupYyDA6w,1653,58
BQLc7jSHfPXDvleNFJ6lyg,2148,1020
mD_cvtWL70B056Q3JQl7ng,2787,77
UGlJYHK0I7TM6yLB3Rkp2w,2234,96
1OSVkk2I0X2Pj9ufJeeE9w,3545,35
frrW7_J4Pzfw6d92ZHJSAg,1307,32
_UFKCUd8V9BoK07-KbLBmg,1743,27
j_orXueAYJBft-VUNbs1IA,2930,1575
Eypq5gLLjCapBVVnMw_MyA,4082,3406
JGHpOef9aP6rhgttrn9U9w,3633,561
B5FTjNWSgkAQ9UjOKVjGhw,3664,149
XsidR33reGV0sdVHFeKxQA,3459,31
IrODXIGqyoqEpAk1xfO8pg,2289,4
knyL5Q53vbgGmEBQLPLxVQ,2927,223
JdYkvy8lIodJ0vwJ4jzYYA,1077,73
w4g9KeHBzX8-_qiTwo7BNg,1399,64
x-tG9q-K5y8WTk5vlslxNA,777,6
VnlUnPrfae-fbqDoXuvDbw,4928,798
1fBZy5_5CgT9ZK-bpbizLw,2177,279
9USo_YZaZIQsovYnGP5JNg,2405,71
YobLDeH3gPT8-Uhyexs8lw,2370,384
l8Q-3jm3OhnURzEQ6aW2SA,2108,11
zEil7zukF_Xtxq7sqIbyfA,2820,354
i8hCMZN-0bHENsHZKHpC-g,3522,419
tWVlSt-66fl6bk9_5UzltQ,2426,301
hN03Wim4nDQ-824277aEsQ,3257,1333
omRPvhGPyc05McdB4b8v4A,3847,298
SwgCR62v2RKU3mQo1S-dlQ,3467,131
WidNi8RHkTjsuTcbySZhdg,2255,21
gKGEyyjBASJ_rDMZT7XuUQ,4378,239
4w6eo7UDf5faybprl1KJ2Q,2053,40
HCrzNcdX-yI2yifC-PHxoA,1952,277
WVuM1zsV_voUlMPVDc6a1g,1927,45
QSP9Pxedu9lkAUagxBTKMA,2813,76
wZIb-xu6DDGr_5B5bJobRQ,876,2
NAZzgDkNIL_DpHg6xu9APQ,2583,394
NFILNeh0ovVimk4XoqJsqQ,4095,14
1O638BDK_fWuxgTVJwff-A,4017,1946
H7pj7sbXY3N-WSEwa-JfpA,2347,645
PwjctJtye0wpLWk--sN74Q,2521,16
aNclcrA_5HjHMjzcmEMU0Q,3136,123
Fe3J9A_LGE5WklbEdbriiA,914,41
gurcmVDESVQ8X20xpw4btw,2914,656
fhQFQY5kxQ8KEvVczDrJyg,2064,83
dt9IHwfuZs9D9LOH7gjNew,3725,1203
67HwuY1mtttvvnqn9tHU0Q,3399,403
gd9qcUV_sXbl9MgsvoGLIA,3460,514
Z5bDadl1c0hSy03XMDkHgA,2825,32
EMZFaRIqAzSftAYXgdLqkg,3602,201
AiQL1INckKUk1Bx2WD8ozw,4279,300
dA0QWjx56wIVbGaL_r52mQ,2885,96
CgcF4eqDc9vpVxAycKIw-w,1275,57
HlsAHUffNbvX3T-R-ArmQg,1884,75
R6oSn1jeP0xuGlhk1ZPmgw,3377,173
m-6Ot4nOg0R6D0t75nWL2g,2637,26
Vffl2N0P0vYs8FDQOX1j7w,1564,136
_tHSAp8CgI14if0rnD2aHw,4131,417
kBQ28Rauvfu_W3O42H65vg,2798,25
HKqPr9k7OJnFaOY1rkcJ4w,2092,9
_Uban_99rvkkt8fCI0eC3Q,1708,26
JsOxAQ8GLvoG5X1TWky1GQ,1436,43
ntrPnJfx7nDvreXjfIbHaQ,1386,25
bi50oVCy6pJBCEXHdhyOFA,2628,374
b1KqT5SEot7X0qOQiV07xA,2671,10
NciZAStzBA8hWGuzd2RqZQ,2162,53
uVKscpVV_bgQNq_A9O9cMQ,1513,13
d6VGtpQ4216ZUuZsQUI9jQ,3073,7
QaOtVVgxD5GYyE9ALuKNQA,2366,307
FjmgJIvYxt5TTJSToiPn8g,3958,576
QuZbJquRtbY9O9JrB9NpxQ,4196,1623
-T2MKCuZQtSSoNu7YRBtFA,2501,4
O5y7KlfBdqV6Ih8yhjZLsg,2866,421
wAZ4HzPS8rzla5xCYkI-Pg,2333,58
FyK16mPE5iFIBDuwYF5cMg,2026,16
rNljlueDU0_YYjZa7U-CAQ,4073,30
Kzff0NUBAiUE_lwUMU6A0w,1764,21
mR27DvUhfuzgZ8sCnu6XIQ,3728,44
Bb07KiOWQTDktfvjYjHhUg,641,26
LZ3Wu4MJwc9KivWoiR9fXw,2032,16
ws8uKSP3N-G3piuEFWhxdA,2425,8
-THLGnsYKu3yQAsy_tt1fw,2876,916
u3ZPMVVEzneq8x856WksJQ,2389,366
agXJ2q1yxRupMSBCT-FFXA,2001,181
RWGJvGak18-mXGYQo5wFUA,3296,41
wMSRQ_iE0wEJepJiw3OUJQ,1285,1
AyYKTOCL5qM8589oBsqbfA,2592,88
V34qejxNsCbcgD8C0HVk-Q,1518,98
0j_OA1mIDDlhNm3lnZDDOQ,2875,197
XiI5xGq5FxWIwDnc58geVw,2605,73
bSOZCHSFbh53nhOUErgldg,3353,122
vKUlUXLVylwdttu7h1_Y5Q,2815,854
qMOMjz6hrhph2AUGl2iZpg,2492,27
dk8-B6hKb1XOmYJKC4Ig3Q,1144,41
zgLUWGBKrSoIIH3E2XLvNQ,2944,146
sJmPYUVrknwuCA8Be1K4lQ,792,1
LI_thv1oQhgDTZfEA1dCyQ,3083,17
XYSDrIef7g4Gmp3lNFVO6A,4184,4195
byNMn9Hf9cv_Amj2_5ydow,3545,176
CWLaMU0adG6BGEpnGzDBtA,1647,3
bu1mtWwxuayzV6b3VScWLw,2308,367
4I_woZLXCO9jaVZvDi18CA,3395,104
NjZ-Xabx-K60tlGdDsEXZQ,2337,62
FO8hILdACBsZrVDur5x8RA,3153,49
8RK_89OgXbeG4ohAdViggw,3401,182
YSVGqmbYieZaxB8vvgIIXw,3772,29
y7uSg0sXcACVBOtxIiR22A,1215,17
sbS4eSF_-e1cU6Fnsvn5CA,2325,24
i_1UjYBw4i2_bIJ7Z1O-0w,2528,11
Q0CkxRm-1UixyY6Gc9ZWqA,2797,224
Xb4aKpOlHkp9dmgTa__Q4g,2034,408
eL8VdX4tyDr5zHWSahbtuQ,3175,1000
L6wUxmUErIR7FJijgr6nUQ,1981,185
gFsqraWQfG46ohVFRg_d3A,1621,945
CJqgUQeWhdgbDyLAFy7xvQ,3110,80
ixAZF6rpfXujpxJ6Hh7vnw,3873,3
-Tg5YTEMbnYw3fQN99xKCQ,3021,515
nNtI1xRXcZs5R3sBEa8xqw,2183,110
mi9bNGzbfPD14WzWog6w5g,4288,556
J9mHpteG5XVio6NqcwHPCg,2463,65
tY4e_VZHvmQg-Sb4f3eU3w,882,64
SUdx5x74OG7E9YhTplpwaw,3463,39
AE5X2bM5UF_mT0Q83Eon4w,2044,17
G8aVFrfBU0JDTI3kZJ6miQ,3042,65
Jbd1x8jj3EgOkQMZ3RImKw,1876,439
iLE7_fiv2W_ReMtNUT2xFw,3106,79
2wsSI7G2vhWeW_kaOIdv_w,1876,55
GLcnZjaAFkmBDAfqGd5Ukw,2592,62
rRdhtqePilOUbSjIJz-h-w,2113,149
zr2ARlz9CnCi3NKKjs12Jw,1794,47
blMu35dRLe2rCYIrM16wAw,2052,84
CzoD8fDNrvNdL03mCqSNTg,2187,17
_tWsCv3Hh0MZcy1qSv-Xog,3155,82
zT6H3jrqGLX30ZeJYfIDjw,3017,80
8RegOEQ0s89jMHGqs12RYg,2334,167
BOUlL0dbyCR4BgylUsZbhA,1796,34
bAwfPH4lXNzgcYp9JFy6ow,2528,21
FJzx0YICxuPQs1YTuaqNPQ,2172,9
oDt7yYQAIWf1wNbXXuD3Qg,1196,7
jLpQhFMglWJVqOQmAeDVRw,2844,19
A20V8_FDfKS1srIxLTrOpg,3224,152
gJPa95ZRozMhiOqvENpspA,1858,6
MaiSNe0FnRWHsCaKHqK_pw,2213,19
rXuLYU7imms3QUpp6faaoA,2079,4
xvlDWTotsFmvJ0TH-4kNyw,2521,15
emFCJmpXxKbmltR0qA1D1g,1423,4
xpE-h4XFScsnvxSxmF9iSw,2516,8
tomZSBb86RqRxgjOs9TB8Q,574,3
S5DGX7S0HsBw01a7R1ZAEg,3443,302
R5Nh8wSPHCnPLXwpybQOiQ,2252,958
79Vv70bMS1JC9ASCg4dWqg,2687,155
yaBIVHDxaUBN2YHQ8-YiuQ,3565,1148
T5lSSewzKc7pEPXFc77D7w,2675,29
f8l2UlZfLO0TfuuNMh1CeQ,2807,8
VHtfjBS_FHZGfykVp6nLqQ,1836,11
k6wOf0VkhLiTv5PZMSSc9Q,2861,14
wQSS08uB5vwIFS-ZM4BkdQ,2351,9
wf1GqnKQuvH-V3QN80UOOQ,1617,112
QYBtrIneunU_yg4VTb6TVw,3495,264
WESo_kDiMzvbKOAGJE_QWQ,555,1
OgYi5x02MBukfxPNFe1ePg,3393,1516
1-c5fkvmpp6RqOLlJYd98A,4041,377
S8OhtIHCpVg_yWrrbKMZ_w,2941,76
JuyfefTGFar0hpm23gVgRw,3407,14
IT_RtmTH-163g1Zo1J5UNw,1642,8
0GxKcZqhtzBbhHsTpcv1cg,2451,26
H3VsV3rm86qipND8Vj56Mw,741,61
PuW-ms-pwmc-C5YgpZaezA,2678,36
_MjgqPR1pvDnZZ6wCwabBQ,2712,483
x7zoxuIXfaPNDl_CJOBlpA,2627,278
dNrRJTR4sr7gEOHeVvYfQg,2081,135
wH-uEoSdYIc9UcvTqHnbFw,1692,59
lP9IAyGhRuseI6V-TAvy4Q,2852,95
RNUV7k_Ng4KdasXQMsOo6w,2691,113
HdEM0xeldw4QAweECyOwcQ,1967,42
mAOHeG9gSI_bp-RX0V6Rsg,3964,38
XcfJuMlnDWJEFpY7DKd5pw,3047,32
5-EkhhBe3qsvkdHKehifQw,2442,38
DqJxeQRzalCj-Rfmm0jJ-g,1745,3
SO4mol_BGh6yDjlov9vZGQ,2472,189
6tJpZfrv4UznqDzx3Ony-g,1529,38
fyGD0NosE0HipgvgGkbU0A,2726,179
jlXLXdWqx-KCsHLr9sE7Ow,3883,81
plOtZruZJ-rxF7VCgeS40A,3900,401
8Az_JgEpXqAii_5EDkw2tw,2833,134
FuqyaBpa3nLNTDIwDRnOXw,1743,9
c7DmDEGLtzz92EwcqdIeGw,2593,3
C1IAYGkz-dgKkaXJRNzpKQ,3371,326
53tYed3KAuIwwPb7ZIj2zQ,1602,2
5X4jR2mBeCuNeV9xbcf6IQ,1389,3
Vxo0dvP5sbmPw8dRZpGDTg,1999,14
7cHIqdEC0yRKRjgJKsuPvA,2963,32
ciFYbNSdhRpHW0LofmmeEQ,3127,86
xjgTl7H3sVLYoxdWIssGNA,2136,12
xj1A7aDNuyTw3IBvhcLX1w,3015,13
nTlRq149iLJGbSe3XGxqUQ,2124,46
t8gR8NCD56bF1XcAjwgkEw,1415,21
d8xtWs2igQVnTenA7tAZfg,1024,2
8prVMrVmnE-P7qm-zppSBA,2619,51
RpYqGDi_cfx0jp4Z8vcrww,1602,7
ILk5Y4wPNW-7y0_As-xI6A,2557,143
ktYO1_gw5-Q_BE8cNlizEQ,2484,186
UetOIhAdPBkGjm_o-mSC3Q,2775,69
ZEwpJOG8PFlHiFRdAZZ0iA,3483,164
jOSG6CgKjMi4y_ZJYwq7qA,1485,17
Htx0bjQtOsoEIVBoSbjh5g,2280,182
nwnPgkUX6sg3GMRmAhMtcg,1713,3
nX6-QUKGqtnfo53-nmckLQ,1235,20
Hf1dov8HZLiXvfrxIeTZVw,1440,46
f5JbbpehrqKpMzLISRk8hw,2608,4
I1Jhth-yxtz4mty6C2sWqg,2933,50
fJ3dCH80VICTNPoRTxtxhw,3263,49
91_IFn9gk-K2tg4IgbGbFw,1640,29
hWGZN0cma0MtPk0PpDHnhw,3428,38
yRKigT6QljbO--QYjOX1xw,1283,76
kZLLzN9jF3N47AIKLV5Gzg,2109,147
Qj2M0LooW7ayosx2fP6D8A,1578,10
A1ejStXAS_KGTlrPHyGSyA,850,1
R50iTBXcS-u8ba3q8L6qMw,2795,21
07TtxrRM0b9qUBTWM5wNiA,1556,21
HYWcouiiAQsAR5tyMcGg-Q,2636,346
SJveDPkOvs1rZEoxLBUnng,1615,28
tggGEtVA-LQ1nSPEecRfOQ,2130,3
PACS2nRQfwS7fYHNBL4ozg,2657,129
46p2lZHdPQwV73hg552Y8w,2745,2
0LQSY9s-pTcIfRx3C9vB7Q,3528,187
Yn9z5JQptne_Bi7Vn9bugg,3154,34
AU-mDirhs54-UFZa5nj-IA,1693,4
9I2VX902vS4xH8daVWU2Ow,1345,2
av_hgcT6y6uXm6uwUOzUMw,1753,5
jLbg9nCH5z85X07ur5Vg4g,2497,1
dW3vJVM67ibNxJTe6CKTWQ,1124,13
nZxyvZKAO--GesVTUR-l8Q,2732,21
UMrLMTWbUj6rxOWMle7YAw,1557,15
JkegEiXXoL42_8W7EaVHBg,2874,47
jnEMPtMd5LJRkQWB5KqH7g,713,27
Ch-nAimrIBqgg4vWuQgllw,2021,23
gaPf1qNX7PAf14wIPBUmVg,1657,42
FkwZP3tVoQ46J2nJqQaPpQ,1601,8
u_aLqfUce2cmxxgI3zbU2Q,2735,11
9wzK4bWSzkDcOAuc-GYb-g,3238,105
ztqAoS8uPQ0CFmqTO3s6gA,2359,2
jF4RZiYSeiQMQJs6Nknu2Q,1259,30
oXa-v1sMbW770s8Sj-ZUCg,1716,68
jqN2eC--Nzgs236sl-Wm7A,2634,31
fGgE1ASXCWfuw5edGCfCFA,1973,20
teOMm3BUAzHFfpzcBsv5Rg,1544,6
-B95zZfxg16diBJvZIx-1Q,2460,3
Lr9fJ0wAVC5ATCIKntYydQ,2736,41
JzdQtPPhWtvMLpnq23U7gA,2489,10
_KRqksil5VJ9Xttl5nOP5Q,2822,33
1goJa-4OKwc--vlISRm54g,2860,6
EFYa6Whx_Q01J9fYvfUXvA,2295,199
iE2bjYDiGcYlTc9Nh0oKQQ,2607,61
0FWG9QzrOi3C0PYeTDfyiw,2085,66
r2Bbu746XHCKKphXg4UtSw,3123,8
0v5jQXXThW0GjnA-QYkixA,2574,3
y6IogOYLjAs8Mksx62vnDQ,2605,39
CH91HZMABHkTPFpZHHmNRQ,3228,14
CvSxxfqkkM25mu8I1n-8LQ,1049,14
wpw9k8kcoBTDxpYSfSQK0Q,864,1
HoM645ouLZA0grMBtj4w2w,1547,16
1LhGaVHnTN1T-VoiqR87bw,3822,93
kob1jTkdj_a6dThUMun0Vw,2335,1
_Bh5IJqmTN3zk9_7POC0yA,3389,13
nu6fVpQhwZWZmt_Li-wyZA,851,1
jp1tCMXa-fykdqPVadxvIw,1188,12
mURf9R_QNPdq81lAFQKLoQ,2593,3
y18XPDhKMBwc7w7C9OFlHQ,3567,165
EQGBrpdwn_ckp_qbvNsXDw,2517,7
DMoO7HEd7K1Pddkz2BtQmQ,1088,5
oedRpRXhwfo9NY_Q43rF8Q,941,3
tUY-E7wnO11nmjPXIeqYQQ,2340,25
H95gvvh8VNTCLT6r_H95xQ,2757,10
9cqsACp1WyEM617pgMU3yw,1731,4
wDfgZByJ4Ze8-lGgfkXLMA,2719,63
hBFeU-IGFQxnrAeude78Zg,2131,3
lC0YMQFVPcHVHhV-pPwHjw,1623,27
-UNSIBEzyESlctqJN5RZKg,2258,16
MyndRsVanzdhlNokgIMwHg,2493,46
SBAUtaZBT0-C_DZDmUrqYw,2759,7
Nlt1iseryXjb-Xud38mZ_A,2196,14
hm2a5PfVv1hHlWBJ8nOheg,2725,48
8C5fEXKJV-VnSBa3uI-EGQ,1887,15
APJj06CpWD3MtZfc5SU1eA,2163,14
I3zgs3SHGe08TmC_V0bEZw,2201,18
tYPLcU_P6-j_PDLQ21nnvg,1344,4
cPEa8Qv1TEIVcFptky400w,1268,13
5Zu-QejhwxbnkPqtEOuxAg,1713,3
baJcDLGQwBcq0-e0hliE8A,2256,16
Se9dkAqNfBoOoAbKT0LEsg,2596,53
8XN-mq5ZLx1oXYI0IJcW0Q,1941,83
MfWNmmIwld4g3ktM0_fmgQ,1626,4
yB_haPuMe_uM-0YiLBoMfA,3209,10
vACnQrtkEm7xEEsB4Cs7ZQ,2406,14
NMD2SlfgoYC-I3BXFxw33Q,1074,24
9uNNW9wmDrQ9DfI-fsuHow,2918,153
MU5naGX_EZWP-Dp1s586kA,2440,8
8my6RpruAjeRWzQwuUB0hA,1039,7
sE8U8Y1XfbFEsHdIeoxMbg,1227,17
WpHdzhlUY8yN1ZeEp8fQPg,1221,1
UB3k1k_s-0uadIWevFyw6Q,2452,3
YcivWE8WUQUZQyH6-5AssQ,1231,15
SgXmxB3Ar0x_-2jwLqLh2g,1968,4
QpOdN0YJWLBnQ20aCMxrWw,2092,13
X1r7X_iPgIIqrW0Fq9FfIA,1522,6
Ufh6dxK4TrVm5FgTV2dpTg,997,1
lhw_lhY0KYxi7eZq3e4fLQ,1045,2
Wl9Z0TiBgMd5cX_MYO_iPg,3179,11
ldvpgg9nGDn6KWXf-ineMA,2845,30
Yd6YEqXIAStglOxrEa00Fg,1432,5
ql3seflsJrb2eyvxIwQapg,2724,19
biymfENdbU2ECcgRdRhROw,849,3
tO_NleJ5VZqQZihf9_vtVw,2667,3
qBqilgjgr5FPv-HqZwXtYg,2501,9
OVoXrDqN4zB803Nkv4Ti0Q,2407,35
0ZY8SWdOLHWAcGgnrgRqWA,2712,4
Dppholn547PLAMkAG3YHyQ,995,3
AgA8cN6M_lKvuyD_3MrqVA,1990,6
VtGnZApQr-QwwgfU5HiE2w,1829,7
9dJ8Ib7yj97PXfznHowWbQ,2307,21
-_45HbwZxxVpc6h7DnnkUA,1111,4
G0s1Yx2lCLQH79DMYkuHVw,1399,2
n74F9IG7LoDGmtqigxwV7w,3394,25
QxdlG_uzIVg5op20OMA5Fg,1945,21
vkBlcAw_LaXAaWkTMcrmXw,1747,8
cwQIaQZzzaaazjGSx_DVNg,2362,22
iysgDgFgIMk3G8ycCv0EoA,4215,29
q_T0uzqyodjmlgSS5s_uNQ,2161,12
dJwFN8YSi6EuiPS-Hz9bpw,3082,6
jpVKen9GzDSqXT_yjxC_6A,565,3
jPqFxkfBp_9MkAr1begxPA,1135,6
-GD1g6P9ntZOljA--y5w8Q,1766,4
1yHb5jWRDoLJZtJypR27nQ,2485,2
Gfk8g2OHAjPKahptHB9oog,702,10
pmPsoV2jamfOgWOgiZxLmA,1011,12
pwwwLgmmW93Bz63z_fTDBw,2059,28
fPb78ZXma9Oi3Q95Ql5kwA,1802,10
SEjTiFWh_a3g-yGAIVgUoQ,2190,67
J2SJU5pdvU-X2YBJqHoZFA,2803,6
29_94QFA-3105gBG96mhgQ,2190,15
shtTK2s3HkN1D0SfTIuAlA,758,28
9k4Ay6Sul8n4MvdMPAyJ1w,1974,5
C1TC9xbL-rbN8UspYPgXZw,1876,26
ZpiAtR4WReIbMy54vXNqtw,2600,13
NF5WrQ-KpT-RPHQ9Lu-CAQ,1403,5
XyGWcY0iqHK-9LMmXeaxEg,1346,12
btm-AN4nD7MkS9wLXt6nng,1104,3
f37RnLf9ZRFaqG8HP1376Q,1616,5
oYsb1ijBAnGEr3ydozpBww,1387,3
qcht2tdUd7iAj6XClDJ75Q,3753,23
bK5l6tLywoLXZ9Nf9By3Uw,1356,18
5SYWlymEoSc8brPP568I6A,3295,2
20mwfoyWS2nzO0b1HHGtEg,2468,69
z6b3h-gWj7SqDl_5IDitTQ,2131,3
MIhWShAHGu0X5A4lYHfI2Q,3027,3
_z-m34Of7NuBMOEQ2sfY2w,1346,3
PeKouqRuQU7eJM24fUm6KQ,939,6
C0mG8m9IfW0L0-FCldWSHA,1339,6
742byd6uDwgr4eEeLjOVOg,2576,18
sxb4v27_35Lp1yktej7ZEQ,2216,6
mEKkPIAJTXdaj-b3rO72bA,1609,13
LSLxs1xphMVaSMgBfY-OZg,3498,26
OxlDNwFcrbrdoUh5qJ9uyA,1078,9
HFJDISy04WV5ryXfvaag8w,1197,4
8nnVkTGbN9JyXvgnAWzfnQ,1465,17
6hN4_eZPR-T6YJuPs1wYqA,885,17
giKseAGWQ1_kVHfLnP4pDQ,1743,4
H5-d3Cja74mTgQ3eO0e-3A,2143,119
OYr9ZDVcQy3inSIjIy7tJA,2683,15
u6aFSQGm-lOfPYpWjyNMEA,3488,108
H2DNqyt2CR5a8Gv3Jisqhg,3522,485
kBy2MAMpx9S4g-WV3gPsKg,3867,215
0B5KvqcoUBL0Rf2WTckiqw,1959,11
jkipGNFvdRy8dEiN0zNfbQ,1150,4
XdUrLJC7Y0J39KpZPc9CaQ,2381,24
L5V6AATrna4nlklDXIXknw,2465,5
H409BZkbCg14CLw0658RcA,1796,22
FHHHFXDvFgRsS7k3YxEDvA,1566,60
OyUMI_lTfr5bvQHrotg12A,2850,59
2qU9ELzuWmUDYux6uTVaGQ,2409,105
8qIK5MsoBKcDVna48CFcAA,1515,4
ea6Ym0GjSn51F7Xf7qJiwQ,2517,5
qHb44nnOqW_Nr6uWKj_wsg,1669,8
Nl2mdXCEaIq7WPiaugHdlw,1011,90
ULNuvHJFyylqAzdMWRkmxg,3082,38
OuM_0R1wfqX2eGl57Ey15Q,2530,160
xyejFqAoTRp_SULjJ2Lgpg,1266,19
-OvPeDVhr4wWK00G_GQBMA,2744,18
h5VkcUX_i7XNpstbxszGQw,4111,19
coe1PFJ9n64Ht9ufuQ9bXA,1294,3
vUAkH6WVyf2Yu_mFTSKl7w,1333,2
BMM52y_Dy09nCw31MaRA5A,2619,572
mUuIWK7PhXY1XoJvH9M52w,1516,20
sSLoojgMD7QPcpqZuVxAlw,1630,54
aOEXy-Un_ZavcHmE5Qbtvw,2091,15
oEqB6qGiV2K3q8g2A8rfYA,3100,599
ErreAQDbHF0KyqQVB3N1Fg,3645,148
bl9uLbglLfCH9n-VOpcuCQ,4304,140
zjcN27kCVeK8K2ONe9Qt4g,4099,725
2nKm_urHROBCbWvbYrZqEQ,4187,368
ugoxWWFvltWY2R0xOlwQ4A,2166,5
UtCbm7FSiV9ZkTUutAqPjA,1452,2
RapSBUEk-v9NCEGknldKIA,906,3
0tC5OOTuwvPGnnqhPCoRSw,2731,144
WsiPU6uGSSedIQ78l-RCqQ,3035,305
SzJ9OtZRujovrjggk5EY1w,1347,15
q8KqAeTX26wyIO5Z1x3dTw,2357,163
pLEEYaQjp_Zx8j5UvT18aw,1710,106
F3ver31dCx4WgXvbYFkPLg,2625,24
Y67nsCp58gyaO6c-xCTX4w,2264,46
KykSpOXsWqG77EOCTQSb6w,1729,19
CYlGEp01dIBjB0NiWzd9ig,2711,210
l0_RLyZm47ylXOCzPy2J7w,2143,27
TkB1_MJiEdWRskMfWqYEYw,1461,17
zwFfSeQoLaeWUptFoo_hOA,2653,57
qH0OY9W8HtlzcGzFw9MYTA,2109,15
gSdm_8nfHjHsgB2HpBdHvg,3663,118
YiofpSnU4hK-n04Ouhdtcg,1579,22
6Af3nOBt9pPJd5E-ymnspg,2515,201
Cmp3vzRB_Q17EXu0tT6gvw,3525,14
0sHeY8akc1yHcEUhYY3EoQ,2737,63
cbf0Nl5p-rzvpCPu0594gA,2588,292
g0c97QswTzZSvGDW-s3DNw,3389,3
niMQYKqJmBol7kHt-ez9Og,3555,13
3NUBrMWfwn8MZm6LYBjEcg,2580,110
nJTmpKVuVFtQo8vMfbGerg,3148,24
1SWEAJvBjECv2b6D3KjKDA,1055,5
py7WZji-lafM4bVDeJFj8A,1545,26
94WT9o_G39sv-mNoz85V4A,1209,411
kjp9pCdT4IAE7YZapoa9tA,2871,15
Bfk-nUsP3UKtOKY7spdFcw,1656,11
8v6wuRyqDO-pbqlMRkY5Jg,1331,2
Ko6yE7f5bFqGB_80fqrB6w,2606,46
mk17DrUYzAGouJEX0QLtdA,2213,40
K_xbzBnA90vnUp023-2Pjw,2829,12
BIimR8ROQbFLBLAN6LdKJg,1230,11
h-yOmlLM9qSMkq4dkYil4g,1533,23
cNxIvS-F2ABzFyWAFNaEGg,3026,209
I0_X7Dwx0DSbcv4Ul8TYcA,2816,3
bQ_qlqlZRFgfRlqveB-ILg,3107,537
I1PUlhnr7SjpyrE2F5DLcw,3085,38
Ay2ZM47a-P2OlboaxR3N0Q,2099,97
ALNUwFXAHXmFeQ9V2gCTfA,3242,381
KR3LsYCIJFos0d9pJscNEg,3299,39
u-zrwYVCbmuIdZNAq-6cRg,2649,13
2nIJwd4SYL3F4qH7bVa-0Q,1772,14
gspjDY3K-C74x0m8R-83vw,2067,24
JTqQ9C9S2Qc8_aHtO1965g,4066,446
4s_zxWFUqW6-TKYMPYUOiQ,1018,65
gqIvtxQS9HdhHgE9pWtiTQ,2274,19
_6LLIroPGP0YKNf-Bxv90A,2684,57
Brz-DSLa9nYQU8gtbrjG8A,4174,94
opYA_XvhkMAD6_a38XmnAA,2492,12
nRBfUycbSjYvJkPy0h1k2w,1706,13
YGlITSulOrR_cT_eEuaEVQ,1785,174
iNHiTBsz3jxUXbxKMjJw0w,2378,42
0bzPmptdbUqy83DkSPfyVw,2985,357
gZrGXlYS77D5_6Tn4eE22A,3541,467
dctm9wc6gw8ittBC6K1BPw,1395,129
0wBTSc0i-QFVDa_uRLzoZg,2948,125
3P8V8I-fdveuCvltNuSexw,3288,292
HuzmAn6OXMcAbJs4AGvItA,1269,155
TMRvaJ-LrSZI9ztdpZpj8A,1110,39
1V5tTGQbhaCBbmH-EVT7KQ,1286,248
RYCs_CBpZKY4_aKfbhZM3g,3820,787
EO-SiYlQMTuszkuae7s2Ig,3412,105
VMNt8vQrzWL6taFm7tlKWw,3536,146
il0ftMod5CdkskH-bsEZGQ,1895,21
vvwO7O6jYgUCJaQ0SNLS_A,3583,143
Jv1N4dr8Auo5PtssZZF5jA,1625,141
EDqCWK4z3WHJnCbu3gBKCA,1707,39
x505IFzLE8dOVnGLCyf7eA,2266,5
tBjf005iOQFog070evssdQ,2016,14
M_77Ui4DB5QXCcZ1dXJOzQ,2868,281
PJLXg5j5KeuCDyzcRvhC7A,2688,29
Om2fdTwJddMMM41deNki_g,3083,15
EkQFC89AuK3PX-S-DCCQZQ,2914,94
NAZbDQ6gHYt0UArXio-ydA,3046,96
1FlPGsq49ocuKTyWiRZ2Fw,3074,461
M7vDDzoPNQDN2FdTcwCq4A,1534,239
xLqmFzl5mBLrUPYVDxxVGw,1986,8
r9iInClB-hpREdaR-6Nj3Q,2184,34
nZTLhK-CUQAw8f1_zSxTxg,2975,228
llSlX6WCSGM1oUci9XTtrA,2560,60
JwBJxXUdE_REuelKkBK_2Q,4118,74
938tYzOYM8sTPluq2q67Lw,1227,3
CH9VC7aLLsV8NFdaoU_uog,1767,174
DJ63H4JNuCwicao6kTCxsA,2264,8
CYtKqfxO78q8MN6HX2JnDg,2897,349
9GhiQOLaM6ZGrrFG-SppwQ,3543,1389
Svd3zx8q7yJKk903CvMUiQ,2618,3
JnC4Mba7FB2VStcnE6nIpA,1956,30
o4gwAckpU3hA_zQHds90pQ,2747,60
GJbBBd2Ie7i1gnwPiyYRVQ,2793,719
l2vGsR2gtzelcAswfBGmxw,2846,83
Nag61x7xZMRvVtXDw9ADjQ,1623,5
EGPkiX_ob7tqIfBedrCzCg,2530,14
Wjrmlx3Dv1sjgCrrv6urpA,4064,54
rS0Ba2NEM5bOGJUSq9rArg,3361,36
C1yap_BgC4Vc0d_gOW-9HA,3645,61
ugm_-oSAgPSJilnF1rHN5g,1914,65
0vn9MvK2SbH9oGS47si4qg,1399,16
-vJaKoT3YWh1QAXR5RJjZA,1815,5
ncCeaGkpEQMgzSfBHnatWw,3102,89
O1zLV_nFobP6WHPIl8OLbA,2234,6
5wggDtGV3_Pt01oRcOzZ0A,2835,8
5obSw9GZtvIY3OYZwDnYng,3796,30
sRLQypUpXNeCAmQj1PaVgA,2769,8
2WpMUK9NTEQhFcnJJOYiBA,1971,37
beh2zi3UfykALTE9myYIsg,2552,169
705sTFtlEXFPmcdA0l9Yrw,2606,13
WNOXP3ReDHp8olnN3-Qsew,3245,29
FEgL-l6xXolYrlvzcUY75Q,1685,66
f-PGI0CGnhlau1M-w4Wyiw,3489,75
bNR5yuZd_kbKaihNk8joRw,1886,10
kAo0m0z2A7wvguEdotfn3w,2281,22
ptSItf5ApQmlh9gZTAjQ9A,3569,8
wt1BUYGyOO_6pezkZtKzSQ,2555,8
xmjo3Ipbi7-d0qAxgrBTnA,1654,33
u8xbKg7tmA-LhuJkypf1Qw,2018,83
yDWp221sbXLOBufoYl3aZw,898,4
XsKL7KGNXL1r_YTxXuUWkA,1472,133
3-ob4jCSYeECOyO_-_Svbw,3408,105
Dqb34bnL4dzwZvySx--qqQ,2100,246
D-_yG-XuT_-gf3six6a7mg,2693,144
IngdkE0YlC19RAu5DkCGMQ,1716,24
RTURvNrYS1kWRjG4z3eygg,2558,250
kRFqHvR0ltB4-NeJGi9SUA,1425,4
gK9q-OTSYdllXTkZ2NIQfA,3186,851
Nx2-PUAKTvp-DSCUYMbIGg,2732,6
wc1-myApYKrSvbZfT5QNNg,2505,40
toEOqeTCIsRRGj7UDjAGzw,1271,60
g8qIe0qyaC9BFmEMZLxavQ,830,3
rnSRwZiF1ewLwVE8TzPh4Q,1774,2
Uyl2y1JxstAuBEuIbflqHQ,1637,6
T8qS8KOppQUu4KvDV9pflQ,1215,14
kOERAYaUdt9tTgFaTZJQrQ,1542,5
4tChidLwe1zE5X3ygeApjQ,1541,28
IEIhGBNbCvTzuf3OfQtdkA,2517,15
NY9RNf7Uz37QJgZy1TCorA,1245,5
E2aPg3ByzEfr1li7Ac5YEA,1260,15
6__LmQPlxnqgfXxbTePL9g,3565,24
ebc9JHLGJXvxZhZ3vuxYqA,3192,19
50NpoMnfzpLtQ0ZZzjBoZw,1648,29
_R2BRaoABgwTwHeWKMZkrw,1570,44
I6BvZgj6DWEbcKp3I_OmtQ,1454,9
l_oCo8wb29aGzUlsdTi1lQ,1286,23
g76kLRDrfor-CU4VaBLR4A,3706,5
wpOw47sPVkCURh2-Wz-lgA,1568,138
OUfAxCaWfFs5Hp_MPstxfA,2635,8
Mr-M4XcgQVDroOrXMM_DNA,2620,292
E_VmXf5CaX_OvRt_w5U3MA,2521,11
GmXnwpQektKrbOdh69KpcQ,2800,23
Ole2m4kxX83MO0mkm2E3bA,1710,66
UWe11zFUM820edtzFQnwjA,1814,83
Y9yirl-NXSHYKWb479vfMw,3111,79
wZ0KFPTp1263hDl2M0gXGg,3399,496
bbfwZ-2Pf6hLgEBUNRNsvA,2268,98
H5GcrL1oexwNORGJ1nAPPg,1177,11
7LCG3o2KW2jgKgbKN0DQOg,2736,202
kum0lo3Qfpzg9o4OHHRAHg,2771,27
xhL0K0r_SQq2YjJ9joJXuA,1896,26
xfKj_1Co4ve-vsvbf0sJXA,1662,19
UwHzK__jrUOAt0D43MUzhA,3722,17
TMMmUU_psX4HRNeucFOALg,3273,116
ZCfZYep8joocOOVGUtId3w,1684,39
yrdGl1rS1-bcDCroaeaOXA,1848,30
c1LmkHeWbwIoLgW6a63UiQ,3490,168
MRw1yT9BChejK1lSwVc43w,3645,713
uZKSz1C8ULOINlQmfpR3Mg,2669,47
wOdyXT1uFxY293RWzNc5VA,2264,26
MFkLNpefRvo9ssgRHqNtXg,2251,56
3DvyCdzhr3PKbfK8QyRIoA,1858,77
rZdvBzDThIccDO64oE0Fsg,1596,3
BFDw24ZGIGbBL0lSjr5FUw,1221,68
WSfKpA9cNNlRfHuYAJZboA,3163,156
K4UB2_s5gLNxv7Atg01Iug,2719,43
VjEePZp5NqyNT4AJeO-QZw,1986,47
lsLuVKmdh45yommr53zfRg,1686,61
7SXMK8xGbTYnxbDhemjmug,2370,26
chGQHc1zAjm4xb_ygt9Eqw,4129,18
l91OHfTqmmYPbelgEkTSgw,1678,142
gJ2fWaYwh0pHjG_BeEJWbw,3846,76
mRK36phCLl9rsABqyBvHXA,2365,59
S-UHJFT-ajKugribk6MArA,3303,44
76DpCedHR2qx7K64N0iNtw,1333,10
S1AsFGdTZ34IBjtNdvcQ4A,1998,7
VfBp02J8BnnCSfopyIvzWQ,2110,29
jvpSKDYZY9G3LeBHWxhoSw,2193,39
UnNESmNWiBCWVHji8bMlhQ,1946,34
JQ6Q6E6jPzfeu6XjAKHO_A,2770,52
fzU5GWPf3JMZXPsSMmctuw,1823,10
4wdimJE06rYXCH-VwqU_iw,1572,1
Iw4hk8D8091aYyDICuBDmg,2634,136
d10xNwPN4MPKr46HPts8NQ,2797,15
IK-YifoVzbLABm4e2v5DXQ,3315,7
f0Xje_BqihQMnBA6Eznz5g,1121,36
NirmaN6IWFrnq_zgoX7rgA,2867,37
_zg5naNUVZ3Qq2E_MnW2XA,2741,51
4c9gpRcN7k51imYUI_M7pQ,2474,4
8jr39bwhjzPm0jT5cqFU4g,2262,3
acibjTVXkEhLzQA3jkM9mw,2699,8
UoBWjb8lEqQIpdip6Igjww,1508,2
z4k9eFJ5UnRJloMzh4jxgQ,1497,4
LqZfmpi6oBz4fUpQ-aaFeA,1173,24
G2srJcEOFAgXf9SQmdMNkQ,1462,5
XBB_2Z_w5WUwd-iUmcK3mg,1250,20
0-4tKh5vlc7bfNV0Aj1P1A,1399,12
BAKPKw10hBhDoP_31yZiGQ,2109,6
HpIs_mrZq9rXvA8yqpcKCQ,2729,4
KruqSEryMrJidqgWXqvQXQ,2590,4
PaJF2SBShGrt2ddZh6BEuA,2583,26
jqFdVLWIAuZ4olXcDAkXkQ,3136,136
QYWHe50ZIWvkqb3Q4OyLZg,2972,28
_WKvKL5Ita8RJjM5yseyNQ,2509,24
vhSV8oeKlNGdvB_LIy9lyQ,3151,829
6aV9FowZUgxaJpD7YSdGgA,2598,188
D0YXykWUuvhUGVODr1nbOA,3225,35
9aA4PIWbfInPh2P20GQwYQ,3254,78
TO7oe9BOeLqb0KGvtvgmHg,1463,6
uvn3rwvN9qjPxkidfrEq-g,1512,19
ICC_WMQeT1KSRYHwmsE1bA,2102,2
wkpwjFRoYgbLu60PNCbctA,2507,12
Pbz3mjxZU1S5PBLf8d65tw,2631,49
2xvtZz0xM3Y7EXpYRKgQqg,2121,2
Z8z-qafyOwSYFh5qmRkyKQ,2355,52
op36TUXSiy8soXygaSDUEg,2123,93
ArFQF6MB-rtjauVV0h-00A,2430,13
oDfyESS0xgVWsm54LOEkWw,1542,16
9UMqY2GTI3nMkLmjCbyAhA,2084,12
-Ch0GLZKtlaY8U_6NacNSg,1248,101
1bmlUHvAgbC-v0bZarAqMg,1934,2
_NTuzwgd_4yNV2f58xckkg,538,9
U3S-j8l199iCU4it0c_mvw,3037,17
g8NEjbdOHTtoEVeRnc1gyQ,2511,25
xKVgM_uKLpI5EFRXNxLr1A,3605,57
tExYv8ba4Bd-E0SR9xxcRQ,2875,16
WD4_jfIXfvOcfBkxshKYRQ,1503,31
EULu1IghnGKQaAPBcUFi_Q,1544,8
j2VakoTnUoCZ9Srv7Eac1g,1977,84
sDnrfHcF4Vhr6d1HjiBGYw,2243,72
QLW4o8NcvaoMr0tSbO1T6g,2459,47
9IOOjwmAjEbKtbkX7rx93Q,1170,9
GMpLVezGXw79SMxu1hnGFw,2819,25
KtBE47c9YbDHRq9oGZnn8g,2796,10
cVkg9FStWuz-NCQ71HdCNQ,2422,2
5nUhGE7019kitfKmTq4LOw,764,3
6-BE7PjmmHDKQNzsepwImw,4158,36
EpCUKTXFf03ox5ZXUfPs0A,2495,104
tDl15gunWvbPCG2iFzLDiA,2792,38
jhuqUWOhfppqh5XjIJq2IQ,3296,14
IbQjVjE15EYofKMUmxwPyg,2951,16
E4eRV_QCQbpNaz_dzoYpTA,3758,382
hAR2Znsh-_hpaS4PbV1yGQ,2109,97
bZBPVRIGQZ0WXRYLtYXbYQ,2865,105
kvFWIY7f_0J43_nxhUb5jA,2878,83
wv7h6qLkFiDxuKgAW-kYxw,1276,10
mA6zX4T07Gl83hY_0Fhaag,1513,6
0imE-KCiCW3_Eahe6WWIYA,1168,2
FpQAzprCBiia5z8c_rdTXA,2830,4
GK2QkdQzO_qdKzlOq-1HUA,2900,3
JaPBKALWYpeAfP3H3CUHFQ,3771,9
YHPJWxtxAhzYsDLMYTgCZA,1664,13
hR46eNRYhDXDHnXLzJz41A,2615,20
lHuQnlig38aUdtr2VQm8VA,1974,22
IxUo_G36GuYOMNzCOWrhsg,3012,16
Goeb2D2E99xss3tMrX--FQ,3563,718
2V1Y6F6_AkLx6P8R_bBn7g,787,44
721jdNJGnH8_G5iBbG2txg,4000,17
R5gtpmlLCf9spaDVzXV-5Q,3104,7
I9iaxghYGBcfvohD81C1sA,2449,258
1Xzf_IlENdMFM9hkb--CWA,1405,14
bnF__ZkVzZGW8wgVCeBEUQ,1411,37
nMhQ2vrzzJNzJC8br54_lQ,3576,167
zlnlf58RKjTExXWENFcB7A,1116,27
ITZU9bz9CY_laMqK4hZrvA,2627,125
5ohCK4VfnbxMq66kzFEkPg,1341,14
WYbhKlGfHkQzmBxsNwhaWg,1803,13
7YZ9FqhAyJ3zs-ZKAaUvwQ,959,6
zP2S71lL6RBdfuGgo3nv9g,1949,14
VPu2n4f1RLNPppb1WyQ92w,1991,5
74GGX-w5Pcva049hrjHr4A,2396,54
RDRUe-qmmjM8v5oglUGhww,1699,4
Dv-4l8ZbDmayxgZSF8TFXA,1153,6
wyJRfvNWjPt63tsmD_PtwA,3055,2
hfKZGLSCzbBW_I68MMIsZg,1597,46
IzFTYlx5qNaCC41W4YIjjA,1898,2
Xjyowsr1-VqV3t7lHfrJoQ,1656,39
b3ICquGVBOeZocuZl5j6gQ,2276,7
c_Cv1sDtCf-LS_NghvKw6g,1722,9
OUej9X6RcHo8WOmwgxLz4w,4062,230
cAGLhKABH4U6Xm6--hDmSA,2514,60
8U9bQ6ctbM6HCB9hqTCUTw,3015,89
6UDzDoUmgSbni5cn1opU0Q,1639,22
E_viC8KS-0T0UpuM0oWG1w,4320,32
0wHCDvbS_i4xDr62z8w18w,1927,10
-MJfhMBEUaXyRsyqS-zewA,2193,39
EWd53b8zVd2sN_kO8s7Ajg,3102,15
-VLyE5L126cdLrAd08NSnA,806,9
XLOVIvOaXc-5oy5sR0A1-w,1799,41
pGpAT-ecEviQRe3S8xkFWQ,1627,11
YZuC8xnn1dMJFEg9DoIgGg,2039,45
EXcywRIvLnTtIXpdThLQtg,3095,32
K1MsN0iFpUmuO21zTYxmnA,2544,31
j24K7FvYdBvalIhwdpwVvA,2499,37
iRF89YEjFSZyD3SABscZYg,3723,89
wjoe17m4vHCeMHgooMjNOg,1296,18
w3G_SN3zyjDJ9Fz0l3y5Ug,1667,6
KL3iBd6dCiCiZqHKDihUaw,1655,25
KTsaDeM4HY7D-cser0kDnw,3199,301
0Y801QSvHHuzOibHBFcWjg,1480,42
nD60twHjxkBw4rqoUOk8xg,3745,573
Zzmrs2Q_B3r8Y3DnKC8J0g,2503,28
g59pPNFICqggbzvy7p-3jg,4376,99
kTmaLV1pVQzg5oyx8YjaJg,2964,189
iQaVh0ejotW4cjnGRjN_Ow,2074,25
hmHPTH22A2rx6dFPwH-Q1Q,3066,52
pEUccJ6MxdaXPdnFfWT3dQ,2649,367
cKpl-llJYTY1AdiVCMaK5Q,2255,64
d2DtGIXggCmWDtSePUFP1A,2461,14
BlKCEQcc03mNdLA1pVG-XQ,4085,469
zsLCwzDW1hZ6iRLzhwIf1Q,759,1
D3ay-VtBq2GlZdYCHA5HLw,2700,8
g5QLXo-szgtrlkaoK6MOpw,2083,17
PhtOjtSNdagcsJpRmrLvzQ,3259,110
DrI6q33LU_P1xTPdX-D08Q,2317,24
u8WIVYVQxiAFJWLdjJNkIQ,3383,876
RlpkcJqctkKXl-LO1IAtig,1800,413
VzQ85fdQZlYgInAQKhqkQw,1494,8
CrWOhiDNijLBmhR60xEZIA,2800,46
duML0VBdtwYr8BxXvktX8g,3264,40
ThkRYqLyPL9pdethCPs8Bw,3057,1008
tplevuKOxo_NmA7B5u-HsQ,3976,47
GNkylPWcGzmodURlP1mSJg,2011,1
I29dY5A16WeFu_9uDUXsgA,1948,23
xywXoLnG7qWIayFu8oZQgQ,1594,1028
xWGl8Oj5zzIeIqdPWuxXqg,2348,25
3KDEtouy08gv9ppZ-8zDaA,2625,2
P-xmfjALCPXhFNsR1ACeSw,2336,298
JGmNbNetxjRT-mrUiRMM2w,1781,7
KDcJX84Fu6vLoil2D3XnnQ,2361,36
Q1IENmNc6bdDruACmhy4mg,1780,113
yRW2znuuia173wbpgi5t3g,4177,56
KMcl4QZJqi48EyqrGLiYTQ,1617,7
uyfMEBN2AjJ3ODsjVwrREw,2150,28
aWoleC-dZWLcKPn3joeQ8w,2701,98
EnYp77-0u_Ka5kUHWGFfuQ,2275,22
qLU1RS7PpsRLVcxhW7WriA,1565,20
vs844SYuQRjULR9oXC0Ckw,2788,169
R7-3MCD6_RL_VxN65yCh2Q,2363,51
FYLs5CDwMuTA8l5tupNn6Q,2968,23
TKBxndcSYx6h5O0kB1HDjA,3169,67
wKYcj9gSgzRfTz0km9opoA,3955,21
-kMn9KvDYmTMeroUf3nVfg,3042,104
p_uO-Fx34btux3z_-k2J2g,1832,68
1f7kY26MGyF2DTS40EWTjA,1312,13
1SK2DPCcCF7zRlbch8Yj-g,3703,168
QpfNGJ9G6SLeHtGrejyiig,1373,56
lu5Gl35WhpqIkg06o9NaJw,2560,218
wZxzPU5gK7IqTa1zmO22xg,2322,91
i2izT_UoCoz9ktdbByw8JA,1291,19
XNT58N4I4ReDOBZKwURtbw,3298,271
OBqUhEkl0wk922fg9ebIpw,1436,11
AkJYTgdK2HqvBZQNJ7qZIg,2914,133
IiElOq3UQV3oYPXXUtE6ZQ,2390,9
9LtRKwgaSpMY6wXWy4fcWQ,2497,424
_un0gwu6IxHlXFgcDlRuMA,3010,246
_OGFSXW8wUXtBbXucE2dlA,1913,10
JMij6T9QePlAUmUNTl2UUg,4316,597
6RO1pwpmF1Hh8RxHposgeQ,3080,200
2-iZ3lifB5gGWcpP6EgCCw,3827,286
emIaA4wJZa2gDtgqnt0oSw,2537,43
0GNzUcrdgVkGrt0MqjMLJw,3057,649
xuv8Uk0tixWo7yROVNSSeA,2048,69
v_8IhAUt_vh2WpHLhvG01g,2198,55
_SEBcjCwgneOV1VV_vESfQ,2997,465
GMEipHzDabPRg86lPzRkeA,2899,120
F2Uot2O41uGCcYS470DH7A,2354,39
v_2GkIJ7tvNulrn2RYma9w,2969,2
Ry_sl03spb7onbTOKEE6zQ,2786,2
kdw5yJovlbCN-VOh0WJMJw,1750,7
Uy433YBkRBSvqzKmsUxhiQ,1437,4
DHGVCPajI5tDYOLqXuytWA,2436,29
QB5vy9yMp-QGQmDCKFPzjg,560,13
NEz0ll4ZbcnJzMw5-F4R6w,921,3
11_DT3Y6Wfb_dHWEiAqWjQ,1953,22
FL-FrU7Hwy0CXGmFpkO5ZQ,1834,6
VgxwhgpV3zc12JM-tPUIwg,2555,9
UK1JxQf8Gm4G3RtPnwVEQg,1270,4
06LdtHvxpe_u-JlR_uAP8A,1520,54
bW5InH4RGoPJyU19WJG5sA,1700,6
pHhnRlW6-q1uk4ZjLvu5Ew,4147,69
MTCsKgbZZA4RaI3RHRqsSw,2520,43
txyofG2jl9SQSzYYd85xGA,1466,8
HX-XvWnhAmerHXCaitbqxg,2728,114
Ng9ViNogPSgh33CJTY2-8w,1654,46
TdzLHJyUyns3TYIIXCbuOA,2725,43
3QUSqQeVcqp215032jIs4g,2044,56
cEuintdrlBNob_eDRnG9JQ,2342,40
iKcfKcKEz-4endexurhxiw,3724,129
tYZC1XtnGgU-woobA32ivg,2823,12
Io4EuHAkehbwBykryusivQ,1459,2
ESHVyXYVRuHC6mQF-7XgLA,3920,133
aD-xli-bVq6ABWuC_OqWIQ,3786,93
bLNS2BFfa9PTxCbT5jJztA,1651,195
xPUjjq1rLRyCkEs8AXmRww,3367,127
B6hoP9cNGZzoPgmD-1cvQg,1904,2
f-mfSRFLeXq4_oR1-IEQsA,1715,10
gWVCfe2LsB7ObfM19D63Kg,1530,24
l0WI_hoX9wK20XPFeftHuA,2442,14
PGkXpG0EZnh1RPSed9AjPQ,1158,25
-G9NOqqH_2V9dVPG0BiLyg,3801,102
X7HQf118IdOAH7Tu2B4oRg,1430,21
6WWBamtUGGudFB7bVojFAQ,2811,10
YHFuPNkyzelYqF5wwF1AiA,4106,96
HPbWL-1ay6H2IAYWOCNpyA,2157,22
oTVIORkjAQ_sRuxvxBJHmw,2957,10
PKsafk4L_REN9n35dfFQYA,2366,27
616-4KojG_d_ISvHd_0GMw,2008,222
xKlHcJU4ReZQiPnRB-QDcg,3419,138
rP31yeR5T-FNMZh6NLmzMA,3716,49
FZxQAFCjaMLyg4KMb8_x_w,1536,2
KfrHGwDsYYhuHQwoWJ3u3g,3769,29
dJiL2wbIlcJ7euXv5fIK0w,1772,3
soBJuKpjr_-Dy4mlN32HyA,2378,19
QVQ6MLH_XUBYXAV1isZFIg,1601,3
p0pzR9toz1nWqp0JC1zIXw,2149,21
3LG70zycRovDtHXcM8n9wA,1914,3
wUAQq8gZ9tpWpMDPNTB6TA,1417,3
fN_U3nroWClg6uqJTobMLQ,1530,5
fVE9Gvja_mEeQjKkmAHuBA,2395,27
P1CLhUeKPK28CXqCLQQ6qw,1973,3
4dBHW4poooq50wlneOZs_Q,4029,474
AUFpUzIpvjc_ZGbOJrpWaA,1473,26
R89qMmJ6LqmbHTfXT6SxQg,3134,4
qW-cnqEJ-ijC23GiuGQx8w,3822,297
yExLpVbCfVqVixYwzMaeZw,2694,69
0NZLdG_w3OWW0QsbnuHUqQ,2229,580
nCyf8ECtzlMbEsDOuTFa_Q,4126,18
ZGl0BUA7SKW4XeQr1fnRzA,3919,60
CIPREVO60aUtYhuWxzUDbQ,1173,106
_7xUCMyrQ0EnUcNiBCqCVA,2444,6
wyvcadOspEsOLjLwd6Awzg,2906,38
LcRvP4--9oyZLoNWgD6BEQ,2115,24
jsokJRU0K190dFNMuWs_ow,2677,24
hiw2j0wq39Z1CMhmhVWRVg,1901,4
tuuU30h2Y7AwqljZBbc41Q,2902,366
b1SIRa1uaiLlBMMrT7gKwg,2865,3
Pze_9qbAbGkw5QACWZB5VQ,3049,8
uNzrWdUeyVAiXa1PIfp7_g,3207,7
ceJaxDS4X9SrlYJb1o5kmg,2873,17
Au38Jox-CZ3nyHo47a0ZYg,2865,11
qiHH4KHBFORwbpNH3cIH4Q,3547,6
OWs7K9UUcR9AgLRb3QX2aw,2872,43
VRNHdP8xvOXwVgtOsBG5xw,940,8
lHyNCok1h4xgqMqtgj03Pw,3195,52
Flo7ckC2B45K1CtjbQ1SKQ,1094,16
c7TsmcGEtmIt4gjt6hKJyg,1665,66
FC5gewZNAI4DqiZhvffoaA,1823,8
k7vY4cteg3nq1O-Ff4f8GA,3338,106
vpSiro5ljB57vuZxE4J7fg,2921,302
jlDaCMVGnsibd0L7uAulag,3590,79
uzK-HIiE07VVW34yrsxsmA,3541,366
uN_v60POlSMELgxtAKIvtA,2664,12
NGUrOBKHWsYg4HFMWSN9MA,1036,104
rV5r4T3zE2uWboMJGXGXcA,2099,17
B_6zujMDXCbFElr7b50_Sw,2771,8
5Fleb60SFkgyu-wd_odfUA,2035,25
kDBosNlNlHZlm0RcvVcN8g,1260,6
K9KVfgS59ZGrM3RMCfL6ng,3502,41
Zw11Dz-6vnCqsWcBBFgpmA,3099,40
qmgVC4TJ9PW6Q-JMnMu44A,1207,80
gQChMdetUGwwtmphhWJuQg,1785,7
SdnmhDNdDbJLIoCywVREaA,1622,16
UGvPDEmcvPgoTSNmaK_36Q,2639,31
9HH6s0v3V5XEZam7Xq5zgw,2879,16
_S9lRxdXzUO3Sz_cViw_8g,4284,155
DeKxs3RJFxcoqz2mS97aZQ,1708,4
i5WMqdq2vzi-U4W2aHhlNg,2752,60
9cciDB4vJW_B_U3_6cS9SQ,2507,50
Yc1j_ie_ukgYwGrHzI-ocw,1962,2
8ZhOs7BQF-JSsJctbBNLxQ,1171,4
vKGFLkZ7zfu5VHv7FlmFkA,2440,8
lAxqYsCgwdOQLZkG_RqcaQ,1420,45
FvuFavrYsYi7LHg987SkQw,2103,12
5f_vYP8T2gWqRYHWEouzMg,3089,86
d4tRmnltRsqBUbFFlOw4SA,640,4
oZ-411ARptqR8OGZWLW1pA,2194,3
VbhQF98kILGyc_-YHrysRw,4276,747
qbjF0SFMb7KQfJjU4MDfVQ,3007,304
1WE0E1ewe2ZZU0l3V5vNWQ,3328,276
442fyxF3p9-OXreHw4EzCQ,2995,315
H5tU6WqjNYnVYYdDn5K2xg,2325,37
hZ7o_Jn-QkNFAfrP3l-pwg,3111,5
3DdOJ-oJHXlqJm6pZcYwrg,1402,46
j3f-CE3NhFCZ0OT7baYZNA,2060,9
N5ONgmzwLgKHdzRLecR8zQ,1549,6
iG-NXpXxqfqqzPi-UZuQUQ,3655,81
0m01IDyo7We5tETjDAuw5g,3158,17
43BE85DoeYmPaQ4MgxzmYQ,2271,23
m_E72T2ygfpmwadHWVlIrg,2476,8
nq3IbzDphKaeZ8LrF4JUCA,1612,83
tcFmCEOQj8BqZ4VZheKCrw,1428,52
Iwh0-jmR2Srrh5f38o6Y4Q,2579,35
R-JSBeIYSN3TefJXZdJNJA,1385,91
0hvEbmB6LhBTf_Ywt4GxLA,2852,17
STm_6W2pnRRsnQdny7-msg,2229,20
anTmWtK-REFMAaLPzD5-ng,3127,83
RTBZ6CgtEGqlFYXeQr9f0w,1201,4
7H6dKm52fnJGdNGsmXkt2A,3506,51
I6PfQrzeOqhhb1HVAmvKsg,3365,2
tjTrsF-CpDnTcclX-3sCTw,2130,842
uwKShzHVPvKTehL5-1HxIg,2054,26
h0dlR2o8UoTUAVvAGQMzPA,1525,8
H0yemzkfFVWDPw7f5w7Wug,1154,20
P-7n0BStqDMpgDyitgRpHA,3106,46
WcHGqH9kwTKsvsN_w12cgQ,1933,205
rzy-EQst5wGYVxXu-kOJLA,3566,33
8pk2nYSgJL0GSTKzkUtz2A,2092,6
UtwywIm3aTNRefya7RT_lA,1607,10
FQk6WQgjsGfFipZy33-enA,2038,43
80dc5esD396jCKXnyCFX0w,2602,19
dDZVEBf0R45c4OJuWxXexQ,2072,28
HNu1L1f75PA-xDAdFKIWJQ,2592,4
d4mqaoUEco3fUgM7omofxg,2789,9
1mPBl1vFBrihrlOTh7IMKQ,2875,199
vOrmWc_sltuSYYc1ia4lpw,1412,11
SIB9k7Ma6DucjWrA6ZacXg,1629,49
FjKG1aPrQ1-ykyl7uThzLw,3328,75
mikyN0lBcPBy4aTMSmLQeQ,2836,96
RuiRWRTMxfL6_xpDAcCFow,1779,34
kqNuTV-HNXzBLxeePTOVgg,1606,6
ksMcoVQAP45GZRu1R2jPGw,1235,40
dbR0pDrKcaRRiq6zF06i9Q,2145,4
7z06lC7lp7ihs3UqO092pw,1265,5
RjdUYNSFvnIuiGZjtZvkXA,2773,83
ofsfbDuMRXZm1NPfudAM2Q,1452,20
BBdU5tY9DSHIOy0IPZqoKQ,2143,2
0rwOFbHlAJt1a8Muvy_jmQ,2712,306
fU8qJksd9F-Sh-6ZnoNhAw,1942,110
ZmZb4OLCtEFzi2gCGH0dbg,1802,23
3PhaBtzTf275kc-yGfGl6w,2221,15
5k0enc8TChj4CDKDlTgGpA,3096,31
58cr-6YBx-5FSunV9KX9yg,908,76
Qh4-Rne1vfwFwTwcV2_lBA,1587,31
5IG1qzg5nYve7H2FJPrVOA,1636,7
7-Vk1Z7IZAzB4zckPqLVxQ,3027,15
RQLoA7Z_M5T8iYnsFHwzYg,3802,364
wNclMYizuNYnXHXZk517xw,1814,16
xB9d9hlf8D_KuAwK54ZtVg,3254,155
07UpYG1fRuIWE9Yo2DlBCA,2851,10
aqPJtoqRrhAYkhK6CkD-1g,1949,10
K8X6FKSNak7WAMCZtejTaw,3352,77
rQaSxi5bNINL8jo9AUK05w,2694,17
hVSsN5EGe2-h2uW1v_VUdA,3649,1033
VwgRJb1e5tkeVF-mOrT8iA,1049,8
62xANXzZ7i3hkuLOY9xpWg,2702,19
2P9Yu3W5ECFbZV77pEenqw,3308,29
FWXgDe0To8a0gYLOddOFgA,3692,255
iwebJXjGdHpMC1_YTYxeww,4328,277
5zBK3wQq7ZiiO78wjVxRQQ,3059,54
itwiNl4JJzUNH7Gdw-JJ5A,4050,71
wAQ25wMBKxtRmBaFBRq5wQ,3464,190
AxAMnnnKuVFddPU6jtxopA,2010,9
fpFjm9RqPSI28LvVvaka7g,3040,11
cPYECIlS956HzHZO6Fz-rA,2082,7
80gelbKVsz0aJJ_ex7PWwg,4164,87
vuBTsZlSgtGwzZK_s-r3og,3157,28
gMj_xhyIJo2d0Z5XJZSLFg,2963,49
Y4Du3cllZ_gpNjzTvmeZ0Q,3743,658
OSP4rSG7SmSVNMQDdqdi0g,3080,522
pbmBRJKQ-CZmtYDDeynMIQ,1636,2
9WvuooWIiDaLJyjozxGI6w,2388,14
yRx1gtRIJN7cuf0zhAJZAQ,1574,5
aVJRem3nM7St04KG7ANzEA,3801,154
FZargxHhi3KMO3AG0B4SHw,1672,13
Svom48TijZYPbf3RVnBxUA,3109,16
GdqPeMv5oQxipE3PIRM05w,4228,8
L1adsX2_dzpTnydBpoL-qw,1999,227
K1rJx4IC3KQiZe9-v3FHiA,2671,25
AnRYXE0gIkkR71KLKmwNeg,2743,247
k_VIPC9Wuk51MEFbG1fYLA,2143,214
fu-gH_BGfsEFu76rch9ydw,2462,15
wBACtb5Gg0EoKnmqLn6aiQ,4036,439
ditEHvsaCM9byvjnOiIfMQ,2216,5
W8SkZ21NvK9PwWUbIbK1ZA,2994,56
piAyQlzKcX57rkgPNFPpRA,2442,16
CLf2vHeKW7GJAmRguLpIUw,1522,7
8PPM0a-wzbJrC83R3Nq5ig,2607,9
2YwIrXAkvcNzi9ouAApqAQ,2585,129
vtt55szJICjI0-hNl4L4Dg,3010,22
yEGnJ4qg60wTaN0wt0xrVg,2638,78
sh3V6hnNMLVV9YwFA9QNaw,3549,784
z3czQfHnIJX957mHOdpmvA,1300,3
AL1Gka1hqHQgAXc_8lH-YA,1424,3
VQcFZXYBAgB3OueJMxkkTw,2489,50
Lw4IW4_ltVXOocjhNJe7ow,1950,5
xApIDag8sgxCiguyPHMWsA,2369,68
u7eub9Ydk97YdDOoZRexKQ,2514,15
BcH73pRbIYiaYyfwERNVdQ,3267,26
gjlcSQDafNqPbYA0q7pwuA,2022,297
i9GJN-Jysl8irdT77USlYA,2215,65
NYdAoTc0HpQCu3jAeok0Og,2757,44
Ki3H23wjKuF9UObAtI6EaQ,1512,17
N4azN6YGJQ12a_s4dGCnjQ,2120,8
O_d5Z923G26ZFpqt6w1EqA,2223,21
j6dzyxHQ62UkUVZ_ZsourQ,2690,28
lbdV1RpbCuQiaEwgLkdmrA,1469,29
ISG0TqxUWMlSFVtsjTBN_Q,2270,211
ZzOiCYwwPya8FIbjUXxcSg,2021,17
kfDa93ARoL5P7HnOoWKopQ,1188,3
tx7RTGrlLKBG9c93lnio5Q,4261,603
LbFtnizpKy9DaVw_nWoHTg,2217,10
XTMm0nAf5Ds2W4tB0s0g-Q,2670,197
ml7UqelFVzQroT6M41MTFQ,2739,64
kUledtpACvsLng2WKDfksA,1896,59
dzUXXZ4z_F4cmrBWUrcPSw,2288,111
h4GEk0t6DrwEt9xZEXYgDw,2610,21
c7-1Ypg1P1QGSFbD0mfHoQ,3706,5
Dx-H5w0EyskCMyykO_HAsw,2598,46
hz851rtdi4-ZXKLC1jNNZg,1961,6
LWhlP2DjWVYtIVJwJNfRcg,1754,11
JE2qFjL4BaUbiI-cT5MSBw,2815,109
HY4CY4AwZ0hnRcGcBOfYkw,1941,55
5Ci5267Q9yah2VJjugvwMQ,2848,35
qxaNwvkWiJdWjN2DV5WRaA,2008,33
eQthM3pQFa0frMPYbwbT2Q,1469,2
K6-iOLICKJgjDwtbuCBv0g,1394,1
FkgFy6IVD9C5Yqzsf-7RaA,3056,20
RcrEcEC2b_-zcNuA6FbCYg,3515,33
WIZjiQntOXLaQwfgwCicOQ,1655,12
1s7SY_Ex6906DssjulVO_w,1641,7
UAky0EEmpf5o_ok5UqG4PA,3414,1
CHqrRoTvLP1jKtLFkSfeXw,1454,2
Nu28OTDfx3Icb9LxrL2zvg,1894,15
_kpe0jAY6ShwvtZPXGI1TA,2017,15
Pty-8LW4JTUWnTsI44__Lw,3238,352
yQj8gW-uPuRN-i2UNqBwsg,1252,34
gy2RL-w8eLPuisYZqpwN1g,2484,15
Fx9sVNrUQnJV57KUftvqHw,1254,16
c30ou-QjV6vcjsFWeCMNTQ,1094,91
7cJ5kjD-QVWK8U9X4f4sKg,2551,22
Y0pfqnWtbdLMrxoRLoXMNw,1395,23
dQ11s7taakRn8omBUA9isg,2475,27
bdJqgpcvSQSzxnpBVz4VCg,3231,447
BKRnVgocUSlBJTbR9Elulg,3580,450
8yqBE2wxXFw4NoEfAl-kkw,4125,16
oEcv3_BRYI6brNfQmr6HFw,3073,15
053aQFXEOtkE0i9ettIbEw,2309,21
f-YWi4WkdPy9FiAAWwJXHA,2089,50
JxBzX4OES1ZcIuK4kxPJiA,1264,7
85uM-cor3VXCUyVFEe0YNg,3396,552
6eMMBVM144Jj1-3Yq5mBiQ,1856,5
XEtIMa2QB7gn80qrGYn0rw,1903,1
3s9WThNeE5HAvC96O7j0uA,3392,9
nIaazHDPYBylxPVtvRiWgw,1916,2
XBOZnj8vaZVmKBualfQZqQ,2505,18
vzrvUNX_4GYhSHSnqjDQGg,1544,62
bzkhAbe-zNZfaKZfDjRt8g,1194,24
P02MLgqrk6nG0uIlrtXoaQ,1913,10
XS-Tfio36OCidX2x7-X-aA,2086,19
rEZFyPx-Fmu-mlHkqTx4Qw,2858,66
lt9sIta4UkOZgztPuClxfQ,1581,12
J86s5bqIKmXZwYnYQ5rPrQ,3253,11
ksVlKdIA_X_q0HP_ODr0lA,2622,194
m1AUK8tI19tUT_N3DMkyIQ,3345,918
lEcfvjwB93q_MPxqT2iiyA,3654,478
UWG-O5E8ztxPM06av7Eo3w,2988,490
aRbxdiOcAAJJ1o5FpMGZFg,2941,6
X9KykZzKtpW_YzlUJkOyZg,3674,20
fYbAoYKzxqLD01oc_rtbjQ,1830,40
gXA_nXxF8BdAc8gotJDHCQ,3360,244
J89TEze0m_llF4LkaEQtZg,4229,56
NBCCqGHIau-k4D9qRKkqLg,1686,5
dmRueUwj0JMTlNZfTj3ZWA,2877,515
S1cjSFKcS5NVc3o1MkfpwA,3806,82
KRtAok9Ghz74EgnpZOa2-g,2927,49
UN9gX1jSEcii9aCobBRj1A,2213,88
7NAssd9ad6CMC7Kr5PsulQ,822,36
jG1bVvu8VhGCEKqxvQZx8A,2815,8
vAKzIcxPikQXL9KJY5syHQ,1985,17
1D86PyTHgiHGg2GzJmBaKg,1184,13
BafjP10SemRaqJ3u6Z1HOg,1510,7
t00yqGSvTXMAubKCHNjYJA,3876,18
a-vR3GRg5xyNkCot1vXy4A,2034,132
CVRArOxMtH8Mrfb9lMhgsw,2381,11
kgPHsl6ZH0752odefTtGuQ,2163,14
_VmsaseeItDAdruliaqDqA,2570,17
TfbSjIuhGAovURquwFhC1Q,1705,31
iWcPOSAUcTciWi7Ot4eLgA,2746,115
-VUNqgOfjIfSePEJ86vXUg,3418,32
euOQNSt5T4pfy6LaZn-XSA,2536,42
ipDRBZ7qsj9CdO2zuqWGMQ,3132,150
z6Vy3bn22xYlaMBX_fvoOw,2561,106
E7Uu_uvqj4sxAR86O-SSKg,1473,53
UW9L6MIaSEzTQp6_WYFeDg,2999,201
wBt4Vh9Iptl4qAbQMCv1Ow,1642,19
-594af_E7Z9VVjQc9pJK3g,2254,174
iZS6TDHYYNFbW4PClT_Crw,4001,243
yC4ip7AO4vRGetklvJJv1Q,2727,250
33WiYc94W-6jhI0aYFiuaA,1698,197
D4Eznn83MRWUK39n5WI0JA,4165,770
Plp1rBqrECy7D4PFFrTMuA,3976,2
FdsoIxmocCZqtgQbYpC8Zg,3452,114
uTxeiuqd01Re5PhZ06uDUw,1917,23
PSlLYx-FJuGTLHjDghG2mg,2373,12
Dnw7-y4GcP9LbBvrp7xsLQ,1977,136
DCN9o5GSOy2RN2ZXRC_24g,1356,31
LBDSZ6ODOGfF51dourBBIA,2238,5
06WoqOx_XyU1177vzw-LRA,1657,1
X2rUiqvLhMG-LG5bqs0QMQ,2872,14
tjJd7fyHhA_EfMJybmC9lA,1777,65
x-8O_zM6DF6pGus6aDr5yw,2830,7
Jrtxm_uTqgTB7MakIm1UbA,2012,28
CtHbABsHpVvOGwEOIq6XIQ,2255,3
toFq_3EiDRlyizc-8smjww,3054,31
NDq8To48WASrJJKrfnNREA,3000,46
mwual7bROpwhZ3fu_GiPtQ,1887,62
PRv8Gsto7RINX1tkOJLp3w,2878,10
atfOidazPQ0gtIKMc_xqIA,3143,61
Is3Lusg1Y46IlIlDeZ4jew,2664,14
p5rzlV4u1ohRpOaq81wy1w,2752,28
SAfNyiLVgPZzp_aGpXnfwg,1836,1567
g6kFYo4AIJDalXR66hxvbw,1430,2
K0K2v4bINZVyqEXQwm9VJA,3014,388
hUvoTb8M2BuQ3CROdl5LWg,4210,37
yZQMdYqoiRo6IWSguAdFCQ,2629,103
y8rcDJdocgCbiZMl3If-Uw,3264,73
rrNfpmvAEvA3NpnCmNHgMg,1987,5
Jw9khvUCW2vraudngK2IAg,2998,32
daLrU5U3ykAZnxEdEv_NYg,3062,14
KImDfKRpLV1vv7in15gehg,3152,304
SqruswRF14Sdd2USRpAIdQ,1506,47
k9MiVdR8DRwjcKUJssFSbw,2635,8
ZZoIdkUSVc2z4RabHrTyzg,1742,31
hjlQsrWoMT_FKF22ztseSg,2829,5
udUL1mm1ZWDCaLUlsJYlwQ,3680,627
v8ruE6NLIQgQI_CEub47Zw,3356,90
PxNQo45O4ltgkpXar_9aCg,4131,39
23TXVLyPJdSAKevMzrPW3Q,1526,9
Ghb0s3rnXfHZ4GjAklf-tw,1252,138
O5vsPjcWP-uNyYUY66_lwg,1564,11
1zC9x8mAEGh3YfBljBBqyw,2679,25
YaMwa5PgvH7jRjcVV1urtg,2494,158
TjIOW3h0nLF1b3cuY1Tf7w,1167,7
vttWYt_drEQzUWmN3PrHpQ,1490,18
k3HsEa4DuNEACxlWOQOjjw,3339,2
zwmThlRiY1LHfJ_7zNfGqg,1616,54
mCLrwowWkJz-cKl9BY_Ubw,2327,55
220FK1HMHoQQb0QEdP7NzQ,2365,43
Mof6BV_iz_JP1RZvyg1sUw,1042,193
n_bhBlvqbxoqUui8n5UZpw,2197,23
PPTV5ry-LXvA1lEQMosdow,2985,342
bdl9kbskw1cZPn2Dxm1Mjw,2209,33
-5rx7QF_Q1zZbb7XwZ89Gg,3037,6
Hv5Kj_psSWvCeLzwDzy5pg,2835,16
W3d3itTsMrvRg2m9BwhI7A,2177,33
IlZKVEmRztQtja-6y3rOaA,2063,154
9TNRoAJwPc_Os0bqe6_S7g,2039,37
3ZLYSlrPSaH9Bn0yeLAlbg,1627,49
UgYPpmWRPs99orjmVBI_6Q,1531,7
1m1GLbe4IppBErWeLVKTVg,2755,12
dR4jE_tT6QaZ7jxtzvs3WQ,1984,7
cAKdzi03q2kabJYuWbnjpw,1517,88
Vwt6fZzz0bFt3jlEY_S-Xg,3275,507
Re3pEsjtrYUjTcqIWcDD9Q,2512,40
FrvbWjNjQT91cQbD0mTV_Q,3438,213
jvJ4vUJQFX_W8Bow_0zLbA,2774,11
9O86UOX2knQcMO2MNhiARQ,1636,8
qEHV7mA613ZgTKHT9Z7D-A,2211,23
2vgqdk3vuAM-LTRKxI9nfA,4106,438
kFmC4GvMrIvPr0LZde3jbg,2200,22
FjoQKISq070LqZlnA-96Zg,4366,68
zPxKibbNEa6nY1h3UICa2w,1526,12
TxP6lOAX5JYOds69Mn4H8w,1515,8
uSQ-QHze6KHbzDsmuowFww,2722,6
SKQGQ-1L4Hvr1Z3MCgAcAA,3173,13
IU1ZZlgQXsaN7NCQy3DJAg,2587,13
7WifDA8kT_qpqbVqPXPF9w,3103,175
Ofj4dQb8FOA1ukRbDjITmw,3988,561
VT-jmuLw-Qc6JKzhVIzEjg,2308,141
yo0a5UXcvWt_WxPF_lgiag,1982,58
-fB6DWs_djtKZKWLspAHtw,2881,13
CmnioJv3c8Buk01Ef5J2jA,1380,19
hkLERFVXO07vFNN5Ws_IAQ,3078,102
e7MEzEQMjqNPZfYthZKhwg,2305,709
5yt9bPRDvUsCj3IbZLfH_A,1581,26
G4AU1eaiIcxop9KF6F51jw,2347,3
gOmP4q2ZzKZlk2rELoCJMA,1152,2
8av2WNTuWYN1O9zMbi24bA,1053,93
GxWoscNSltKu6V0IhKNx0g,2319,17
iLi7JpTxyxogGQLqhp18Iw,1766,20
xGo7b8xjxLA1wk-nPfzmsg,3994,55
sOIRB5oaXang6B-J_njeNg,2904,220
THVA0yBdlQfW_R2jKaLkvA,2650,25
dwA0-U3NsRK8t1InpahN8Q,2384,2
4cPPrvC797E6OKUzu0Wjvw,2780,186
6L_tJ4XL1yv6_YY8horvXA,3826,229
id5Fvl7qBycwXbs1F_Igcg,2676,111
qNXK1RVSo_1aKlZY6m--CA,2256,7
EOkVeJW7QV5vtD_fhiVXhg,1836,173
Y1zlQuRT31BH-p38U59ZVw,3873,583
2okpIacY8GEyuSwsdWolDg,4032,30
hgmCB8tiN7ACO6TKwBqvLg,2471,12
IrBzAAMmgDomjw0u_NR3Zw,1988,73
Qqn0zgApCmOplcq_5w5TRw,954,6
vVoRHHk3QaCUCIqVdAfFuQ,4291,56
aS40ZWfWYMUFNr7AH3mmgw,2285,4
nBE2yt4G59D-_3LAm3yRPQ,2444,992
FM2KojjY38GBW3biv8Qihw,3355,91
LbHB9wL05wtzXUgM24NRkw,1888,20
vnsg-XwXQglz6mXjikqm4g,3039,7
vPFpU1e5w9HRdq5LXcB6Zg,1741,8
91DAiIKXri-41uzYue2hlg,1419,32
TJMgOTcm2ShyOpablSYbXA,3259,780
5f_7m6-WEdxJbA_wipk1_Q,1544,92
zLRpZSclC9jQib-HgSdt9A,3764,139
_pwUzK6sgpnOF2upc7wcbQ,4173,190
AH3OZj4glpss6xXpOEHF7Q,1370,185
XKPkWPTzXVKgAf4nU4Cvyg,1249,75
9ASwtG8VAY-oXwwodY69lw,3170,43
6D9pxHoSI2lqNNCeqBBZiA,1389,2
Hly0NEWXMxbuXa2zm_NJOQ,2964,146
o9iy0YCMRp0KweE9wOM8BA,991,21
1guAvbKt_s9_SPa33adlLw,1345,43
jfhVZZl4w237XT57HID4qw,3377,43
yVBIqAWCXhLOVzHZ_hFTWA,1149,18
1G7UyZ2mn1q3EdyxWbkcUQ,2271,13
n-E9R_QaOhEICDldyyNqxA,2340,71
y8jJV4AeH6ZEBagQ_ys8KQ,3416,802
ngS-1Rxa_XeNPMQg3KGIfQ,2657,32
soe85m1hC20MQDefM8nYDg,1867,53
qu9PnhRY3RSvTlY2n3jY8A,3887,17
c4rtVt92xbAj4ZFl7TAC2g,4379,75
bPtH-ssKZ1vO_uiItA1JAw,2675,354
yVUJQIv8sBeDx1r0WO94pw,2493,136
eib6maML4N3aC_XgLf6MfA,3083,49
nIGU_03KN7eREzsPR5sbDA,1321,1
y7e3QSqZzzUsEFI102cTkw,2223,3
orsGwqZsPHTQ5YgEfa4AtQ,1657,74
Nu0Fj5UlIX4GFTAXvMbdhQ,3057,4
3ajYEDNvhbmk8AHVObIDhA,2877,85
y8Fh_gQR7iVTSZ0JyWpoZw,2087,26
Ka73XG0UFe_d-QuFEMZtHQ,2664,65
lnTUvBnLBO0fdAs59Lx1ow,1264,7
xAluUNjYK32kdhokZZZAvg,2159,10
VRqQ4ZxEXgahBLbB8Qoxaw,1692,13
QLb2aBwtD3uxB3_WePNTWA,2014,40
rE479x7deDLqtE2jXb1F7g,2004,22
o27vTDJD-_AveAC9Q1_Ctw,2628,32
KGRVHjgDml2oy3JKuuSlMg,2291,9
YFtSYq7AhU8VkoD17NSLkA,2703,143
KAsrC-CZyf9gkPK0FP8xKA,3337,37
GG4qRCnxiChJTswr602R4g,2469,15
80zOYayQdKw39lIhqVCkEg,3085,7
GG8iECz87k-OTUkm3ucrmA,1134,6
3-I3qfmnv6vo8qWVT-x_Cw,3093,4
sZaogmIrzMeNvd7l_kTM7w,4497,8
WMxXMbY1cCXZSC12dK3gXw,2876,102
803dzQ0QpWfWoKtZcScCHw,1531,9
TFUS5rgegJxvy21rtimF0w,2557,25
RMOJLdLHdFai_ksWCMDOoA,1388,385
J8y2c_ddYeuPH-DCpVVpxQ,1305,14
F9zak4sXBGqwW9giqWF3gw,3811,108
8ufq0PCdXmTbwqwTxFBh-g,1275,6
CB0oWs49o7b8kvvXvx9eJw,2381,42
3EPUtsHjL6qH84LbkEgqdw,2788,319
-AtFNwiaXnT71IjTUPWb_g,2732,28
CkNDtpfaJCr6ft4k8NCrWg,2401,82
0KWgD0VqYKfivdzFZoQ3BA,3885,22
9jT9tdSsqSfgW66k0GUT6g,1634,4
Ohhrhu1RkqfVciIVx_W5HQ,4555,303
RW5fE95EYcqNrIqqwYzNXw,2245,5
6OkLo8OHA2w8sNLh1HtYag,2771,37
i6PgAbcAxYm-7SzwuvSZ7Q,1604,4
uEnyMOFXETDr-I2nM9Vc6g,2342,370
bobWLORvAeYfPcU1VuWyuA,1421,32
LjzLqeRQJPwbPPFxSWv-7A,1686,17
PTVM9p8muZOPYY1T4TMOXg,1352,1
IgyMFDl8WxgNNT44KwgrJg,2461,18
QWKnSEZu_Kxhg6LF-egMqw,3266,1
OIZ0FSocjVs4lbNeYqcx4w,2788,3
GAfYM-t7hN8mI-0ZDQ3gqQ,1358,5
ieEV8vJz1Z-eQQJVmOJOBA,2264,15
TKF0Y6fihWnmrxIBwQbVPw,2215,52
hbispjYDOk4K_7EkgaSDng,575,15
lg1Ci9yhvPPjf45Zx2zrYw,1678,19
ypzzA0tIlNx2t5QIktAxnQ,3108,18
tfTDzXqPEg3QgbX9WPYAVg,2596,20
WjcFGCXcn6BeBmfV-rRuZQ,3142,38
DeejSMTZgiGk9H-URJX5yA,3348,74
hzmL1RFL4inKfJtdQVFF0w,1373,49
0WhsupEbavVk97kCkGIKlg,2838,16
8mAw5AuaHfN3we5649jgCg,3263,77
MJuvxkNVMjpxvP0TpYegZQ,4143,364
o9W1UaxuS-ps1JMiojfyYw,2634,25
ObFg3cZX6wexRBlAXE_G7A,2220,102
HsF3dyPzFI_hno7mNbQaeQ,2942,22
2OwPyGb-yIZSrzQLZY5P7g,1405,12
mN3uYah7ANjDbmScyeabLQ,1640,36
B9Yql8AbzsNNtfOUZvFUwA,2199,3
_QelvRYkT39md2cDUD75PA,3232,6
RIFS_rG5QJSS7zPmZxJESQ,4066,5
gaxbJ4PAH8boMXbLoKo-6w,1993,28
EqzNIJkhPhcQr3c-l_hIWQ,1096,1
BkMzxDDwAMVsF-AtdVRidQ,1237,4
lnQHaejLg5x0q7euI0oU8w,961,1
dhMqWIULvbQz1YLEviSl9Q,3637,20
f6uWQ4MmMraemY4_KYxvUQ,741,7
YerFwwIyMMK71smgK2CEVg,1484,4
FZcHMZyaJAczbmx65SQVHw,940,7
TjsJEjRnPpqI0rHVkAJZMg,1700,4
M86MSD2eoCVxrUqoOQL7NQ,3187,4
ZmIldF2vQI0-ywMVt9qjBQ,3236,57
DylsRBRqwxsYydwPksGMNg,2042,2
lvJXIDjrDcOZGFtvy7DOUg,3406,49
c7NsL0IWlPDLEdjuUGORTA,3568,60
pF0uuHex4e76Y3GoYtrPnw,1624,20
vSeltqO5Yn08_wKDlnQqXw,3471,35
HH5zM4GhGlwGETm6P_WuVg,3282,106
WdjkyQvkdEvJD-K2Uf1Qiw,2268,27
2EiDZLL-lhhAsI-hDUIKSw,1024,7
DecNq9BYtMwHhgdnPNGbVQ,4563,881
KgQnRvsPSrJJTOCp-reYZA,1345,173
QKj_fglwc_X1VKQP8oBHXQ,3693,29
Wpe-ce3WahBTNtpRccfrYg,3347,170
7lXQbaPSAL6aJt6zfI80lg,3057,9
DTbY6vuasHIdeec8vG7i9g,2182,10
eEW50s64FBaNwdsWiREdKw,2387,13
A5CFNbEWka9VK6Q5ujo1ww,2529,22
wYd6tttl5xCl_8PyUi2gag,2729,18
mqDe2gSdjxHoYc9eKHBNiw,4477,76
yJFET-9-u3DTu47mTpC45Q,2766,17
vIZfVID4wIUAxWkDrve5Vw,2804,204
-1eUcYsPzr0K_nw67oohdw,3087,17
szNnYVTx0GPmq2E-7pr8bA,2623,6
74Ib53pTZPk7QIdmGMxcNg,2357,82
7oysdaETNb4cOOH-K0bDTQ,3479,16
vJ5wrLnxSOPcR8a8jScGkQ,3474,110
hMswTtX8Pdk5ymEKAV-h3w,3218,11
jR239-zmNVSGO9zr9rtviQ,2046,28
uZbIzVlYLu8Etg8wUXyRlQ,1934,1120
HxyLRaoH9PS09M6R3rV-EQ,2442,551
A74BgNYQDvt4RJ7jKA2COg,2038,22
QOG6bl1WX3TGXftsX_NFrw,1354,9
gl5Sd-BhvkTBIr33H_aKsA,2696,52
yiM3BIXxGBqKWlwbgS-kRA,2208,9
7FN4ZZSMwHTTsedHUyMLHQ,1409,7
mgt2CdHWkPYcljAH7L-0vw,2105,10
AnVLu4qOw_0Q3Bzz4_cvqQ,2165,15
blKZkqilDkY50oAgdSJIlw,3483,29
dz-R486AsU5Zjh_z1JirKg,2418,14
NAnQ3y3d8QIWZtSkweLSQg,3970,69
CYVFnp3-q-lVIsj1Jao6rA,1264,11
v_PrCtJUGqOyOQiRlQkNAg,2736,20
mpB7O6O4Gh_shSia2JmgQg,4083,25
y8UyuRrUnyR0fbq7JafNWw,2962,109
VwJZQIvr-8Eg3CD8Hun3VQ,2044,55
LiNx18WUre9WFCEQlUhtKA,3501,216
Vl7W_PHp4mLFRgCM2tvQEg,2123,230
g12Nt6_1_YMTmPrpvJgmTg,3805,62
un6Ukka8NKvm-uyw5Gr1MQ,4145,144
S1rgdYCVLISYH--OHlKeXw,2817,23
e6CklzQiZfjUmSvx9IViYg,3320,313
TMwlhZkS-HM57HPQ1VVEcw,3158,5
deVz7CbX6fUp12x690FQNw,2734,306
a2SODwNOs5INpZu4Z0E05A,2148,63
acOdEUSKupHhwvfX4k1ZGw,3640,254
ln3YRV2jlpGvFihq-5ioyA,2125,61
WAKhhQc6ey2zFPKFbQwc_w,2623,7
39du1QoC0AmKsGbB34fuoA,984,13
Z4o3yIkrLutOxLFr_1Xynw,2211,444
3m9_3_ekV5jmdH-BJpgviw,2646,51
eUy3vg9A6CTajZyp84XvIA,1385,6
OdTvOw8NKzaCcsj_dnRZSQ,2589,60
GKGcc77gKIQV-Z2CecSpjg,1514,7
cH8ZLnjrJgtd2AcENWgBFw,3181,592
-WKjn01_qaRxln2ChXU4FA,3417,58
vket0XBm2SC0o3ZXe8OtDg,2692,11
UsiwGXIfI9wvfFCYouadng,2469,44
xl7yHL4NBplVuUiunos3xQ,2523,6
IhiSlJZKEZL0O1syeW3gvQ,2275,17
Wa4pT8xcmgWvsskPmdABXg,2028,5
SShPDxsW-ZmiIpBeabpVfw,2435,27
v_NdyUrRiUfODawIGA0vVw,2731,44
Pxbs-MLt6qGx0EEIrC28iA,2995,30
ndyfo-VBeHOZIqFJdvnNcg,1317,2
c7_xsZYNs-_G6IceEW2WoA,3011,334
4NzdjFgCWj12ikm6yAekaQ,4212,421
pg2soiiAWSvenWac41oG8Q,2163,110
MroQuxCSyTPpuTMEMHZPRw,1937,12
IUSDyfv9t2V0G3vrLd9ZVQ,3040,618
lP2Zg-7FswSjZ7HIWV9f2Q,3816,14
cHsHhhwoL-UOUCfwLjSCNg,1817,3
WMFWIeCog4qxbdZ3qKDUBw,1275,13
Yq7K7mB8HS5AqBL6EuKf4A,2095,13
mg0xz_HZvoDtv2zWm1YHZg,1712,172
Knwnb8HoRGQgWTgzoMb8UA,3963,61
O2-qBL8cUzQU0AsaznCNcQ,1239,12
MoXOoTdGqOx33c5E1yxwDA,2446,120
Yof00mbd6qQaR0GHM3bHOg,2429,73
nhhelTa62_m9h6sQAFx6eA,4283,333
-vSUDEQB9j2DaP8_4dGW7A,594,27
usS3Xxicw9rVBcnTc5h4aw,3490,32
KeQ7VBvYhvMOZ8cJ80C2Lg,2425,37
mvSv5I_0fL15G8UV7iu6Vw,2923,16
bg-p6tWsVXmcAyODWhFBlA,2215,19
r9-_ey5gx07CykNnmdp7uA,1174,19
EEIqag1wM4XbksmmyB_xug,1124,5
astxDnsj9c_R7A1wSFpFxw,2367,19
li5pwULg5kwUf7CjN7uvCA,2650,519
htlskhshX5r3bQcKSY6flg,3709,257
oKu48WK0YEPibSzF4zXcGg,2419,3
6d_3ng-SIDGTPNoCuyXOHg,1830,16
U0HLVZ_lB8KE2Yl1FbgTMQ,3175,40
PdkCws6zLuVOx8o2lp6L6w,1435,66
UmlJLj-zeRfyXDL5ouZCjg,3101,4
vh_F9lAQzztdRRu4WQNMiQ,4190,254
R7oAgr6j6SlOfpgByy4Xtw,2350,202
lVe-pmPfHQ1vAZ3vJXcxGw,1361,56
4YLEZjZmxpWvRZPa0gDSDw,2389,200
JRPARbQMFittIk3XOxO8JQ,2993,16
-fCHr-c84p1E6OAjjInP2g,2706,7
1kdfj_PaRk8i870ghdIvXg,3139,533
XfhgaDtI9VzIUGUMT1uVfw,1780,1
qvSuk8tEVO9whGFeEa_MbA,1560,12
zMlPciX2QqUOBHqR1yKoUw,2111,26
XKxDCAgHRTcc9RjI0EfS5w,1266,9
cGPdaf_ROoM8DCqHjJ03ng,1769,7
4awxeXcpJhgd6MPlxM30Rg,1835,17
JhSogvx8BZdClHkLe0_ReA,3279,39
vD3SlGUpVR2lTBBIhkusAw,1990,26
917BH-O3rmvfQj2mulyBKg,1524,1
gctfxmZ8Uvc55wWrf-D9LA,1667,14
YAfq8nZDEqJx8I0aeoN2og,1868,4
KlNhBz-QP5I7hBF0UVKaRw,1260,36
RvGMMhVRm-uJv316vSdUWQ,1855,10
lvBQfPp7UeVKISV3K8e2QA,860,4
QqniA-6jdzBkErJtwHmB5g,1636,29
kv2eBoS_nHGGcx2uUJQ4cw,3578,269
HfI00Jz79XyInMhoccEqRQ,1466,28
uLskvlpyC-n-huHkIUYlGw,2040,19
AiBBChRlf03JBwYkwGjCIQ,1939,9
BHA56JSrfopfa_DboUC3pA,3619,20
5GOx7Lcpo4soT50sy-PHug,1658,153
TXdxboEd5Bku8PHnD1-atA,2331,12
VBlU-PetCFrznmx9f3FIew,1620,7
MPArdeyiPgdHJr2nVVSSxQ,2075,11
h_vcWTyOPnR4nWWRSPi_zA,1519,21
hLXCo-YFPsL_46MAV7rISw,3400,2
u3WKxXewMqmrCBVq7cjFjA,1600,13
Fo99i61EupyqyBkAV1CJ5A,1310,1
qfhSbwgZJzTA4frhY_EXJA,2019,10
y2f4YTHL2apNvwOGPsj2QQ,3130,17
-qMPPIyUxYMa0UZezcyn3A,3501,194
DmCIx7vANyKA5BJCMGwVsw,2519,18
E_3muzreaElYjoGY5CZCfw,1011,11
6jrAyaDfuVIKKzUE4ro6ZQ,3729,100
4-6XOoNjGyyqXQUmRaOLSA,3246,62
5QfGgW6hWDBLOkBnUPt0lA,2507,46
Kx6MFSKLHoxSXFbiQrxFXQ,3083,57
4B461bYiozwS7MTvJ27caQ,1934,10
XIuUX_-PFALYnJBOfxNDhA,2013,56
ICv3EmtlGKw6HpQMgvs-Ng,3413,17
0dBZWWZBCWJ-1noLT6k88g,2058,132
9EvzqTnljRYZToMTi0sS6w,2641,8
MyCNgSKSElbaEExNVmSUaw,2761,38
yn80FbNicw1GIuJEH27aSQ,1174,12
Zsc_hQaGZZwcA0Q3fgV3Ig,2475,34
KwLpNuv2vhOJAH6fCaXBug,1504,12
IEHNX36L8Ax9i9cmcDE9Xw,2835,109
8pC0ZsCRO65Tp0Sdz9iV_A,3973,148
deAmndQGG7LcvMseQN77UQ,2030,22
8KeHUYvc5HVzex6XhP6Fug,1589,32
gvnSj0hS5VhJFD6THOKAuQ,3423,149
34fdNbkhPkLRPAz8Kmv0uw,3703,11
AmMUI1Fo5jo4x5IFZAu4vQ,3053,6
cEa7hiILC4DcmG7aMbPb9Q,1641,7
CPQgCWJwjklEs14TLN1B2w,2534,13
Vc1Vb_w6B3G-a8PP7pQ2HQ,1172,20
cTEZ1wR0Z8PA4GJQl4NzdA,2359,68
xl8aH5Z52J4mtZzvIiiEow,2089,36
kaxNFMcuHJPuRDtS1nr3aA,2115,17
jrNdRmfQJrZQfHd4h0dbTw,4196,162
BwkZuykF0T1i0Ae_niAukQ,707,22
E71AkreA-soj-_GDUfDLRg,2096,47
d-r6etXETDwlgQquRBIhfA,2118,19
cVKlRm7I0tbYQ2VjKIB-AA,1992,50
_huS4-9z-x4oCKhCxw-sRQ,3109,11
kKte0PCgxoPeYsZ9HSaiZA,1651,12
scbk6KvQrqJhhBfz79OM6A,4734,75
JgcyPvV7YH7J-j9dMczM3A,3859,36
Ol9QKjt8BVbibzZh7u3YwA,2099,36
6kHOI15vOLMgL4wkBo8Jsg,1282,60
9af5QYLwT_mMXm6UPHxZdA,3039,26
t6ATnh1tOwyv-KWdmGzTFQ,1971,8
Mgj9RIFFkkZxxbKy8kvY3A,1678,16
TviI9ML9TJmA0BBRclweeQ,2684,551
Z2lzZF1OWsgtGGkF6FFuUg,3827,57
7eNP6Pom_PtiY2BEzAmtjA,2906,15
jtNNg5ak7KUg56fXFFk8Xw,1178,8
fRddFFEy22uBOLkKMGWKVQ,3014,46
F3jWL8ZwSzu6wAl3awSnpQ,3178,28
7kvWyj2W7DLSfLqt0ypBVQ,2877,165
H2CP4jNw9pU5Uh2WVzCNFw,2432,62
1eU4A_HkSMz0pGEwQc4rfQ,3170,45
zaDWGJpfZcTf6VWHYCKNsQ,2913,39
IND7eTwAmJv-RGMD3VqG1Q,3341,79
bo5APKamFA1FESCwAa5Gwg,2337,19
RjS2IDyl4aq4wInn4w0zMw,2965,26
qy__ihANPFI1hTC9iXOOgw,2378,9
cYx7LQGnjCAPMIJWoTq70Q,1775,25
oisgqHTydEtwKOsEjm9P2g,1464,5
K-uiC_2uN9EC9cOJ5unnpA,1782,11
byxOGvgvNlMK9Hux4VJ-Qg,2053,74
joQno3lM0Rvb_A6Yw_R5rw,2604,17
Z6-ZsBP3DqfQNt2Xju6epA,2610,60
yA7It8DSWotBhZ17KYegGg,3909,123
9ZcCwy-UOL78B3Cc_Z6CpQ,2523,19
7qD-3dlgwsYAWAyAhMhRBg,3171,105
RmlyLx4ueH8wRezCBA_5Aw,2026,111
7yqrpYxl2cJ4_jqOIa9Z2w,2869,62
l_A3W3Zo8luvpdZoTAPMtA,3247,30
_HsLhJrMIPqrfAEhv50EtQ,2068,4
B4JCpRO4Y09PmuiKzTRL5A,2364,5
sL4d21KDIwYr6A0hrW3pdA,1661,7
dDedmngzw-pFMya89HCM8g,3019,166
CCk1ZSI62_2curEBdn4FXw,1943,36
7vc7bcE9eoB2XB6bT20EWQ,2429,12
Zi0iRHlIakjQ-OaGPjHvSQ,3188,5
vZQ4DzjchBgMxge6PPBelQ,3236,19
nTx2gb6PGqe8kwfEFWkwhQ,3609,15
pk1X3v86pjQQkarpRZbkdQ,1743,56
voxS5V-Rh0FZ_HFHcqJ6aQ,3218,32
4CsiJygg0JKL7cjr_eODVg,1941,290
W1VUZ4zmJavPRn-os5TBag,3236,474
OhE9KBstzS-kZvyzAsj-Lg,1632,9
eqtbxSJ295fVz37wSf0ZRA,2814,50
MX553LPk3lKJXYkedzMNng,3069,47
clV45tziJKckHiIWwEPurw,2366,51
Iko1Aq6MGqIKEfpb-kyKCQ,4512,56
S2naArQMWldebWTPbrKi5w,1964,49
IcTc7I_YuKQPNPoMAPdXfg,3283,4
Pw12AEZdhuQrZxJ_N5QtHQ,2480,9
EW0JyP1eLYLq87My3eGRKQ,1849,5
_EY0nITt_h5g79hUV3fdNA,2867,21
xyRnHx0Vs7vQ6GeM8k_Epg,3150,13
lB6OjLesodmSgTGJYrR47w,2181,22
A3ekTEv_CcdwvBGnsWrXzw,2898,5
QRseF03yfpctP0T6L_flGQ,2323,14
Rcbb8AmUgQW-6pjsCVVJ8A,712,5
Ui2Gzbuy-PmOMGQRtjLHoQ,4103,105
zuvvr6wV7eXDaZRY2KNC1A,3120,16
Uv5v7r1eN4XFsKZ2jwn1sg,4264,612
wGGdj_gh-wwejcYmjf_tbw,4213,472
eqpnNSQOCxV3ufSXwwgBJA,1829,34
pzyKIwEUp8axXqlRCUUfqg,3198,236
46CTS6M-PBJMb9p6IWhiIg,1173,26
-XRfPREJYz4VR8hDW3guLA,3286,26
W0K89JPq_mTRl8NZauqPyQ,3129,241
df3kNNGt5nykGt4Q6MH1ew,3935,532
gSLQ-2A7b_d1JmXzN5jFzw,3282,240
rJAxD_V9MP2Ef5IfjpQhfA,2645,28
omk5rlacaCq43bdqGSq1MA,2997,27
elbBmceEUi2Dd5f5yFrYYg,3215,43
jId7LZPJIMAtRUhY3P3MwQ,2881,133
g3v-BbdTw6J0S4P226rprw,3677,34
ad4sxpzQGoVsiM6lne1Lyw,2851,2
O_BqHrElbkgPy5Qya7KE2Q,3374,31
eigZw_Tn4TWJPSZ9UO9Auw,4473,675
jjbI0NrgXTpT5zHE3dBHHw,1324,8
TIci7X_Ou-nAP2UioZgGOA,2304,24
UsZ1Jx9pqjNSzjwB1JHSQw,2068,4
bsAfvVocCcGZySClP9C1Jw,2533,11
f5J-kgaQLzQ2DXlI8KEwFw,2070,6
lcNmkFB8B4Bb2KXdRFlPKQ,3847,11
_OVfAnDSzqX2BxKFBYPfhA,2731,6
xNfuD-gawFadUlNNoq0TxA,1644,7
tbvcn1NcJvLqK4O15vCxuQ,793,3
o2rWlh3hXyN96a6cbhOWGw,605,1
0yQfPiGwovXTc9dc--Natg,2504,14
0TOsybErJQrBMh4wNUYMMQ,2777,6
hqUD8VZzLnU5DtH8bcHTfg,1692,3
6yysPS8l6v4cI70MBrEslw,1425,15
vmsK19oTn884l--QCfCY8A,1207,10
gJM9VT7XxNz5NhLJ1CXtag,3023,64
3Tbc7JDNxToxtb5JNpUk4g,2738,28
Dbtq59g3z0ZyLiQXhj-_Uw,2792,24
kZGPhhKHP-ziJ5ve7k08ew,2715,34
188GUKMmRM0eIbTC19231g,3940,58
w7ivcXcJYWOQ3Icq1xLBxQ,2761,161
CLbpPUqP6XpeAfoqScGaJQ,2706,168
_x2FthxNxcUQHpCVpqgjxA,2541,52
iryDKCdVVSqis4yjztuGSg,2056,268
IuC6I94uhSjREEY-ba6seQ,1647,3
NP0MjO77PkegrDFU4PLUtg,2908,82
pWmNUVby0659HXN2B010wg,2994,5
3okybxTquQnYO5t50tNB6Q,2894,71
t6ShLmOlyFtrD_BUHHVkFg,1678,4
XxdlCOGW6qi2c3VkUT9O6w,1592,76
NjNrF0le75iXEP80x_6AhQ,2461,107
lNsZDf3Qmme_AF20Gs8KVg,4525,509
_HbMOgD3fXGDkUs0ZPyVzQ,1715,58
gtOvKs1uu45JovYulLXpDA,3829,269
6x20vFxIa1uVR8tB4XQ5jQ,2866,30
M_lwirgw8rLMruEx5mCAaA,3364,7
rg30WnelnsaDka88wGobCg,3271,379
0HNyNl8EkzMocRSSEVmoTA,1747,24
rteeBfQ-HAERajMSOWf4Ig,2089,6
I1VN2CEL4jVpie0JXoXRag,3476,33
ZYztEAoCJugWoQVCbYCrAg,963,14
eToshuZgLErrfN8FFMZDUg,3883,19
DIWP8gDm3DUj4Iu34QF9Nw,3528,17
w0X78W4qo73ISEODB0Rwdw,2935,47
l7Xyv7X-SZRRGSpt8qfGFg,4636,19
buC3Z4OVADaybKenMusg-Q,3201,166
rCsbj_-84Jp2XhokPZ-5-Q,1938,41
BDc8RMnu5HLA_IzQ6iOyuw,3003,67
v2BXL_BZEMaMpRff6_6BMA,657,6
VFWmLf7FlsRY30kCWCy1Bw,1848,46
MEi50txl4EpJXEEcwx6-tg,3386,19
B34uaGgSqtIL8-IuKJdFtw,2834,13
h6xChuG_X4FBXBYhiRebmQ,2446,109
KZoC3XF8kaOfXCRmA5rOcA,1995,75
qtWYsp3Fagzr-yWtJvO8JQ,4449,967
bQLKcPC_W-i0PdgjoMQPcg,2070,53
LwqEYgdtWbMbmhnwfQeR8g,1028,3
E9DoTIRkPcEKPdvpkV0Fxg,1961,100
3nY18D4-3yoYcNK9PyKHtA,2387,108
z9Mf41VHEKZ4Mii8WNW8-w,2235,134
83cecJaBXy679ONpG7qFhg,1161,88
hj7o_BPgj-HdLAxdKqdx-w,2260,822
Et6mwzOORak5K6kJ-yw4Xw,3620,903
TYfZrIzz08VGmvvvGZhqyw,2908,455
kfujM1I6Gc30trDF4KPY7Q,2805,39
SGkmjgjMcTW7c4GrAW5MRw,2384,22
ATvlhxc4IyGQ5989TMUOFg,1727,44
V6DT0-udLUcVL6n620YLsg,3108,15
ufY9OrTeE8paxl9-UGFwqg,2517,14
vJ5AqpCssdeatvrdAwZZ3Q,2425,16
JIfuFat69R-7dQXc9yCVkA,2582,18
prvrAwPzJHTziQZ7kYz7_Q,2186,62
hOkI-pjET6m5Ps5TGhsb4A,1728,48
-TcZ82WJnqdH9CbTuxuU6Q,3286,178
09D5rRgsFmHRJKVBmCkLfg,2758,3
9upDl3OE4rrrn-oB6nTdqQ,1558,1
ssl_obliEmdi8ktq__ZmFA,1605,40
YX1pEl6jf6jMTPKlcBHwKg,1473,1
AstyQc55zeMLqhu5hyA_Ow,3009,27
TSGnNr49ZVtwr9GQe8cZrw,2029,3
S2flfeHjIg7bC9h-wQ7Exw,1847,5
-fnCS7FwtNFCXHeEwNCXxw,2286,7
mtMQ777mWJzb62ltsN1_pQ,1645,5
Gi-5sabg2GUCJzwPfnB-qA,2894,7
bDPh8kL_uSlCr1xbeN3ujw,2015,9
B0ETWuAVahbqr2ydcxWCWw,663,2
2Y8DZ4D6myPfy9woeccNxw,1906,1
PH3KLD3nA2QlD1FJe-YKNQ,3268,71
rf9v37B2ksDBZWyRqaDnMw,2554,17
5XFZb1AuWj8E4MfK8jvDWw,2050,11
fw47-Siv9YjtjKG15102wg,2829,41
QeTQEQniqwaMf_ZsGBhaSQ,3196,111
WH3SlGieiCJ2zqIm6jp5PA,1721,5
U65DoOmkF9TbR9jUey9yww,1949,1
ehB76ThjBT0jB5mbg5QRWw,2730,5
lmQnY_aGPMsmwp9HDlVC9Q,1530,3
XS5-hnR8jCOc-pRDl5QKLQ,1486,3
ieG9mx6yVoOms0iWuZmgzA,2812,33
gQ098J-5e0uqAPO86yNKSQ,2274,4
iVZ7pSZyEXToge0qamNh0Q,1831,7
l-Eix9O693KsWWCeAJTP6A,4291,231
lZukJB-wp3ilTK0-_K5Atg,2004,38
b7lLqUNzXg0Ughx5qQMOEA,3117,12
-jt1ACMiZljnBFvS6RRvnA,3169,696
JvQRbZYdMGuuDqTArles2g,4206,721
mXjJPBNhnPVsQjxp3ReilQ,2819,7
egtOdh3TSda5qA4tV7kE9w,4534,119
Ryl_S8uERU_JjYIFyfMvHw,2240,15
taG_dc4SQwW3TKVZwKszHg,1476,75
RHqUvmxT1Dei8YdmA4N-YA,1799,12
ucQ58TH0s6SSqkNYUDrOWw,2467,32
e46U52WHaclR5Gz2dArsJQ,1624,15
khHSJ99xAQKRQAgNqc4FKA,2918,5
uT-aUgKl5-lvaBV_sbRhqQ,633,4
bP9YYaGUwtx23r42pLq-KQ,1886,14
wZPizeBxMAyOSl0M0zuCjg,3779,3884
kj89MC4e1ArV293Qt5nFTQ,2556,30
m12hJv8itQHKvrwDSsJcUw,2933,15
RxwG1cBV5yOa0-lv__WFMw,3709,42
7CRg3UJqrGLPGvN9-n81RQ,3227,58
TrAnJWCaChe4F9rU8QGCNQ,3437,129
-v_Y8Rnh6S1lLdfAKhZ4yQ,3210,143
vASaF47nWvCHEEDA8nfCVw,4054,887
PixAmdRa58XZ3hr8YLS36g,3055,54
NqS05orB1_x056QRJJgbjA,2698,505
xAiRzTxnxVnemBbibWEp0g,2067,17
sxEzazybwfF86Mv8Dm3tgw,3345,427
lmTKo_xyfDX62FYdU1JYxA,3251,4
1os1G8EVWUOQ4byfMMy-dQ,2905,74
YQeej0AufhdNtB2zYjaBfg,1471,3
1WYikt7N6jjIbjFTIWWpDA,2274,4
u9bjjZY_83ydwgRtbVzYvQ,1628,199
U0ZErvYOtKP1pKT7TscoVA,2712,8
adqFPhs4VrlpYVSaP3n-7w,2066,190
SaDEIcYMFnVhoaLY1S8ARw,1697,4
DNntARwKLJmAMH-FgihowQ,2783,581
5r6AnsJ8hc966qfhpVMPug,1219,9
1dBO5arKXl-Sl1iL1OGvbA,2316,85
srLAI7koV0E66dW7u00WeA,2601,338
7gViRdPdAnI1e2ZxM5OX8w,2464,157
ODdO5QBv-KC3N_7SHwfsPA,1685,17
KgHc1vjhcLxJGKvfIcEztg,1763,24
-wJSfZkgPugIlXwkkkY6sA,1731,10
L2YAm8I79qrnzYc9yaOa0g,1738,38
TkCACl9ksgClYIglS-6Jrg,1512,6
jf-dJu8YgjozH8jdOPENMQ,2665,18
N3x312LSGBQyinRkR3rQSw,4055,97
TxIgdq7D2WP3w-JOTNaQUg,3293,7
Tkz2p2npLbIahQzTKb_2QQ,2970,18
pkpzIhX1mNzLLEEyj4syKQ,2244,179
tLiNUSqo3_sSVHmkubrD0Q,1662,3
XDHEsIKDlw_ghBW8FdCkdA,2584,12
DwvQ9KR9rMa7hgLQzITcJA,2754,178
OFh0f5zmSZCVs38OW6w3cw,3766,125
0HicMOOs-M_gl2eO-zES4Q,2615,113
imm6CBfUZs9KuLOYSoeshw,3182,6
6Qr8VJKK4y5HKWBQlG_fIA,1712,1
1_UfxceLVptuROPP53hgBA,2428,9
4KbqsSxMAxIvS1P6ilcsAA,2716,171
kavhJZoA41kpfF3XOrw3wg,1261,10
mZAJBZzUUhK1b_VKfbFUvw,2139,40
Yhm8MI8V7WVr9utt_rf-Pg,1316,130
9dwUVcjILZtSD1kQ2kHQNQ,2923,31
cWisZYCuq8hXmLvztq_L3g,2255,21
CPyIwN-yiQ0Jes-YTb6V_A,2748,13
JKQhiuMjsMaceREiLhY7pg,3376,42
Uw5B59Tt1MrDWORtcJ-SUw,1800,3
KX6U1fiohxR8aAHLDpNMLA,1780,25
xa764ZbNAhj1Ow2sAZ3A_w,962,6
YzXc476iD_3DVSi2jwLe3w,1346,11
9D7nZviW2Xw_0uZg5D63Ow,2911,28
Oihbz4cdk_28PwF3G3y_fQ,2699,24
2JU1A-oxSzlzEgEnTiwDKg,2117,22
GrxbriOtv08A6Zzmh95UNw,2343,15
M9C_XEj8ILBZbsuDZMYczg,2669,87
YAa2-Hpl9N67OoILP6TbDA,834,8
z7Mfb3IxpL5mPoiphsRhmw,1769,20
3MEgwGJSzRbA8jwd3ZGYVA,1515,18
byeV-uTKrJ0s_RMefGD_qA,1255,6
dFXYXHDwFmenOp6HDN_21A,2873,11
P5sdAskFA972iOjq6_9nyw,3415,207
7CLl12ry3b_jCnQ46NXrBQ,2362,37
gdLG563r-xR4upnkkcvxAg,684,11
kmGSeElZ7uHpw-2mFrUgaA,4659,507
Yq26k-cmFfnWqOd1IyyPmg,2339,43
xEuSjsbd16YYXw8MtA4-Ew,2330,4
ey-4MP3wXg9byW4QFj2_dg,4583,380
3gKSnyBeJBI5-TyoowozEQ,1403,12
tPkYhfmNu0ef42yxqYbqZw,2188,3
IsIOSx4tbxOXsAOvy-0Yqw,2562,19
V_CjvAL-wkB4h6Oz_ugAzQ,2161,22
VZLD8fTPz0vRqFGnQdyNtA,3134,6
AjeJpl_mku3ZXTUCDHc2Gg,1984,16
AOjoP9NoVA8G1HxkGWZuYA,1187,15
dIO9qEEOjyoRph-3LzBAQQ,1525,14
H0ibOQxgJX8mQdjwqSnWZQ,3405,292
49SXsLMeH_Py2vC8F9ZHRg,3295,179
JRcqmvHTrIs85sk1UHv7Eg,1936,24
3RE9OgCAO0PydIoXBA2LsA,2138,12
QwQlcv_ZW7ojbfugtF9FeQ,2173,1
v5iaTlpyuJT1O5doqvsQOA,2433,9
FGh5WAvwIqKSoRQwn91qLw,1831,26
zfgAzsof32Qt2hla4HqX9w,2429,7
RkVNb4DpKwehS3FAziAMVA,4305,1602
ezZYhBA-16p03lIHR0mdww,2530,20
xNGY5M0ugykeO0k7sc6tOw,3830,28
En0tIC_BCSZ2sUaepHpttg,2743,36
t_JdBNojupiamT2VktmivA,2775,5
NlNlyQynkyEU3l7TR3LXdg,1410,114
KUterAS_AqVN_aUoe-mLoQ,3700,34
UBXXxlTF-NqJEEN739QzKg,2222,106
XVTXk1owJ9Sd3ElEtRdstA,2862,8
YZTlCCS3gFuQ_EyohlMMbQ,3379,11
QCFcjh6m0WUH0j-VMS28Cg,3018,425
6JOGFYlwUUHbigkiDXpylA,987,18
fDBS2WsiDF3z7a47S50plQ,3263,75
zuP8S54Yu1LVqYi4YQ2t-g,844,5
-WomnDNpYinTDGDzMVqJeg,1452,4
JhuDIVo6WeY9qIFd8eJGHA,2060,32
9bUtVfu_u90U9-Z-57_QzQ,1745,13
q2oxK-AGg1X_CL67GLXXtQ,1590,20
CK87ldkl_P5H3si6dFp6CQ,2408,11
528UXol2ZvQlmfWwiip7iQ,1173,2
yeLMYT2Nqbl4hDZuCWiPkQ,1459,8
esXeYyuqi8_SpZY0QFgKDQ,3765,59
kcubZRXX1neDP8mAlCQ3RA,1649,20
Rdk7bA5zu-7_2ssBLWk_Sw,2259,13
Qpzjll5iELanRhWTIB5FAw,3198,35
d6F5AvwjfLq1ONR9Wz45hw,2357,2
vkicO3h812e_7GZyOYqFuw,1626,68
1BkL5foTtuVSimuF3OpjOQ,2734,9
ywLBzyUnI8H4LpOWr6oSOA,1732,26
Rq2Pu98080QFV3Flkvy73Q,2128,19
uk6o2Ryvb5rTXTy6PLk4yg,1378,89
P4dSApGnNmOc4MkTWnEfgA,1077,5
67ZPA1RTVf9OZ_xX2CR5oA,2286,1
6ziJALsq3Us2t19fPy2eWQ,3708,46
k__xQrK3j9BWwlvCrmfolQ,2364,12
NDbUKyBwkJ9tUw2EMJiM8w,2910,49
_tOP72u31pkfFEngVy2AHw,1374,3
kJC1Pso96LBvJEGObB6Cog,2324,6
1w8WgSHQV-SN_oNGRhSU1A,1952,6
a-mARwRpqbl36WVomNrvEA,2858,22
DxyqKFoOcSvVA4XYfnXh4A,3192,55
SegyR8853vINy5Lf27qF4A,2489,7
B4ikS3G7yaq1KccmFSjOkw,2703,2
N0gKP9YdO0ivwgwyy_KCYQ,2570,136
v0lO2tI4RbGsVQUN6vL_Mw,2615,7
lo-AP_9soVbju96Zdtws0w,1153,3
gJEr5JUoVkGL4bnCpOHFqQ,3095,1
7RCeDZY0urrTlCS-6YRl8g,2262,2
JlD8asiXfY1CoGy3VHFRlA,4747,372
3FjdHwnoz-vfw6hBBtckqg,3933,391
G-jkC1pCLGrAyNWg_xkA4Q,2158,51
4y2JbQF4OyFFZjhiv3U5hw,4074,18
yNITpVl6C6Pwhvj_7ksjkA,1091,12
xsod9wMnV_Y2AEKRTB_3Yg,1638,17
j_UhJmotmJwqlm9DtuL2EQ,2922,79
bzGngMBzPq2vGrgCoUPyww,1025,5
7jv2rUGPU8-zrr-i_NwFLw,981,2
w_mLP1sEsvYl8ALgHusCiw,1607,11
LIBCmKxseYYK4w7GOvRqsw,1307,35
50ombWXfWRV3QRFeEDRmCw,1612,28
-cbyeeELqS0YdOLSEhUKEw,1965,29
6hRwLjOXXB5ULkCaf_iGKQ,3090,383
2Oz1BZTcfnUV4SWq4Pyzyg,3412,142
ObK7crJLjis0FbU_3DVMhg,2100,25
zaRs-cBR7lN69E3fZBjd2g,1693,15
nZBR4CdkZUgrV29WSBPepQ,1414,10
EAwRogUlenRSfFmUYDz9dg,1790,8
dHTlXAAFgsUnMCUM2XGbMg,1550,2
DebQc7QWdCqjoICyW4W8Fg,2008,3
sd5x9OgkqJaOYNehsUYu8Q,1366,16
9OucwTgDOLQSxgRURMJrjg,1427,5
9qchwP2CbLKftarl_4pJRA,2086,2
6N47QfyAE7ZtIgb1wcpoHQ,1958,46
Z2BMCXaVGqikH9Ad0DW8bg,2475,76
p5pGmT1q4iM_xUIYRAMlDw,2507,2
68dQxH-wENUc-ul4uLDcDQ,3051,83
4DOHPVw5mEBECQ-57B2Pcw,3612,60
965Y_aUnhm05ErARvvTgVQ,1501,3
6JyEEVHLlotom_-wc5XdVg,2241,29
_x-RFv4M49r7R5-oKyXMQw,2582,17
lU2optj5vd8wP9_F6KkS4w,2493,23
ZOI2dTszN3IaUuxyYBsTsA,1735,5
RcfytpwzdU2AZ5rLrtP03Q,3510,9
mxByijeeAPlirDELml6i9g,3668,337
5-LXxNNX8hH0Qk16BlPU3A,3091,68
dxztEGjsQffl8tjOkVjz9g,1454,9
hCRodnMTIokiCS1Pn18yPQ,1672,6
sffFC3-gEGstmBOnfVdR1g,2598,12
neH-EH5gStCPvIke_jgbOw,2725,21
kpF50O3q8HSUFAXkiiF-QA,1735,28
yoxv7_KGanpGSGXWsn8wpQ,2565,5
pxVPl8hKtUffukvK-Oe18g,3243,6
o50oYB5PjyMDOVS5KNxpIg,2194,31
gNGQ61hOFGOTfOi0XxDxWg,2151,34
bIrePNeAelf9I51bXYB1lQ,3083,26
JzNZyuXa47CA9TlVRH9BYg,1323,4
xSYzKEoPQ40pmkir49Twbg,4576,82
lVbPEaNUxFjwUydjentrYw,1864,22
Z9DmK2AkOnumdDkXwwI40w,1916,75
gMwsy1HigLjpjUU3bCbicA,1951,66
dv4iWpnL_-aCdZkkLXI1Aw,2747,16
Q3kpIDbb4hFknq5DG63cIQ,1684,11
31UMihj7enhNlq2jK5hZ2Q,2913,34
ckDKppgAkht5IsmeC5Susw,1644,8
PpUapLL0i2Rfy75yJYijNw,844,10
VhaWcErH5iE7dU3nZVnn5A,3961,192
_Mjqfkf7CiaXUnI0xxhOog,1251,22
AONEXWxzA6uSDrAhcKpXCg,1380,17
lZgo0Ps3-EDncCVldXrbrg,2418,13
eKFIvF7h_cCpSuvTE9sy2g,2479,24
akbVGM3w9XqtiHqocrFsyQ,1086,12
v0UXgVGPqoQmELUWpKhfgQ,1451,3
peYEmnrwfae0TAk4WLuBjQ,3002,27
KO7wAuFiTbZl-eEMBAzY2w,1643,3
IttRqc_QZ9FtxD591aSJ2g,1992,4
1HtGcjZehXY8odctlBSIiQ,3308,508
7oK8xLMTH3lLyK88Euf0Ug,3047,11
rClYbOqVaLhKxcSgoebYWA,2875,9
nWqWVAyShtSAW0dnpXAI2Q,2412,7
do-y5ljT1QSgk-10OMAk2Q,3080,39
ub93LMtFAwm8oaP_gHGEHg,2660,12
F5JAmndBjJ_hUXRmaKJecg,1102,66
z96eQlEDrQVvxtKyymwTLg,3176,647
RZDcAzF_dClm9n3DiHED6g,2429,2
3dGcAPlwDnqw2HSP6twmqw,2937,3
MFnWQUiDXyuSetHqK4zYOw,2390,161
2okJkbOmIOE8d8pa15QHmQ,555,7
t2yHncg8oNBgMBHIhv9d4Q,2899,94
yKUa6l3R8DkayZiZF5qYCg,3480,51
VafBQUMN9V0vKCxEDqEg-A,2709,29
2mq01EUAYqsvtDIRzptheA,1084,15
Bj8DGzm7-aEYhYWMlCFkAg,2733,3
VTRb20XsdfNj-zrBdVDNyg,2733,31
ESomTPa2mMAD-iEnSGHRQQ,3369,21
gDz3MJuFcM2JtM1Nh5ddEw,2891,16
yMiROe6lvhAp3FDsS526tA,3780,153
AEhN3T2quJE5t-02tM7OrA,3004,31
ysRWlLWCSdIqAagqpZe-SA,2229,4
WwdGf6hrY7pdmw43mhrvJA,1015,3
w6mEPK1n_SK9XNS5qno-6A,2469,20
6BZE4VLirQHilnEQ0nKTjw,1354,1
LkfZ-Xoldc6uc7Eu3YyfDA,1270,19
wUI6EUk7PLtdIHZL_Rt6cA,1876,7
oRjWZ7LpRTCYXQddx2Ymnw,1067,8
3niRLov4h6HvOLWziIZQEA,3597,13
-NsaWPduSVrlafaVZ7hyew,1902,19
UpvF0Cqxzak5D8IpMMBBlA,1500,6
ppTLNqONd2wH3tjsYt3gog,2242,29
SiAuxx9MV503wJk7y5OoxQ,1399,2
lhgS6PwCjFVywctmvFoplg,3302,6
tAUh7iH_ZJ4mC1FjIm2H5w,2700,3
ROb6j9_dQcr4XmL-y3BX-g,1095,4
g5lN5wu7PlUDTLKsNrpGqQ,2314,8
ghwNCHalB8UP2JBq6cSXFA,1735,25
6gF6sErGf8U6d50OrlIhiQ,2343,80
PaIGgIIci37Mlv1B_52uyw,2229,10
e53E9G6adms0xgFaye_5WQ,2542,15
ndZOHkG_FWdL4TRd9xRfNQ,703,7
WAzX3AaM6PQfzFJHaUF6xQ,1405,63
OwXc6VlOgCrKiZrPESLcbg,1895,2
iU7gzZkzJnv-5r47jGOHGA,1870,9
TtMIAw2IHCQDYfansYvkfg,2741,15
305BhND7HgDuIV-PKPocSw,2634,4
127XZEx1b0Oobrfyb8_7SQ,2520,6
9WBZPqSU2MlrHxpqk-ONsQ,1517,12
bb4gJJmfuPZ_lXVjASAYBA,1972,12
Cy6HRako65rKCh09TqdP_A,1261,45
eWAFmqPWs-0lvsXXN4rtnQ,2025,1
EcpQVjrI1cuUrsSoAbx1kw,1137,4
CQuitTImnVh1WWRV_kZxmA,1411,2
nFX4ucf3EmcVRABEKIf4wg,4244,28
EnML7_0E0NR6zPM17GNYwg,1130,1
_MFJIFjGMF8DNK5qstWzug,1989,12
UejuYo11GuFTGDp7e1_0sg,2309,18
OEhGkOZzU1Zz9rMoXlbHiw,1716,3
ZZCh16cHCdyfsaGlYHqAqQ,2420,7
Kc5hZtrwTXamFtEuwYshHg,1468,1
qqSsylr1Q1TXbf8uPK0EEA,2501,24
FjFuXd9bkhPyeJTG_FB_QQ,3677,21
RvUFeVZREMdv-cw7gOR-UA,888,8
x2Z4WUGngheWMOodytfrBA,1288,10
0VCb9twhiCsJj0PrfP2F8w,1567,4
J4eyK5hfLChT7UOenw4moQ,2448,11
kgMCByTJAYjJUYRBAKsGaQ,3693,19
eITkQlKYsYqOBASP-QS0iQ,4047,61
gUIu5CkV1DdGqG-lMK5LyQ,1914,34
DIpo8uSwcW2Z13BfUWbsmw,1999,9
iN_XYrYcHeqEMN3Dbu8Dzw,2247,16
66QfAmEfQn6PYntFDtGadw,1673,45
xYJqUgHKorG9LUN7PCCS2w,2696,19
OSkNas-hs-rpXrf817npmg,2115,9
7hFNf7CUjElB7e7tdDHCVA,1935,28
WJ0VX4d-I2CXuhrFwn03FA,2292,11
4wTO4_ngs0o_1OFfAHOwxA,2243,151
fs6yFn_sa7bTaS2aDad0Qg,2903,270
WRnS8nihoDej_kJ4ShF3Uw,2352,9
rLWPra61RNLOc1Cm5Se2dQ,1674,6
mIEh1Z_3JYUrLYFwuVONSg,2826,114
MfnpIPeWN6byG3WGiy1dhw,2012,24
6dQWnx7OnDYAPuHweL3dzA,1900,3
SqJkd07gibb93TvsB5DERw,1808,6
2LOZYKXXmmgANLSnZodyKw,1275,1
dCoqExlEUetmq-txBLLjCA,1363,29
USSy9sgLXXrQjC4Lr8KBeQ,3208,12
GWaGs0r0fliNU6xcyQhGSA,1519,126
QAhzCDCW8sqoDTw6rwhTWw,3207,199
EAyCKpzVjK-gOc8KNLB2xA,2697,154
1XLOZ8AcW71VuJll_30xBA,2349,12
Bn398Ctqkstu3hi5L5EEgw,981,27
-GyNsL5QsG7Ed7io1C4nCA,1173,2
_VplFzzi7zhOTwY0mlSAAg,2584,93
U2N1EymyF7f20UVfR6k5Xg,1487,49
FW5F5QzzMoeRdIib1OyNOw,2409,532
ORbk0TizyZf5x6gvFQaWbw,1573,175
F2xGOQYfdq6RxEOkVEZ_og,2371,7
jqO1FOJ9f-HHxVJd2ewTog,2832,12
O54S9gyM2hhvi71jZ6OHqw,2305,9
7XNgDqCM1rGhIo1CWwZj4g,1232,8
c47waONXzMdrCwOiJzA_ww,1521,50
uu7Mz5WZtOWlBe0zN-lOjA,1354,30
1hPLSRKAblKxEZ9lJN6fmg,2270,18
DaoJekR205dG_f43jq1Qog,2499,9
PBA1rCTmVaI5APfQ1WgbyQ,2921,473
36kREh8Oib7RdVyaTgg0bg,3912,23
N6QxbMelbE51GuGgB2HhEw,1963,10
JbBOAYvjL1YYLiJkR8roaQ,3099,9
2qgH9LJJ75JwJSkuqTGUZA,2041,65
m-Ju4HDSk-SuZG0P8utQ_A,1886,56
t-SRsPEg0yPXwC7myh_bSw,2730,21
wWoaJWywVBBaLYkp0U9Lhw,2456,4
16Ckf6oyph6N2s8-4lBqlQ,2676,38
XoZ_ICdMnMuous1XqVgXVw,1659,43
K515IDRsyrZskeKl0ydtYg,1690,26
akNu62r4s45YdQyMWccDpA,2304,1
P2IFDObqtv8g8rybiY9aHA,1922,9
g_5F0xyqbh0_FkHa7ZcP7A,1956,31
ialljGkCDD4NxDpW66Mt4g,2111,9
h7WjFjGxOZtH-MUNWokkwg,1010,4
W1sGKhPV3nRw3eljyP4ziA,1576,9
kT0WvQ0v0E4AbVqtNKcBHg,2971,33
EpvT91A4rzF98xSsOdEK4g,1807,127
s-m3IdtIWz_M1IhYXcZMFg,1273,22
90oxM5BKLhcqID8kKlK3wg,1313,149
2CId-VBegkFwnM7W3cFtXA,1410,10
T2Bs8di6RSoRpru2DOJ5ZQ,3149,24
7z5Bi3MKSWhGBAPy1dg9oA,2392,15
ufEtsMqcBBb-BG6_U6Jzsg,1884,45
U13tLFucJNz1fNv_Xgdj0g,4915,1863
W-9inLWlLGJfX7b00ohkCQ,1452,18
-nUAnQ09ICTRW-pS9O6wgg,1409,9
zRYtBBLGSrjfVyavQ_D4vw,3445,5
8RJu7qgG6VPQjXl6WiA1pw,2701,114
vJiuYWro47yJDjlpsRlL5g,1292,3
-6gw8AR7FHcy5TYnBM3wdA,1455,59
sl6comxntSzD0_PpYQLG-Q,3980,36
B_Tz9HANbI8CtQxEdy1vKw,1649,5
IsfzrB80aWj9jYVaG3WrzA,1943,260
BXVqJXrOOnuzEvs3N1wa8w,1620,9
hynNO9OnuaHvskQeYM2sbg,1778,54
SdqiGUM_P2h1BhEyS9D0Zg,2734,8
ysBy15KUcmQnMJ6FVMqztA,3056,17
ZNc-bu2MGLVpPJjJ6nwygg,2945,4
56YTiqg5NNj9weY6cBLc3A,1173,12
le3q1LEoDlI5wSsWUvAE7w,2988,178
fBA-WG2skUfeIL7rQ0_HEA,2546,8
PPvccGIorrioEtLGN6EbOg,2866,11
Mzd2D5-5CTgtwyXDSp53Ig,2550,11
RRtMl0kS2ntfoxcQPJcmZA,2971,1321
FbepZ4KMUjGk0CAnzGyCxA,3500,75
A9k1pVFYCrqZx0CVHVdTtQ,3411,26
spkspIaGx9aj8wsnGOVnqA,3110,447
jyXBSgo4OILHR-TTET-LCg,2327,16
YqX_pU7O6CdAziLhu9E1Uw,3460,23
pe98doSx5z48vsSmYFWEOQ,2510,32
3Av38uh8aHDvZMV_1eojQA,2702,408
BWNUb7mFbXlO6E_SGiw6Gw,2694,8
VKaIEqi5EcCWcSFOqO2Nfg,3490,4
8Y68ZqCgNumac7HBEfq9SQ,1427,5
EexN7B2D7Xxu3KBOSNpCKA,2717,23
Q7PEXbUtn8n-nWP2tmLXFQ,3707,29
RFpJXUVpEOKHEYXWs0x01w,3628,23
CG4V8leTP49WeBDa8JyrWQ,3460,35
bG_FQdlpdN6etYUxrxkQjQ,2617,21
ghxR1O7MJh7CZ9m8Lnzjmw,2669,33
IapvbZWKX0Rpy6_Tv6QrhQ,3655,47
E_22cmsF52etR_Vg_Rxfnw,3465,88
la4Y5u_v7hcp2zpPqcya4Q,3070,190
XM1SGTBG_KF4d4-RUT3MWA,2019,3
Xu9-EV9YrPv2ziKvC8M9qA,3222,18
yRLVCT4DfP0b3Xhskbszvw,2104,24
8QD2O08buRP5iUAWmi89DQ,2916,32
j4VVwERtWmS1H332UPHFZA,2179,2
VR7MmJ2uE43NTyW1maYDlA,2764,37
Cv_wxcPj409CMBHsC5C4dw,1446,8
aH899AsG-4zGjUs0W258-w,3457,21
UsY8HPSpILveitM_dHBa-Q,2256,2
ykXr0t7rdiHVcgMgPchijA,2204,40
EbpSIKm47q9MXu0B8NwgMg,1492,6
yAlpYQ2Acu-tO68wgGALXg,2540,4
wD6Db58eWJEkAmY1fcXmGg,2605,43
7PRrOx_vrN-AjoVz9rSFnA,1403,11
8Qu5ed07556vNT1pFFhsHA,1884,26
C4FQUqRyM_EATG6KDBqUWw,1892,80
9afl5KTg0zWd-jOrWPh6SQ,2609,23
JUWa_Yx0PL_yL2wD4bSjUg,1960,28
uwBwq5VOgygquodaknyWUQ,3579,68
j3d5XERGKxk2UXo5NLMNpA,2815,67
n5c0cuDjIX8IUaIy2QZoYA,3848,27
Mw69kwE8jx5udtQva_WtkA,1537,4
y8kuAZ3JRMniyxGNnXQI1w,1738,77
YURjQmTSH2Nci8tmegOMbg,2985,25
0KD6JNBvIQgwayTyvLt6Ww,2214,7
6gWF87AJLAwWbe7kVhOkGA,2354,75
_kAL5RCZGtVkHAEu1ea_VQ,1522,31
vPjoIns0wwsFpGSei74Wtw,2226,20
n5nKbiySzS4VfCYbHCTFWw,1634,4
40orjR7taY-XpFeL88i3jw,930,4
5g7pSjYLPclwgCkPAqeueA,2308,1
M3Xml3p9zcqA6asZ9lJYOQ,1805,10
_R_4NsdNOxQk6x83KGUagg,1561,5
btFPDVCvAeHN3Ao0ykqU8Q,2506,29
uTAcqWlHD7wLqQ9TxtINDA,3338,2
DYqT3BszQX6UY7rMIN91AA,2870,12
ON8ywsNDSZSygxcSG9eHPw,1345,14
0YabCun3JbFME9HzFfuR_g,2032,30
DxptQIAdNfQOvzcl4OJogg,1117,8
RYFKtWyBJm2afIfH427Myg,1307,11
zISSIzkNWqBlPfZ_YvWD1A,3592,95
Eeb70Ga1SMCMwgpHi_C3TQ,1358,8
Ki3WXOjCrCLCi_xEqSpcvg,3221,53
pWdlu8AFEsr9mSNdaM8JGw,2257,9
rHpYwTGvVazmsJR98SbrGg,1137,1
lI_hH6QY3Iiwl0xX4NwY7Q,3501,4
jRGBAK2zYiZggpnWm13Zug,1450,1
4iaF2CO91h39KvXdgMyGZw,2037,21
iiB9i1Pho0GwiVIYqljYnw,1351,1
_y9BdDWpQTdLQ93Zg8DleA,2570,21
Y7YcT1pxfaDyxDaQMflVAQ,2192,6
Z6U23Z48YrQXWLmnxxnPhQ,2728,7
dIae-PKiQfHWCZs6Hy9PhA,3384,5
xE2Kkc1TNlfJzMufcqYa1A,1120,11
AR2G_Wp2yvVLvpQAOjIkMA,1064,23
aziNlBeXvRTDyGLJI0RwEw,3601,237
WTVUpLgw2i0ZKeHyrB6Hcg,1935,26
8Na2Y_TN1u9N8zQR9qGxIg,2500,7
5lF3xbCZkn7LG8lTIOnMfg,2044,5
Ix4HCoHK1OKQ5gpcZhoVXw,925,4
ZNCU9UFTa_UWmkwMztkEbA,4245,19
2hR4Kw7D4FFb6x-TcwRTjQ,2432,14
wWb3VOtFD2zI9ileM_ulBw,4228,296
r87U_LgQnhrskDu5WH0mCA,1013,6
SaYctOj-v2LNNkD4EXtZUA,2897,130
H9Q2Vc2cc2APn7dIL_uavQ,3801,305
yXXDEQ3xUsYfWhYhFq8RcA,3893,129
YoZaupmfhnR3T4tMaQ-jsQ,3290,78
8_M7R_oGTEv2a_P5AhTS1g,2531,27
cqDoOZOVM8LBIoDAbCuo9w,3111,259
0VmwgCwrHp47x0sPrvzquQ,2465,101
aGDQG_aQqr0nPSmG8L0w9g,2467,10
5WBIwR92ZNVmsG7bRaxHKw,3830,592
DxnOhW7XuMsQP4P6qkeBxg,1572,25
g4vpQEwMwd9Cc9IGB6yr0w,1562,31
Hqei4M4QDy5trMPQ1HY09w,2713,1
bgSfXwCp1mW_hITtvxMNxQ,1266,10
8fGBAAIFEFUo-QLvSJPVaA,2723,11
nm9hJCNHZkFTfb1Tu6SPUw,1366,6
zNPEn4aHT7qQjki2q0QkWg,2217,16
yBD9MNkmfxn4J_p85BsQgQ,2411,33
zwCc2g3P6ZgvZ7EvCRWzuA,3099,145
AcY46K1qHipUGkoB8LCJ3g,3547,9
x3Z6mJPgtnF5ni1engieDQ,3197,120
IBLCgrb4qlNzq6kuBEs7sw,2077,100
50DnHaY_NbLYEWQWqGmsLQ,3103,99
CIDqfyLkTr3nA6PFvtLHdQ,724,5
vzKgTUCV5Pz0gldaeM5j3g,1429,51
b_ySY8-w5bMGum62YqBeIw,2775,82
LYkfMgLxtBPue63P4h1Oug,2233,178
flnWW0wLzfsoutP8v97FhQ,1839,8
3JaTJXjCnw6ef18dYfzL1g,3604,71
7cODjbLalDdxfh2AbHBnLg,3231,26
WWJYljGvqkfkKv_XO7SzNg,1571,79
XLHGwcwT0ZkSkrkG0thijQ,1787,78
NWNVwNylUrKBV-buXgnMgA,3360,24
tEmyRBMzNXC6ZXCnCsQtEQ,3357,16
NFuDTO3xnfguW067BI2AuA,3100,8
dtjN0HrtInXubWgBTZQ_8g,2423,396
oZutIctrP6AB1EO45HL1iw,2852,26
aJWuulBVQhrDPX4lg2Glgg,1245,5
kVWpXNh9HTUQABAhfJB_2w,2135,3
dmJOAcxtG-HNC0bnrC0eEw,1277,53
5UZSUJrqi7ivWVe1DCi9EQ,1243,5
C1_AvND8ApbjfZlKbtbbEA,3827,33
gBz62rI5L6CrKAemYdXWnQ,3445,80
hCaGCD-Yy78Fm-TAIeYDBQ,3301,55
urJLRCt2FUWQb5nelNKGyw,2681,3
OZrgDQDKYtTAEIW7HWcYfg,1005,15
U7Dhb9CmLbr9b_vcKH_YsA,3224,11
-mBOj2PgO7IvuEFMUUqeVg,3392,14
mm55g049o2nj09b96Byxlg,2871,140
ZSevQHDF3hSFtLs828RdFw,3125,367
hjNbAAqPoChWXpNhq0CUpA,2200,57
3y_Z4oy22GB_IDfXyrG3Xw,1953,33
k8VGqUfGVS5EcIYburp14g,1841,9
iOLiOVAlylEgcd8PWofz6Q,1968,2
_a7O6G9QY9dHxESCrTu97w,2059,32
Kalohky0UsgGeOq2OtVeDA,1879,14
X6ONWoQvCjWfMqx8XsNvRg,2879,6
B9d3pSWIE-gkmh2tHnfCEg,2919,28
-Zj7AybUs0qnG5qDZ4E9Hw,3135,46
K920t1lQu9OojDQWWLQqiw,2161,4
xg2GVcuMiPH1TLFABy4VTg,1557,8
znXGgE2KkxqdIelaqdbB8w,3495,161
jim7lBUBVvif0Mz95QPbdA,1498,3
or9IV3JJ_C10gO5dleZ5iQ,1898,5
5mPEz5XNltV5bHhG_puC2w,2683,18
GiiuJJ0r4LtWlj-NIBhFIA,1775,5
jLf6CRtVmULk0wDiwRTA2Q,2903,37
xaUAOzBomj8eDy74hTvQpA,3160,33
GP_5h3bg11j3mVyIerP6ng,1254,16
yQo3_HxIz6gS1y-INKaY9Q,1678,148
2XGDDY5Og81Kub0izchLkA,3142,36
z6sdJFxDuPXP1P78Blj7mg,1218,49
Nu7s88kciHFgvWhXIeMA7w,1595,21
WQiT_qno3Ch6nwKws5SFDA,3250,134
flewaSfzyqBx4o2eEB5q8w,2013,42
JXU3uyE1_uMkyhgy162HkA,1382,2
ch8a0Xpoak6m-Q3OZPC9qg,2133,1
tQb3Os_ph9glJqGIW-PdHA,1329,126
GmHSuypfrpGrJMGrg0eZKg,4236,112
gJbhANoN7jRXjzjBvGB-PA,2640,121
4QazAwPkW0LRVFEL7Uf1Fg,1385,55
xtwoOTTOuZrXj4GQtsueuA,3075,94
VHcc_nNwec5SlXDZxaG6MQ,2194,6
J0ISmLEuhKhak7YqkbNJwQ,4269,135
eTNnWe4OejaCaYjx1XmsSA,1983,266
dgLywNtjSb6qhT1Ofpm3cg,2837,51
yUPUGY9plMaR7JEQVbY0hg,2776,12
236eNp8YMv25kM2t3LytYQ,2445,1
H2nmC3QlArdjC_sZJF6WQA,2563,37
uY6IugXeRcM2ky2feCAZgA,3256,413
H4EQn0rjFuGRgIm6c9NFLg,2970,896
94cbw5462j1aN9HLcvY1SA,1700,11
Yx1xjCAt2ShUPV5A7NWo1g,2622,43
fCY0_HFB5QjEP4HHSRPAjQ,4747,222
JBcSTDhMNZM5_fmM2WyVcw,2437,162
tIf_WWaNwZVseBaL00BjrQ,1537,54
c9mj5kEh68euV4pBrZiMkA,1766,16
2_U8DhbRTWHaERuEYRHHag,2635,26
rR9gQN7SZH418CGZSt6VTA,4655,120
0j2goWeEA8S8hM9pWwMxAg,2628,20
y8KAfB77-MznewNNSVQvcA,2461,58
S7C5o9Flt0m8jsQGFVq9XQ,3528,162
Qhrbfk3SFIqDlat8zsEGng,1532,7
GQjws9siTQowguIN0iNz8g,3782,70
3c7UcQt-6VTaWLRkfsE64A,2857,218
DP-aDu4xORUonnRl97dteg,1771,22
9JkDYx16OTRFvgIvFwZgOQ,3552,70
mwg9z38_YlkYgudq_1jajg,3669,27
xnkZoRn4fXpYT89WrvFUyA,1059,183
tUPORlKkL9FSuAj0V_4RSQ,2433,54
3lbRiwttEhyEW9Y2ZJK83g,1179,35
THOWePR26FzKR4CfAAgUHQ,2922,28
S-TvMHPVmrCnWkPvBVhXTw,1247,20
rbY0iE2EMZLGjVAyOaDvDg,2327,157
Gq7gZ4gKEpRacGreYFV3KQ,1034,4
SPz0Y_TDLakRZ-eFg8b5pQ,825,14
LNvGtveRK1APrQ4YXLNYHg,3306,50
qNFK9Drxwg6v8RorEwS2oA,3207,94
20z36tBnFEgqxTjeMRFMRw,3061,16
n6bkhGk84-cmpzHvEEqM6Q,1768,14
tMUny5k8QcgXPocHiMfWAw,3903,93
oGOev71yHBqmlt6TbA7m1Q,2144,27
6Mln_dxashMcIwt96SkAqA,3156,102
sl0LbUW4DP47AeYIevWY4g,2159,7
InK8V-mwXl9QiqdFl-AO2g,3265,571
Q3gesdBVLZHBn1ww-0a1Kw,1407,91
d5I9UDqwKe0HLU-53mOjhg,2323,11
7jZd62ISk0_GmH0HXc3cdw,1638,8
s1450pOByJW8KjexugG1_w,1082,6
RF8asLXwkM4v1HWZ2rya6Q,3077,33
fBBLNQik9hv97ys7DDcqHA,2833,10
bG4EeVOCEXnvTtZTI2GVsg,2193,125
2D5Sc4L-1euErfcf50M9lQ,953,12
L5KYZsuCJ7HBdRfqtfMHJw,1840,179
jj0t-2qLGl2g_odLBjxKOw,4203,736
c5Xu3cVerGnqu51TKFHy4A,3366,84
letvP3AVkPn6SPM4IiluUg,4875,6
m74_ukP8IDjISSiFVwN3aA,1043,8
wISdr15RJTBtlhilcayCpA,1328,246
GvIRVTXSt4bHpPHJSeHrcg,2471,19
9OYlUJNM5z39Qr-hSyKGRw,1531,168
f9JpE5nU9fvOY_RFXpTwmg,2424,328
96aWRa-gy1RrsrFQURagvg,4001,271
2pRiLoNo3H4hzNhXWE9f4w,1529,77
X_7uTIxtvR2RXWhW_LInxQ,811,5
QhYnJiYveoL7G7vJ7Z4YIw,2749,8
j8YGuj2RfW_K64pzOZNKuA,3426,188
HmoK9VkefuHi7F7zgXwEwQ,2719,65
NfGskTbX1ZAmCrpvVr51Nw,3046,12
1xhVv_YmpVAE5w7pnQQoMg,953,65
MwaUEG_ng-nCChJFHFZNUg,2074,16
1Ln1AHZnU_hlieNdLq_Vrw,2916,48
4VMkjs3C-bKEndLzjsAtgQ,2217,79
mdqK00q-7PiClsb-wmzvMw,3025,187
Cph9RNIRPVedYEwuzytoHw,1456,46
-iNCV7pvlCLrKy5whcUaAQ,2305,19
ntG2hZfSsW49qnGzcg0tnA,1101,22
pquPVl-VEsJQq33ILCkzdQ,4212,210
INJeBb5oMnS54FpUv894qw,2294,539
3JUC7dFE8sKBrDrbTtSkaA,3554,190
1QKkU6a2HvCTyvD_XDJbuQ,649,1
e5O_lm2Mov6kHOka8wgvOA,3805,326
I2MpCRyPuXlpWbmRVgMUlg,3302,27
W0DJOPsSwcAj0uqCJG8iLw,2433,132
UtcwxkpWZ-O_LqE9HeS1nw,1402,110
XupV5ITB_PDyaaXEn7CY9A,3131,72
7tXNZoOz3SJfufx-i1hHTg,3830,20
z0R494JwBcMDVt41_B2jPg,2131,133
ZKrS8mZ23hBXTptp1P_qYA,2320,24
prfgYTG2L-zZIV_BdugegA,2760,20
ZRTbnWIVfZ2D8BSOtRepbQ,1018,8
oBjCYbMZm23XdnQuLymQsA,1787,29
h0WRdqDTYGhQRLUYlrzfwg,2043,4
X3QPfZn8jZ5qy9jq5h6qHg,1970,10
0Iio4QtyI21cT3OAF0cQjA,2017,3
XzhlvcQYlPB3Kn30gtla8g,1463,6
ctTCSh6qJLG8ETr55d20VQ,1299,6
R0VV3QUbbpYUN7b9BWi9zg,1762,8
0_A6wEtA4-awXSxsFLaE1w,2727,9
p7f8x-k0iv1KlJNBJI0H-A,3105,10
ZmIrWE1K4AnaJwlHd2VhEA,1714,21
C-koFeOfcw1LpElJvVsqBg,2544,4
I-DTYK9vU6OIoX5Snb54Tw,2614,61
LU322e1MdWbyi0xTlqc4xA,1234,61
jmGe2yAAgJ5BQDNaTjD72w,2886,118
HHR2np1uLd5BfTR2kr17Tw,2240,19
7fmSSeYV8w-irVYkW8BtyA,1128,41
GrcyJvAlebf8q9AEABVvrw,2460,7
vHja6F8-QZW_lZ_bie-KTw,4359,518
zRttChGYClpd4lptXW2cLQ,1316,4
clyKzQD21yRJa1RVDklokA,1278,15
fUw8DVkwyE1OcUzvdfAO9w,2151,4
HUvkKZe_CxZFYCPKGkgjCg,1079,3
0pDOezWY-qdoLatGxOu-jw,2301,47
JW4xRglRd5CViJZwXVdwgw,3268,9
BdyXpvaDw25J6qIvWl46pw,2534,32
PWPyVmZQQ8BZoI7rlLvyXw,2545,270
ftkKzozcnx03ju_ydjtyyw,1443,10
OBUNptLbo8ZSKNYRAZMNNQ,3789,17
2dRBsAnk7J_GK57RLn1xOg,1636,8
Mere0_uEOiC6yGPasep9HQ,3153,737
SBPieuy8oqkJvUV0EIhshw,3069,9
_2ys8F9K6G50Lkr648icBQ,2740,5
vLHeiTLSQHel4L8s6KXrJA,924,4
7pEpuU_HICP7fQqtYZ315A,2787,8
9xnjRuy7_tFF9-cb3cedaQ,3147,47
SKtVpauxZZF4RT1VyKbbJA,1834,4
ruQG9KPcNKaRPCG_l8uDPQ,3228,6
xNeoY6jxt4BsxPN-q1PVvw,1967,14
U2FXm65BR8MPYPZO4CqpaQ,1423,3
tQRPgl1yBDHwAaygdoesXQ,2401,19
-0YN7DR3V0ynR9ureBeOKA,2684,8
Kc6GuhBWj0mWUfZP1ewm5Q,2166,3
xmzUqTAoADaEI_Yq6-jz0w,3451,38
_81iUHHD8g6SVo-SdmofqA,1549,9
2Gxm_BLtfdycd9YlV_3W5Q,2422,59
IAIcdMBVQJQCH3OimZFBGw,3072,18
psIpxqi3jOYkgLURtQKSiA,2493,13
og3pIEimkbN65Kk38HShBg,1551,20
hrThx_nXKfdElLbpF-8V3g,2254,48
E6pqcEmf1LpL82-CIi60aw,1672,247
Xw7acJ_HykYJVjOP9r6qQg,1084,5
3o0ZG12BbHBn8UeT3NUxAw,2666,36
rTz82-tghp7fJ41sRnSwlA,1885,19
GLYF_Lih4hrFEUq2KnAlYA,1932,21
4cBPypXwBNlJ5hF3gs8lNQ,1959,75
nzVMKd5ZrsG5yuyUyHr4Vg,1939,38
F0Hkb9Ghelcr0EwUwjllxw,2899,28
YEbnB89tE7iqWnPTTfi0BA,1609,32
IpgYD_lDQ3LdOjvw172cTA,2181,86
ekPcPJMNV06_73kIvlkSlg,1027,60
SMF7KR-F9TuGbLeWKHL4Yg,1150,4
D7OLASETAg3jc3OwMu8y0A,682,2
feUQPUeYbeJUatg80hrv7w,2262,23
iqrsQJKZUqc8srwEn9DWjw,2211,26
vjaJU0Nv6iGNiD4iP12i2Q,2726,15
qn7SAaO9Jwl2ls5c9Og2yA,2523,51
7v0PcJf3jFxJj7RqPT0laQ,1696,92
1I0fMA32SpKomDZY1TJwAA,2687,91
Or8YMKOsAaQBnxEIK6_LZg,1255,16
El_g3fwSGC2zQtDBbLtnsA,1091,4
JESXha96oj46ilkzXzn7mQ,3031,139
eMIq0IB9lslIYODZ_9OfkA,2259,108
XReibjg_aTW7gP_vWQt7TA,3301,75
0pfERbGxqJkpcF_WMlL5fw,3094,21
cGiBcq01GeHxd9grpYr8hQ,3264,63
9wYgYL7jYemfNPrDWi0Wkg,3088,32
jWlHg2atIZ2T0j-VNw91Zw,2223,10
GwwjFZLaFTi6EcLIxVywQg,2606,10
2n08y5hVnQNRsTsPHsVmYA,1730,46
8S3ZwRYY6Pn8NTJlXzolVQ,2395,19
Bf87HcPERF9yiSjb2tQBqw,5103,1595
1AdcjipaxjJxbLM1eJJTUw,3611,21
SUJpWth0v5OPFjPkt0H2jA,1755,81
QFjcBJ59jVsnjkMn7VSQdQ,3281,319
z3ny89Qh4R9wEZT51pUQiw,2226,2
NRfUgTFiCm5pjSYjW8hQyg,2949,228
I9NT-6_DF5PWdIsuDZ0ubw,1780,41
BInVm4Q3zLWB7tpp_FKqzw,2930,58
6Nah4OLf805pJss8Awtd2w,3230,67
56c6V5LqoJx-Qsohd0STZg,3807,184
MJq194-q_cc44Uz0k5YcXg,1187,22
M0E0jcxOUyd2G-fn616OfA,1008,4
r_FNstTyA1AyUbZaSsH2yg,2658,59
Iu827o9iN7X6Si6Peibt9w,3669,22
gWC7x4NtJqgUijpjLr9d6g,1173,22
mtEkF85GXAQIFEuP95SNuw,2890,27
t5d-Wi3ksoyPI0tJCQQjpg,1604,2
vX72EYVC9tff84HgGWPv_Q,3403,88
XxEo1JdOO6T0jSD0ZCG2MQ,2744,17
b3K7XyVIkb7vnUQ73BNM6w,2371,3
Be3kBCy1q9sL3T8LMKWWwA,1360,64
CeSWUZVf0PS3A6yOwSndyA,3683,51
qOEAtumkMgvbx_qArqrAeQ,2060,57
gk1W-dPlyk3x_qqKOH5uGA,1315,31
nv8pYBDzGHk_ag_v8CWBzQ,1027,6
VuCSXCytxWRHtyLRsZC2fQ,2305,49
a7dpKTMBfjmpnNEFwO7wOA,2543,19
WJZsaLzereuVbWs2O5MLGQ,1409,17
WDyILww9HxfTwq5zKOGymw,4354,505
hmSkVGyOBMjYrVSpXHIFng,1606,3
yi6ytenf7iL1XRjlJ76DKQ,1529,11
X3Nw8fvoRh-LLyJcWBfMow,1826,55
sZKadriadxttxHYGsv0U_A,4546,68
_rnSqSi4hDjx86fLAYTU8Q,3422,12
iipaDtoA1zHFkbAF3Gn5Rg,2966,573
Nvgb4MLK8-vWsRUyX8PJnA,2502,16
gVVAVefyfJ-dykPcU6maqw,1112,33
KtsA89oWfXWKyNtmH4sh7g,1205,103
9wMUo8-Jl4ICEoG4LuWRTA,1817,24
KS-_YcMsLdWIbM1slhsWbA,2753,12
lkPirRE-RA1e2yjBB-xsoQ,3139,33
2Rucv0gAh6OKjp8e0haqtA,3487,26
Kj1kjYPpfV8Tzb6pS5lHyw,4759,17
0jbWoYgkLTWO8MXvAKynaA,2651,25
j2FfSIomcaNYvv8ywEIzQA,2597,23
8M5mepUCqbCnMXRprMRuyg,2086,14
TAUA8SEITA9puqqqVu8WDQ,1744,13
7Oh3I3WgYL8BIEQx9i9IJw,4505,342
R1fbgO9IfwsHzPX_Mex2hg,1457,61
mRbylOvdLmaRTUk_ybweVw,3043,85
wxLy4d7gY0mSUigfbzB-GA,3557,6
xd0ZjCAAOoBnjfZnDKGlEA,3054,67
iqERg1gRi-yFnq76GPdH1Q,3585,201
XDqKLhSjjletTLsJ4JENsg,1831,13
6htrSnQ7FCwCNDs0miiegQ,2048,10
--_nP6G2mAHyrEFtIG6ggw,2854,56
12bNTEmecNmU1F7tbeYaFw,3051,167
0cg3SwSxfRDXtWALo8ZxGg,3422,47
7Gxh5Wi_naGvq5IVc87KXA,2035,13
Oq__684sN6nUSoYYcRffzg,2123,44
HBcUZOvPxwYdUABH0S5Vxw,3358,11
nPYTEB1aABKNzRpjrMMhsw,1345,152
Khe-fzQpJ0xPlPwFckBjHA,2367,1192
2v48a6qYAdZdynQeB-qAMA,2046,182
kKNl9FkX_3xM8MtiZT54Jw,737,137
o8X4FgJTGYimb2dHlTDBTQ,3313,26
TZm1N2hZTiud0jXEF1mGvA,1704,10
efBYMqYUmo54Bv66m9Y7AA,1894,48
1AkLPr4O9-lfbCuRCIXeYg,4111,32
G9ZvEX_GwNwd7mWJxnbivg,3247,25
ehgkkXY-PUvT04WGf9qQ1w,2528,11
CY9iLsE2z_yLhLqJdD1WGw,3410,1281
Rd7qzRa_I_-JIQq5IHIk_Q,3126,141
zpMvXReWlU4sKjY8mNW_QQ,3104,164
2hTwIfJrK0QYt0A68at4ng,1418,7
NN2JKv-os4zoXhqBh4wKUQ,912,4
igEvtTcRnFb634wq_yodFA,2959,1
SjjpnIt5QrTpArUeYdQj1w,1389,31
C8nVRSVntmps_Hy6SIe4zw,1255,11
3LO2sjlWzsSH1ZZbjsIuwQ,3101,55
g8pZ2zvN8k9ObR1qjEbUEw,1969,75
FMGr9NcAygDoPxOVnokwpA,2241,6
gAxcq_yRpWOCSVtEG_1w6A,2715,1
5TAkemRJY7197mhrYEBc9w,2723,9
0Eqq0GxY6s-c7vysGamJHw,2194,3
3nsli0VlIelfiLVKBn5_Gw,2641,39
ukIsbxMy2uQ4pquuVPoU_Q,4362,25
TAzGPFt9x99JCYWtDmZDWg,4036,1214
7nRSU71S8mTjFOjc7ztcJQ,3464,247
PrZHlUvqG21PllaGqj7UOw,1836,24
VBiSJXrtqHTTwrGQuTeigQ,2335,30
KNOLIZnnU5Jc9rbjsUcVNA,2768,2
n-kQ9HJel9n0DsNkGtyz5Q,3178,59
oZNiC_iSQWiorPlK6u-wUA,2741,40
IwHLuykqqmGVNHJ_UCwXWg,2937,3020
rgUNm0tR1RZZsOY2Qy6P5A,2709,20
d2HNq3Yop1hxnJDWpcYsXQ,1910,18
vlu3tkXF9uMgzyWgHnS0sg,2502,339
yTcPrg82rt4V7_C0XagWtQ,2388,7
iMYhltC_FBdKqldd7BxUjg,3436,152
IBOnLGJ4jEti15dw-nasPA,2081,44
eMN72_2oeHu9dJ91jpULuA,2552,127
psZHRTuYB1msOpYOjOeKsg,3124,75
8XiPH_TYXuHkvKJMpPWPgg,3813,38
Bwd_LO6K8eWcLrAAZPumrg,1180,25
beCWouH-EtrSBE6vFY2EAw,2833,48
Sp9etOpTTIDWKIYYRRNG3A,2341,312
yo0WKxbd5e1eX2T2eFXf6g,3298,4
giQ5oqIgynHhVQ7VC3_cLg,1835,100
fUZfdjokN3ua1taYKjF48Q,2797,6
-RSW2tZMqa-SLrP-Uu0SLg,1632,92
xf3QymtALp5Pp8debw2AcA,2708,85
T5ikIc2qn9mjm5GpF5Fn9w,1855,61
1ebJJjM6lw2fDLJvjpjN7Q,1977,68
mGiRofzvHBp9pz0KmK9bNg,3116,187
N__MW1fmn0yhMeNgaqeX5g,4148,240
7BlzBDuGRmrLTOlua05o1w,1582,25
6QLj6ioXNMkX9eMTj-dNvA,2650,37
WQDG1_b28izxQgj061FD2Q,1970,106
h7a4TrmV9rBrBIcJgD54CQ,2239,14
tngYtQhULmP27FZWBR9-QQ,1488,4
fQAYXualjEhMDzqaRVA0AQ,3405,144
dTDIfjoY6BhyeVA0qHEUBw,3451,6
HQqy76sEebYSA6f5U4BEPw,2078,20
KiHgFV9UPTBBMlpCpnKKlA,3683,18
o3ySno91ogR3UVm6z3wcag,2429,48
33VlccP_6WBGgheH1Oqj0A,2896,11
dgJiQm-f33AEOjJAzdCodw,3039,42
OFldq5EsBbKlAPerCK0vzw,2368,17
mSyEBg9OabRUwNxbQzgpHg,1550,19
zHsQrwqGPDEd5MdU8KKLnA,1462,11
4WP2nUacboC_CywdqoQ3dQ,1881,31
SufAvWjHmALxf1G_jZ2EQg,3565,32
FpqMgETBdQZC6DFclkrqLA,2828,67
YFvvo89n_Bv_aE_mVnT6hA,2588,15
JR0FWECO30vKvGBgva-m7w,2675,40
OTNoKKXVcyQ9L9uHAHQUKQ,1754,21
DpsBcu5XJXpTgm16TG3rDQ,2784,136
ejAjzXovOstvsUuaSL_ecw,3415,40
lusXScbw9SOdSZ4IooUIwA,2450,78
HfBPPVe2acMyt1I_E-fIQA,1462,3
AeUgtTENadHJ0CtbdfJ-0g,3732,39
gI22X1rJuoqn2B3Wha2pzQ,2194,14
rmYH6dV64OGqP7-BtUIlUg,1858,7
7dmLF0vy6-NcVIpAKe5Ang,1772,27
pdD70f-kIksyz-0V9EiGAg,3475,8
cJFqUMam9P9XyKjAuq2yWQ,4537,84
RNxYc21jNFl5KIyKrPB1pA,967,6
o2IOLdzPG3bp9u3qVFxvaA,2850,25
pk-IRrJJ4z56x-3FTsw7JQ,2282,9
zAQa2rbBV-8MyiKOXpptpw,2246,23
S_3PXAWkKe87E9Wimsbddg,3918,43
_YMLoPnsFQqeWuQx5N0t3A,2750,13
ntzszcXtgqIkvNL5fl-eiQ,2460,15
tyPToN_t5TpLutvtJc_jvA,2048,11
ab-kcDJgH5kK4bOhkFsQDw,1840,6
KW-bwsqdPPi0KYeDVmbWfw,2211,11
BugH7Pj-t5u2sVRb0pghug,1645,13
dWNrUBM3Djj-pyT3OFXqxw,1474,9
1colP3ahK3ca60gq39nbtw,1943,6
H4L5zkXk6t8LWZNo4rICHQ,3218,62
78A8jO31AT51Fsa0k4PbJw,2899,2
IoXcxiUyJRZbbUu1dpCw7g,3277,55
551dTzccDIGMfraJap5C5A,2121,10
0Ohd8sYqXZDOMJmp3UtQ-g,3164,10
DL2c17Hv8f36C6YZF_DQaw,3153,21
mf9m5bTmmIhdBxruqOxcJQ,1041,5
xoZi1ry0uT3ukf962-VsUQ,1368,3
2l8KkX0Lg7l8RgC_eEDlkQ,2379,10
91NOGBP_irGOoKOD62pLsw,622,4
lwydcZ-3V4bjK-95LbbKIQ,2912,27
IK7TqoLeTtlcAnhUXn-JiA,1493,2
IltQR1t33fRXYllp3XjziQ,2549,19
aRfVmHeQ59r8RQFbsBkrLQ,1431,36
owhuXRA0cyxVSnVfwkwRQA,2117,10
BGwcSMkllNoJZsDydtmhww,2701,12
JX86JIMWTdtVcOH0zq2QNw,714,2
9liQABOujfGcjuy70VzUog,1807,21
knKUCQD-t074yGkZ1NbrnQ,2383,4
ir0zX2bMmziXxcuScn-Mtg,2197,2
HYCtqAfNocH0jzbey2-P_w,1543,8
Rb85NgmclW_bD5g_cfKVKw,922,5
B1lXegDo3iKNCFvlaM_vEQ,2017,33
0gutU9rnqnR9_OqHyv8tLQ,1751,2
r7Uct3UgXf8ucdT90MJI1g,1935,16
xspH62g05SCcMS8W-sdA6Q,3417,6
5VobqNqBTFw-FAnghS6r2g,2871,5
zv3-3aQjSd_XYtfQCGBVxA,1654,20
KyeZ34KMgz2oSsSSJBoyNg,2405,45
QIIYyYQkpJ4anvaG3sPD_w,1471,16
TFIkuQXIHYdCe7MozA7C1Q,671,1
4sGHIFm4t846chzfhcxQlA,2396,2
ZP9NncHXamHf2KLhSGd-Lg,1328,7
R1yUEQbDKRN8GQ1BF6Q3lw,1577,6
_IIOzpfgu8uHgSvMqBrPvA,2012,8
oaYtfoYRmzgaZP2GRBC1zQ,2978,21
9LC3sN72IMrS65CtCXVwPg,2475,84
lOS-THoyIkZAKlJBMZkNvw,2659,12
dpR5m3ygWBTNTL54H8V70Q,1835,11
sfPXaK8PvzUBoOoSOrbxHw,2442,29
cpOOb-fO9Y12wk_PKSEs5w,1209,4
NDbY_ZlMzbBqk-L_YYd6AQ,1815,17
9ifiT2s1eswfs4D_PZ_vdg,1298,12
FSZJwUk_CveRQ1llqaMrdA,3843,3
5denMuwH5f9EX9Z9JcWoKQ,3495,195
aPkMBQ1-SG89KX_H9VboVQ,2521,3
qoJ9AlGdUfk_mPq9b6FaFA,1444,4
4V985R3RG-rv0B7WCPQzeQ,2453,20
kjFezV03a3vA3K93nI1VPA,2812,22
t3O3phPonHCEMg_ZjlWxSw,1633,1
YSdKbZaArLdPne9jL7l14w,850,6
3G0tTu8ASUVRJQrDjIbmZg,1405,10
P9Dd9NyUd8mCrQft-lB-gQ,2012,4
_NwohoHXXsPAR_TbnCtUOQ,1530,2
c0OsWKuCdvjXiFPXXcHLgg,1624,8
GLPseo-WkiApjg2CYLEVbw,3763,8
gYq1O8jtmDSk1sGKcvd22Q,1359,28
IeRvbI4EuVw8fMgrv5afJQ,1357,26
ThPUjK35aQW7S3S56FjcoQ,1295,8
K964FyN2dgbKIaeAvjPMHQ,1067,7
iJfIt4YzS6SyYI42ECDyGg,2728,6
mW8OSyhNxqaOuspAe-g83g,1306,14
aMT1vNqg3IreKzlgrtMZVA,3068,2
SV49wiQDleD-qXGmVNlwVQ,2508,27
AfHGgTviWGYiGZkMdmgVVg,3487,12
OjzHWSRmJjS8TlEHLyro9A,2219,12
FQSYlV3isXN0YVhCeR5LLg,1361,13
onZLqnN4FKZeTyFT_pEtrA,696,10
dfGdzrZdc0-sTlPxJUwDqw,2764,112
WtihEaZYuS5I_sqBf7xSdg,961,1
baj67A16jN3F5kd6DoMEcA,2692,15
RfbvPeieC4nv9IWONmQieQ,2016,3
2FodS57JMFB4SNcqWoBuJg,1953,1
ys-iegjPW9nBFnVmjjom1w,2036,4
wSsrsoPXsRuCgRkXzlWQLw,2663,6
m2SmTrfnv5rY8JYnDDY6_w,2963,3
mFdEUUcKygcILSq296TvWg,1624,12
djmcqEGsjPvcMuuF5VF9Ig,2099,7
AZs1br-QraWs6247sQGoUg,1340,7
yUsFSFWRhVULIOx_ggg26A,1190,19
vPWGbfPUGStvGPWWQ_9ZKA,1358,8
ZgGU-328R7UUX_enme1CNw,1148,15
bDHEd_Cl850uTOgOX30W9g,1905,2
DHi-3rvlSstTDEG7TZ_RHA,2192,7
kPvU-LRqloQbtAHjDs4Zrg,1965,44
RCbY7Da4EgN_HMzshbwjJg,1050,6
MY1tfeaDMMLHS9x-AxxS4g,3155,143
yiLnYQTxudh5Mw3yjwrmMA,2086,4
9xwQiocYclFSzLfunNoAxg,3815,552
3hLJ2cpoCDiI5u-Yl8XQ3w,3145,318
0UmLTnN-W6rfwqfwPsHyUA,2771,757
Oj2v11bEMIOwalp04Vs2Dw,1084,4
Q67ooclc30hS-EQikMm43A,709,7
2vFrtkBF6uy10ksMQT-o5g,2919,566
Q4z-fgH2kYfkN4cI1nEGpw,3244,404
ptLIFLUPwg3MYt-J62s3iA,4480,553
8UVKKG_Mrky3E361SRae2A,3217,8
YwPT1DEVG4_JhkMwF67cMw,2010,84
pNq8oHcwJMJOG8D6bY4TEg,962,3
_cQ-5i5nO9Mjx4XVu-Cc6A,2678,130
OberW6P_lUSrt1jbNpLHvw,2693,349
TR_5g_fW6tgCzCQiz4btQA,857,10
Na3FnrwMltjTDWN4JjeKIA,2079,143
XgmEAWKBxlQ3vetV5ZXeow,3040,54
hrnk8xcFimB_kuUEFpGbpQ,1838,18
bU4HGKNFT8KAMejKOMppIg,1274,11
lbvcPXJCOsNq3OI_2dzceQ,2591,45
8nBm1E2Q3yJxWaHL3o3FgA,1300,2
a5aAfojhrYjlTdwi3-cFAg,3928,485
g-fYLcVxxnw2wRDyehcaUQ,1898,10
NuG72Nx2bxaDgD1U4ooxuA,1136,1
Iip6FzBJ5TZb_tRBijmnDg,1145,2
JeOHA8tW7gr-FDYOcPJoeA,2142,50
UY-PIbm4jcnCHcFhjpaqTQ,3213,625
ai1r-MLgF54DHchZ3TdsZg,1879,10
HTBpo8dIr6JDP62fZ0xkJQ,2763,35
PhS548mKZhvbn1px4Xt6Og,2760,9
2Sq0G8CPcPrKr0tseY_3PQ,3076,238
pwWKGPcME1KihIaDiU20pw,2776,39
U_2vBnJ9Z49Y5bepeLHY0A,1854,37
FZYtSLXkjIozjAZsaTdtMQ,1981,3
Yy1w22ES-wO7_DSnpKFCCg,2698,9
WKB8kauPEJC-ovPVk3NFkQ,2492,10
b_Z2vamgc15EzlHeW9t6yA,4381,1796
s7Li3jXlJxtUZ9d3jgVIqw,1821,20
rRSX6CLmQryEQFUvOTlYrw,2060,27
6oa-O8pPzYAdBmWmgcTwew,3104,83
i07si1E2yATvtqgAJvl4dw,2345,3
6fcw3JlUuOXUz2zU1W7JIg,2998,26
e6XmrDbqOXCl-pvD6Eyicw,1075,11
6AUXD6uHCKPLqBqz3-_XTg,2196,26
XcP3p1Ig9a7YK7KsqA_lKA,1518,7
mwEFBv2HxqiOZnOxNK5LXQ,3032,90
TiPH2ZwSX53uK7IvFSHVYg,3342,973
8Cjy2hyEc9Xf0ncmRa1OkQ,2332,147
kDJmNIv__FpSLXd5SlJ8oQ,3420,556
tgsU2AYnlpa2mSYpD44OPQ,1214,296
2xl1za13bzOeGs7WDDYjeA,2662,53
SIHDDRwe28uWyAe763R50A,2855,169
jTWc0km8x5P6SlLqYQemqw,2743,7
RgEgxmhxPCdiGdx5Sa0uug,2463,2
ewgjXpnIqp3Gc4Wr9RTkaA,1587,99
PI7B6UDvDli6pNJ-Fiyzvg,2600,19
stCxXRUOq5hqyp_O6NYZJQ,2116,16
mhtfLBD1FQ7DD8pg6ii6Fg,872,5
fHNJQ_PpfJK8tw7kK4JxTg,2833,22
iqe_qDv8dVKaIPxjKaLTeQ,1649,8
RpDyNWMxVewrojs5X6NYDg,1214,3
I4zZM8bzGln0xbqoDum6eg,959,1
a0mYYCtM4NfPHhGSEdDlsQ,2861,102
kEvhrOkYD-pLYPMc5yypnA,3042,277
QQTGxbc5NPCy45Y9EMWgSA,1920,13
xBFjaDhJnoEzBEgeIbuKig,2174,380
ZuF1aB-7VIfUGyHaz5JqwA,1384,3
axLDk1UdFtPSU4xOzq_CRQ,2438,42
D30uy8AsFaeRbAWzbttpfA,2930,7
D86PQC8O4rIZ5Cuc1BkMPg,1936,155
0Hfn7QCC4OthJwZOG7CYrQ,1720,16
MXy1fO4n7Q5-FRdgSWWXDQ,3780,132
4lDIFTo3UMf9-rmouWzC1A,2665,27
Ns6whDuh6iP9eNc1hp3Alg,2412,26
4i5woqwoXzR6luskwtRFkQ,3339,13
4PfNYZoVhD1AU4s5CVF33w,2528,57
VOXi6kK8KGOTuc6MHJ5asQ,2519,9
6tEm0m5w0hsCfEyn7JmF2Q,2079,191
l5hXd3OqWrDy64BqBYHb6w,1625,34
2j0RK73okNvQdca28MRmpg,2343,14
kOt2GBluRDcDoZ9vxuUh5g,977,49
Dey9gAvVdaezxatq-jWstQ,805,2
zicF4OivnIetVJ68x5XPWg,891,4
yQgeO7BU43nrmJv7VCj4wQ,2165,70
EtxsD-Jbyxh7TsaWHtGCew,2055,131
FzayGA6ARGyb77uOeqR0Kw,973,8
5argdf4Tuqu9dYqWJUfzdw,3328,21
XOf3ybIg9PnpfvR5gDgxSg,1930,9
k3771ybN-a4btT8fzisO7g,3539,23
bnuiISJUP9W6X6kcv18tWQ,2637,94
qHgDFY3qmlYAMIymzMqqbQ,2722,188
Obk11sbuX8FARq4ED59XOQ,1999,89
LYL_65Q9chiv_7p5d67dCQ,3795,187
uCNrVkKkR8nZUoetuG1NFQ,3336,28
-2p_A5675Eh6gcZIGkf2Yw,2361,234
22GwkMdKUXV-Nfe63PrBxQ,1679,8
dCn38YLiJGgspJyVaT61GQ,2590,36
gDUb6UfocBVxUvMdyeudiw,3373,83
sQo9258dY4vvSEuOC6X1fg,3170,24
nyx1upP2fuHrcmAAC9jd5w,2108,335
1OocYCAZixwbAXueW75FMw,4731,806
Im52eUVS0SOeqFVWTrtxDw,3225,6
f_RaMSio6bPjAMXtfZqgXw,3131,5
hBfBZQjH1XGlrNI9C_L2CA,2692,13
SD5vw2z4DDnRUrH08Wot1g,2090,4
LSSVmwv_SjEdKkVrnPw6jQ,1662,22
Ve4hpTGJyts4YcKCVCfYng,2649,111
_4X7p3nPuoWbszrBHEgz4w,2283,4
CrSf_jsmD6FKqHKVbWouYQ,1935,11
Uu4ACDEctnbGY9zkRGgMIQ,4248,56
Rnq2GWUqKqnkhQkwD8a_Uw,1972,21
eYwSvMxnT92IkmTA-1MpyA,1559,30
JzuMLr7tyZWa_bb9ATEYZA,2474,24
l-AfWj5V2vO8wixUvRawcQ,3438,46
8CBixvpzAL8nHAcdYvuKIg,2278,16
T8gBSkqwUGtX25ToewCUmQ,3027,54
0pRThG0N0RX48U_mWhaKNg,3040,56
1Vh2juPPQAw-EYFnulb7cQ,1674,86
44ntRxnNwvlWWNMwRVijUQ,1383,594
D-_iU9FvhklVQyQRPEwhvA,2312,14
d1pxVXQERcJBu5MDUDSsXQ,2687,8
INGDu-NbC3rCvrpRg5b5aQ,1511,4
mmTTjgHWEiHWLs4FyJ6rzQ,2228,11
2EYoe3UCfgCHazklHCfLNQ,2215,1
bsYNOmWhXiGZp7z4bS392Q,1479,6
UQ6P04HsnVRIIiWkNRRbFA,983,3
Oz6DTbeD6m3z5LmnDdZdXw,3704,778
rZvis9Acm6-L7jDBctGRPA,3309,342
TBgBL943JKfiT_kI58o2pA,2417,179
et62V-QAUVHTtj6XMq8AUw,1805,66
2PH4U2FE5Ch7BUA3Y65gBA,2706,129
NlAgGEmoFP9T-6WLjYM26A,2279,58
405o4n7BoteA5fB7qNwkPg,2366,71
zRj2ezOyGdkZOEKq6QKHkw,1984,89
g3FDenZ_IfrjAwE6DRmCYw,2609,333
KbYWIqvkCmBrYF2xoG3yPg,1799,14
awF4toYWn5kobojnLxPTNA,2613,24
qNYe3G6UhE34NgM7yVQGiA,1400,9
LB0GxjqYc2XvKLqnadfUfA,2186,1
447JEU5_kFaTf62fITkecA,3107,17
3C_YjZ8SR68WJw8Gb-oacQ,1207,63
-DmrFVzkT3bkDcmeq1tbtQ,2947,47
1QBdv9XyYXh8vchg_jnhmA,2940,197
ld6npJK4PUOqiwcmhOozYA,1315,18
S8yqw63f_6BN3Y5LMQcSGg,3025,6
yZe78GfUmg4Ryv0EVzIShQ,2652,11
iytezziVgqm9yG2Ad19elw,2894,44
F7Cqy_CjJLquLLGZiWB9Uw,1139,5
LanpXTIHhEmjnGcWBn9AEA,4035,367
PYRSC1jvQJMyHTECaB4MVg,3987,28
Q2bC1s8UQaK_8n4cw3PhrQ,3173,13
cxKdIlgEOUiweY-joDEWDg,1853,106
uBLAsFU2L6G2z2nOc11ppQ,2602,254
vKGfL8qXKHsM9ycwaoJDxA,4349,620
2AkZnSDjmvPal6czpBKG6Q,2739,98
4dG167tnNhCmQiAQlgedSw,2854,5
rlsLbgdLtgQszMBq8BHxjg,2493,88
ewtbPnsbEocf5GOcFsVMaw,3466,28
AhxWAdpRbaKysYwqJ6CTsw,1781,42
YND2f7N8b-8rMPowlrUK2w,3246,25
I-9bTRmn9n231f68yVIpFw,1462,9
L5xEGhMcuKX-TybjvWyoMQ,2726,5
ZTjWfagukbGBhdp-8iim_w,1835,11
nikZWRNWo3kMVelRk3vIvQ,4212,236
UZqtPuWbf66_HLHN5JYy6A,1837,23
OX2rtyuYxbf9pB-nRr2IRQ,2594,11
yXVFX6I5WkhhFMbxRyzVLQ,2341,24
f4Ly2POl_bZiXp04xyX5TA,2789,11
OuxcY-0qrK1x2c5q5-fHMA,3271,30
H8b3S1pOhcEe3PeFdATAyw,2650,18
r4ZXc4HYIiTyTp2E6BV7WA,2990,140
EUa-ufQQ2ASN9qtWm0BD2Q,1448,7
OM0B7JjIYW_FPlvMq_EaDw,2547,64
Y4XnH1IhZ94S-qIJyZmb7g,1931,8
5yTJtrRGdxF2KQkxH3ddPw,3281,62
byRBMkr_akzJoi9skBvKBA,1371,108
kIAzOnEXw3CKgsWDG8eBMw,2427,4
zG-dtvPxOcFNk8_LP1mGLA,3648,151
h6DDUgM1XVtfVyw5QAuxZQ,3541,259
qv_NGnwESidxDsywET4DxA,890,35
vsF2zwTMluRoqqbyXIE6eg,2704,4
ODcbpTiTkzUhQPQSfR6Fcw,2321,60
NrH-B917v735OQsXFgMi-Q,3734,72
ZRsmyTPSpYaZaQVEcMEm5g,1299,16
imMnxHhU9Wbo_cwerRgNpQ,2705,9
gbeyiylE0ImCacm8xSMFJQ,2488,9
xRBdEmi6-SCLPDRJNTrYwQ,2374,11
jKII5BxO--pigD8XYICnjw,3930,19
_L2E-h-ja-nqh0D3D91TEQ,2451,12
f4f_UqnwRklgPKsjYD0Arg,1930,7
Y0qhtu7hHefyYctCLpExTA,1910,157
oEkB0R5kt9GazOQ7IshVRA,1315,4
njoSq19mikvGoue_joTc5Q,1008,8
UQjlcVGYRQys91TdAvI9OQ,1950,8
SWMw89ZVdSTeK4SG9F3okA,1889,4
SgeLrwgl_DopvFP0ar0T4g,3603,123
udK75eCrREMP1sPgLG9-Vg,2923,2
nZX_IpWLonymGb3CHcxPKQ,2801,2
ner9UIIzqU_0B0yktQCOFA,2902,25
-lSDIXSWtTA4TKRgLVuRNQ,1317,1
Qkkpol7x9LD1mzZgQAju_A,3534,13
5T4O5r8x4gMW2Zoy_wFDLA,2274,29
RMlnIKv29QoI5b--Lu93MA,3099,185
UEpqUjcKt1RrfiSBYDLVsA,2771,8
m-F0VcnbysMJPOs21JF3Ig,3091,2
ZhK2xIa4f73JZfua7IP8vA,3269,495
40XzsVI4NL92TzhPFYfLXw,4157,12
jnKbGyupxcmJxyVL54n6Rw,2578,239
ZSm2hYZPrFUiD-CF5ETmVQ,2126,46
ABdKgKf2z1fxizamWNC7uQ,2931,3
-QGLGtaojHyeNMvUsCFzJw,2159,14
-0x2ov-qcCopv32Imm-TYg,2166,49
yh8Vz_rdKzt30CqwnhvBMA,2652,15
0lphmW5r5g2GOq_uL94zoA,1865,15
iR-spkojU-4Et3rhk_nzjg,3174,24
wgjHewAGrFlyMFRVynxz2w,2839,14
l_POrUbUB4n16OO6FlIgZg,2355,15
-G8Xi6S3GlNSsEjklE_4-w,1530,8
kzXxeNB8EKCu4fqZkqf7eg,4179,18
OVybYv9Ony6z276wn13pcw,3912,466
rotsCadUkcO_ntUndRfPaQ,1201,1
5e09EwRcwTKi7ZMDLzJpqA,3960,287
NY5UqQTK4mTxyPe3Tb7KJg,1587,32
ttbQEXf4zw1l_dKc02WQwQ,1829,4
nQkx7nTOFspGtJBaJP2AHA,1762,15
57sggPsFCIJpyhRBbvex1Q,3590,34
o45afb433ntWeNaDgQ2IPA,3641,112
P7G7_ft0sk0AEjMXt1DqsQ,2009,50
ttc3_AtKQzrFlFdfsS0-zg,1937,62
vaqsVGFlBDfjgdA_onOjlA,720,14
49j4mN81moEbq3oyi_oB4g,2666,121
B0L6WgKlb9MnRQSjcqYTAA,1398,57
nOUcHicuka2MP62CzaHqdQ,3191,72
JgzoFGoDWw-_vwcoCY53yQ,1148,14
Rnw3jCldIH1n68GWqeYrjA,1984,52
V31VgJ64l8ehnhlawO-RwQ,1302,24
mmiXGcfebGmg85rJLqD5RQ,1583,1
meFkfVOaLVLrjpz2LTF6KA,3133,34
lYSnqI9OR-k0QkML6kPF1w,1550,53
JGdeEk6tXalIxWPyQkOtQQ,3172,286
5HhG_IpvAdWUWA99AAGdVw,2840,44
uI6SQcrqg7ftcK_-FKswyw,1258,3
ggyJIt-qqVjvlI7u7mFEgw,1369,37
wcRnq22wX62M34Sms4JXow,1662,6
bTNVkxdUjGGUYpxpNP_buw,1707,40
W6iqpnFvnKUtQGY4kfHOaw,3694,443
2bPmmeNRBuq5rCU3ZF-Y-Q,3920,36
YWfBNsumr-jB8jBe3oTI_Q,2662,225
r4E7ElYXdKpRzcFOFlFyWg,2619,337
V1m_lecVPNT7H6bVFfUayQ,2866,3
vhIvwYuEeRvU354jYILIYA,1248,4
eZZ9WvBZbIU_4S3XIBaZnw,3612,30
LbJJ3tG0VWaCEoFW4irdWA,3826,22
hS5B81QZp24M-9m8lDBv0A,3461,110
WwIx0fR91OcEQ651xqvucA,1417,9
QT-ThcQQ_PhrmkzOHtiS5A,2745,414
AFmq_Zr5Igxh4aivByOBkA,1540,18
AHLkupyAw7ORprEPDaTNUg,2174,6
pB5aFwoukNRY6O3FZVAmsA,1448,10
k3I6pbeZG5Ye0MgW9HKQrg,1632,2
xlPSU2JLnTxsCrLnqK5zxA,3844,286
k88JUPJjdhkNhjUQ03kZtw,3212,16
7B1fJ4X42QlhA0QnIo6mew,2899,8
tvI7FWA5FahEu5JUaTzrwg,2609,59
-8G-4dRyQSVfCf2sUvS5Og,2994,334
VulaXWEASPKlFtx32SlcFA,1540,13
LD0OwRRYvRsMhtJEzyVBjw,2020,36
hj8wgUCgDwCIv_BUcnVnTg,1472,15
bEPKSpaBZB2BOtUjC4hHQQ,1508,4
M3g2meevFv7mIxT_JgilxQ,3944,147
L82Hui7TwjlEssQLsBEuow,3674,31
31d4d1tVHxT_8LfPvGlzYQ,3457,414
2DLs-3ay1f34B2PKTJaBew,3182,44
c2PG0rInuy62KD_38hxbeg,2894,40
-DezBjtP7UAVubbveJTpqQ,2650,28
t8GsGJh4oX4xKjHVCe5_sg,1566,10
g1u9Ve1f5ud2HkjtZ8LasA,3218,32
B3fkx7Os7d-WQ2zKR2TBNw,2763,4
8NuCr7hs6x2ucUjUrZ7Tqw,2602,18
BdPPYP86yZHJ85PBNFVTuw,2867,9
LyxBlSCZuNnjLzWwK9XiVg,3411,202
8pdY3_-IZI8wY1yHhp5ECg,2587,52
l1GpVhRU4TB9GTyxo4ZTvQ,3824,68
egDymReIGgB2USiHWVSASw,3356,270
gIeU7F_ROMHJ_vAoyzhAQA,3524,105
dgzZYFayPyw0N_wDw5kn1A,1082,7
eom-1wH7MpPRN8z6Kqf6aQ,1969,18
Y0SMB6Js5y6xYaqznE13nQ,1920,5
7vduXcWWq-lw38wOpox_Sg,2054,19
RjoQDmgJ-7goXbaMjZ37Nw,1667,25
wjNdBUGAlabsbOheEOXfyg,1451,4
FSaG-Py5dNffkFv-wVgYrg,3001,39
8oYwsrtg6IMqjPEU8-R9Ng,1692,15
wHU8-9mSb2sVSR0FxXxziA,3650,12
8svqeDyS5j1DkgRmVU7wwQ,2439,8
JoIo3hT6LOW0GCLbsiSBCg,2650,12
1ytiiO6xC4Oc7SND0AKZhw,1486,45
W6y58sPMgX4ZygF7C1XvwQ,1253,5
sAKnbYZxNu7uS2qY8On0Uw,2849,42
0R-aqET0TAoRywXphuLHTg,2776,7
5PMiSCo8nXgf6VB1meCIGQ,4338,565
uvqhDdqRyl1aqTlxu_UZtg,3129,298
o-ud2PBnXeW0V-opNYCwGA,4214,20
n-g7KejNtpAxLzL6l8J4iw,2443,184
oS3m9z_qZcrlSJjTUW6rMg,2048,7
Sp2aT_e4RvDQ2uHzGO6Pmg,2617,32
6xadVTBfi2bHQTNNpTOrPg,2917,59
fj8QNtBqffY1tIXUfaDgOw,3578,54
vNCKllUmF-hpisBITlzP5A,2928,41
FQIbK8KDtAau2Nz--DN6rA,1772,4
fL9Gx7vB7b_3fnrozNspSQ,2842,5
sCCJsk38T49wUA12dQzyiA,3960,431
Z7aQMri1ke_9SwwO1t3QoA,2374,56
RqTl3f3ZIhrjILKJFCEKDw,1703,100
SKaylKH6SgGLIxqCyh8PnA,2034,23
84YqT80h_IYub-Ru023ljA,2685,27
FSyrMp4pGdBd456MkCO8WQ,1853,244
W8SBjUdJBnJObpCar13xEQ,2643,18
jd7jVvEanZjheJTB0Ow9NA,2300,26
-xcBD7h1wxu38IRkzGFCtg,2879,10
Ico8UVnL75nuYD4oUQhnHA,2550,2
kFNR60JverVmNte4daUS4Q,1100,3
vg3grPFf9bO_K87co1ehLg,2192,3
lln4XYEcLu2J3Mv1zqdb8g,2711,16
reFsAb9pthL95gJY453P7Q,1364,7
yxzlMPFIkzcrqwtrdlMA_Q,924,6
hbPFLoeqzcEveQ0zmH3qow,1044,12
h8OuOQ8npc4BXT1moJgTvA,2324,6
nB-DZBlXHpXA371Rzt0rJg,1427,2
HUmf_QFb1_SqMcIFBCumXg,1935,11
XWH9YzaOCeBhF8fFh97I5w,1982,14
kD4hv5jx5Q4mpO_I7AkpDQ,2026,79
wKLs8uoWxsdUpblwl-Ep5Q,1935,47
JUM1G5eaBR1HGRigtDRyBg,2620,12
q8bgPR4fxAIJN64sSTfdHg,4183,53
KJ2Tf09KNH4dMdmv7lo7KA,1442,58
KNlrG0pM_CS7tdIAQ7qgPA,2434,7
_7CD4KKLDkJLMF9BgwJRWw,1753,8
AR4sl0tSrPMjO_3SlsCzlg,3313,77
G5LXEaxhQMF_BVjNHkVr7g,5138,1885
_Y8POamqwRS36nuJqwmlEw,1190,2
yOixBUTirIrxyup-8jb_Ww,3118,897
pIuRMDmXQs6vDWBqq9q26Q,2864,422
KvSpI6lEjWz7LoM_kd_SRw,1951,16
QXewtqqntPNLVnEG4IqePg,1695,36
MizqbVza1tYnfS2iFytBcQ,2697,25
JEfQk9SVGmPGSjNlBkyJaQ,2349,99
cl8sRSh92yMP64g35aSVxA,2642,184
ISpPEdAkACC1S24Qtj3b6Q,3236,3
z8at9rz17whEbR0WaBmcAA,2144,11
mW8fvDQ3JAtzeLjU--CjTg,3642,393
G-KKZ_DT1jAF_gNUlGFFQg,4471,271
B3ZhPZxENUJ0kyqxqm1B8Q,3124,4
gHDywclEmn5x0J590n-aTA,2829,190
Edaw4DZueo4U9bQ0yDpNmQ,1627,71
ybzkaIA_SE9aPebHnAmE1A,3045,19
oxUcStf5r3h9KXtcFwN39w,3442,37
kKTcYPz47sCDH1_ylnE4ZQ,3019,2175
pNOST_hTkcZzr4nsx_oYQQ,4249,342
sLt06K1TAZZpYgibO7aqGw,2032,64
VTxrKx1MvsYe8ImOoF0_uA,3892,152
7yIpBWx5MH6o8NZSoYPcXA,2266,20
JqGQVlTMj7a35_Wj_YQlXg,735,8
-gUqZLW3SFRHp3KWkxngRA,1645,21
sZU2zHwEThGnKAGnOr5ctg,2794,4
0ubXpmYCQa3x9_-zUVkH4g,1361,30
l72P7qorsbbRO3tYYNjN8w,2691,3
6iR4OLzQMCE_KM5mV0cM4A,1237,8
g4ptSwb0C1b7PYDo8lHDpQ,1971,231
BT49HHoYQjMbuHkXsZLibg,3748,6
AclKbK7DWxYLUQKrhHhbCQ,2888,7
LjZy3T2KjEDIcnkDqbizwQ,2121,12
EpK5_wfzZsM2whKAwIAN5w,2169,16
zS1lvQ9YrTiiZFn7BMtYTw,1430,3
dBPapCHJUJEEMZ9jfr2JWg,2451,8
spvdaX3UUvhpTEgHhs8NqA,1832,12
9mgCU85Or_VDyFPhtdqzDQ,1640,13
hk30rlWcCkWbkyBl73WVVA,2528,39
IG9oulUO-tprUZOY4jfG3g,3932,204
gqimocAPnvr9V-YjYhfElg,4338,298
4xYqc7qAdc3mSwzgCtdMkg,2595,36
eK5ncNLYkwiFaQ4kxxwAvA,1927,22
lMC2BQigcnM3dI04nYjPRg,1665,28
22MhrUQrcamK25LYcTBe4A,3968,488
ygdrVJvN1sQYeTwNva-H-A,2592,256
uHdT4VoGvERqS3HaOlzv-A,2284,32
WtI5KzycPFiDd1WGIUXp9w,1207,3
I5VVFOX_Qg1M0FuS3aCGpg,3028,4
0z9idd36qmfFQimbrF9uwg,2436,14
sD8bC31oyOn_zKg0djNjaA,1936,8
6dZ-hKbKiS844SyGghGjow,1644,6
5ZXT4BQB-C1XjUpKmh7kaQ,3557,423
ZfIaEtCCETeD8byNVtiEkQ,2694,28
GdgFVif2IiUq7vyCS7Ke7Q,2345,34
_8gP1WDWdI5rEtmhQXNqlA,2492,7
1EwKuQZhyrpwIqxO73nzLw,3131,7
rMJKSiXqS0DDDop7LLbKJQ,2061,15
Mn9VzPbrCYU4EcP_C1oBOg,1893,29
ySKAnvEAVySrxYz0rqjMgw,1561,14
RG_ADQ9b-aEPc9fLqmMu4A,2741,50
dgiVMQrLMxYubREFUU6QQg,4086,490
maP_ssfRK49SBsMlMGjXjQ,3427,2
sQnWKfulPIUxN26yvcA2_w,2568,15
tKlgOobycwQnoFgwLBOKQw,3899,22
1M7OF3y5XJ_VxcIurJdIUQ,3921,256
dOEDPlNHv23GkklFnKa94w,871,6
9-ivGbAXzVdlfTT0Os2eCg,2669,216
eeOzqvHege-DrGsDkLddug,1767,10
xlwDiAs_HEuQtEP-PT-P0g,2951,12
bpUL8is6ECOrhOlPqYC8-g,1051,4
nflhf5vUsjjudRA4th-e-A,1916,5
U4eqaMA-QxWLV02lZ6iyOQ,889,1
luHPUcxfSLqJzQTHLfqDlg,2603,7
iNmnShBJKoqqNbzWaP_yqA,2396,56
M2qyLJimMG6HsG7EOXsKTQ,2702,16
wHu68Uwr_oQ8f66HIVh4Kg,1856,33
B8-zAnI8WnGOloesDFv67A,1646,3
i3bIWBtp1vEN5wM8hHcQ1g,2705,11
d6vm7xASA_X2EDkwrrm4tQ,1949,26
Iq8rZrCk-W45tzqNo-C5wg,1997,18
FOziXeC7eXX55Xe8SjQ2Tw,1744,10
A3Imx3_lRn6qvRLL2YQ7RA,1486,1
sXT2O542zdYUdHdFEiqzZg,1959,17
nqPp64_oxDU5kdJ39kECjQ,1292,4
e7ewJztwTDzNJcoz5aZnIA,1045,82
C0pI6aaO9qRqDjOg2aPmEg,2135,12
UVKZ50C3eujHVPmYA9-URw,2107,6
kGNF9jrPhzpErsXSC4ARQA,2063,95
uKPw4vk0G8-BM4jIKSMzMA,1504,13
jXBN39L7zIuDG2AN9V3dEA,2035,7
3VVXz5FTKZcjuyr77FQFdg,1253,8
NVyua5cIWwJPa0tzhAoXWw,888,1
uTOyNpMNnD1TjGsL-LJdaA,2847,24
z4zmUxrtzy-N2MNL0R4SCQ,1375,6
uqhooeotBbuUTyOa0j6I6g,4581,6
Ja5kB-B-bHkTq_5BeH1GHw,2618,78
Fmq0K0QZNJ9_m7NcV0TqbQ,1941,39
OLZfq5XSQOrdqAmB3Z1Keg,2444,15
YfVcGgtfxoFw4ATUj2Y3HA,2854,279
qxCYvbCrQkuKXU9CrSKIdw,3087,41
M_BBueFMb3hBOMisaj1krw,919,54
Qav4LpEP4RHeKm0FGqKKug,1975,3
O1VQOaVSKBb56dk1b3jbFA,3705,73
bFxHW_ciR9TM0VHmotgMXg,2411,6
-FvAXkUnOJaUBzvDYgxqMQ,1219,32
oQba6A60HadfVKakbi2jXA,2760,403
2H_62Z7QQG1tB4i6uKObNg,2200,4
zJBRwi2nJVgyv101fTxRWg,3970,43
RnHJ2SsCHNEAxXV56yiU1A,1301,80
xEQ20W2KZlAXod5qHhkG9g,3471,100
EUhbCyzSKL0-y7wD_rcI0Q,1234,1
_TQQjIzJBMr59CLN3ffyLg,1811,8
sVYh0xPk_VNuENwZwoYrDA,3382,38
2JVVH4K_tivO1Ea7QS_iYQ,1858,5
tg3Ivs-Vbs_sFGTETa6m0Q,3173,80
1C4RBKxpuIQFOaBw-3brdg,1987,46
N_tmox9zMxPEYLGtrJ46pg,1098,134
uZDZNF6oGm4l6kQFFj_mPQ,1263,8
_I7j8sKTytOMdAtMwUifZg,1390,14
rtfxKzKxsd2_HY76TpjhDg,3163,14
52MmAohG2B0tKt4KCu7L2A,2994,417
Lzd7FTvMOvfg9WmR4MoNxg,2691,951
WpcX1PlNIslg78gmrvCKBg,2058,3
WOEdHSY_DUYXW4KzU2m2ng,2360,19
4aqP2lxh1dekqLUJjPPQPw,3492,105
WUCccthRbQgI05PmPJkBWA,885,8
f85_RlB1C9JebYIEqhK28A,1585,2
vJIYBIxjvck_dNmdf75L3w,696,3
e8meDhQDafRhIqsbiioPFg,2650,32
Mw_NUT_vDULpv0zGRLQSjA,1460,8
PYZ0cO4wf3mKqUebKXPfeQ,2172,5
CPBGG3i5o44rnVrAOuJeWQ,2875,16
LTqfacye9IvTB3TC_O0K3Q,2320,119
Oyt7NdbHmtcPq7kcFF-_0g,1536,85
CJAiSE14F4j1QYOSFs3sJg,3598,41
C4U1y7nceNVPcG0sae61qw,3558,59
dLJZfysOFj7b55vb1lo_Eg,3782,14
bK3BhDXYnlxfjhDxAEig3Q,1152,2
pzw0JoxytHM7hKhaKs85ug,1660,8
i2WQBL76b8dRNGwUMPt9hA,1690,22
ASy6ofb3tMECjBHXCp2myA,2316,2
pBG8CTeBx8em1NVFX1i7Rg,1097,4
wQiyjBi8q_Q0dWLPSnQUqQ,3012,47
0dnaOv_NjfBhgV6_5y2Zmw,2609,18
swcn0BzWcXZ4SkC1gI9nLQ,863,3
YL04fLNzeeX2ZAkyH1e9fg,1346,6
xfCd9rny8iHluVryzHNOGg,1049,7
wbnDLyFzq-MTde6usZt16w,2987,6
LuMRvWQrHWgjp4_UScB9lg,701,1
4yJMt4JKpy822FFfJxWGug,2151,10
nzbDX7vPKp2idz3a6py1_Q,1992,7
Zawox0wXkmokNoprDv1y_w,2235,68
MBec_J9JkyFRE5m0CBcnOQ,1441,6
vIo7oGd2IMEMMfVMbgDUyg,2116,56
nIcdgHK9uTANNFgWPUZyqw,2266,11
D9qgDVKFwRp_UdhR46QxVg,1707,6
CHtABfNcNIfe7d3jTJWvhQ,2844,11
naXg1l25tKMN9H5wYRO-qg,2933,32
WiiJ3vueMBc-NPnaGe-Orw,2820,10
DHOUYRVLZpF6OVdYnNjf-w,1890,3
UGXsi7FGtpirIWtJ3DnZ9A,3389,6
VPSI0FGIMGhpkpXQxEU5Vg,1727,6
ElUUppomPbAjDb3HnQHjlw,2389,37
UMi-zQMuaWZRYoAl5QG4Vg,3128,26
Da_ZO8lKwIacljqKUJbAlw,4849,1514
KG8rsfnsLoseRVmomJ30lw,1011,2
rt7gmCNCALr8bqQPluxeOQ,4237,481
EoSGuhjRfJVNxoQd6dPAvg,3683,35
q0NdjtYqFvfDxSfY1ps4gw,3517,466
e8X8WHumiWLvnLZBCMZrLw,631,4
b9_u7fZ9bt2RtDPNNPJ-Sg,1705,5
Pi5G2X5FOaQdikXi7OiQGA,2048,8
i9pHHCrG3eUCWBfyIAtnJg,1194,6
fA-x1naOYizhdmVz9Wr_-A,1057,15
Qyf6N7koAt-npTTiAdrojw,1921,12
spNZG_mD7aRcv4ncMt_afw,1437,10
kWwrDROIRXBTmchE3CKhmg,1744,1
rPxpSI2cKJjoE3AipvuPSw,2041,3
b09LlYXpEc5eBffe-88_ww,1242,11
Bi-UaRN-xRmEGYu-3k0jqA,3574,275
RpLeX_kRHbrW5v5YH-R0nQ,1236,147
bpxNpONZq1Px6gV-VS49sw,2179,24
AyrZpJXXxme2fSUKPMnpmA,1684,3
W2SUTn8Tt0h4avn8rdIERw,1788,16
XmkTmkPT9TqGsMUjebHOuw,2838,49
r7C1_zw8VYxLlJJ8zNrNOw,3993,19
RQw9-Y08lvSwW8qXizN0Qw,2275,17
-S76_eYZA_OKvpwcXmxRyQ,836,11
3zyJTPvV8RMd3P-QNEGpQg,1395,6
zAgsaK9ysjc7YTG41Rga1A,2838,5
lhyROBX-kX27xIKKlTe_rQ,1712,4
0pNVlVXB3ONENidVCqhq_g,2144,37
0qhjRr4L9m0vI0gE3WSgXQ,1723,13
oufivukYgKRD1VvU_z26AA,3527,7
r8Sr7c9kq4Cjgbt8oT8IjA,1287,11
hTCpZe_wBsaLpI8OYbJVrg,2887,31
7Drekwqrb37HySk_qJ55Ig,2072,33
LqxHLS9OSL4fKqigJvxO0A,2996,43
1W6si3RcjgDJZrl1soDcSw,1440,6
rExA85bH3HG0FfzxRt7mfQ,2438,25
-AsdNNG40gt7ScitVTT9UQ,1208,4
oK-VsqoBw9CYATEhvNt8Tg,1601,44
C-ye8sr-r884Hem3VqF-ww,2955,37
Vn4Qn1v3MGB_TpA2YQbN6g,3845,359
o1-FSK22EEPsmZibBYPo-Q,3187,15
6jLNz1cVIPXYAr6KrGoe5A,2790,47
yTMU4Fj-CA4Q0cIOctTAXw,3973,703
jzuhoslq-DwUp09KD5dO4Q,3061,84
iO6c7mhhhVf7BwmtrgwSVw,1524,10
TMEGaqpADfrUaKCUV-PL_Q,1542,23
JzgGfH23GOGhYheVP5UJTA,1615,7
3dsRO223iFKYBG5EbHjU-g,1921,37
KXX1IileI-ZKv6HvkAkuiw,2399,106
hpU0eqivayq5Ty5sOSKlhQ,678,15
QdBDhQE-GEzhYOrBO4v91A,2319,30
syAUVETWFLn0eXkE4bVvRg,3756,50
jWCT7CbcBXxGfgcmJrNR4w,2561,11
JU3Eg9dU3OtBSXafMwmwAg,2740,14
WMQqaTCMVdfvrr2YOBRdnQ,1096,1
orcLvzO2U0_P9ySphZQQKQ,1946,6
WbgjzXvvUGcmkRDEaKPUpg,2137,116
oQwFLohuwcJYMd0WhCph-Q,3763,998
JSPIZ1PsRNMEFNNy3snJCg,1963,135
eHJq0y1ZceDUpb4BjUq6aw,4271,122
8tP1xh1Deqhf5pOzOw2X2g,2447,9
QR4BpL8JglsZs90jf5k2iQ,2896,158
GjzcwrVcPksUBhks4_jgZQ,3050,16
TAeqBo1QIRcMR5NhhWjgsw,2368,192
CPhsGvXkUQxazvXmnS1zBQ,2086,134
0JzmWBqWfiedu4Js4RVVAA,1614,59
LFfbXPZv8NpRCv_SgChERA,2486,15
rvJHU_zW4xK9F7j9oLSEYg,1493,21
Pzh0XDHmwnlvxNhk02TSzQ,2495,34
7jELGwSnuOvpsOAjOY9pCw,3894,138
3wOEEoilkTqNtxloVvg2pQ,3658,97
7AjfzNrVUi2q0gZYWq9kcw,3774,87
Yjer78RnYr7OCzirgdcOaw,3242,1956
YzQZoXQDYb_CGnyI3b84tA,1639,8
zWpgmvC2UJnHZZcBTLWj3Q,2080,3
dqyL5Wzr8WwL3Zcpf--ITA,1441,3
ELtl0aEOxl0qsKqcdtft6Q,2109,6
9_yaORHh-c3C_yh2HYITyg,3263,247
WfxYFH5fxzmCMGfNsILb5Q,1816,4
1KUUrQpQahoqOODBaeqd3A,3466,105
LNz5NSoV8XVZhxIp5wYh3Q,4137,483
eA9_qvM_VdUSLJ9jRPW1oA,2156,153
AQV7PuBT-kEu80uEOCwkpw,2148,9
_yxjk4poeSL75LOJ7_-YoA,2215,14
HcbxkoSqwfFG1-SWv5-k2w,1024,16
VK5yOO8aIz4-8HekT7NQ1Q,2344,41
z7Z4yaqrM62_4U2JURPmGA,1256,165
JH-UGaVFXvj9gmE4_Ma5eA,1763,6
wP2neZQxKgmqfO0RZ8vmyA,2855,202
HHZRBFiVC-Iy6886mP607A,1269,7
_Ly42BlHlM_OxDq80mbh8Q,3025,156
pznDHVHsO1ZbsG7f4TaNRA,4002,466
fvM08uRbB6-jobLMEkfhAw,4113,27
HEWiG0je_DQP5XP5WjpF9g,2024,4
9bhkE1614gDGooepWcHu-A,1486,12
nn03Sjo7EL3y2NUDiLM5rQ,1070,1
gFPILpS40cV4G6Nepgz3-Q,2369,23
gTXHwYLTTBq2yspOpy3yPw,2177,12
v2JbRxUd18qL80IcYJOQtg,2400,151
mSLukAjBRgaAKLpoiE0DKA,2544,15
fuSNuqfWiaduDR7W9oGkdg,1144,5
ByoKAixL5sixtAqzuK2POg,1524,30
SB5VqHvarUXF6kyu_s3nsw,3346,8
9XkpizE6dAqTmnyQ_eKLfA,2548,621
UFUTv_9a73tTeABF9ce1Ig,2202,4
bdUxepdhFoIWw4e7_3BmNQ,1129,10
1iEiWDyVNmzVQL-L2Gkrpg,2446,25
CHzxqaQbUUlBmf8VtUxoKw,2742,19
dvpUaYERt2_pbvHQFJHsgw,2921,12
OoDMQ4YIjQehunbKBEux4Q,3648,56
Ej38i5fCylquG7Qs-_eE0g,1034,5
By7WE6860ySDOPwa3rrmJw,4014,175
LlCZ2A8N_HujkdN5UNOU0A,2953,32
MzUnEU7tHXLfphTmQbjByA,2968,80
uQEqsxqT3U6Ll1dsnqst-w,3730,537
9XDnwXKWw4Zj5JblBP9Tzg,2522,50
zP9HLd5nwdpHXhO2rKXjEw,3180,462
S3nlJPj53-0SLjoAwler_w,1580,425
0IM_A39x8DSHdwXNhnWFeg,1061,11
oqCtfkf3IcwLF7A5iLlxlQ,1864,1640
GdMWKq-8-gw4eqQCCEieug,1107,11
HNRt60vUzLIkeck5q0vo1g,3733,2
lkQE_PZbnhn11wqxduIgjw,3201,253
8pY0ma-sZf2T2OdaTW0EKA,3354,36
R9tGCP8D5-Ac3ykfZEoMKQ,993,6
fJ1wBYfXT1fS9h7lYC3reg,2656,18
3Str0P10f6n6345N04LOig,2088,613
PZ-Co8Jn1ZDS6llSgoREQA,1698,35
U96FpJ6l1IcM4h8iMwmHgA,2202,66
JpUqF8n81VzUnD4mEBBQ1w,2536,11
BUlivNTm-SPHCfWZx7jAww,1467,4
ferimrJtzgnZLKxSnYlxng,607,3
fjVE8_cp-5QcicDia1utwA,2737,18
pZyGqUsLYcUQd8dodKjmHQ,1809,22
Qvb1pGAs1UzfGpuOEKokhQ,1999,17
ocbXvj2OthwsLfQmS6APSg,1634,46
bjzONKZkIcWlgVe0I1mQZQ,1435,20
9_wKqxc2nnujfamAiI5OJA,915,5
V1QpQwlAqfBGF5HnF43kqg,2747,33
zCFCeb4eKZoYXkSaMWAguA,2321,23
HO5C6p1dSd5vc22HieteBw,1567,25
OY0lWSo1kw_B84JF89kAFQ,3386,406
oeFiWvoOG0hpMOXXxblfyQ,3648,1431
3A1D0N2zbZ4ZdajiUGMPuQ,3327,94
PKyNi245EPVmVPnq5HNToQ,1305,15
v10U-4a-kdoHAn2Pqz5AFw,1751,21
46wbR99wFwhlnfpP1rjnLg,2004,5
q2yHFOWqQwPtCX5UxOrltg,2140,195
NH9XtVcXxE1DHnJZRh0-Cw,2280,16
yTdFNDfaNgS6wEJqqXT3Fg,2925,31
3H5FkyhlLseanOvafScNng,1032,1
sdlehSNMS1TtG69HCipEmg,2088,1
84ueA2yP5riKJKZxeD_YgA,3785,73
q2Huxqya8xLGuxXvf8mITA,1800,7
wAw9FHMiOZd9ROoc5x4DpQ,4167,548
ues9H9H491PG77IWLHku1g,976,8
tfqdJDYhe3Ag2xLKJ-kahA,2367,4
Q5VnnoiU7qkt4oMvsXCIIg,1609,6
Bb1x-sojiOQN73hJKUbGrA,2888,10
kRRtnGLDTTfKyeuwjh8Blg,2182,16
lNDSvs35DM7TzDeDybskXw,1241,5
a34gqxc5AwnB-8DjXEvEPw,2811,19
bYvfUDwQY0TDAWW8P4TmFg,3392,16
cLnGnv1ERoHE3zMaGWkuPw,3411,48
b4necRC4ra6rlQFinve3YQ,1767,486
oeSzQ-SXlEPWp-o9aud7DA,2166,43
_4zmLwPclysF_qCFPG5eeA,2733,23
UmkvWU0VzuWvFW_oWh7Krg,2830,51
ORwjDj54rMl2M_h0FmMEaQ,3948,451
J4UsXVUsSMyu_cxdiocuqg,4518,28
-C4OgUNSz3WDAmgIeEIDSw,3257,27
RSVVJxN6_T2vaCTmum7eOQ,1150,6
hCTRibdps0KBw2E581MW7A,2369,21
20yd50E-QxETaS6tq5Bmng,1870,109
EKrKM0K7a7gklwoepMrhPA,2925,39
4Wcn8xXzvWxwk8aiOTaCUQ,3815,25
rs-aWXXkgzlmWFZq5ko3Fg,2321,8
8iNNQnh6181S0wCbtE-_YA,3203,23
fs-UAg5vsoUYtCX_US7qGw,2022,93
prORfTpeBDWIACMQUM04gA,3206,51
cci1MED7aZBpPHDQPDjSgg,1800,4
MZobaYWK7OY7pN2ao5bpSw,2659,98
xn_S4mtDjJbtRNKlYbt4PQ,3004,15
F1q_XmR2fPOn6ArDoXIBvQ,3632,16
dlx_RbJNVmUcyU1xrZmxqQ,2255,19
etfPePeCZMLM-MtN4lmoMQ,1672,15
HSZLlgJugk_Nix0K4GFWnA,784,151
J2ttKsU1wuFmB1YRZxP9vg,2773,8
ooLMiQ0Sc5Ef8eiDHSBmSg,1918,10
O4sAznBNs3wrHaePq55S0w,2150,71
v0xZ8q6i-m4QRoZJpu0YSQ,3042,23
rywhxzayd3fhtuN73sVAIA,2397,12
mXQjS9WLNzHlb8R45VinIw,3324,141
ZrLjXdfDlmcTwhZ9zTryuQ,4891,64
oUfwqMzW6OBvMlK4ndeg7g,2712,92
5W_LMSthT2jsQOqKFU6IKQ,2915,92
e55WhY9mTe3Ns-A10wP3ig,3061,124
HFKZj2p6NfUC3IBkjBuQgA,2609,11
gRC2Zo53HkCqOY95BkbebQ,1264,7
u0UfZqQ-8GTfc4_DQMcgjQ,2991,102
9NWLo7sWQLgi9nTjz07r1g,2858,5
If2PE4WqRnSOsu88ZnVUmw,3080,12
e1Qgeii1B9wRYKS3PVpFIQ,579,1
0XDvGzF0WbKM1jA-JHs3LA,1815,14
HOTbngm_iuU6kJjoWxl5QA,1355,4
A1FveFtOIyd-_yhd1Gukhw,1759,6
ygCe92kd-cX5N2JkZcC6nA,1402,34
6-TDezM4IRoVVtVzeCsE2Q,3433,10
SU8OPph5kthSrJ73UkMNRw,4854,3
MQ8sd9yND2YiGvKkXOnLjQ,2557,32
cBTAOHeNqzhmdAY5e8noAQ,2778,16
kSQm4EQfKE087DgUL_VcgQ,2496,11
eegQB-FaJlPXi4Sw9twkpw,1531,10
u00Qp_Wb70pgnH1fjY9R5g,1994,56
H8rOT_epxQ1hWoibTOAR-Q,2007,5
ay6ZTIfU1LY1gAypYsV28w,1649,13
-M6VlkXRl-QZVO9LR9VvfA,1952,21
iuJSMezcRTuceFbEyOuBtQ,1612,21
KaZsM0znO997UE5Lqv6X5A,957,2
fe-NZLHhRVqyWsq4oMBGbw,2359,59
sUrLgXWNV298B4rlXxHOCg,2715,26
-qvT_R8tMwqx1FYsi4BkfQ,1199,103
ZaW83MJJZT-0YvedgAGXoA,797,26
P8ASl0dt5hx7ntPJFhQ9SA,2598,24
LWFzjWccBO4AD8c8PkadzA,3005,32
W5W2OvFid9gJQviYN7IaPw,2605,28
DhyM7mRPYVySg01VbLqAYA,2907,20
5_tg1tdi0Oegzy8JZofMWA,2713,12
KBv1OLCYBUBK72-kzzMO2A,1018,7
ZosbK6f2siaaPfxkBRDAmA,2286,9
Qgwv-rI2a-TOeV2--Y8TVw,2865,22
VddiY1HQEbUokJlffuYV0A,3722,103
clv37r100H21NKBxGH2NnQ,2552,11
eVhmtlRwQwoeqih-5JpYTg,4396,48
tZ_oKXjo8Y6DXgRPExO2iA,2084,30
cvIKH0STQZZRdZ3JipRCtg,3910,14
Pznf31o61ZjwWrLnF1tcsg,3650,54
R1FVpAyl_BtxHBWdau2VLg,2983,1762
9kTsP077hGvsT4w7e8yQmg,1901,13
csAxYUA5YyXphdM84YRV1w,2738,12
PemR6_ym38pKJJwnsmgcZg,2506,15
2SC3tQFmUS5LSaJdGWIt3g,3258,120
Y7ozCwtq7sr16-DJw_ndDw,2579,19
XYeq9WKdPHZ08Xqj0UbZwQ,1524,3
B6nXlSWzQ_FZUhMPnfyHXA,1402,32
u5ZKPDD96MBnrmZxGzdkTw,1146,4
oL-XGGxD6vsMgjKK_2HLeQ,2044,20
E5Fbnoe5f5a74A5auXjiBg,2852,275
K8DhH_5oI-ULb7jH_80Isw,3740,254
w4IeV5pzM1BYPY_WdX-LGQ,2228,9
9b4t6bIN_QmDtrVMFHivnQ,1403,5
UlVkQk0aftzxn8E8LhOFQw,2135,26
0E5Iicg3UTxcMrTKYJWRVA,2808,5
UEtf4Moe2lY6fOPAf3YM8Q,2052,11
GM_0UdDnfWHvDFaXp-qdUw,2420,14
rKfWbiQiTlFM0HtxIW4vrA,1575,6
nro3uTkuqWDxznkc0HBOow,3001,12
cGjgTeEgbv8JZHjvtPDpwA,1668,24
IcverMOwLdIAczYe4-JXRg,1884,5
dtzsh_aB_W7xjAjNflxrBQ,2688,12
ajvtJjaUcgukamiyCiwuYg,1384,116
JSeKAxOqi-97y8fx5vnNSg,2291,116
QnqrqKKlkUDKaH-P97IoxQ,2093,8
9EQJO3kEwsYT6xeiurohEg,1557,18
2X5Y8CrBu6fdt5vkMai6hg,1251,2
psz7uXMyQy2lMscN7IaKmA,2714,14
hAfgAfJ3E4Pm-PVHSHljWg,1126,13
2OnKfH-duizi65uBAksUbQ,3103,2
I2PP8D7UqsgftlzaPiTeGA,2687,9
NXw0bCLF5ZtFMfhcj7CFSw,3368,1238
Ou60KtObNEy_mUGgK6zNJQ,2957,38
sDRrYd6VJIxZX-Mu9vtG8g,3105,294
-Ai7hGpJ2I-oOwLFYbx58Q,3299,31
WCTBwCRmRzXetAuC6zy1kA,3121,11
pouQ6_cSlB8GxzWOzAkItw,1280,34
96ViSF1h5v6urDfzv2qR4A,2047,5
80qQwDMVoH92j_CJNmPXUQ,2378,46
xrlaSvw02YTg3UWG6oJjzg,1806,22
bqbHPFdsTSzOCCs2M0LTwQ,2296,15
ZLD9DGhfwh5Bp4sOUjvOEw,2306,62
ji76ZP3X7OIQlx2MvN1tWg,2915,22
3pMqVaYJ2oVsgcThtFI4fA,1963,12
rFeXxtCeAGtWNdDWEu9I2A,2780,380
LKItE_cB-CfyV9HOvkz2UQ,2878,156
XdxpNv71octZbHT6pN39Yw,3219,184
CNhVYzHBVS2AvQJFVdqfDQ,1831,2
9X0oKBiNNPMUuxmJkNtAHA,2338,66
cLsd4iAC7PfJAYymDcXK8A,3121,54
9MkNp-r58YGHTI0a0fZVxw,1528,4
8fi_7cZV8cdhouNq8MyjLA,3171,28
Aq7tvxQRpjHGeRdCLtWAuw,1554,3
2O-uzAtaGcvc7ZD7PODzgQ,2235,18
pr8_C12oHakeNB4ZPp_dig,1943,213
7cxJdsfgS1H0K4aAcf2MdA,2771,168
m7iiJlloCRfWaCPwQwTmpg,3606,571
x3rhZIFiF8x7KEyO8eWXig,2936,78
xY2Q7JM96sFZOed40Kxsdg,1575,14
gVsrm8wP6mQ55wuw16wbeQ,3108,121
JhcaBbLDNzGMBojieuYhPQ,2802,7
IyzUDp6yY4Dl85OJfHLvwg,1908,15
JQNub2UCVlteDHlLc2casA,2139,63
CRwDgm6zXXdQuTfHG5zoBw,2453,61
15Yrx7yqhGp-uUc5ghCcUg,1221,113
Rx5wlM90yMao96Kke_y7xg,3696,228
_APFGZ4TELaE5TdrKz86qA,1234,39
-n71ogfNX6MXSOp4tQMhiA,995,4
q3ZMwaNFzKLkA6eSQPawpw,935,25
RmFZ57KicitAHJp7q6zsig,4562,8
GrG6QeHkYvNW6xMhnT0UGw,2219,19
jG7J_LdwiD1TXsB77YjCqw,2958,18
bw0ZBpGMsOqvMQ8EYMOSEg,1541,7
uKHFt_Qd9LshgfTGfNX-pA,1792,9
tOQdMmn0WfJ_xhjYOWnebw,2934,44
mVx5yxNXM8nzDPh9bqP4fA,2435,6
4xZoWbdzH50dXymD7ftwDQ,1593,34
n846y1r5sTTClEC4q5MOKA,1478,5
1-xPzJk_ijBvY2J8Re1DIQ,3381,153
j0WX8LAbLhBnnGJoXjmokw,2903,63
VpQYof8L_KPFtKEmWMaYRQ,2480,17
AddF_TqQ0zRk-f6Zr5VmCw,2872,20
Zc2F0DAkVlR-TlOkC1HgLQ,3086,5
mAQWeL7EeHjGmDmdnOy8eg,1299,3
3ZGhdBFzMKGWz97kO5kGTg,2590,63
CtVvrUgFbQr0itTNfCS_WQ,2775,30
OPSkM3y7Gv7HjMLMxULXZA,1206,8
KcHbvspK_LX4FXUTyNPyaQ,2630,10
9wrx0VxHJZMMbZULGLzpcQ,1452,6
Kh5wj5wSffQUXZolQ0Xz-Q,1718,9
ijxw1EiZs3IPiARiDmea8g,2656,72
crvWTyAQTAj0WtuDrBCy1A,2736,292
Fb00zebNFnyBiroUXwwM3g,1759,10
7XdE8T1VOl6eE8gbUcBZMw,1396,37
6d66-HhJrwWag-3JfRtPcQ,1025,131
yVGumqztm72dn4FpUdVeDA,3187,42
LFP4SOhNibPg4D0RE0nqrQ,3182,36
OjAVtBKxzJDbAVwKbkG4gQ,3115,16
OB61Hs-GvsCYszHPZLPYfg,1795,231
X4wQzX5fpGPioOjfC3jsqg,1396,18
9Emi4tT8gAMCaOHokf0t_w,3282,11
160KhXzUt-wDEcVEdHESoQ,964,7
5P7idhdkYLnqpucKuDZECw,1292,2
N8EFCIjb-1sLYIeskygayg,2918,15
5jsf1rMEM6ry-GZswfYTew,2483,32
tExnDQdIGwyYCvHA8gu-JQ,3004,10
PsQPrSsBYT0QVo10RQUSkw,1107,6
bMSslNk97vTjApLHWu1A9w,2473,17
hYhAgh2a6ErP4Xrd_acOfw,3060,3
nEfgsjRDRmxx7nNFVZi0jw,3970,331
j-q2G6iDkEGGUXjKpB9Bkg,1856,5
6ORi36goOkha7fY_0I0-6A,3071,162
tBj0MAEYrFnl1Lvas-mfrg,3486,102
Pv2eWfyN0VqmiaB2kZpL2A,3394,171
3Vs2S3FQF_xobyuimSayDQ,3791,52
RXHEOWhqSder6CZUfhOqag,2831,3
42aiLJFX8EqckIaZg46OLg,869,9
A9lcjb68acaqLdVpFlw5gQ,1302,3
ua3FHp-dVALKD7wgTOeTcQ,3109,13
r7zp2iDuIEXdzEZ89mYM1w,872,1
39U_dvPg2fJyJpTNiYM8Lw,3537,46
wlRWi1iLcx91t0YmWS9Uiw,2563,5
ld1KkikHaN93Gml4b2-sQA,1763,16
8-iVvgF01Q7svWPmszDdtg,2416,5
IWYY3YxRxsrthigb5znMfA,3517,11
pNvjMb48zAgohe3gsfx-uw,1669,16
RE5MyD_Nn_J4xIa07AMnUQ,2425,10
JDC7mpF4Qs8nDO6BXbSY5Q,2621,214
fSnKkO60ZyDtihS35viTaQ,1140,8
dokT0OzW1kuqxt6POp4J3g,1157,5
j0Ve4fneRD1TynxBH_eJrA,2050,5
kewIDZyMHPf6Fnm37jC1qw,2263,15
AIGatyA3eOHNZn8vb9QBZg,2357,26
2CB8v65rXzRTTkdWGQ44jw,1570,3
iPoprkl2lxeuXVO8gq4AYA,2108,10
iNqxA2SkkOyEir1YeYC9NQ,1826,29
8DlKRCewKq3Df04fBaO7pg,1613,24
FvOFFy6ZfxegiDt0knyedQ,2666,9
xcW5lXyjxODJQATvB8xN5A,2899,204
6dOQfmzEJFz41pwDwbppQw,3054,7
tXnBd_wvUkv8RpWeAlkM_w,948,1
8jy_C4if2yiJ0yPFUGp8-A,2289,26
SPUhUFp5wNx0Ot1hyATjgg,2587,12
6gaiFSC2T9MzkvMn35l_zA,1838,6
yf8aZ3JGfDyDL_nHj6QQRA,2875,24
Qei2JrS4MhyZp23RUYdXHw,3545,57
d_zIvwa4u2DvweNCDM3alQ,2973,7
TptGrfz93cL10j7_-01NBA,1146,3
gzE5dfmxNYj5y0fIJBVblQ,3117,709
YWA7h0vC25Xyvq3xb_pMxA,4088,14
ievt4v2BXrZZDIxJGGZ_Ag,3160,69
KIsyd8vg5cYmedoc-dcz5A,2763,307
MSOJHzce6D319Abb8_opsg,800,6
QX0G6aguzTR7TizmrL07bg,946,12
fiMwONq6bmQyb_Q-z469Fg,1998,18
7Po_Q3mnRK5O4F-z7VGpog,712,71
YrXkSieKjyIH-fEtKVjF5g,1235,5
6YVAH9vudAmRAGy6c5cNag,2312,28
yyp3Ra4cP1WXoW-EPfsqtg,967,11
9yOa_yfggxcNOzCzZAEnow,2413,19
3LMZ79mM8jGLMyCa6-D4nw,2267,1303
mDEzdO2Kqhfxh30BcQKGZQ,3021,29
mSpNFWjTI-cxWxrtsTxs9Q,1788,7
NsbpeUYPA4_nDwY6LhNUvQ,1378,5
hnRd957BvhhFYqOQ5HvUQQ,1782,26
-e5nOOWllwckQruQyZGxAg,1518,6
G6MB2Dq0jlPu3xkljmvQtw,2736,34
H6RaAenNykKF3buMEUOKew,761,12
39fTg9QkLhIKRY4fH8rvKw,2634,125
8t3TUZhP1r01HilEpbjxHA,1194,3
vn7eoL9jEF9kCu2eUdMWfQ,4311,295
6n2DPcr9AudQ2O-6MRabQw,2144,14
IfE7ez8dJKhc5k9z9yUwCg,1915,15
zNUkIv3Q30OLFUtTP3ebXA,2097,4
_woYHjdwgYNDbj_nIkmkzQ,1032,9
FT_UNJSk9hXKs1MIXaz-DQ,2463,56
B987avYR4F7blPDmCuEGbg,2787,12
WfDswfHWHMHaFoZGcYPFCg,1002,7
nz46XqhcFKMFqyAy1HI71Q,2617,189
mP1YMHVDdAWUN5c7HpuI5g,2507,25
mnzAnBDGzcxnIHosmOj81w,3276,24
BjFrC2XdA4gZXPEPSb6_iQ,1182,3
fnQte6nhlDxKk3hDKF-dAA,1388,5
Zmp1Q6Ul9VH3zL02Z5ls_A,2392,103
W2_c9W2-SRR0DZj0trvnew,1866,33
HfbhGzrTNVPgakGfiyehMg,2394,22
Fmm6fYz8kbd63B4UDIpnqg,2809,13
lxmiUxhMRGSMckR_b9bw1w,3552,28
Hpi9wjC1V5IOTmmYAA_a3w,2363,8
aa6xHxKR42elwwptX6WKLQ,2355,4
f6NxxzK73W3Hc6z9kIYpjA,1779,17
fLlsibb0nuiPOEgiL-zQwQ,1977,6
dJ9O5Az815nY2L-Tatgt0w,3120,16
vs--2-Ao2g8PTaf6rNWpRg,2829,29
S0LLLGw5P0dnCUVP7ZRrag,1149,60
EFpsOJr5IB-y18aNi3N3CA,4069,18
KezqkmNpzLINQw5n5bU-Ew,1549,11
DOs01wgJPlqCjaiSry0o5Q,1622,3
MHojUoJSmpsCa19JZv_-Aw,3549,22
qeLuIeyFI5I9d5Z13kr07A,1224,1
dNS6-UPblnwCj0DTMyAgyg,1975,5
gUIwC4iIv7Rq_bD1qII9Hg,4087,61
Xr7T7jeWN3m40iTgfNVhLQ,1079,7
4qsz7oJ0rtEeqB3UBR_Zjw,1153,6
JHUqRFeHToU5U4AawoNbog,1483,8
ViaAh906LDDE2gAjqy8NuA,2574,14
yuT-4hjcRnM-75ONTqgIbw,2487,17
KnIDkn0LAhcAhykDfQQgUQ,4291,286
kJnV593KpU6RhghN1MYdyA,2186,4
8JHrDBudsqpDTF2Ydpxsfg,1102,3
U6Rxnn366keF9lB0lfktuA,2569,32
8MQxYb7uS7BJQIB95r3O7Q,2163,5
XOBoED7RDICISM6gWLcB8A,1468,9
nwr0mNjxDysbj21GP8zAMg,2228,21
6tOQtDjpNb1viNeY4NM8yA,1431,10
_hmAJ6q9c7NVDnTgbrrTiA,2691,215
RzIdUtKRyA6T4cNmvHv4Jw,2714,6
8Uz17mLDvoCfdtEXv7mdOw,2225,1
bh72sg4r1vw4gFJaRzDg5g,2966,108
7uvfAKXezRXrLWNo1VZWbA,3125,329
yiltG6jQotF4UQ0_P5HP2Q,3785,255
qblz4CzxHaubFqf-xBeZIw,3837,692
sl3DvjyfU6RPBrdHyx5sTQ,3650,28
WoccjO9wbW44dbLcYBvDGA,2816,45
1VYCEIBOLwgRKPrep50cfA,1076,3
KrEEymMGcwsra44syBGCLQ,2080,25
LN9LdNTQi6e6dy7RjhdHtw,2847,19
3PevbGmbxoP37j_XvkJGtg,3859,447
iDOl68Yu8ggMUYTYjkS7XA,1892,100
8ovJHI-LlBXozwHceNMHAA,3146,43
gOxFeH1Gq43VIXpUqpTduw,1644,17
A_xd7iwTQ9fhtduHYboudg,2794,88
rxhaA4GNNFrVLRSazPoP4w,1477,26
HN5ZR5cH7ZN4RDJIv-UKkA,2911,116
kxC0TTMfm3RdgWPKotEupg,3784,255
ptnt3dTnOIqSzPmm_E_Jdw,1673,37
eWGWRsXnj-t0XBWWJSmGzQ,2875,17
AnX2U5FRKsnpe0C1-8pF-A,2313,4
2gehozmAmMBHehR5EAJCOw,2378,50
4mTp-ba1gdgxrNfD_7RIQg,1638,132
0ufrVvklhrNoENhLraP3_g,2751,31
VWJ8PSz6Sg5_AlBvQyGvpw,3427,754
jlnxZ6Brf6GfBZk6bPDXvA,2311,12
8NA3eEIXq4xA-7GqeAHemg,1686,13
UZ8_xqhiguIYb9Lu2Wu8og,1021,287
o03ZwIhEEbKLxffxBmcuUw,3826,158
RVvXsAtAS-xKHjOwzgeN1A,1624,6
UBQNkjTJixSWIN-gnD9LeA,2782,44
DhUgwwgAdzbIuKw3MaV0kw,2078,201
lf_Jerk70c4I9uVdjkvKUA,2763,9
dNc0AbyhNvcIfjmjrEMHSA,2597,147
bbswJ3DA2TniQCqn4kLVfg,2941,616
xx2crWUP3Wk-hzVjTuQ6ew,1046,17
sQCJhVr0MaTRyAQhnhKVjg,3246,3
B8UOLWqEXpa-EqGxX3htdg,2940,44
YbjCagpr9soEGJnjc6Mg3A,1669,195
e3Ca0Nc5pYdgzYiV09DQ_w,1313,27
61fnAGXvlfg6bhAoj6Nblw,3138,5
wd02D3NPbIZWr67qfrDldw,2145,26
XOHtyTIc4sh3p3i-ZCnv1g,3633,172
3rJphRKgTrhtu12NRJTUEA,3056,51
II0XDq4eemyvhAzEggUgnQ,2363,3
jZeIY0sxS5J5vt-Tl6uzzw,1738,64
vK7CR0-s2tgUJcuzY8LIEw,3501,19
ItfINvz4l9152yc_LpgT4g,2432,10
rUnA4AJnSZWLRVsvWmoypg,4258,526
wP5PM0pWUthfK_cSlKJIGw,3251,154
l_HlRC6HSgZd2gAe9mAmew,1492,6
F0ZzcRmaAKi2RdfnJB5bOw,3064,108
J4tDKRn3xdgb2oWviFedHw,3278,367
qltv-giyNj85Nmb_4YqRAQ,1569,4
3L0NT-ydkWR5KpJFb9dB3Q,2607,92
qoFdj5MEQG_rzf4HR-l01g,3587,190
Vu6-7uZrUf696xXpKgA-DQ,2054,56
T2O2xKEjZ9LICCbSJgTuvA,2898,87
9fRJOOrG1JhzBN2ZXT60Ng,2476,61
DGoEiOBmDvyfYAB3R6JG2Q,1629,189
YYkC8eFXC-PB6U9fjmW_JA,2101,31
xHn9bUB_mANQ4S3DBLtyaA,3257,8
L4KNOR63oUjUkpM_3qIIOg,2795,1
RL63KkoMwq-ex-WWpzgvcg,2776,125
ikRZgz8ioPJ2WmtVEB-NPQ,2534,11
gW1NqcD7gIC7l05anMkLWQ,2373,5
5SYD87gd4-7f4YHs1UZaYA,2100,97
omCnO4ihJXyGTbM-0XRvKA,3148,3
q-U9LcbBP-iomy1ZZPk3LQ,3749,200
VIFDd6Hi8n6iwQTS7UOyog,1959,8
VqYSPaOHIWxE_qWmJFByBw,2607,23
w1i8OmSfaXdBJ5jAiC2JNA,2117,5
5AhF9d_s2AQtwDlEfQptIA,1627,35
WeLq30384NrjiCqVNLpZ0w,1857,16
vYmYcygRd-c3wRwN06_Jhg,3589,25
j8wFlR8jxtCP8VHCarPUjA,2921,63
1R70WZPNO6wtoaQ2GxArTg,1867,4
4BNDTxOd0ckca5HNjPU69w,2803,307
0pjLgDMQSFkbVro-QAyMWA,2239,15
toFBTo8ahigsPThR2j308g,2892,17
GwkWzDZ7PU_9AYtugYCS9w,2946,297
b4jl-cZGxNTVxsMpDLxUKA,1941,3
ioas5Fc32-prU5GcsicMew,2049,1
yPCHj0bGp-IwzftnzlMgQg,2943,13
Mq4F60BV390lgeNisisNvw,3394,48
lCaLRFG4oCSZCgt3QabmfQ,1040,4
6Ii9_YrxvOB9BBprt-ERvg,1528,8
dWQwt65gzN0KLkmslooy-g,2508,3
4y7jOz5R7iHWr_N1HPl-Xg,2845,4
PwMy326a8Fa8EUHe1rvnow,1863,19
hsKWIVxA9oCCFJGUajw5FQ,2640,17
vHLu8u6Owgw4YQ0OIPqUDA,2662,7
it5-g1owZhvA1S9QIK5JOQ,2777,15
NTqbU2mv-u6zDotxxqnHPQ,1459,2
rMlXCitJ_5p1GcsGBnhE2g,1246,13
WhBn4AXzLwZUpLXHr3ax1w,3109,21
CzKDjQdYk2j0ZFxxWspwIQ,3246,180
BegGwEPte4pTY_RP5Vcqrg,2895,88
xtx--nHYrdAhsQlAUF6HTQ,3885,48
-TG5AUKojZBYqxJCAyrbPQ,3768,74
2MzQ7UpU3SUYWcHQ-4W7Pg,1990,7
O7yXscSWoJRUsEsnYpEJ1Q,1850,22
VkZbyVliyi2V_5_AB_Uqlw,1956,7
spM6J23nS8i4PDvJLFUFSw,3176,21
A9blsObvhtFH7jc-UBjWrg,4261,344
ABs5YyffLvMJCYDBebQIYA,2536,43
pgyw2dl5Hv3rqmTz4B3uWQ,3667,298
4ZfcCa4m5RWvO4EFzfYm1A,4075,1293
RP09Z1xpzd_J909hLRvlyw,2814,52
-dF6S-VpNX0z6GkWGtobpg,3313,66
8k6Lr13xJzRtPbBgSV8LNQ,3891,12
feSQtsMoXYmgMZH8o1ZlnA,3499,209
swQdZXei0Oy9fIGKEAKQVQ,2433,9
BMbbqH17OCjO90091KZ4OA,1374,5
e3d7aFWoLjcs5sL1CE5-Uw,2913,149
s-njrMRP_EeVhJFpxKCYPQ,1547,17
XPAjUX9UyBjscWMaU2D_-A,1640,1
LBY_r61EEVmIqDE-2BF0SQ,1907,8
do99OWeyyueHnjuHN-QjVQ,1032,70
qpEauZelLxC3Nq8RqG1O-w,3410,23
AYacXebe78hg48IglUWl_w,2567,23
v1lkfLlqy1BofyOcBTPDtw,4243,653
gP5iem8GnfOl27zpG3yaIQ,3230,44
qy8DP0GZ4KIsNdnepjSLZQ,3272,651
tsbt7kE3KA2EAOARN61dYQ,3104,7
vzSRigjMdX6Qm0xVhjyROg,2909,120
31KucdyO5sfpwvONAKP8fw,3451,94
TVBI1LYXTlWeHCtqBSt6QA,3521,526
GPXeCXlwepOq8AVccRXZiA,1965,79
41kJ3cCzEVIY1790NxdBsA,2574,34
nfkJgOF6sloXQw0Dh0gzwQ,1032,8
uCydTjEAFGOcjtfhIDKp7w,2465,8
Q3AmJFkVG65kgY-kJAMcVQ,954,3
EIAAouHpRoP8Rc-Skc-ExQ,1022,19
iOR2z1Yc_Ug2cQwSS2dXhQ,3251,19
gZBs-KRucsPLUDzdFhrJqg,3125,19
UxEEDfBcBzcNM1p6A1iwoA,2364,11
jPEAhI6K5-C_wXjfrR7yRQ,2096,9
O1Ha_NG0GrlM7yItsJMgPw,2721,17
EuDusfzdiz1HClf93EjmVQ,2826,21
bjrUvoIKBDbBm4E4ys4geA,1031,5
XLwiGvOs06dT4XOvBWEVTg,764,8
Mm0NTppDQc3DvalE0CScow,1281,3
3wnGQDwuvkyN3zqBCxv_Og,2574,9
HvcYQeOA95VfsSE7ZM-XUw,2315,60
lyfCPXJ0ZDnjq2Dp-VuFTg,2682,28
-BbXsW73pN6tImh4FRXZ2A,849,4
9fjGRNPTtsJyxtFC_O0x8g,1460,67
wbAnJpZ0Lmj3LeXg4pmq_w,4607,112
cEqtl2C7jzWQX4YhyKwHCA,1140,7
yoKCdBsvBScVxxOpEY20kQ,2634,19
cQtEpt1F61IiNP3gRu7LIg,1634,58
zYR1smIj8tLsQe5l5-iB3A,1625,27
DtCyHxHp17dbZHC4Es2zLQ,3124,7
9753eOrBVUepAl3hUoHpiw,2857,126
joLrulhVMqpMc86ye-3qTg,2355,15
F6MPrQ5oxQL2Wq1v5ENDzA,2688,1068
wzRUFyx9eLFIG6ONbGMFFw,2215,86
J623MMUOiRnEr7zSCICFNw,2088,7
PAv8I5hiJxGDYyI3XsQb1g,3421,21
bd6sDXRh_Vxl4z_s7pww1Q,929,3
ax0Mb-HMmT-FJsbROhg3Nw,1999,9
W9xyUr468VrYzvPjo67DDQ,2610,3
kqbiIGstmdkn-6xhJfIrQA,1929,2
fg1v6qNggdFgJTRXiPOd1Q,2317,20
J7Ev_mHMb2jBuLQWqv_u0g,2354,5
GXzjC5g2Bxfb0DXdlSPrpA,2728,53
L-zkxCzVJHcrJScORXILvw,1461,3
oVyxTmXDWdGZObNehyLyNA,3441,134
waLeJs_awqtJhBLsbcTnyg,3026,74
w2NFzvnS_j77wH2heZ5uUg,1648,3
z25nUqEWL-9a-8BwOP0BwQ,1227,17
uB65tvWnCPFwHzsgJv7SYg,3450,22
oOMvjhsKT0VU8zKnRrAHPg,1112,19
YjvwbEuir0qctPEbQLE9ig,1809,23
So_TZXQDgqpwzD0mxuFYNA,1618,20
VL1WciwE6BO1VJ0GhF7-rA,1502,77
mbDhcZ5454UE_6fHKTYorg,1076,167
iHzNRWpnbFYv-6Q-s3Hi7A,2083,44
C85DNoFXaoxTvT8dkcFGxA,2334,52
TeVZzij5ojaccfqNYpXpMw,2705,3
CxxPUsjExKIQWu7I_XTJug,4172,250
YK16BSRT3UYhP6ZJ9fD5QQ,1613,1
wwfoZk9dDOSpcMAmPBSvYg,2724,124
I00GUGyG0HBlqEzFFr8mCQ,3500,42
Yti-uiY4BP9gR-G_DsqNBA,2241,33
eF5gc3yHpGU_XHPJvuCbwQ,3854,106
-pmydhVzEe0CaWeHoUItdg,2790,37
Y05-fFmlUPn4CNL340kweA,3330,153
0ovbo7EniZ1zlwmNNDq1FQ,1566,3
sAguDf_GGRqoILqnAAaiKg,1925,24
GAkKqi8fGqFVADG_yNnnbw,2187,4
t7DmATsb3SLEA50lHlvpng,3223,9
5aKil2ctDLEbPmtQKOwMZA,1723,19
9dP6JFW07yaGItUJyfEX0g,1238,16
BObmafl8WQFrQELrLs3c1A,3357,250
_7FSSFpQgpjmRIG-6lL6_w,2556,65
jYi8JPqnrJjssS0ra_NOTg,3136,24
BsCPTtZGFC_zbawqxqP37Q,3172,173
gWBneuTHtjrsktqym90ZWQ,3481,25
qG0E4fSi307jMCrMeEdrnA,4556,59
gNOsCHBvtKketJ7QjZEejA,2367,3
_0NZgI0y2POkTNTkmvPeSw,1039,3
yPKHoXye8iJcdpmMLTr_cg,2363,1
y82Gi7v0e_R9P7u6Vd-W3g,2692,9
Q69CtkjrlLdnfFa9y89HMw,1899,19
uAb_Pcsqmjk5vLTiGbKfeQ,2175,696
bn2mt9Oeui41Poxpsw3qVw,3335,18
iKm7wvD2mep2FqgZ0X-vZg,2843,59
5V7hG91hWvrQzid6fXJW0w,1809,88
USZx-55MA2-lG2hBu6PWJA,3436,934
1RY4HwJ5c42ieHkGTcpHTA,2600,163
VGDMeS7LBUfQN7SJpUSX_w,2196,14
sPON0xQsuRji2Ex6Blek6w,1386,26
eqwYJSlHsGYaotedCtdX0A,3295,1738
Y65r4NYMdzYvhMoBIfqNTg,3776,261
Qt2qt95HgYK-qYLlThATBw,967,164
EghTQyWVPQQNmgsBF7gN7w,1945,119
N1FjHGiv61J6HR8X16Sh-Q,2648,15
KCaOZUnCx25FJhFr_lKsEg,3128,411
eiJEDnbM6vziSyT-FXSEGg,1744,29
tYK5TqzU9eyTaumdzciUjQ,3758,83
FRhQG8ccd4oIie22SGd2OA,3865,240
iZUZAoJcnFJfXRnUmiBiww,3085,12
vpqILv-TBB2D5hfcxv11Gg,3510,20
6P7o2yz4-B8LZDgoqU_Cgg,1934,45
7qOk1bh79tEvdJ0qMu2KJQ,4382,152
MAfsO7YflxLCBTc8l_NGNA,2840,100
Y_pYp9SXNu9e1X2utkUs3A,1650,6
WZE8XPk4E5MiuK1kkZ7X1w,2842,9
aaqiJno2ljEpqhL7AIySOQ,1765,18
OxEltbtY_LA2tPrGOTx5Kg,4178,720
7aaO_xnGaI-FCVkNHw80Tw,2689,11
bMWXuPP9b4xuNK509Y-uHg,2429,15
x1uoFAXRPMJryzW7HiGU6g,4356,84
3b9H0eW0bQ2U6pUxh3koUw,2869,53
FPf0Htwhj_0GVMEiutfpGw,3040,46
yjqVywo-x1_UVkVA-BzVHg,1530,126
ICkUueSi5zwal5uAtaXB6w,1604,81
Y6naKrwKvKA_ezkJ4rYRLA,1927,5
hkIErPmxQDr1bZ52dhkG4A,2090,1
k0RtqkH4xlNULR7Y0FEWiw,2799,5
GB-eIK-feu9R79V7PYIoUQ,4734,21
7ggmbs6tfeoGuKU0FYJBqQ,2764,117
CMcaC6NBbk7gzWMZk04EJg,3085,69
gMfmV3ljECERY0GMKd-twg,1702,17
S8CJ3at85dmyIMvoJaBXrQ,2399,17
NzIsjq_PFyMpTu-GPkvbgw,3806,9
mFef5pUpsWg9NM0gFI4L6Q,1007,22
WKpzoB_oom4OSEe703-uxw,3178,307
DP7ZkqpPSoAszsFcLg59LQ,2065,5
uS6rTQk1fyQO4EmxKK806g,3458,188
ZJXwvTzSsxEGiuHjo-uXPQ,1776,8
McKfG8WxegebRkxJYGJzjA,877,2
Z_B30SH6NhJIaTMoeb0SjQ,3048,10
76xCM0ZGFUE0dmQxm_O-mg,4274,138
_-t-jnrUYzBltJ6Kz94ZuA,2032,11
tN8w3N7FrTi6FlZvib-3RA,2719,30
QhpXRKDdtWWIUyBHjAxvCw,2473,77
JyYkU1Y1gTGN0l8J9v5SOw,2046,3
CXkwc-xFo2H5I-Ht_CQl_A,3049,3
CY26qPAYvhc_9qdhZzJNbQ,3245,23
BuEUSkPVDUR4bw4r8k0TFQ,1374,3
RFeir8oS6LD7M5MZcX8T4Q,3413,63
RPfyafvPDWTaYhCEx83qrA,1136,1
xXwkBx46TvgQh5FoxSKoAw,2883,75
0QFZBRL4a7XfHY9BdkRHCA,2728,41
x8wrDUxU28rs6pdPv9-XgA,1473,46
YTkn5uzb_qWxgS3PmAAGeA,2515,16
La2Q7iW8egCJhOSg8MytsA,2216,29
YvHzoHUBsvSbVbzPdKkB1Q,2710,6
2WSoOT1QA-WitvDfjn-rxA,2839,21
C9V8cDom_XAsorGF1mIaIw,2649,5
wv7Nq8zFDP6LzOEAvqoaxg,2656,11
k9zF78laq6cV9AXNfY_suQ,1966,30
6-0Tq4_hYwLXuWgbDOs3Vw,2411,2
LVmwnsErcv6dBa_MTHTzxA,1835,15
dY__OFmh8m8pAt5moaLZ0w,1732,33
DFGQGVNhUkY11SWsn6YgKA,2746,60
HsPnjNxKAeuNBPTIY3CYfA,1825,21
PGKbde-dll0s1mHGzlEBcg,1005,12
09bprOnNQffTbZ4UAdfrBQ,2037,2
fTZmBf_AjVqyX-K7H7sGtA,3462,9
4xtr5UygBpWFp2BxawStmQ,1655,17
-6TGxmTFJBWVx9E7oLcerw,1866,22
POj-rnht2EtX9VOQwNiNnQ,1590,30
8FX-FTvhk18k50tB72NH9g,2091,31
zS7yFa0k3VgLlxJKhdHEsA,1315,3
ZK64NEC2jPbHMvVodUoUmg,3401,5
hx2F4hlIZRh8fvb0uVJxzg,2588,21
1mRG3jQc6zGt78MJHu2Fnw,3226,92
kjWt15nhOqUm_sQowwZI1Q,2292,3
5CcQNlsPWxIhj_XU2QuuJA,3044,27
07yq_mwnh58p13PTjJaifQ,3299,106
NJxMY0a0Tzs_AJkmkMw04g,3445,22
xzFwCeHtPczly7G8BRx9Qg,3202,730
nY51_dVBYIf4JB3CA8My_A,2250,22
Wr9EBVjKUbmh0vIfSGTtkg,2552,48
jXX-G_goCYZZrLSDY8qXdg,2838,471
iQUXV9ekIYKeJvjcSOkP8g,2524,30
LlIZmwJLnw7PMDktDiy6sw,2962,67
AiByKTUdixBd5vWAMyxN5g,3615,233
nHxA0PJQRH1FKY9YVYMIgg,1691,11
ScbJTCj4befcK-tSDcyMZA,1834,12
iBxYePP3BjdbqPCWcl1yPQ,1290,4
w9mgNRIeMSwE6ZQs7qrEOQ,850,27
wbQE4QAclQJ8fWydWC4Qgw,3925,106
WtxDbbRxhT6RItY7WI2M7Q,2352,15
mRArfi2eu17IkBy9eGvB9A,3679,454
z6ocMayNJR6dPQKRF6BiwA,3292,38
QgF1NvPX0AgZLQGHEEiFiA,2429,46
QY8r47RfqCnPfJSvFI5jHA,3199,30
mM5iSeNezX2-U3D7306oWw,1596,2
9mWK-BHwq2KhZ3xir-Rq3A,2776,1
7aQhJpN7Z4hXUk4d5am-wA,3250,13
4SeXADCmqLg1W0qTVaEkXQ,3638,40
ifZJeZuTTj4dfEoR29I6bA,3305,403
mE0x835xAv2E0JeQitYxSA,2120,15
EL-zatPbzHVew4YTSwzazw,3353,232
SLBgg9X8cIKjsbUtuIhqXw,913,14
etKKH6F0D9BJan-UPQgQaA,3591,80
kt4Xh9ot13uAg5sG0ueYLg,2519,30
AeDVrCkMr3kgIZddmbHodQ,2000,12
ZuFX9HNfCOECGjlve9mgdw,3746,73
GsdrdJ4A44LXuYVusLd8og,1251,32
xBVP-gZJmD75viYO5DFNEA,2864,9
D16jG2YiRtnHWXcv5UaTPw,1453,12
LyP5hQyrb0RVFmi-wp31gg,3081,10
0s9MsmfUUeooAoBNTTZjnA,2041,10
2n3QyiL1fjio4UTgCfrzUQ,2101,44
AWd-7irXfKJTiy_oFm5Nsw,3807,46
epirgQdxVdYnx8LO3fmbwQ,4222,60
L9wKzXvb5R3yIC-YzFJSoQ,2228,7
hrb-him3dNDMgIf0Adyxrg,2539,6
s4B8mTidOGzULpxvdDyo6Q,2472,15
rFWY1oXnM_fvfkSQL1YNDA,1606,4
ztw12qbmYcd72PvFWLyTxg,2609,7
-Qw8llEyFRzmQ2zMIpHEpQ,1710,6
K-IR-F0usK4gbPpZHbBqqQ,1420,4
KooZTLDyaBrGV2FsDKdOfA,824,1
Rqvq91U5xlIJkars5FELQA,1000,24
dw5sXVQ4i3LZh4JAUxmPgQ,775,14
XAmwLsc4vpCy4BoX3lmH7Q,2288,2
zHMVTGn6TtYsSU4gwWsUsw,2863,12
YefYEQQYyxhB5hWm7KWXBQ,1721,5
4DoEqQ5gCzv7eKkPncrELA,971,2
D7dRP5XyPCLW4AtnXOdxRg,4415,233
dDK1sRXgfGe1SdymFzn4kw,651,7
8C_-7rDf7TuGjyUelvKfpA,1627,2
BUyRCakN5b0P-zWNiXRKuA,1413,8
GGfZcdvHMSTEuvT-JaOjGg,2712,24
nPv1qqJUkIAMyQfIyVbXNw,1133,24
BbfSjxPYXTKdzJs4VNzj7Q,2695,5
RfZZahkQvPfpezpBcDVjzg,1465,2
_Wb75qgrvnbvr8O85gOeBw,1694,3
V5Db0Xnc1ApqvXdXtGppUg,2474,13
5Pg8wrE5uaiTnMTX6RGVEg,1655,11
JdcSwuAdhSRp5-4IpdPp9w,2251,3
69wS1oUAgtK0tWTRY7CMWw,2614,36
MtLUnyr97K-moMUGZlwS9g,2123,13
QnLwAfCzeHbysvGmXqFwDw,1396,1
0WGVTXqTdLsWjdwVJi4eiA,2541,60
rLIqVIclQvqVL_tzeLim_w,1066,2
zvsDJ1Cq6uiVMZ4CMiI-Bw,2014,21
24mEnKeLoGNnoOHe4D7xKQ,1151,8
EL2Jtt-5yPZY5gjMQazFSA,1717,17
mZnktFbz9YI-ax5Sm6QLKA,1204,11
ddXgUIbSLXAJoHbDviWouA,1151,11
PWO5ollbS-IFF9gOOkoZXA,2684,10
vtalLUYSVhGrg9Cb0FwiBg,2033,12
ucOrnvzybOn9CdAPGAwh-g,2787,21
wQ3PHTdyPdtqpX56qkhoHA,2045,6
QQh6PaxyiOh6rRgudPAXhw,1317,8
LzGUyWkACBkOxEvjeFvmbw,3482,5
eVlFgnxi1h8p8BqAJ3Ur4w,1011,8
4dwRj5-UqUWFLIJSBwBLew,2495,1
6-xlxc_UwaBs5B1S3UyMDA,1395,51
6yJcFz9a8Nyp2xrg0DIzkw,838,13
dHsEZtgnfE0JEVm2Do5urg,1751,4
agIasLY01rwRmDFkNPD9_w,2607,29
FVeOdPtqbkV-4op9FVklVg,1185,6
E3aMmvdDBxkjsOP3YOBvxw,2585,5
dfDF9NiTsm46nbRDrnHyRg,1506,14
VzaGmjKorY2rxK86ztzjdQ,2513,26
U3CLjnCj0dU4Ao4tks2vHg,1458,17
nzRoZx0EAPQKWtbyiHvNOA,1382,2
QNBNcfCUqMBr_YVDlaJYMQ,2066,3
rPVvXm9ZHsf4SiZWapiMHw,813,5
kLjmiUTfYfofBGwQ6ZgRzg,1113,11
1uB50s_lxmkzswmJPofOpQ,3467,42
yqC4T1ak2cbOE-YYs8trsw,1981,3
t6w6dVKjvHBYmBs7oaZqHA,2605,20
tA59wG6nEhzZ6ybwczWkGA,2437,17
75qLqkQMjvtXGCDOptn_ew,3079,4
GsfOXsx_V-PI3I3VkFyowA,1767,11
8A90BdwwepFezpxh-eKwSg,2663,4
dVtaxhhluexe0gfNq3jG3Q,2556,21
BOXmNc9VykHjj4bYZ4z2hQ,2528,42
_DuT53_-Cs2t8h9UVe6VtA,2678,28
XZyxOWdgxUdPQkkUwLq6Uw,1491,4
2OmX-jzF93kCeuqNIVdr4w,1445,1
pPGWJZ9cDktq96gzWPZ-hg,1470,23
s-0RMVzEOtlkr1HT4DPs9g,2563,21
ZJ_1TAl92tGEhqpeXVTtzg,2647,6
SCyjaSXdz1jv2x5fWjScrA,1169,5
aCL-O4pDTz8tae2LG8vONA,1360,6
MdIEQtMA3HOHVVHEp1F-hg,2972,37
d1WwATvSzLOGnU3tsD2rnw,3402,18
tnJMbM-2J7zFB4kR-MOEjA,1958,14
6ZVQ3f6Xrb8PphOHjt7YMw,2876,13
JGKH6RV2YYPz4OR1TPP5wQ,1179,32
MDE-7zvug9CaIZtZFurLyQ,1668,11
yY2Vu29MccgwItSlGbVLQQ,1186,6
2mvbJNf4N2ianHsoqv_4wA,1983,6
QxxqP9munGsBHbcvZCgQxg,2721,55
_FafQqqr61rtC5SzsywkPQ,2733,5
Rhag2DNyqkxaPuY6QTPWAg,2292,3
geZZs8S4-cn-4cRKjc_85A,1798,14
1HXBv7dk-otDyLzF2VV9Fg,2149,1
RGBTkVZvp8WhEdv8SkteXg,1481,6
vNOqUbnvf5_ZLZpF14Q7SA,1345,1
_CJHEXe2T_xeLK0MUtsrdg,976,15
nbJvvVHZiZSmn-eup9-R4A,3216,42
wsJRGr1uiTu--BGMCTp0iw,1802,22
TdF3jeHxX-Lj095VwlFtYg,2702,23
32hMcxaohQrPBbNi5HRIeg,1412,910
KmGJwkPsSHd-j7UrJVqExg,1037,13
w1WE83erjPJTysuAbjoRgA,1433,35
TwC9BUdIZ6KoqoQeL0RyKw,3168,181
V7pEHucB2i7P3--7iK3zqQ,1424,24
cME7T4LtnRTxTvCQd9mSpA,3144,20
uhFk0EahDGGv9lEyyzV7Fw,1759,5
emxNVNpNTR6Fxx9kkfQ83w,2599,11
HG7aRW-73ahDxsS1TvLxSg,2974,12
sNcUCfUIN_FE64kWTWLCzg,2713,9
yP1K3CMHa8cxs3cEuh__-Q,2562,39
LotcW65rxC8EIt-RTu97HQ,2315,10
z3XHZTsInBwxyoP9zMs-UQ,2879,19
pDHcKZHvIIg6OAF63u9ZTg,2453,8
V28_73Ap8rxkGDvHjUhmzA,2502,198
MowgkrZB_wvC5GimuXiF6w,3765,499
B3G3qEC6owDXM7Nmoy8k0w,2417,7
ItCQlv_Rixbr8NjQWqWSGQ,2676,17
bLod_HvLMqKp--gJu_GbiA,1318,4
MQOXalbozCE9cT1Kui_ZxQ,3500,343
9jPLe2Rn7D37Z7AvmNgMmQ,2184,168
E9kNEBu9GYHxm6ICouhLCQ,1762,73
MCRBroYJz6VVeF88T-tk4g,1902,44
Q9it0KIO4IfOuL70NLxNIw,1808,20
-XwazVqsS1sX4kAEewWNoQ,1687,55
u9vlaAY1MXX1q0RE1XD6CQ,2072,97
Te5egcY5i0vNNbQug-KyYg,2835,153
T62QEApuG0AvdeZhVLtL2w,1433,270
oNJmVhs4PsgjVW3fSRqEPg,1216,35
aNqsJ068o4XPa8xS1rxMnw,1358,5
KZ6zy86rWmV9Q1Iyu9iYOg,2110,50
Dlkhcw19blfbfc5xA5PPtw,2029,14
EuhaxgpYSzxD6c9aoQnv3A,3196,87
J7xfnuSE4JEigVx8MYxB8A,827,13
935Ug6xeE4YpIRJdUXV3kA,1398,13
tXuWqMsrfP6cGbVyYBniUA,3113,35
4BXPxLv-TzloKyG_Tt51rA,3459,16
LGW5ztX37Fpl2oRo0cawZA,1963,57
mhs2bDjDGDsEU-0TqeOlpQ,2505,25
F4B435BPvJVyzeUw6ZbcTw,2282,24
sd4uXuVrimUclo0uVWiGRQ,3264,329
9gnCZKAVRi_dZmHC7r5N0Q,2287,89
a2gpfQhg5Dfujj00J9EZ_A,2975,78
DCQmzzbyzSnSKHZ0aRGhFw,4154,30
dv-IitrSbNyg9z4n6ls_ag,2864,12
N45HKMmOlCLAGKxlNaij2A,2513,109
wE-rKKRDIjDMDAmbsOIkyQ,2939,15
WzWWcpAtrIx_6H6egC_EoQ,2087,41
mnyyOVlg4zmZae3OIoZiTg,2802,20
CNAEooBIpYLNnnugWceDcg,3499,68
528yrIojnSGOixm_9OMebw,3118,67
ioPTskxdIeKphoeUKqcrwg,1991,9
GPDskOvUTkPu6FynM1KP3g,2593,291
xHPnWoJLiyS7LLfka95qtw,2753,25
EU4PSk1oyXOgvZJNssK0zA,3262,65
7IzT4aC7pb8ULt2sZlMMmQ,1569,11
Wm1QsWm-vtNQBwRV0QG6Rw,830,20
9Od_o4RtnvbdC5fWQzKBlw,2455,43
DTWtZJAIPMrZJwUJV0DJmQ,4687,275
Mt4nCs84dbG31H_0VQRnXg,3471,142
OtDyoP9vZt3ucXou4K88Kg,2242,30
SbsUVsP2gkQhJf4L2q4kjg,2327,32
YAI4dXy_yAiwpK_MaJy2qw,2051,22
ubyzbQv6Eijd2W_TK1PoAA,1318,5
0N4DY-Hq3JCj7HJHIBscaw,2640,21
mgVXcePWy6zBIXqqDrhzxw,2580,653
0rQlZ1uxfCo8w1ShiUk9JA,808,3
yhE8kOa47_EdCTcegyyLSw,1943,33
lquc6IF6uGIeRomDLu9UnA,4107,905
3dUAyLtBEYpcTeS_6O4yEQ,2048,4
aZJu3b_ofge_x1TLRN93BQ,2853,8
04K_qTQO7KTPJHOt6P8Kpw,1581,6
YQaSLkml7p_E3V9Du9tRsw,3220,20
z6C4omh8GlgJCvQB08PNrA,3091,100
-rBPL3ntdbLnTw3uwZLfQw,2853,341
-N8nTmkHCtHgxeXTRbKEyg,1054,15
L8FuNbxOIAjUwv_RkRbR9A,2052,219
iqiRLR7rNHeIM4gGnXId9A,1310,11
edUKEltIBL1S9kGRO-vtfw,2026,131
uiXlYrojQCyoFuBhPKle7g,1423,7
_m1ot2zZetDgjerAD2Sidg,1748,169
Zr8oNgTmBcPRXbaKMOPkZw,3689,476
dw9YZWU_ujGcqJRyqJSSUw,2517,25
S6F_foMgSnYZTDuNbYiXDw,4143,48
4XDIPJNRqtTKx5-bQAaPvQ,2047,7
DfWiNh3GEa8Q0uiwg4SOgw,1752,2
GksgDgj09Zl8foywi_Egmw,2666,578
vD65y5E3Az3bFc6UW4G1eA,3602,518
M4CqI_X69DjghAKMEEwwpw,1246,62
OhS5ZfSqA3Miuh2cw0W3Qg,2572,93
6r4J79yfO4eyItfbSsGP1w,1738,58
xoexzMEWDZA_BIRNpO5H4g,1684,6
LB7N_RoeZzNHNRP2M9vACw,2465,27
nS1B3itpKl6Vt5uafFilyg,1414,3
gBzRBYO2hCcr6Nha8tqO4w,2902,15
DS0rSqKSAcvMS-DqKQRuHA,1189,9
dE4Id7ln5o-XfCtqt5mehQ,987,2
C8gTD9VkD9TxHF0dVcFeUw,3154,13
XR7Vl53yNd6PlYpNnFgu-Q,3265,11
7Mz2Cn89fN_JzJG5unOVZg,2629,52
k3OIbcI2HkpzcnaRr0rzMQ,2412,24
m44_Ma1rug-hcafje2PPdg,1359,10
xGB0OdOFpwhvhB3ttjz31Q,3078,8
25PeNo1zuVkjduF2xDg40w,4189,309
106ep6EYGFEWuZjJotibUQ,3434,132
Cca0VDEfdHxoh1oe1f7PQA,3078,8
mJR4vuI8dSe-LqKBacZD4w,2810,219
vir6pEIC0ppUhkQKLQ5CUQ,2808,6
cKRGE7xy7UglAY5X9R96zg,3410,269
G0VSSjzJWZHNwzgm_Mt68Q,1616,14
yfZdk8o4Tf_pp6KtrHquWg,2819,34
KHDuc3dFLvpNgpu4z0sf-w,2675,88
F08rT_pPyzoz5AUx9Xz5zQ,2658,11
2z5EB3k3FaaYeh1dvW9DYg,2312,11
482hZ_HX7dW7HihMR7OEDQ,1122,5
Aef54X1VXsU7BWu8I7LelA,4551,142
cVlNKsm31J9Om2cvUtEuKw,2793,26
rhVALOZrwbppSQkzmhDiuQ,2807,8
IlE3GRPIqqP7l7wtdX-KZA,2768,9
64bULg0Jul1vbQ3ZD8n4rQ,1129,15
zNLeOUJmcyMdveexBFuBqw,1850,7
sa7I1ZROWTfunqi4bLAUgw,3376,110
bUEFCiqWtO8j2vPZynX-oA,879,51
Soatdst3MKcScK5DJGcy8w,1618,4
SlyxyRWGf97xBhUIv_SMLA,1884,17
cXvlhOAbPDOKnxbCcysvLg,1540,30
Or_oqb-zK3WuXEi2TuEE0Q,2713,10
rdjHsxoU-WImrSAzetq_ww,2608,357
iGJFeP9cTT8rO3q_korOww,1783,72
MGafNnBavCrPQ99b347pcw,3439,212
sWMdAF2efKETgXlanYLlKA,3513,23
5dYduxPNouuR5SI3V1OtCw,3583,307
exkPqR70SB36VrkwJJXxYQ,3829,14
ynRkJSonX8Unc5-uk3cw1w,3791,972
7Sq9MNNDseNy9AobzAms3A,3108,319
jJMTawMRTsupZIrnnGsqgw,1669,15
avgo7SjTM242T9BNvXKptA,2130,5
i5wGQKgIbXhnYRkcGdYFyQ,1296,20
pJdYpyCK2xdtVOKQh1TjMg,3543,81
VrjF7MxDZ4MEPLUTkxPTWw,2914,28
jneG9lBVgqeZOwC0OzVgfA,2037,7
Zm3dHpHqZ-R4wCnopb_lQA,1228,21
Ty9gWdFWh8Ka8ChN2FLovA,3661,554
Ka5tiGn62ThBD4k7uUB9Bg,1195,1
yM7O2GNHs6L1qQ6lqVTb6A,2347,5
ta7bBFJ8kZzicltON8d29g,2838,128
YRA_9vAoz_i68xCNgTs6zQ,2514,9
OfFlECSBN8dGlZP7-pGcbg,1283,8
Yqj3V5EoZfMlKHQIOgCHyw,4235,42
SeeERyhn8sswVAALNtQHlQ,3133,13
aiqVRZNRDj9vdMz3W6O65g,2772,5
J6KrOSsQ9i-KF061efrGUA,2124,10
Y8OqJzDj5eB2bcSrT5UqRg,4496,17
S5l4SA6EG7PCNe1VMq4y_Q,697,11
Ueft2siI8wh1uQuWAnn6Xg,2696,15
tIszoVsyZchVOZBjP-kNcg,1596,5
k7Ay-dLEdawBRITSZxJt2A,2951,82
LbPJrL_Q3BlmIoHpvntZTA,1483,28
QW43nVf5aWGb0klRO21VMg,2555,9
HhfNSpdHGSGiuyi1anEOCQ,2733,696
kTJZUeBLir8jjC9F89rC8Q,3071,10
PvV18yldpc2t35Ur2-FRqA,3506,322
RHAJl3CPK9n0Cci1hvlt5Q,2889,33
sHXNMSZUCptI-X1r2rj8vA,2212,57
5409EvAB1RAKAqKM_au_yA,1764,20
N6oqLaL25zMVwMII68s1Ew,1641,4
M__QjFneMx4N7_vyvBT9aw,1649,25
tuWfuUu3P0Wu_k4E4BjXgw,1487,57
G7YLYOj43b0F8C5y8vPjIg,1385,7
T-GCbNX4C2CHop9Gr756Cw,3576,202
W9ClkD3m9ftNDfkMzyzahw,844,3
f9K9PTam8t_nXxisctRhYA,2824,2
f412VwVh1IrRsuWh-8dftQ,1123,11
Sn3DnrRH37G5wtEDuySW7Q,2194,7
oJwyVO7h3wzaYJH0GYqf-g,2652,228
VzlX5LJ7__pl6AaBWBiw9w,3624,603
vnpfnIsSFzInHaXgP4doLQ,2837,697
OrTuYS6LBKX9_Ge1vJuw7w,2887,13
XdXqwbG_S03aEXj38sFffg,2556,41
y92C1Ii-FnQnKVMphCfXwA,2076,1
5E6lFNLYzIIdf9aTXEyPVg,808,9
HrBqPXfB9vZfvDtiIXb2sg,2162,2
N9pooCFdclYNGnLuQjF7qA,1198,1
80K2WomtvdMlICk3lt0Yeg,2686,119
4lFYrZ6tuDa0B6eTeGPmHg,2200,62
GwKyDhybZm6huIQFC2IbjA,2104,123
mtbgOS4lra7vtP2RmqBKkA,3005,519
4Sk2P9YevDEnS-KRBjPgpw,1361,65
4TFbwNDnV0YpfPgQK-k1ng,1290,6
3dH1t53lWCnyK8fvbdg_Qw,4315,25
HuRerxU9oUuKPwrd8G85Xg,3027,50
8cSHpd5XLjNV7PzmeqQk2g,2710,1
hiifCNyPBdo_KSNK43El4A,1467,11
P_JhHhH-hnuVzTqHEx-aZg,2421,2
9IiCnUpqnwIaJbMqN2MSVA,2171,14
HvY60KQNuUTCmFd3mvX9yg,4043,10
YoejZWcd86pa_Nj-Bo8TMA,3858,312
Foe27CvcuGIFNKJcl_cqsQ,2839,9
XfEWXEhWrGQrKiMJzY6Yaw,1453,2
Sq38DkC17-EscRd9KkCfIw,3015,106
r4nbu5gz1I-cHvO_w5Sbnw,1621,5
XaA9E2eXYvwZ9KH4SlpzPw,2714,19
po8SLRdPhDlf02oXL3YYJg,1445,5
3Z70d8MHB6WhlMpIz9YdZA,2868,21
qHC-cVBJu7RqSlpRMuviwQ,1688,5
o84KZeqgy0YGLmz5I9P-pg,4258,510
IE8uX6Ax5uA48rwLqrwkaw,3078,67
x4g0aLq1BuoKk4Wtwwr-dg,2669,68
LbkaRE9FrmMr9C-aA152tA,3773,68
RHSHgYCbOBxVIP2oQNfQ-A,2817,78
CEMcLZzL_BGw-alTA74h3A,1086,22
zabcg1QZ5bNdH-nIqt-ZpQ,2082,16
_v0kVLrbSJ8-jBCTnrytmg,1292,4
xd1W5QrUY6Gv067VYsZCtg,2448,242
tKvPamilfUtuC-qGIDeYIA,2219,2
45s4WZhQ0lfCYabKAFZLUA,3301,73
f8yH4Uz1lpPahsujK08cxw,903,1
_RVwx6XH9Vu0IAHsk1TIJQ,2023,17
HxE21jbxCBmAiVa1iRq45w,2691,6
6-cOJa_HqkfZANAKO4-wqA,2576,4
L80oIHkTl1ofuhJP8AgWSg,2351,5
Ky4f6KAKjIYmR9qjPUY3QA,1209,15
3oWgYBERtjxz2ZYeqNK6Mw,3194,10
k2Hdu0FK5CClB7BxqKrhLw,2057,29
bRuFUVNmGs0rgxdkOp7Nfw,3585,21
mUashJhsNa0R2JYv48y8Tw,2474,11
VK4v5PnV8teZiDkAszQoTQ,2426,6
W4lhoQLDqj3l2yRLBJrMfw,2081,18
eOuYwkFzfPHZe9iLRveJ4Q,1556,6
Jfuf1cBAgtG4VyfcxsW-ng,1463,15
BCRo_yQ7Ito_I2AWWG6x7w,3247,6
jL7G2pI1rEX8vWswnw_3mw,2903,7
EpAofDRAclfgIsFyego0NQ,3410,411
dw2xKsEEDNkfOw-i_h7Z7g,1562,7
lDl5JBIxIZZWahib8zCIBg,4138,415
AtOKIeQCX1RBooueaTZzOw,2576,5
hOtp3PULYcjRffB06bFR5w,3509,8
uALRukqkEn1CHcv9wAuM6w,1759,2
1OO3jSH--BFMdhnSWSTyAw,944,7
yGAIIRUWajr7e-T4pQTy3g,698,6
Qkrl8YxNB0plWZMsfWZlBA,2549,8
luaNNIU3fG3Rnct68ET_nA,3357,77
DUYis8mdDy_JmpHGlMDj-g,1427,45
7-ozIAWUf59tsY8U6ODJCw,1659,26
m0kOctZtZb6DTzoCBMMQDw,2636,7
HURHW-bsdjbFxi46tDvKDQ,3972,221
BBLtg1LzKaLcNuTB8uYpYw,3827,43
h0Bjr6OULQcobNzbkmEI4g,2667,71
qVqUJmawaq2COnTH_9t5xQ,4010,75
a1gQk_GIlZyR4P4ThuRvfA,2702,69
EyBilyiBI3nR0MraUpFdoQ,2465,14
i3Y41DKJUjI9JT-U6PfqQA,2744,17
dSkrjiazsuuwbnlmfN2i7w,1608,15
ycd1cetEw0T5GoJI4PvQzw,1458,30
pfvJh2Zz2_pKDTy9T9sZHA,2209,7
3NnPbhmv_vEfPTBp2pnn9Q,2242,566
ncWBFRIAnkoHHL3ANXx_Yg,2591,46
Fn4k4i0PRExLUEH3RYEV6Q,2390,93
loUVNRuJrI-JdmT159aWog,3650,42
rbukeCvOYjlZL7sf_TbeMQ,3351,64
AhtQRO6_1EQr8ICvJ2l6zA,2217,7
B1S5eaDKQnArnP2a3zqx9w,1271,2
71HbxCvXER9rK13bdRyipQ,3164,73
LPKODWzlAklD25C8zxmopA,2980,7
oGjoq-y0BpTf_Ug6K6vmgQ,3586,26
kO6-EemFy2fm7-D3F6XCow,3245,49
e53RP4gmdVprMPiH8reKBw,4299,470
LZmonJFHzcQfITG3BdvWFg,2186,25
qxbn3mNJb5a1rIF4oLFlMQ,3262,75
hVMYJFiOqSq5mhzcioRXSQ,1241,4
ctsdpGUFIygGPncOhPtlCg,1604,11
OWgGxZ7TwJG2q-rSIGZuNA,3171,18
t4Miqs1cy898-UpKsjdX-Q,3585,21
-JeF2zjwrP17V5XO9fc-Cw,1816,24
VCKGtCwhBGh4wM2HTg7LJg,2873,82
_B4g0ITamFiUbgDbci_NRw,2382,44
avpQYs39Ubhp359EdSdRMw,1245,238
AFseO1aPqE2eQC3lOSEFkQ,849,12
mXnjxlRlSVO0lSK_DUSUWg,993,5
aeAeE4FQiqU1QxQxK0uqpg,2478,36
hJd-nXkMIQBLuR5X3x7_jg,3471,8
PvLX1TAV46FHnpj_-4C9nA,896,2
8Gn52HDDe_aYUN2lYHLQWQ,2417,102
HcFvr6q4p3pBKAfrcfv75w,3322,37
mdTQbGlX4mgr9O0sx-gLQQ,1371,31
BYekhxoLJE1kas-0Gd8A-Q,2679,39
LperxT9XyZjVni6TpMiorg,2434,9
beUja5c1T16XEI7dG21P1g,2292,16
8QzSs8W34_PMvIuvvXxKKg,2388,210
VqDdidLRVJMRgWKO2H1nYw,1016,16
sBDFppfIHy3D6e8up1MrWA,2051,3
u7PkuqdxBqaaSHHV482vWg,2920,116
FA0qTPinqNgLTbeYwiikUg,4171,502
86F9E7-XSqTEHOM6Nj_rXw,3420,10
WFn_D4kZq02Jl3s-75mDkg,2396,9
GAwBu4nrGryewnH7xTR-Og,1868,3
iemDp5Z8y1VSmejpbDBV1Q,2621,19
GDN08OPKo3rqysSldO5Mng,2919,53
sAQvIq6U3quQam53w_yHog,3886,163
GNOX8PWWmaeKO1_3UlTygg,3420,837
9eE2FVKaSTvFAu9skLhxoA,3515,5
9JqVT8B4s7-DiqOtCNo8-A,1969,8
3WggQ_D8q4CoZ2-xCihTFQ,1723,3
DDW-BZaw0EfoSdYO6_onFQ,3219,7
r6C8vUjWkmi6KR25VjGq0Q,3776,26
owsWdpD_EUta70c6rx9mXQ,1337,13
9LObFZf32xDYSQZfTLb0zQ,1890,19
gJ3XjGAwLcTzp6BbzOq-9w,1760,4
2LZjYm3Vnx8hP3csLNprHA,2115,48
JpIc3DLyY-llVsc9rC5n5g,2743,6
dDDm5YskpXfCCVfmapmE7Q,2629,17
45xsFMEVQQZhEV9xM_AaGA,3261,33
mJ18uUnkCBg0ZNLJy1ir4A,2850,15
0pE8T-HrXS-EIirJ5P5b5w,2859,52
KgleK7YUXOWzpFzoWxzxpw,2230,51
RPzwYjja-cG7ZdRuF81MuA,2019,2
1n87HXi8J3FyC-kd4cYb2g,1403,27
MGqAAAAv1bCLybzsAZo6cA,3917,372
Lw_TZNRfepExnr_iT9rOaQ,3217,45
aq6bRhFW1VZPrsfFsxCOrg,1578,4
BGKBgJCk-qyFpTYq-orgiw,3173,160
QkBb5zMEZoUPKuF_zHO3CA,1605,6
3zEeTGlqvtrUb4SJysCwVA,1493,27
TfPoBNbVwDzagjiR3cPX0g,2153,89
EFmMDqCULTWKD89-M6ITOQ,2633,6
HPZVGdF9BByDE1ImHv132A,1326,31
pQ8PTWf4jxLKRMGWw_1Avg,2385,45
5Jqh4pUCoOHwQehTLivhWw,1025,23
bLqOj1dbqUdnG3FUcNRhQQ,4297,35
KeW0-MdORUy6neTGtGnyWg,2898,6
2_buVbCoqNDDIgHP1U_rrA,2509,28
DC7ysEoUkFyvHc_0yXsvSg,1218,5
eAq9rRolI-gRO9zxs-mu5w,2495,4
huPBB0ySc26ERCncgqvYOQ,2156,11
RnEl4ddDnEI-aUROhDL8Bg,3237,32
ol8V9Gqtfhtpn6nB3icFSA,1176,11
0F7EXMFj85A6Sz24sKNIdQ,3074,325
fu2ekcIoXhVgFOiYsksoXA,2025,6
1k8QIUJ5O9ZzrwBvBUZmYA,3132,6
t0XVDu0EEW5IQTMKy0zb5g,2264,5
Nhc_vXR78auTu05maSj14Q,1205,7
3gxFZPYxBxffU56JYdTm7A,4387,95
51MDTlR5N8C55_cGyiZucg,2057,18
jTsFf-RWykTPV_Ji6lLkqw,1617,27
l2o8I4TMjw0IrmO9BKUeRA,3016,13
dvLt8fGy0eKFLQJ88-HeyQ,3601,29
lWIfyV6KeRG29KMkLAh2LA,2048,13
49myzI-dWX6121DRkd9_cw,1647,5
7njR5sJjvsO3_LZ0Dt7Jcw,2427,9
J41G6DjksjZz-KOO-q6Qkw,1399,8
yxV477W-eQhTlnKghcWDgQ,1520,2
sbqRvvhpLjBaIAoOp0KfDA,2979,3
8_k9pXKW9HhK2Nv30Wt44Q,1799,13
BEEtVDpZrj3YCtxY04wqHQ,2265,18
1CHQxfjin-NBkizo-wqLSQ,1885,16
cM2N1sOpzPJfFiCijO5r5Q,2915,16
JRbk2mLamIlCOhMEeb16rQ,1868,24
9YTlWBHfoA2i0KOCZYYfdw,2453,29
LREQb6yLRLeJmb6RFZTPXA,2160,32
p6e-vLb248CpGHp4-Nsa6w,2586,18
xsrXP3czhVhoLgGE53DvPw,3536,37
OUVn-GH6kRAUqsgYQKb4Pw,1841,3
S8HWapDPS3xcivoJCBF1mg,2457,9
Y1owV2RjPVPxVkc9fWHZmQ,3048,10
Y49egXT8giNxtfIlZdkQxg,2194,9
bS0169nmU_U7xxUNS10c8g,1197,9
Dfqc8HPcVkCi71-R3KiqTQ,2838,14
8Wz98eydjqFscp6FpzW7ig,2629,12
xstig-RbgrY7n9QEy1dPPQ,2573,6
y4Kf2vP33CkY9yAojm9gvA,2242,2
NC2YswMfzmxiFGZbRN4plw,2823,14
iAVrtNCiI9zK0xdQo1hnZA,651,16
2YnkEbMQtm3cOxIvzq4uUA,1880,96
p-QVTJVasG0kwdYJxfyfrg,2134,28
jd7nm-8xUWGamCu9hVo9Qg,3176,6
pd0i_7QLXlkhKN2XtncNvg,2900,5
FFM5evizuAQWge3LjKCyZQ,1120,12
-eK_erIh7Cmb-niTpnJuiA,2512,353
b6SZFimETpUrdIx_4FOLSg,2669,6
Xwo8xpcMpgPTg7zf-qipxg,1169,3
16BC4A3eSF5zmX7c33VBOQ,1288,4
ocDltoJs7DLyqjWL0vsFgA,1080,1
qu9fsRKVyMnwNq28TdOx_A,3245,16
TTT-DWxn9L-sUWOFfDOwhA,2865,50
BaKxayozh4JcAzgaqAndhQ,2911,41
iLDAIBOVTCyX64Kyid5UXg,2129,137
hYpMoyAkPOmEGk4jo7udwQ,1671,20
OBnay73awz6SOX-sUuAeLA,1591,9
_ZMaPWnNVuwDBfufMllS8g,2580,65
wvBp1Ar-izuKnI9uBHWufQ,1697,10
mjI7P3bgKFuNUCA8MxEdPQ,771,60
bnFuZBumXAUQSq9lqhQZbw,3088,106
MEMPSklLnhY9F43Hl3BOrg,1489,6
ncVFZ2MipEy_msQUxJ29GQ,2336,21
7inwwg0yCpdcZ-7uBL5gVQ,2463,8
inBbdNFcdQqAKgMU902CsA,3526,28
9BqF79gPP2KLTZCmXPenDA,2076,14
UNGNx3-0uhHdCghbT624hQ,1570,18
PSBr4nhGASsjYYk-35dwfw,2061,25
io_dYrcH8aA5kP0xheD24w,2862,3
pxeFMx_dFmkqtmOCOD5FJA,3366,13
ibuFkg04Hc8MkRy6JRTY6A,2742,67
Rt8T2Gz347UzH3Rfd7AJMA,1717,8
fd_hzGtatWOpHfqwF-xYWw,1705,54
mGGB_SCShKgmkx959MFXUw,1180,132
AxBSmOlOAe1y3EOx7SStjQ,1692,19
9ehLe95BIhPXJL3_nLDhNw,2212,9
2mbOG_2KzZxssCnIqSe-jQ,2950,10
OIhXcpnD1_sVs18rQzYqzg,1683,12
xTw6VK5wLa1BSpK0FSWEnw,1242,24
_8-pj1KZlkhGB5yXaGllbQ,2257,9
W8nJWEuwrti4opt4jFOs5w,2930,33
O3XjODRlHC6tyIMddOgEdg,2607,173
U4CVKGernBaamDubpu3RBA,3025,87
ae8DPsTBdDtcplqVpgca_A,1992,11
GSMBpnEny1cR12yPIwO0Dg,2806,907
o8RNxpEQQ92NDiWOIYVwvA,2239,48
Rb1h6-aBQbsuO3NCWC-fKA,2082,25
U5l3tzsAjFqFnHjrAuWPwg,1904,20
csZPY8H74dhO8x9ii0HCwg,3100,41
PcOEb-8VBw47DuOkW2GaHA,4521,120
moMgADvpLpjcLkkM1jJDBw,1960,420
qK_YDdaRsob4Xl7HRnaV0w,3265,53
o8E7n-UOFrRwV2o0VcedVw,3375,28
Pjcr5TreDlPLra7l-Jd09g,1015,2
cAev7IWi37Qv8uOSHkLAeQ,935,2
SlArl9rTDeqDP5gvBKM7nA,819,26
a1CHC0AGiprqLpMg5nLUZw,3647,28
5ImJ4oNILl5uwUMG81NS_w,2765,79
DCXCfBBfghKYBvwyDYT1ag,3556,41
MBr6M1xgQPLfi3XfgWATrg,1604,5
p3heVCnq3M0H2LMxIuuc5g,3634,1116
jvDOQZZJv5cFrwi-T4hqAw,2885,50
bxo-gEoFd_brPomOJzfy8g,584,6
txgf-Fq6dC_45PhwdxyQvQ,2934,4
VSCpdfEtjdWjTbBVKMb5eA,2836,24
8Oe30JkZqwuhBULHa96xlg,1889,6
umh7N2IuN0mCv5pte6FIzA,2520,102
_XOdw8WZhyQSQ38hdChfGA,3173,9
PdgpUK6fHArEXsPcKFHXOg,2277,359
f596IqzQH-KFnlnYb9sbvg,2223,18
UbwMDKVvwpsN2FhaIioRqg,1239,15
eMJb2dQ3t_bk2YtJWCja2g,1323,31
rtRVb54VIXOUI_5mT1rhgQ,2844,170
IZHPwalZ6PPqsgJZRa732Q,2729,44
M0nFaerusaJkPa5Xov79XQ,1907,75
acNDOIzwK48PU0MNPLQ48Q,1458,9
eQOA6fxkFJqZVJsyY-WjQg,1734,8
nX3sPNp1turQFTIF-5JMlA,1085,10
nadE-ZzzcPPtHt0rHc6Vfw,4140,53
i_jyzR3NhOldcHa2K1UqtQ,3553,509
OaXJlsA-qymC9fAkhwrcEw,2312,18
2zC7h8dsiQ44PHwHK3Kjww,3459,60
1qqlhpp4vll82ybAzq9Yvg,1305,15
p6nkl5pZI0gyEcdk_k6TCQ,3107,59
_K17Tc8I-W5D6XVmVj8ZPA,1972,94
7MV-xFSL1P83_UTdQJB4qQ,2293,38
IUodcXlyXaYxGuC8kojtlA,1312,51
wHdaMb7nckCm4oYX-siogg,4254,36
8yMaUEs6uVsVtCLHhO25MA,3049,18
JwG7NAOig-7niHR6CFzfUw,1245,36
pUcFzoI5f69vGmu2jp7OPg,1248,7
wI9a6XWw_isXuGoDfslSAQ,1548,8
7eLmxghVfVBeSoQMaFbKzw,1701,13
_9lfj0d28LZq7Fuma2BHZA,3673,133
CgpsYx1dwOp-YuZ9yavKYg,3559,220
ZXDCjNCVrI-Im_jCNcyA2Q,2354,9
DZZpVprCPYG4qdEbnRUUEw,1568,21
FRWDWmb5RzwSQQ7WkE8EHA,3616,32
q0f7zDUx_pPnDQm7BgxEuA,2835,19
lxQv93VhDjS52rJ1DQDBDQ,3536,41
0mubaVaq6Hnru-_LqEif3g,2297,10
kZVqI_XljaWHUVCHqaGvEg,2024,17
EsY_6NW63-m2ekBrisfOxw,2873,13
avvaFHQKbdAIsklYfC0vWw,2881,23
yI29p67a3DatMcVbO8Oh5Q,1180,2
-srZqmR83vjSfR6PSUyVUA,1660,63
oRgpF2Y_RF6x7W0Rd2IApg,2760,24
Ws7MzFdLvgitmzDWGEcPUQ,3035,30
Ns4gvsm-ezUpitStPrj-Mw,2384,27
V6m5BA57QzN9OLh_Y4P8gA,1261,10
iXPZPfxlEPwEqLwUlKENiA,1149,7
ctTQPJdmX7VgUU5gJMYU9A,2810,16
LkCG5fhlM9ESFeo4k3IQbw,1622,51
Ku7vVcNIE_6M2q8uUGld4A,3073,41
OMi0a6FNKF7tSy05JY84tA,2197,15
5fXj0q8Q6iXWX1v4G7chaw,2103,51
m6XgGgUk_lTzrqMSkzlfWw,3406,5
5C9vNqySOEpK_iKxjbGOZQ,1740,32
MceRFtCR9z-xc0Uj_1akRw,2027,4
109TBEivcWj_U23f1mwnCg,2044,352
xEWHAUY0yYqnEneU1x-38Q,2299,37
6VnttIA0M92-d78bd-szwg,2715,68
IZpEYOeZNtO6uyXm219sOA,1607,20
PZZMidvzVEaHivelBB6rog,2002,31
pzGLIYv4DAZeqTEIL4zrhQ,2056,10
N3COlIajBlXtDLC7zLPFyg,3039,36
8ccH8A61wWSSPWMnR-s2ZA,1575,29
awom9mCRcCV28-KkbleFvw,2130,23
jaij3nmMTFFguC67URtcxA,2745,30
6OR7Y3qvTB9grsrGUImfug,3546,127
yvRnGo809dr5zZnN84V_fg,677,1
yE6seb8j-9hONXQoAtm0cg,2174,26
kMDCYqJ5f0Q2hS6WZZn00g,1813,16
v4ClaYV5jteVhtsDlLHsFw,3601,25
bRtm87yHPdx-Ga5oEeG_4A,1452,24
-Cm0UFJ2ks2_XgvVtTqMVA,2885,29
P0ibqNxkPQFKQ8WVV-J14w,1213,27
NQ01dtesv6BRssCPZJcqIg,2704,24
3AxHG8Lm-Wdm4Ub_ZzU52w,2558,22
ZM6XDLkChp6X_jYylpEjZQ,3202,418
q07ZVpluYfunt2TAoipOtw,1526,19
qIVvMepAcrRmd7DRYqs35A,4460,13
20G87CERoO341kDIwJl1Fw,1429,28
Ql2V4Lvxp4cXw6chA0W7cQ,2518,6
LAUH_VVLb3y4djUhAB06Ag,1433,13
AooNcOIIsSkbrPHRAP-4_A,2326,20
LTCfgo9eWUHJGRU0rblLsw,3074,19
isQxsxlCjj6P8GQ_uuFwew,4153,861
RlXfOTtpgTfcisRmukrGbw,4400,1542
f5VMLG9AzuZILmoACgEWXQ,2014,25
P0iN-Rqp1T8qdqSDyO6LTw,1992,8
oepuAqGkGaqzWmDaRhOdyA,4242,15
2Co6qQqXjnIzWl9NoMXynA,2766,13
QOiZu9pn65H7zR49_DdVdQ,2594,154
9HqJSaLLCRogVeKApdd5fg,904,9
WS57q17YLmQO2A5v3hXEsg,1882,20
3el8epysIw98d75FNEFIkQ,1551,13
0OGPyK1wkdAYYNZ0pf37qw,2171,5
_Z4rHY2BUQxnmQZytjHUWg,1311,12
CUPFaPSqeh1HJ0qHE5XT1Q,2583,10
ZkbwQp9lvA4g5YLwh2WXWw,1228,28
fHhHeiF5J_H_JktE_CiNtQ,1684,4
32c8iC6fZp460gRKuVFIuQ,2080,18
9UexZ2bkrRCkhkwz12C_Cg,1919,18
YoJcHaXtqLYgFtkUZy0qIQ,2556,36
pCBDx3P-Y7lOGZVZbi9YqA,2020,13
qDDKmKBb4EF1mLhQVOLB0A,1794,16
1Pr55e4x_gTMRwjhtcB-VQ,1938,63
8LzA8W6Xmjn-dOGn97yAvQ,1984,18
02RZ3ETfZBbVpC77UmnADg,2651,63
tsi5CLGa0IqdQ5bDrlx2kQ,1057,18
lOtSRdvj--N2UI1Z9ptyfg,2173,63
y5Ce5Vnvt66ryP5MJaiXbg,3339,59
N1joAkbccYCjhMmOjY1MHw,1975,13
Yd2h65aTJfoJygutZz3lJQ,2877,43
C7yWuCTgk6euQB9suuts2A,2498,6
sRifCUtuQ9arX2vIzD4Jug,2302,9
dpNN5TTVTD6USGeVn4ak-A,2136,4
Ug2na_tjtlnxr9hzzEtTzw,1560,9
2bL9XQrUiXjMrR5CzaWnow,790,8
YcavLAfSkOvqNMf4VskO5Q,1419,49
59HqL89DnlqOOVVnpCEj3Q,2184,11
pgfibv_zGfJ20M2cxNVFng,1074,6
5OGr9atyR_TLfxlNtFrikg,1410,14
BqElrYfuYR3ATySvrxUT0w,1899,51
PsaefLJ31H_peVrX5wAlpQ,4260,6
UHwlwH0-6QO_XuKz33PEjw,2877,29
SPz_rPxpWQRBCSLmPddD2A,2421,17
F1rCCgUnEm5BdOkdpcxaQg,1795,79
M3u8jA1tO8wkiOedx1YiZA,3046,203
OClEkkDAotYbtiC5ZCGRiQ,2251,6
Qn02PYa5T32KDI5Btj_fqA,2535,36
9sLkUOtwWoop72efW2yO3A,1646,10
vCPTMw65RVhJZOE4OZnyxA,1980,5
EULFXh0Lckqmf6aTqE7ONA,1623,11
gwmsX1H_tfBp-cliwPvnYQ,1379,22
B55jwW1m-Aq2VhYyIhvyuQ,2130,14
Elfn7u5ZFa1Uvw-u9Og6Xg,1961,2
DX4OYDcSlrSVb7fiALrk0A,1983,9
RcKZrcOIAM0ecEGxGzta_Q,2912,31
A6SkCNm4HIBbur2CaM7-AQ,1228,7
xwvhhOcH7D3RZF5cRU4tyA,3451,4
5Tfd0802So-XDFaJOj9V2w,2145,110
J71TJhAqFD5uSuWDidFdyA,2715,30
plMCat3jCxn1JeUrPYozTg,3252,37
uXwgI72yQIUfoyB73kqjWA,618,3
5ymL-BC57LKzyl5RD8Ec0Q,3210,5
BV8_DXZOIUNPEsgHEkaNvg,634,3
EUVRVyw-0F2wEamHIAZY1g,2731,5
IQJWhS2MkKt31CSQqW1r5w,696,5
LfIbB9SDxcMwHJ3gtqRi_w,1990,11
waOw54pZ_vN_7P5W1lBhaA,851,3
ouxP5ecx4uLBDWiOdIJALA,3388,20
91cZIuZQQ20knhXDQPLV4g,2663,9
Sllhbz3ZQknta1XzLsNtJQ,1936,5
G7UL-42So8dS1hPwrHG1Bg,1966,14
GzjgiuNKrdr3BPw-eVUQAw,2427,31
8NvYp9GMeEew93rrlsJzRQ,2149,3
eCbjxUpJvibTyK289Lz1sg,806,3
ESvZSWthMSgJ2n8Iy24GiQ,1976,15
cn5SD92fYiQLG3_A_4DygQ,940,16
jqWHYNghfGm4JL06FuaHng,3275,373
1e4zwz99MomYhwqPNi9Wlw,3048,13
fdGWszFOZCDPCj1UFt5ixQ,2517,2
Sy14CDiDGdGfTB_0uJIcXw,1668,44
Mf8dFqdz3F39w8it_Ob2Pw,2017,60
QWBHzIoIFvab0g8QR3V4Ng,2364,59
9boDqBjhOAVsae6h19nAhA,2943,9
72binVGkuOlQ5VAF7fgeYA,676,10
k57ORzKeOz4DGCnI2uRcJQ,1453,4
OEddIjmyqjuLrqS14DgbUw,1994,19
ImsG09KYJ4cfp2ZF4rmLlw,2383,10
eRcljcl6KHHB0CIeuzPJJA,2735,27
0OkN6WBqvsNo2oZsSbhiLA,2187,15
PpTSDy5cQM25rqcI19yg0w,3164,16
DuP74A6fIhGdTdmpggjWpA,1569,6
Okf0ePXgJ9cXXmg_uWW4vw,888,16
vRir5HEOT0NFgMcxU3joGQ,976,19
XiZF2eB_2ROr4uFYNvRpxQ,1818,22
0-TLchP-ifGNCejAeESoSg,1943,7
rjFPcwfczcOy-V0fsAbKvQ,3348,18
m8ahac9alR2EppUAAU6myQ,1639,54
4J0mB5mwyaVK7VCyaQynKA,2406,21
ISirqOjZ0HRaKJqbIuhGRQ,2756,618
HJF2y7HiHW1dcHqeP86UIA,3007,84
a7mZ4dBtmtle0yIoNXLMpw,2552,28
9_I8uEpkZ2Do76D-1buDPQ,1740,6
8nJS_k9wxCDdHBgN-LZQrA,3338,137
hPYZ1Ny_QgJS_zO7idEWoQ,1558,4
kmDapPCPuquT0fX_-_gkGA,1649,27
WMOeOvj50lpdJjaISDq4oQ,1077,40
tHQgKb9LdlhB_8FzCwUK8Q,2593,2
YfzxeQLLeetQNDLylnnRRQ,1153,20
u1JkcwzecaNrwNqTP5MpMg,2350,13
K3lJzQ4V8cOP_xTxbHJ46A,1801,25
WMXL3NuljK-WojVwU7hK3g,3038,11
7TVAdqazTaKX3zHHm3jctg,2495,5
c30w1gsX_ClP_yHo6IGkVg,1829,7
wigOKx71DEa1wsuIoDnDkw,1554,28
wMnpQxBhAvMbD_A3Wd-2lg,1556,6
BH-doMjs8S2jB_yZG3SY9g,2791,12
s3msSSj1CvuvHeTtATP0_A,3763,91
cSBWalBi-je3WlwmEGI23Q,2297,8
QWmoO-gXMI0cxRdSolYDfA,2577,18
k0AgIVYBFfhieVWMYGBpPg,1084,6
B-eObkICy_LFjMfrUfW6Yw,2901,89
Eh4yINQ4M5UchZZa5eNsDQ,1766,5
UuXwR-YYKq0blLLjPrEq-Q,3157,37
ghK8r7iFqyW6A5DxjLBb2w,4717,69
IfcdEZUvonRq2sgpA2YyOg,1387,5
85jarhUqbnj5WUqNsFqJew,2590,63
MhqB26Z9hYVXEKY8EOOVrQ,4208,193
Mq3zSDdmGCcn525HOCA-BA,2558,8
WL1CBV4Vkig9-8wVW6YGhg,2435,6
TAL6BfmJR0NXCPdkovh5Zw,2106,8
kcxg5E4DPu-2zPZNxT9gcQ,2095,4
vji9VQywulKIFlIUTUm8wA,3531,53
Z7Gly01dh32pHd_7qIm07A,2752,9
UnGHnjyTwy2eI0XHhLpboA,1808,100
XGoQDr-yrXu8jG7pIhCSWg,2644,7
c-DgvAUjdsE5cluzXRLcNQ,2747,18
5PM-HteUJf83e0InvqE5cA,3034,82
nIQQceiW6cHFG1FIFthWgQ,3284,163
07nLjppFbVGQwwoj9KTBoQ,1858,16
aDIA7LEuoIr4xME0K6xR4g,1073,5
guPzpFwYAMNpn8p66QmSbQ,2417,36
Z4C0yKmyASG3kYfm_f2glA,1794,156
Q6C_Xx3f8uHgYBsUz_Gnjw,2919,2
QGUcIdfix1Jc2sp6CoWJwg,3523,18
nu1HjSo-dvc6EXJb7zshlQ,2546,27
9bYiSCaC3Wg9lB8rMiHtEg,3205,32
XgZh6d1DrD0IicWqL0SMrw,1426,15
YFve_MHAZN42i5IHGVwRyg,3601,5
rvWalx5KyBlbPQlh8BvfBw,2386,8
3kU80sFUUkEQqEsv_9WbIw,2636,17
ZM50t-6XKYJft-ScvipZmA,3244,181
JiXfMR5YChhLyCZc8hC-BQ,2990,30
fG7E6EO-Op2gKX5OsXrF0w,4232,643
aXCoG4zMXqXjEu-p_xDNPw,668,14
3JMfeWO7J1VEk66oxL4EeA,2683,27
UaoD_KTL110BC1I34L6RPg,2885,93
q5X1xXLsLGqggvy1OSAYyA,803,18
RH3_ufCheArGjKQAMTGSyg,3267,288
XdJriLrtcRQ159Nb_aszeQ,1605,10
3OhkexT0E78zylIH426EOg,2442,52
6Abj3PfCORGD_PayLM41Tg,2054,8
jeKk1L_mKXBVHWL8CFEVaw,2040,25
2AKigUnwolE31LreXvVWyA,1815,7
lweaUryYvOqIELRV4wByhQ,1586,24
uktjpYbf0pUNA4NIEEyb0A,3006,14
SmqhZS56G8ZN0YWJsDq8RQ,1658,8
iwtUhHEGb_6mc5uK20A8Xg,1073,3
5I0VWwLUp9NV2jmwN8O4Qg,1110,11
dxR3b7VgkxyOjGirMHYyfA,3260,48
KpUo6NXX91oIMyAg5JkhvQ,2666,6
LaLOPvBbbNPyeP1ldZRaTA,3885,26
Auxm_FHEbvsH3i6eF9Wihg,3645,134
dosSaa6WlPpG4iTnJh6Fqw,653,9
0Lk1amzADoisRInVf27yWg,1791,5
3Optwd-xLff2IOmbB2ceBA,2776,7
FgSpEpQmLFjAo4lOFNXrdQ,1844,10
7CjXTSQp7t6bVKrbQEq1Vg,2807,12
zmHbK_t6fxtFk5SnuSn4lw,2269,146
bj27RKu4Gdpab1LdIC0PsQ,1151,6
tfjWgUvToSuJTEbaHfQeBg,2128,10
1mWO3-MZh6pTKKJTkSpVJQ,2450,1
VDZxZ2S3pItOZZLdeieclQ,3122,235
jjzOx7-uCvZ1jtWcqXz-8g,1368,10
ZOufgRjZf76LUNcrwBI92g,2649,8
UA-BcQzuCQbYaW9lIcoyNA,857,3
IdJsGe9kCFa-OMjUa2vMMw,3984,103
TtujCn8sSWj94Nt1vcoKuw,1431,5
WUb8KUdRjdOzA2TVNke9Ow,3531,183
F7PZuv69o5nQCfrN4Q-fMw,2937,31
wxJqS9RpBh7l1CbC3HD9Sg,892,55
v6K73XK2MXvJJI5ncqHbrA,1488,6
D2IUOetOVfjAkmohD_hsKg,3206,406
3Uhj23yYgsdOqBFQBE19DQ,869,12
hoC4T4S_ZchUtRw6YSKv7Q,941,22
BTgIywqjjcpY_6KXLQ9M6A,2384,10
C8vdB2PG18_IsGc3eaYz8A,1882,6
uTR8vmOEPLwBQjk26IbrgQ,2010,20
6-z-zeeZD7P_RN0rT0vITQ,2314,30
9DgaMhXY1853rTPlhhyqmg,645,2
ECJtLRvmfkR3bafarpiQCw,2386,3
y-XxUFQR_0WfAHaWdPDt2w,4552,677
QS-DEAUCgRus47IacYTPJg,2717,4
UU3pNnbmpkjPtLzoQzlOAA,1460,25
SgEcuzzHVrPF17yqK1TlXg,2842,82
clgyhPGkcz9fPHfSbA-lJA,3712,123
XHuNSjrPA3Vyi7n4iVhZaQ,4957,1114
jp6t7MG6Z-OVQ2FFe7SURg,2290,5
QPxc2bP4tT7BQx5diC91ig,1951,40
gm1_Y4HwsZcXs3owLCgyEw,1885,1
Mfmx9scbhsH77eaV3EVwJg,2725,9
s1BuvQ4DPKQKuvWLovbUzA,2136,7
l1Vh6YVv6-RnMbrlu1RI1g,2101,6
b8UuFwDmAXQhsWZt1hTnKw,1723,22
_jVCZxwZS_imI91wmeMq0g,2478,2
EJjJoo99cNMoBcMOBeke_g,2341,2
8zRJrtAxuI2L4Xeq4QxD2g,2774,33
j5NLPKwVKdA323fIpo6MEQ,3005,31
dhS5S8iWWX9LNI2jj1ggtw,1031,3
eCfusmvcsllcVaaFOEqy2w,1648,5
-t9kQSbZ0Hnehu-L8GmSZA,1237,44
HM_D9quNH1a3A0MaVIC_Fw,3185,13
Xi6vyUZ_rIVMsYp2Tx3W9w,3892,258
wgDyME5DZA0gF67bV0pEkQ,1671,16
YxMuQ4wbl8MMYARRZlVPpg,801,3
jE-gO4jqgTglACRtpSWopA,2103,27
tPz8P9xa0C8PYBEesuOqyQ,2204,21
bOP2JFoG8hQx6S9tEHtnpQ,3942,244
qLXqMnNdHJ23SaWqgHQbEQ,3837,37
XiAHnsoO2EXlhlDVlKvfZA,3174,50
6NSRhtD7XZVPURagg9Gf6w,2732,8
YQPJkmFskcbovYDbZaYofw,1635,12
GTYc-t_sGgZaZGxiomn6SQ,1640,17
W72dcaKKCjQKLiMMU17Exg,1659,9
M-_C-xr5lkUYWfM3Eo187w,3087,32
B3qptQ7AI_RJzNubujU8Lw,1488,7
GCCC3oWHpXq-8E1Oy6oCCw,1769,3
kQek0Ft9uFPRuxP9Z3g5-A,3497,135
wnAEbWOIlFHhpsVTy927Jw,1225,17
6yDsblzk0yGudMTx39e8ew,2035,9
hg1uaNAIpuu-6hDIBei1bQ,1253,8
eSqCqWxdazlz9KGlNC7g_g,4520,25
37FUZQAVQNT99CjxX3-hYQ,1964,249
i7oOIn0Qmv7zihVAjDxJDQ,1978,16
D7cHJq2uldNtWY7bDfInzw,3041,39
df7Gy1gJyVzY9YBL8E_7xg,2020,6
4qJME-01inmlf4ysMKPeNg,4342,733
VG0XPr9jSrgd8p5WPD1HaQ,819,3
8bwjaLbUObQxg90yjyp56Q,2644,18
AFbqraU8Yzyl9C-i4YH_Gw,849,6
0rW9kOfnSb4VWkrc7Z7nKQ,2932,22
wiZ7SGCF1eeJ_KsZcieIbg,2261,3
rYRgLg-dPsb2IREdBF8ubA,1374,91
VjAdO05cCkPs-3fnskcXsA,3857,103
MEaCdtWzmhCo3RC290_YVA,2740,38
SymZAlyINSwjTuwZ4Ma3ww,2354,6
P1bApOEWGJs1pH1R3QnVEg,3093,22
W4ilqR9pOjKlG9utcrTTcQ,1639,7
HH5LrC5VPcCQGqmQqtxLHw,874,11
ypwAlb7C77k-RFc5k61OWg,2664,2
EZLk4LWVJ4wBPG4bwfie1Q,2096,6
V4LAaU7bN83IbLLzHjJ79Q,1997,27
a4hG5tcg9XYD0FJhi7w8jA,2145,209
zlmGyk3UeyPt0LddUCMWmA,2876,16
nipYGOIafOUHdzEYJjoXLQ,946,6
NDZGYXjMnHo7YdOqFuyuBw,713,3
I_yDDkT7HlD2AkMurE63-g,2550,31
Msn7SSwdIj7RG9C3WEEc0w,2369,97
cvLXWuZFie4xNTyJnA3sww,2661,33
K0Ha-V9ROBlTab4moVEzGQ,2365,45
W1fkyjV7TFjBEfdmyz4SSQ,2000,6
gz0M0B2ERLgQb0HjkN1xKg,1155,5
sXhcpY1lKmy99BTLgNngbA,1073,4
mXtmJc042YFyr3htw3v9_w,2462,7
_szdOw7yFNrbTT0uWcvbvQ,2155,27
AHZsQA71RjESwnGO6_qQRA,1571,11
43PrEXhhabjVrC9mPhc19w,2109,4
hr2wGxE1W6du1eHF3hXOBw,3264,21
cFSWIxH9bl_uTcKWvNov8Q,3842,27
l6BmjZMeQD3rDxWUbiAiow,1911,94
LraonKix923bJ16nYH05vg,2548,4
VLzsEfg-NtHbbRfFVgP_tA,3261,1
ieqsrRY1oxb2_rGBwgMiWQ,1261,17
LjTK9yifZBHgj2HZn8Znww,2362,52
dATz-wXMQHXiUx2qM34VBA,1354,10
Pss5eotlH7WyTl9PUvobmQ,3506,29
IaGVz-MDYSL0TtRoCe84aA,2568,6
EvAnEFPywyPqgf7pRTMpcg,809,8
FMYX6sh73JnkysNC0Eaolg,1978,1
CxdG0nHAGIjii0mT22y7mQ,2577,47
qTAy7bVXi6-TAoWbqhc_BQ,2907,7
0HTPnBiBzPgCYLI6qIt9xQ,2713,73
5yEYlX8LuzvL8r5R3pEYNQ,3279,6
wi-ulALYk771ERVKWxOmAg,1356,24
AvloRDOt2KYfLTvirU4pfA,1267,1
g-B_7liT5rDhZeEmymZd3w,2576,19
6luPKWgdtLehNwFVzPMLTA,4273,593
w6BQ63hQrL1kA8bAhS8eqQ,1931,20
HUouPslGafunWz9iMZKPiQ,2605,19
bd6JS7AKfXYxw6JhRMYwDw,1053,2
aYCnN4SS8bbRTChVHM5OiA,2393,13
nYy9YRuS5JpkT55OpCXwxw,1534,15
hAasi1OMuGZN3PbUGeKEiQ,2877,2
GqbW--4RBuT_X9nj5VFmBg,1189,8
EQoDN_OVi6IE7RGHTcqrwA,2141,39
qKNYQR91vaBnM-Dp5EzlYg,3366,46
1lIKvo1z1Hv320N3VI1qFA,2722,8
0a8aIDZz0KSLVygqbL2tWg,2695,62
vhhpMZKvptYo6uU8saYq9g,1469,22
g1sdeuvibkIs2urDAj5uOQ,2983,5
e47xYAq4lrKgsUszWsxlzA,1656,17
dkjRBudlf8AxICjijc2lwg,1631,2
cuk1aOFBXNoWLXmNSyUCBQ,2891,6
41qO7glbi0N7sdRBIgK5vA,2837,39
qphl-0CNgmkXhzxehajoxw,1826,30
-kUOGbCXz6Sxy2JhDXUjxQ,3116,110
j_ffcO9cIXWr39U1_I_r0A,1598,5
_rx85IOCAui7IlAf9DClxQ,1818,25
vsgvlWs5VrPNEJPIKmNDyA,2559,5
RkW5b5oKiZqZkzXxXC-8XQ,2410,9
2D5NFpWcxgvWMSjbwxuj6Q,2115,9
Bjwsc5mWt40Ewk0l1N8YoQ,3078,18
6L0a42aoFc_YNMexk23PYQ,3540,12
fg9nhZKs1D_z5dcyf7Z9jQ,1710,2
ohRTwbQPO0bYAB6q0a3W7Q,2303,139
bljhS5xcEwS3MhVQ_bvHFw,3454,308
KPnPRbmNnfvFFtnYGMBAtA,3360,9
cRH9xN5ybcgJ-p0f02bACg,2240,69
zMP7B-FRe0DDzdLrqQjwzA,2478,50
Is4a0FiiPULygEEafPwjzA,3365,12
tRW5hHt31qR67jEAIF8nSw,3084,17
_nFGXES35NxSaJR7sDYX6w,625,3
Qa7ltYMF8yufZCoO3Aoq0g,1818,8
KXIbyCZj40EjDEYJdDWRJQ,1829,13
b17qqmFaQXAyr2gwGZCnIQ,1381,5
vl-pBH7_SI8hardC5eRqzw,2611,21
s3g0oMTXbUrimulYvlFJ7Q,2682,8
kybFg4jeblYpXngn7eXV4Q,2718,75
HHoCqWLq_bYbGOLw3SkZyQ,1631,21
sDJnBn4b7tXiPrxTnA_bNQ,1164,8
vsT72Zlcg17FNY6EeVs73Q,2726,5
id3AELExH3vzx1m5uj9DDA,3111,32
9ijUQh6EpH1BZNWQL8CV9g,1430,4
Y1bls9-hTe1IjDQTnyqfxg,1950,5
2FdGpfri9xPdXjld0KN2SA,1632,6
gAWrSaryS-hN5sNpUgmotA,1162,8
aIXQsTXzuZQrJEoLMQLeZA,2693,72
eQh9--x-criQ_Fs1v3Smyg,2512,16
A_Y6l-luQEWRqB4OkPjmpw,2958,16
-oBbqhxmSr-9Bo5dvHF9iQ,1674,12
o6sIjcJVuFoPLHmfdyzh4w,2415,68
QFAIQj5-qE0wAjBGwXDSzQ,2684,34
_JZvPkrqN06Nc7F18-p2Fg,2342,29
y_VZDnodIl9iwBx2xDcZmg,591,5
TTMo75zf7dRnAlV-VgMYSA,1386,81
4F59l8scDgg6BQx0HGRtcQ,2751,800
8E2JTu97mkj7hWYWiA0oRQ,1839,9
H9TRyhZBnwy0b4MOW6WMMQ,1926,7
DooDzg3yV5OaVCijX25E3g,2258,6
_IVVNgYulyw2CO579xAtig,2805,75
TndLOjuRpqjC0G_54hhukQ,3706,93
nfGC_3F7-urw7FirVRMcdA,1606,29
cpkJi7Txd4nyeyUjKWa6NQ,1624,4
-X-v4KcThLnRluqqS3hWdQ,1682,27
hzb9w4ihIr28P_89lCfkew,1187,12
WS2dn3GS9CZtPM3MuBGYag,1693,22
wRKiCJXqGmjk0hKDu9fIDQ,3752,230
pou3BbKsIozfH50rxmnMew,2547,1692
wgna_WpFPACyJEd7mLF1OQ,1675,1
2bngtPXH3fcpHX0c7DwBew,2790,39
z8fI4qeS9oRFL-ip8H-wvw,1346,143
vNrrmeKuw-GT8tVmzVUgTw,3033,181
ovfrByj1fI0Q322UCvzeWA,1648,13
zOZ3FyJCVINgUd-EY7ACvw,3059,75
_vOYQBy7S-K6n_bmMA9BCA,2984,31
8dg_cyL2nt9dCM4ZAz5ovQ,3031,9
nCSECbcptlJAnxhhUvvsNw,1646,14
McPdGlOf-Mv58CLMofj7HA,1126,61
bLoIiVPmfoTVCW6Qt2ZS5g,3137,24
2UzMvYQE5i-mRUiNQKXJDA,2134,11
z-wlVBFfqNUJu96xosTZZg,3102,25
aJyL40r4okB3PFqHAzW60w,2558,33
VA8Htn3CyKAeGbL1ybm_ew,2242,12
JjCVpfhZgV78HfPyBtBp1Q,2537,7
rfDqKDpd1_B-VlkPDfHsqQ,1704,248
beqgS7RXbc4T-4pjFxKb7A,3545,20
JPKKKx5pT3IN7aqVLCHCaA,2744,13
G4BCxRQ_fWyudsac22VQ0g,1586,11
EH2ARqFRCe6_3i7JWskSlA,1641,14
00yBArky73XDgD8QHG_Ppw,3863,12
JSIg5SEeSdhsOcrDosSerA,1586,10
MysFOYIy1IDmxzTf0xfYIA,2670,6
q7plMnHgIp7zhmGayQJwGg,1876,16
-QYg0fSdX8vE_pbz8niddg,3699,291
PSIls1HkJUjryEJqsSWxpw,2168,23
vUbHwuLfbE5pMeSZlGeb1A,2322,21
dl580ufzEDN8MO48biWkDQ,2535,13
PJTYWMrhtl4EhOOhJEjz2A,1646,39
y6qm59ujKwcdfnilADeusw,2187,23
GCD6_plOxrHkGKlZQdC58w,1171,5
JwyZSIL0m-ilFXpYfETebQ,1832,8
jiPiMaNJyEwXO5YKriw49g,2207,59
j60iu06P3KDqj0EWJDfi2w,3572,35
ZH3PVSJ9OFcps-MXsJu09w,2431,338
8gYWe8a-tWjTRz_srL1nbQ,1875,17
MxI3qPnYMkk7gT5_37SbrA,1233,17
sf5EgWS7TD-V4ZvbbBvy3w,3133,20
tXKUSnjJVhGlA7vkGPLi6A,2463,13
fH0Msj7XpODz3xzJJriRGg,2481,9
qJ2m9bRIrVZGYWhJpTOx1Q,3586,193
P_3JTa41r4akWbKsBURY6A,3423,38
wVO8kEmavOL80EtS37IKrw,3015,11
GzwqXCL8y9dQ9oYFlfAiDg,2955,313
SGdc0z-2MqA1rCSVLIL-lg,1474,2
wHVqKPefusQNrb6XVeFnDg,3022,11
xLCUiBJ-lxNsXQWrdaeFTA,2543,36
aw2m9p2dPo5OXIx4pQGUPg,807,20
CPporz6Wpyu7Dr7vt1gfjw,3362,31
v9RczxZgsPZWbFzczJmBig,2135,4
fcBss2H-OLyyoX8Ovjnovg,3152,1
aVBZ6TW7o3Lx0BjplVYF6g,2543,782
5MeagNk_L3eue7Z9S1WB7A,1645,19
VQVhi5ObTQ8PE8glP5ZITw,1388,198
cqtPsuP5rsYGlNtM-QhQeA,1666,1
7Fi3GvYys_xL-iUH94iFHA,970,4
p5eKzfGUZ7duXbDM0AM5bA,4442,840
vBffxktnE4af-dBi_7Hfng,2653,7
1U2Di1zcZw4xkYJGnimptg,1402,17
st0BK0OXIoRaOM8AaAEcQg,4093,37
LHVZ_e3Y8jSKpWExIBD5tg,2533,37
WNrrUmyiNVK7Jrpbxfwbag,2732,21
lBaBNsCmpUoMfhZ48dkqPA,1011,2
b-0n4RFd__eRt2X2N_y6Ow,2643,37
C0sG7RG-mzKr9VKqCtVA-Q,1890,3
AdR_oxL8xgbQ-3yV7ydrzg,2668,17
zCqSuT6m8Gg5EiY_SZVr6A,2293,23
G5T3T_Wv5lsBphabV7qPoA,2563,34
qP0PNj95dZuiYpMplHiS6w,2216,14
-xLT65Ht4LHFXOFYIWSD8A,2408,35
FhtWIQ-QGBo1EH-heTD1cQ,2659,18
mU045JCwKNnHhg4EImbLPA,2519,12
2s_6lb_0DZLNm8Lp6hDpOg,3164,24
0_NbnQy2AwOUDtDUr4uDTg,4231,601
QimZse8KstP94DeFgzAevg,2345,438
ZuTXaYJH0MdZO7bcSofb1g,3975,2
b0OlvwuOJ1CsbMELnE_Rkg,2283,30
CvesJwvVgJc2wUZCkBnppg,3576,41
RFLiPnq7tHcLdHL8QeEQPg,1424,6
qiknhA6ZDBHsAVW3qf5Jfw,2744,102
aYg1b1zCoM4qKZycmQfW-g,2881,13
y7TufQrrcUI8Vhffm3RB5g,2941,27
TVmcNTiacWCLFNmGwOfSBQ,1879,5
uXjrM5ooM9iOzVxWRzUswg,2975,83
BVWSLozZD-lUQytotPgqeg,2430,20
8hQfqAZABYMbPmfEf1fznw,1221,7
AzmSmD_Wlht0IlS3Uu7O1A,3414,86
lNV_41tDV2C2c3dbzj5-2A,2697,28
oLMVW5sjAoR8yFDDJsROFw,2654,290
_kQxJ17IPEXKVU5EpBXb3w,2885,22
1ChGnOpk6Av8LA4a2qidsg,4170,23
6Ht-9PNjcIU4EnDLLhEHkw,1714,28
-R3Liu8xDWu-VpWSW8YlKA,2498,974
Ut4Ik1T5ozP3JDkU4S31SQ,2600,44
UtRI7WySlY2txWEHB1yqxQ,3079,5
2Hntbd4A-lqy5ufg2FN3MA,1753,26
CwMGd0IQ0POlYrvViBqjLQ,2857,11
AQ0UhcU-cyjGtXkIltw_FQ,2405,76
qriXRH1jy-5uY-fb9ro9XQ,2130,30
WHaCBxcrrhOyAQne9bC_0w,2772,14
KOHZB_OHI6UqeDg49cz5Vw,2785,47
PkibM_n-agrsf7wRScDvpA,2957,19
km7qrqi424cIp3dqkPdDvQ,2068,149
8VFpE6t88w544ia-hN6Jvg,2158,7
gYiyHKVvCR4AvnsMbQaZNw,2453,8
q9Lj-OY-WfUEzDhCoEb_uw,2876,42
xleQOiDygaDDFz5fpTy7Bg,1242,1
YEQRoa0qqSd38nUkU8p6ng,2701,38
m_5A-6HVZnHCpehsXyQ5pQ,891,1
V1yI2Aatm7miOYJl1DX-Ow,3277,31
xCd7i0-z5mm0OGaSVNILQQ,2601,24
QG13XBbgHWydzThRBGJtyw,4229,209
fdeyw6MxPeDYzgs6UwwH9A,3800,41
E-vuFvfnTNFNYrnfIxKJWA,1910,1
ckyfzqcLCvNPEi04pczALw,954,43
A0DiyxZVFrpahBcjjYT_1Q,1764,68
v26d_cNFefrHzLW3-CSgag,1390,6
dcSLz5d9xiSFb8zsqn2zKQ,2047,46
KJCL0KdtKOEFciVtuktHVQ,2698,48
xQgA9Da-l9wdOKYdwpgfWg,1662,42
nPkcy33kXEGk8cLJSXwehw,2675,17
k5_ewGOHwSt3I0qITu1Evw,3249,9
9pVyVvwwBEi0xv-OgCnlag,846,41
c6xhUmHf6iA_mT_1JGJ3lQ,3815,25
-0S_XaK3Q_Mesal2Unta2w,3598,37
sZ2Ml7HDXimDRHySpnHviA,1780,5
HQDwc1xA-_8uebbz6rbBSA,2156,26
yd4wVXRHFwV1GVMfHZ2qcA,2619,16
JPaenPr5glhBxjWM2QLXGA,2955,9
GE_8n3jWJd0zm7Cl7xBeLQ,2379,17
QrPSD3WAXun5zHym5BZyPw,3040,17
mUSMUh2pcrIFKFl8WdkSdg,1004,29
FvLt-JWqtw0DV2xmcoUlMA,2383,12
Aem8rgehhrt-aX-kt23dMw,2560,2
SwO-AIfpX033DhhTqDQ41g,1252,30
5x9HuvhQaUYVcb7wUElbLQ,2593,14
x5CWXUqPlHO3brb_TipVyg,1510,4
x3Evg57YKDPEttrFTm6GpQ,1776,11
f2ba-VDOpatAnuDef-KlKQ,1928,295
yG78tiMVyimvD7NH9vM54g,1535,8
2tRWcSKJ4bAYtWP78naMYw,1588,8
gHbqw_IaTftfUJsDvrnCgw,1816,81
nW7Tg1S2PK7N8mG2dUJyCQ,1657,7
ysfduJ2kOUz2t6eQUec6CA,2313,46
i5EapOlHIoFiQ9aLfB-G-w,1883,3
C-XL4HTQgiGEcucWFWhcbw,4195,165
_7zgzdB1Qog-HUWQdbH0pw,3199,91
wB-R_Q9nC45hmHYxjjaLNw,1207,138
mNCngUodH9--YUR_F6pH_g,2208,21
shjtTV2okzw5L4C2D90BTw,1897,17
NHXldPIGu4I4guwGOJYvMw,2969,143
tPvQe6YkZoorO4jqGPI1pA,1367,3
VULFcmvS5-zp1wt-aokPwA,1779,30
PAvsrbpr53KuSVXWmzwLpA,849,27
Ks9ghdpH2LpKknrAeOwuOg,2931,63
PDUiYW4gzAQ6c2-ppz7Fcw,2503,382
yFwbccd9EJiTfwLs-sMdLA,1691,9
HFiNIHM1FK4pn6NLASlIdA,2522,98
6nqyTcuPoPM9veW7WLj9mQ,2548,2
Vmo0cZauuC3ycea8N4pUTA,2965,8
gW1l1Ubn4CcKjeJ1fR74aw,1645,34
Y4ZI_bVvwQHAvQ1njkZEKw,2384,17
CW2C9Y37uHzipsFXIU3dYg,1827,41
l-edHsChYTxVurjfEQtWTg,2319,31
RV4Wxk0P9BZkgXNwhEM9hQ,3855,195
THKGtjPhgQXl92f2h3BC6A,1901,2
x6O5ioOhMSUkDCNN7eOPXQ,3050,31
LH_kZZJuYSaVvz34dvfVmA,2001,146
EJRlKIECDC0-uit4-ZtZqA,4908,12
yyGp1_3i_zhfpBVIY4Xaww,3621,245
xyTR5Kqvf1RhtEf4bQlgwA,2445,27
6bjusRU7WiOcYM0wwW3rNg,1999,9
myDe1DGIeTp0B5gVQ7RTqw,2771,122
hgHt7EFXkFifsN9YrScvPQ,808,8
q6wZyLeL6GL4VDh5hVRCBQ,2234,183
jKtzdUGvL9Xk0KCungTzcQ,2375,4
Vip25o6_e0fYwYeV40gM9A,2651,14
gU4NOH5Rlhy2GG4v6wzolQ,2007,27
-XO-uuLnIvi_LmG2FfubmA,1471,2
hoRCGuwPUI-V0s0XeUa0kQ,1135,5
fwd_rUQ9aFjlPw2RwcKCag,3904,736
0gj1_n7-g3YrC6IsSVhupA,853,3
nFX324p4zedmZ9vxcVSiog,2827,2
pRRiH2PvzuXFI0EAYp08bQ,3501,50
_U2JL6y3yVvBfLzpwV5SOA,1635,8
7rKWM_1lPM4oGdXegFjp9g,3095,42
HTDWId9EfXgH66FyA2tbgg,2521,23
hC0g38ohLzC20nK1snTsQw,2862,156
pc4jpXQ9QDNWg1a7g6G0tA,1695,43
_H2upTwnMntssc2fAzRV8Q,2151,18
CfJ1zeb8zaPdzR7S7j9gqQ,3412,3
nSANX4nVRNayYlaFo0itlw,1221,23
OT9MxfvQgSJL2q1_KLQOsQ,4253,45
ORceu2UCCWxyRzvoElYotw,2546,43
-jdwG-cJ9MSkJZPQ3z9Lmw,1665,10
UvsRaSlvCok613y3xcy77w,2321,3
uNTTYbklF4_ZN3bG4h67Iw,1410,13
AYtOQ9Lc3C-Wqv8HMe1HxQ,2672,10
JFyKzxVecHNq8HOBwuvtOw,1675,85
BQzpZ07bFYVsUwpvsACVYQ,3780,32
_DC6CHeKqf1QXsyRXjOu5w,2710,23
GB1tQfUQT1Tv3Pntr55Azg,2512,22
c68jEOYayK82uGGxdmP0Nw,2422,11
1_JELIFSgGVwz4oZVbcXrA,675,5
M9AmsJn_sikkoZgndgQ8Ig,886,13
Dmr7vN13-yuZn3KvVXMi6Q,1801,21
s427R_12Oz41SCbwPWhNyA,1171,9
uap0J-f3Rf45sNPLCaCwsA,1980,2
T6SJ190ItazRd4wzOYReqg,874,5
owmDu4Qf6TLsyAVJfbEkWw,2547,7
AO-IYTUt9d9UI7_4srK_3Q,2292,8
H_iUf1n6MTbw2DizoI8vxA,2118,15
CawVUfPuaTijwhhyEzYSHA,1265,1
WOPTrIm5_iOjhQQT5GDLiA,584,10
evU5V53s0xfIcHU_JYARmQ,1312,11
qnCT2nDHSIl5yEBenvKxYA,1700,8
1JJL_X0t9V3ApEA55CM-Tw,1805,27
-BjYcluaadEZzxAw8Xf6JQ,3014,3
NjDV33zXenukukKoFLXLtw,930,3
Yd4gfU6Xg_krRK31V5Y9YQ,2893,24
XZLc-emqqE63cwOA9S7NNg,1403,9
ELrnhRRAxfmCV4TvxzXJiw,2202,7
O5QeugpPexX-RprxeconUQ,1171,3
sAHJoMxRD8A2aHNglqaU9Q,1690,23
fOL6gNhh9ExnnaZNNuewvg,1835,21
tM_hmK3qth6wKCe4rScAyg,2044,4
UNMZt1bhVhxxmlMbSZ951g,1586,10
9FU6rmXhf06BDlEE-wIVCg,2506,114
3CzC8g6y7q1MwD9XwY-Rrg,1110,4
4yn6arU4OWlUs3Di0ulr-A,2526,2
sPTHfJ7DEYnwfgEZlGD5XQ,1624,13
q4YiffKGe7xUGFtyZaTuCA,1524,7
AurdDb4I5MTyhGbZ3xFDGQ,2674,13
_vbT_fb_Yk7Ga7xIRjMr0Q,2507,13
e62tBScENmIJDyDrSJEqeg,1398,14
ZHRQMRQGYPD1vKKhAifKgw,3557,36
rP2MrQEl8QO3GcIR67yOEA,1211,26
MhE4iYYUraJ1QTTWLjlTmA,1616,4
0fsXiZ2MUVkC2F226KHMnA,2260,7
kAkglifjJuSxqSmWu7gKnA,960,9
jkG-4U9uwvQJ3_HBEK0tVg,1652,11
f8BnmDxsaqB7Biq12hDJ6g,1519,8
30jIVe-gCoqozkRV5vwTRw,1796,11
hHfy59EizPGshyVFxJi_Pg,1872,8
JLCUMviC1DPf8ciSWrJGcA,2732,60
8uMmgnVbMVhs21C0dTymNw,1140,6
ZI74PKfiBuV47jLvvvU9Rg,1657,28
bXEtIKufNryhe8pgboFGJA,1575,13
oh6TFYhwv8wNtltuSy4nfQ,1866,6
cJLBfmqh5SSoXeOsrC3dTA,1974,14
tZpb-k-Ho63iDtm4fm6zIw,1081,2
g6dxWM43Fm_U9-PFz1LZ9g,1235,3
telTW0C5LamKZvQ2oOVpuA,865,2
5sl3z1pV6PwxHo_xsbaUmw,1663,9
sFXfLbJjxVag-ZW1pzjpvg,1539,5
C1mHWyXnNJRhRS4KXXBrHg,1510,13
CmnLV1u2vMeRni5YK2PdzQ,2514,10
fcGVQjq5BSaoOr4chqzWLA,1334,7
WgJpFIu0e6DN5b5bhMXseA,1678,4
8_oH1VFYgmF6FVPXfU-_uA,1951,56
hTEVm9uOnR6L7hLAigNNAw,1829,6
24ivE5sk8VKaYw746kEY5Q,1962,30
h3XqL1OOS1sdf4HaKp3r8w,1807,12
XEwrRCVkoNppALs_dqa9VQ,1563,26
zI5XIOl1larvKLmQrffvbg,3190,1
jsDrWbPyQssHwE0QunLgbQ,2152,25
D1UY7Rl-eIiUDfxcxHVCxA,1111,27
h23lkBf3YTvC9uleG5t29w,2661,23
4I53L8d8k-3YYfRmTz5QfA,2006,4
ajsE43idH9VEqGAhFZ4_qA,1745,5
qGohxVLB1LqHfKid40w_vA,3554,43
OOiqA-5RofMc4dkysafYxQ,3306,167
RQFaS79_J9Qi9NQFGiyd5w,1157,18
eBRxpDWpJpnySgmDJiGrow,2212,23
ngDxYiwEAkanzQ7zYe5heQ,2138,3
SBCBN77jyknjAv6UK8WJKg,1712,56
6h5Bf4s2b6_JMjyWBdZgRA,639,2
IQDvUW-1btq3wOJOtaQdqQ,2621,12
wWWW1hfkJfXSX_O100PDDg,1352,3
LgQrkuG_xrA97M66iuTdog,1723,6
3So5j5SS19A5oxG8SNnOnw,1201,9
av7s9v8lDAFZWmV2lNyodA,1600,17
yRv-XJBoEFt6tXpJ6m8LEA,1224,12
Xt8uOxB-lrxpAPmJPmMufA,864,12
DVonyg97QApTuMzXhFpYXA,2013,13
6BtVeOYc7Sagm8-sPcsNdg,730,5
l5IPMVNqORODJU1ip97ReQ,1983,38
GkcGK2Vz7zzr69fDxUfbSQ,3526,3
6XoCl1Mkc3OBd84gk0FI_w,2292,8
Herc3mFVHBdunbZUo6I8pw,1886,14
yH5k2NrakwKzT8R9CNbtvg,2749,1
upvKwLboHJD1XXa7zW0lIQ,2724,12
8EKzs05F3X_grw5wkHIxDQ,1661,3
bYhASCGGzp1Zeo61zjuIHg,3103,14
mxi8U3u052jEnnm5gWNDBQ,2864,13
5euel8DzD8XZcK8-_15YZQ,2171,1
fse23nWx8sLrGlafIMcRnQ,1067,1
BNLlJRu0dxwsJXekXogt0Q,2693,646
UnC7Wx_4cHHNn_G0X83ZeA,2688,25
Em55p48htglVPhvO2VVLWg,652,7
9hDFwspnyvfvhpzL7D5kqw,1162,83
xMHRx1LlzScDtoLWeBjlOA,1180,26
Udol9LLAZvunX3RXiVPyhg,2055,33
ZUp5nRGmualCpC8pmRx2ng,2756,56
TpqjN8GGGKZLHa6ix87pNg,2396,18
GAMMtyoOGMssROGH_NDDqg,2895,262
tCtB6ixtNn13BL9Czkuh1Q,1689,4
0wp-asJW3oWZKa5yEyLcVw,3545,49
_2HKel46y9Kp5apaan5vFg,2926,18
3tFwRkjbayc8325MuAeL6Q,2598,11
qVsphUBxXHw08TBb2gAtwA,3167,25
SUQ5MdBQJcEgMhXXoK26GQ,4045,10
Ne_S_pOm8vaV_NHtZsX5Dg,2171,72
E4URUclX7pGQTLFdVzan4w,2089,5
xFC4MRtUCZPf7hxIBV6hWg,2208,9
HbyOjRQWRCysfdPY_vrwKg,1960,70
YqIS2lP-sHpLe6I2N9zgVA,2954,5
auTtnDES7GX2LumkSCPZog,1650,9
ZVtccj29aF_JEy92KOyEqg,1524,429
uqlz_AYAe0DbDBoH-CMu3Q,1885,19
LsNNoq0_xDL9JUiJ9jlmjA,2485,6
5ukHu1WxZzQakXxMay7jDg,1077,17
IW5yOO0u1hrPA7XDWjPI_Q,1291,1
zGnUEqwaZQ5IUPMMI9fVzg,2551,240
qpZ1_hkpjI91HLHWFO1x4A,1326,17
-fNXqy2HsgQ808O2Cr3dLA,1659,3
4Jc-NjeCIVBwMcyNXCOnQg,2619,25
DBAYneOVN2tIDMxgH1a_jA,2850,45
WM3uC9JIub6OgiYjDSBlxw,1800,7
q4rt8d2IJBZ2yP4kyp_HcQ,1572,11
EJ18cKR4iKpRCcTKJ4sOJA,3145,9
1YjUrPuoI4eADPxrAecx6A,2676,49
bmBeR7lY2sAd73bHzb0xmA,2305,3
DtEWtrBRCizWpdMcd3ZvxQ,3273,2
7nrJ9bKxxdlEUoy-w0EJlQ,1647,2
aoO6EXKupIDDDMMK4PG-iw,3799,55
hAL8vbashIq86-aSOavwrQ,2166,36
PR7XS6OA-6ylu8sLGObUsQ,2340,468
9Fu7dH0VDKaaONLB9Gs48Q,1887,36
qfUw377HzF_iZr_hKd9TZA,3531,27
BGkTVM4kEEtMCLd3itBoYg,2195,6
SPtUkjVgAScI13KKPlGYHw,1577,15
3rmuP9Fz7if4xBJHck_Qdg,3343,18
-lyzCvGfSOKYzdcuDHsqWA,1019,9
DwdmuMuNABGD6tebN6QD7w,2721,18
m4GdZ1GaYM4W1f1yzN84AA,1874,102
CIn2C5sSbOaDikP6YqHEyg,1934,42
GALMdwc_Fokia8V6e35laQ,1948,21
ExUljv6ai71W2m6QyAb-_A,4135,30
JvcZOsXR8cfw17vkcS521w,4443,30
kswTOELfUkA4vS4KpDYoYw,1952,6
BUt7DYzkht6EL4s7ZC2zDA,1857,20
Er0k2I9A18zS6OqR7yn47w,2191,3
1D7V06X-XHBvSiBc__yCjQ,1758,7
kLYes-0Kr-FGklENjssk6Q,2222,38
xAdjcTLnL5fPzshFhXRDDA,1889,68
z0tedt4yokATDrMYWx6Npw,1533,14
f7j5Qzjo2-uEVCv2IYX3HQ,3088,24
7IyZBsbOzUqkdulWTvieAg,2768,752
bvtp7dYyxdSLashUH4fEOw,2493,6
wWRdCOo5uGjVq1MMKyN6SA,3672,9
a_jH1ewLLYzEfPnKjE66DQ,3113,480
uaQAFWM9mEKPvITb1sLSKA,2571,58
VkWj65LYmHuZ2ejEQXUmGw,1076,1
JQqKt1RifZ9d6v2lNi5D7g,2439,13
TmMT0sAgcSSsq6z5EThP3w,2717,45
JWkVuJDBg_U3x6aLBNBjqA,1848,6
A068B4j2eUIGdo2tRoIZaQ,1279,1
gjWicEWTVJRYy9YoBHnEyA,1870,8
B66MuRJwQDOCIstt6Kv10g,3121,74
Onn0vN9VVs3qQibyz6Uymw,4189,234
_zmm57gBGl-qwh6N8Y4-_g,2067,14
PfK06SdTrnjCAymSWr1eAQ,3303,19
kWqMAC4FbsOGNA4-kxnyCA,984,43
Z7T0-IaL6tSxUlRJbL2sng,2200,19
zIbQinttUUH6tGcSu-AFiw,2411,11
ighrYa58uQ3O9DbKzYM3Ig,3511,171
AGg43M8pGGF65V-w4nANhw,1979,11
j8m6Qn1aCwSYEBbXlVGgGA,4430,666
j2RIhSkW1a0_bQ8lKINA8g,2732,39
Qkey-Jvxi6GdT1sIR5JoSg,1392,54
nz97O8IiHkJhq6UO9kNR1Q,971,5
4Dvt_2bfe28ji5VEpT2rSA,2550,13
gOG1sjv4ojL-txt3NG5qFg,2832,113
7NLnm4POv2_dYvYOg8NOgg,1125,33
8Rd15zF94Pd1Y40y8QiYWQ,3119,2
P8kPM4dllsv1ObND_TMpsQ,2506,8
EScSt-0mJlAEt9EOhpLzoQ,1963,18
_iDXDMsaq-hCB5m8iBKzYg,1651,14
Nyor0vLCLOmJoIyAEaz5fA,2072,13
ZYFNvoKwe8Y4PT98VN3QOQ,978,7
BiK_7U_jQfFTxz4n8Sc1uw,2223,11
q2x3Y3lDxLtSaQ2PgZUZJA,2842,58
5TM40GaQDDkcWtBvIsa-Iw,3675,76
NYDypLyNSuZXf7GtAshnUA,2810,122
MuaAvQnKnk1rNftsTy_8oQ,1300,16
F1e-d_4WCkOAsyLJ0Ru_XQ,2919,11
-mChR7YbxqnAgB8up3z8OA,3789,89
F9TkzDgC6XwruStwJgqsMg,977,7
0BgfM31IUh0DjBfaMe6uMg,2355,25
HLIupPJz4qGOn1QXXQh8qg,3497,212
W42E8JMyTLKI6FSU0Mau2A,3078,74
d-_PDCaUs5dsacHvW-IJ1Q,2422,20
iFaT5ahTeyF07hW2YR3o2Q,2282,10
fa86mQIKBU6uzmebukAGwg,2081,9
0jtqu56SkWM_heFslFb_2Q,1346,8
oYltNzsceHk18CZzKfmIHA,706,4
D4_MI66jNzELICIS2cs30Q,1342,10
uhPCjphjNfESOoauR2yt7A,1871,7
ljnC26OwFYLijDAHhs_Flw,819,17
9leRUv4_XFUuGyevKJKA-Q,3609,624
JGQSrjYYngp7AESTRhqAPg,2700,83
CcD8i1DyzELdCQSCyWUwww,1811,4
w7iX5rEnqQRDW8AfsjDq0Q,803,9
_qcoU0D2qLl60Exn7o1z4A,1609,20
ZIO1wMHfYyZL9L9zV-GTOQ,2166,4
7WbIIL8UP_DR93NtRuJHGQ,1925,17
c47a_g1j7b6KZ2iFPuIBgQ,2989,4
lyfNz6u4yMZH42IfcymVsg,1051,16
ktRF2vVssTlpCW_e7iu0KQ,3243,8
JCQFZEBABUoL-EoYRFEyVg,2292,11
O2gbJ9atQLYLKwMi-NuhMQ,2422,10
wcvUk_f_l97UHJcodW8Tdw,1300,40
Vm1WjkTlu695ZfiDBL--TA,2617,31
pHjFhW1avHbz8d-CNq3D5Q,1024,4
Ky2nn0TYhH3PuwHPALt7Lw,728,30
v7-x4FD5TNxhWoa6AEzp0Q,1280,14
en2dBobiMf5RRygOGpWArw,2852,28
WsL7iBSxlMHrfplm9Qj6fw,2700,5
8ZIRVt09Fu2OUMUb2ibhAg,2691,3
iXtIZFazf6Ry2mzuVRi_rA,1430,8
yk9uZRrpeUO21JlDWaFzhw,2672,10
zyAFB0chvHxfdmXvLbTddg,1440,16
wqfWZLovADms-hI9upz2yw,1639,13
JVNpL6QmbmL9_7G6PRiKdw,2295,2
lAMh24SC6G9ayTfOwSn5yg,2558,205
MFcuVB6AAe8NbXgjWDiP7g,2437,27
lc01f3OdMHd5dun_ptwyxA,705,7
9aDdvrXmoMC2PbJQPVO8GQ,2748,21
fGjo8mFsSghvnCw-PBtMDA,2041,9
Az08Hs7uhDYW-9T-MYXChg,2721,3
pLo29n3MVOp4V0bfRAjSqg,3235,11
zvlhSSW1n5ASH_IFxWx1wA,2802,3
a7bZHb4rLMqJ04DwQIPd4g,3582,134
xo9DNs2wWhwraFDWLhmKaQ,2463,53
sVyp3dK-PTqq3zTpHr2M9A,3094,11
3NcvQhYiC0jUblVfF6PUeQ,1862,43
l2kLxGdHhddeDQdOZVPZgA,1609,6
oLzPqhpM1txM7o6wA46gYQ,1252,94
k1_Q3zuG7GjrV1CLxkAr4A,2412,40
-sdlIMe33SyA0JlDLodGOw,1537,8
ySHIVDAdD10SXZvXx8jvWw,2213,41
iiXCYZ9gQAtPgjF059YTZg,984,29
06cA1hUNEcLblDYGkQniCw,2285,7
82G4bKdmJM2KSK6BBkTiPA,2432,20
ASB6IrML-f6J7xIMelAYwA,3411,27
aBiqhoTmDlRQVcIY0HST_g,2252,7
PI4P62zWAGZeLpWy7IImRg,2798,82
o8gDkbS58sDvRFfjGabbpQ,3643,10
JanbpRLQ9pUoL_e2sq3KAQ,2380,8
9QbTnWZsjPL00MMiEujEJQ,2480,13
AXOH6qUnsvI7uWIL58fq7w,1316,3
lcax-HXcnsHYHRMXFP5UGA,1274,6
c75RjirUA_4wzl47TlZEJQ,3578,285
f5BOjjIc6KXt0veir5P5nw,2422,7
WRNL7eR172obLfx3Tn-DrQ,3102,218
nLq89-lopI13idy6KMiHOA,2384,17
QSWr7Oivp0mClj_PRZLFLQ,3414,21
QpYWkoBEystxHS-G3hIgnA,1901,7
MddjbCFyp9mWfEb8R_EnTw,2250,1
fPdHfLBoPc4kTqnumssPkA,2986,13
KjzyoPDbpWwHKK17S3RwAA,1818,21
0HPh7XAC3E6Avo00vbx0iQ,1938,70
XxJs1r-mWm7GoB917kUCMw,2270,35
FsFJAEGlCDiCWLYsCyXYHA,3941,62
kTY1OFyGStmDtRm944EMNw,3457,21
qY8lPl-kKMAfv1OfiyOD_Q,3247,32
Qdw7RjMeXAQJ9cZLvhSbtA,3638,45
UXX8Clg-r3La0_7zFAooXg,1936,15
UAVPKYozHflzjbMhJ-jPdQ,1991,2
K1ATMKQcsfE3U9W6AReKUg,2754,25
deMxUKsi5bEvgFiXqF0l4Q,2446,16
oIWiHkvqE00XGftlSTd8JQ,2279,13
QmCcMgvyJf6FtOHMerVYMA,2581,15
JLbZnoW-1ph11t9SAKMTPw,667,5
7yA1eM8IyKFa8zJxQfUFng,2775,379
kVIf-UqWsVNatCsKjrs9Ug,3829,31
YxuIN48byJUiZReF-0u5Mg,1439,63
P1Am0BqogFsTxP5njGp3_A,3017,35
jQS-7hopLZ0wKLvSnUGGxQ,3358,21
uKQViHn1KbdW-ibqhSfxFw,1109,20
agxdjGHcUrtdRZOnUh97bg,1250,12
aZyRWabMpWQ7rOet01kV1Q,2878,1
GFR5vWJ0KVxuOIxlQFK-Lw,2478,41
4RONSLvZAix_PW8E0oxPyQ,994,2
07RSHoyKkBrZhU9XcURRJQ,1486,6
Yb-speocW83xKq0eRA9mgQ,2921,4
HMFAz4K5ZeMXcAhbEmMS-Q,2742,266
aALbJFdzg8FXF9dnLBLJ5w,2718,23
0_NugHjqrskiIbWch6b9cw,2506,13
sVdZiHBcLhPXRRmcPGmDqg,2931,56
EoKg8T8HbcpTos9cUVyfFQ,3229,123
8IawMovNgC2l2bEFgkQiWg,3022,12
X7Sw4f1_NPxee54ARwurtg,2790,3
vLGMCHV_9hKnkCzl-HSBVw,1358,29
8VpEQLujR9lq6017PS1C0Q,2030,12
xPzuL2YF2vUjCN3Xb96Qzw,2752,32
vE86dgVELkqk1bWzBRzwOg,1859,22
O2rustXsunayIkiGKLoyeA,2823,256
9XDFZlGs4-QwQx44YODnWQ,2591,234
ur5p9YeEVGlTr7gB7FnSgw,2019,13
GDAGCkS0itUX32ac1-RCBA,2583,158
PgDEbmrPQKvknqcbI2kIDQ,1815,6
BRO98wNeY2Q_BZX8G-iVvg,3233,34
idzPHtxQOjhy4gp721_Kyw,2473,1
cMLB2sdiyuFuXHe51NfuDw,3851,11
AJ9S6hw8hc6kEFL47DTLaQ,2349,17
2C5KmJSy25uKC3pPzgb_gg,2737,72
NHuJ-lTQaEdtj-xcIV98rg,2220,4
9r4BOJeqGFn-TabsqTGcBg,3203,118
Njqy8tmFaQtsyxcEDBNqqQ,2647,25
6xIxZcykP72DwgX_Z3LBtg,1659,45
Ma9wl36XcqxDyR4PaB6DBg,1681,9
lcpDdX3AOd4EP4XyD2ySnw,2928,2
kneHNXxJpkQ-Aa8KEAscZA,2584,4
u6VQfVdpjW6d3441Of-QJQ,2635,1
KvfLh-AjUBLFU-cD5tZanQ,759,3
X-IGqwVK9N5Tn4aQv1W8Bw,2320,14
irUNkj_r-rlUoTSyR87uUQ,4022,37
1Qmo7jcTRep2fYh_W7bcaA,3261,18
BY48bhwBwFFuomiILVd_rA,2412,11
BMF7MdDnLD5c0Zz-jKxS4w,3254,19
_gjKuFxdQSLPrf6fYSiUwg,2830,18
_hNKpTtWVpC4Y1I1i3CF-A,1912,14
jK-mSyDLKZoP02FL4VMSIg,4110,328
Sc_X3qYO2dy_Xhxi1UyV_Q,2804,15
pmDmtZyGiSTZHYO6R22LZg,3385,145
XUmtFVDsv7Ulp0ixG1Au7g,985,3
lGpM8DXwiNmDgYwNmLWeHA,3899,19
NQ0gBgwJlp3vzSeillUkPg,3365,417
3trcrgaN3hnfyXlnQwIj8g,2665,36
6jZBmMAJ3eE0NYPftb6GWw,2600,3
xmDrj29gE96A1Pj61BNm2g,3158,16
k2MfcprJu36KX5h90PRXmg,1425,20
cGct-U88YiTfwHYchylDbw,1443,134
cjff4AO1WMsOqdIKPzqdeQ,2403,7
pDTK8-0Qh-hAHwcde0omRQ,2433,8
oCdh0f8Bf2hC4SBPlJrzSg,2824,81
bdX2TaUuNV4xnvookwaVxw,3041,50
NJsIKmUEJ0Xe8ZDGl73SWg,2836,4
2AiD5jwsS9IulFVWSlo_Wg,1800,24
mt1ULcNEX4exq_7ENyLLww,2758,2
34J8iAEGcbQ20iaPeBWTyQ,2929,39
b9MPaBsB19it5mThYxcPlw,3132,18
O2U_kxVJvOOQkMHNRl2bKQ,3033,30
5wbhLP1rstaHRUHFQLZm-w,2049,6
1OfkI2t7vwTDTrUlFmpQqw,2943,104
DWOxS_B07NK6pjjyqZkoGA,2739,10
L7FyKxmkZA4oFwRaul21QA,2971,114
P44dtHeXkCwndppNHtlICA,2285,36
MjLN2Gfv1UKI8-BT94VxwQ,1815,33
djJSMdTyoInCcJ3BI50eRQ,1272,5
UDK3hs9_Tc1lYUCZpjOkaQ,2841,9
drRa_LgNHNHn7ohkmyx1ww,3327,25
_iUokVT8O2ncRye2U1Ussw,2052,8
axipaIsHaxkLTKpeQsbpVA,2349,3
pi7yI9eqJxrpLxa_qVYrFQ,1304,4
L8ggcCwaCV39b0FXbHZ1jA,2580,61
ny9LdMchKzTwW37vNqhTbg,2831,2
9jYd1Oyet0rsbiaLynctjw,2541,17
02QDOzncCS1w_lj_hby7Qg,4133,5
-6i8Oi543GfxQFCgE_Olvg,540,1
PgYGEc19Xm3pwacnwHmfcQ,2031,40
0P5ZwcGi0Gae0zICM6ga0w,1617,10
mACsYQTF0G3S-Q2HucrGOQ,2590,46
sJaUXcEFN6dNzJO-eQm5Kw,3353,1
Xk10vMKLDZIKZq0yuyFygg,1920,21
tyfirA7drKAjdwqj7YHYOA,3497,39
zxGejXvesnPiiMVmuvZjYQ,3045,10
ga61EErlkJvx3CxuBfoaxw,3086,35
TyG8Ld5-54bXc44C-MvIEA,1487,14
QSJTfXNxtg8-QovtcpPEDw,1260,32
I6fBFXFkvHXdJqJhF0DwzA,3812,21
4Cf00Pc3DVxIzXrMwV1q3A,3362,7
w_abncZcDNEIctPj5r1mjA,3230,42
yMfcUAKooHB1pXx5zy2cCA,1977,61
bM3_cdoY0F6qOx2HvGS47Q,1648,116
VZkMzaiw3TZFYq024Oe9Gw,2210,28
jwK3uXsiWXpG7kKfIAaxDg,1500,3
nNONMlfCZDi_M95DHKhsRg,1520,8
yvZEIT_lxqkJiKZj6IB2RA,646,6
vA7U3VEqeAiQnxIn_oVpFg,1889,20
-2OYbrCvwt-titaTvNRhIA,2360,48
6UpjDkAgTbaBk-75lSEcXg,2016,22
S4SOsiZda8SKP7VLTSuB7Q,665,2
gVMjG-5n3KE93anLT-VZ_g,3189,26
3amILcVOcui6avHDaivbzw,3088,43
07_Z6Gd1YmtuwBKCF0Fkew,3188,14
lOgrx9nHtVm578987ZN7-A,1554,9
ZozJRmO-hkcdTFuYivUjWQ,2366,22
Ndp8Oc0r83mZboThSjtjbg,2271,40
UUqGHQFu2tQDGv5r3yJWPA,2011,253
07BNs2fx06UMRWp6KESSjQ,1994,15
-ki8BscT-ayZlp_8bHD_kw,3081,3
GHiW1SHatgz_F32PYqpSUw,2967,37
-Lg1tmetk2WiOFeXz3pqnw,2151,15
EO1Cz15wYnHQ0aGc9T6tzw,4254,2222
pn-DemN9YIVwEbXTzyUaeQ,2640,21
nIYR3jFQQszLM-oJV0YTjw,2081,12
h9oIv8-HjXiOn9jSf6jKmg,2151,12
pfyxV7i_tX3spT_i2_O3FA,1049,5
hEpSglQkmFOIfBSIwED6Kg,2159,7
-1YGFe7qDm2yl43AqCbMNg,2414,14
gPlSy82HULA1sIRQetHmvg,2337,26
iTpsnuaK5znssFANP_3QRw,3037,3
Q0Mp_dW4cQ3RCPbuRIryWg,2466,13
ABznuR90eDhz2GIouHqHFw,1292,4
_GwaQwKAbYXEPVzFLNk8lA,2269,24
ERIkO4lCb4QQCT3kcqoabw,1943,16
XZpu3FmfCNnEN9kvO95WvQ,1383,78
0QFmb3DMeaNVTk9W57mSXg,2093,12
7jNxmXN9yGMUJSFzn3l2Xg,2495,6
Pc-fLWzvKiWAUpzmRyXHaA,1804,24
5UsIc1GVSJFMYAfwpMv4zw,2514,5
BHuaIq1abmZOV3S0_kwdTA,2194,4
sKDJVpr8G4PySXvntbO1lQ,1328,7
qJGPOi_uU71s56tLBm4KAw,3293,23
xYNz9ldUAFG-oPouOwhN3g,2766,6
uSHPiNOkcYPEqtyTYn8ecg,1600,3
Md_3mXs1o9cpLIg2Pc8BVQ,2486,120
XqjwkcZGgQADxLHsBnyC5A,1885,16
WafX3Z9H_iMwnUDD8jnlsQ,1760,4
lMHxuwv1jF3bgOTTiKPk2Q,829,53
mBR9JlSej6CONeY1lVtdAg,4452,17
wcUnKWhKonKXpnhXbhnbQg,4542,10
-R9FSW5aUfJP0-1TWvTyIQ,3484,22
opxCHkb8RnE9J5XXH5djnA,2149,11
faDQFMrt6xt5LNfxOjaZ9w,2683,69
4KeyYs8yyPlYdYQw5cY2IA,807,3
cyP9ECQdAdGTxMIvSkuJOQ,1569,7
hSJRA_3m9XsngrDkx8s_9A,2912,13
2iVa9v93Y5xtdrYVSQVIoA,1968,15
aXaXsVLmjcqU2KbmuXgNYQ,1604,5
-toTVTvuVOMuGopecT2Xyw,3134,11
zmyecPTIqeCBbKTEFnWc6w,2060,15
mMKmZjTC8Ev5-2QavR0Sqw,3263,6
zEADN2OWj9C6MBjK7WOadw,3412,631
z6NU88avGiys1yLMrVG1rw,1887,17
T5I9fwtXinCgUv92gFJ4gQ,2803,250
h9D5tIcTANmUb0PmzLV1vg,1962,17
HHobzt0gn2lVZrsYiCnuYQ,1997,18
Rb7ehZzK7zquTDGC3xyh2g,2345,11
0dn4DHs9H27uXu6fm-rJ0Q,3882,10
J03bJp11ZaaQ3UIjqcnomw,2504,6
h95e3mQF-gcic6jtUTTDAA,3037,6
KsXRmRPR1s9nMZlWstsRfA,2214,396
02DsswkTX7B4Y1j5GWBApQ,3517,173
pp5rKXLcCntC4UYMfHQDSw,2763,7
7Jwsos1kQXMshtCdJwRIUQ,1177,11
ZxlQ7Lv2RzMm9sDfsRzyFQ,1534,20
-KrCIMaM7sUEpkeBQVQr8g,3097,28
k8tmJIuwKG5rff9t7d6Kzg,2652,42
K2HZlD_GA8UqIZWPV9PWkA,1189,1
mjkvgvDKae1tQCjUzmRrmg,2046,11
yC67_WytHL6lAVMNTdFhSg,1648,12
_ReIRnRGAa4bHvhrJnyZoA,2488,7
U1OpCf1-Z4bO4YhNpjEiLw,2207,3
nBHl7ezgfxRRCO295m-A_A,1334,27
LVT0AbAlo-kF0uDKEOjxcQ,2739,687
o0uwl-HCoEpjoWNFWWSskg,1368,6
7PxhVbqxRRGTQsXfmMVTTg,2719,16
lZQ__oKigTP0-D-xWOspOA,2465,2
5gqUVq33Vdh_C0U5AHAYJA,1711,7
YkeIZtfYNAOu0nt1CO4ckw,2274,24
jxjbjGZ-Et5NhRiuJQsTZQ,1718,4
8y7R5FczyAixgwDEJ0t3dg,1885,5
dbz1KkQUCkDqUJ6oqxJRLg,1765,4
W53z0KVlLZ3UwRDSbUQamQ,2065,5
3YGMTpThekWAfgVE8oWngQ,2740,11
MbQp9H2qeqceTaRvPoBhYw,2467,3
tmznFkFDhIjfpD_vRDZpWQ,1186,9
L7VEJP1RrpXRRRWsYIu3tA,3385,1379
rsUgYPEjRgVbDrLRaw_DrA,1021,2
sDAKrnkUOMhq_hFQ-ZXF6A,2060,44
QoP5VcUZXDZTtQ1K5Hhsyw,3050,15
ij3OhNSSJY9NW0zUeV2EFA,3749,10
FNASVQChuhi28nR871PcdA,3137,176
J1Sfn83695YOc6kiIngSYg,1082,1
JJIJImbqqXXH6sk93yH7hw,3700,328
g7Bi1_9d5qdWWbAYfYG3SA,3025,16
Fqe0t4Yg6QJ_p44_wsmPzg,4252,176
SWhH-Z4mGoevmgao7bmpVA,2737,34
Xv7b_OWD5LoyE0FnuHouJw,2854,17
nOGORvmi5FqEePG4fedx-A,1136,13
GQVKIAdXA_lGFOtGbBFvCg,2712,11
ky7c8Ml3LplhMMBoT6d6fg,1668,7
g7AcEv9_UKkoh5gY4FdTjg,3006,33
5uhh9r57Sr24bJ0WDZQHrw,2496,47
RpiK1w3FZ9QxLtCaE-siTA,2210,11
T1CCYuqApRgC_gYxP6Pq9g,2686,14
yl8LWBy8yJqQQ2eZD21vBg,1745,4
2-ubVeQyXGHarhZnd1dUKw,1780,4
Ct9tXaKnMfb4T-gSxF5nRw,2269,17
JxJ_qNuo3MuoYwmol-YEFQ,2951,90
wMRn2ujNfqqJJmrzJ-jpPw,3584,7
JpZaT9vuM0HrYkZ2ibw6KQ,1730,4
wEekkPff1Xo8I3APiv0izw,1578,5
BotOvtaMUPGIDd1UwzVjug,2408,22
zQwSIxitVSShtoEs735fiQ,1254,10
JFXupPixhhkJmlHlFQTPjA,3240,94
fHF-NdJEVQxSfkswXop2Ug,3180,13
Hvfmlhf8u7pPamLGYhcTdA,1887,1
rOnBmf90zyg0DrGBOmNqCg,3185,35
-ZvqMU6dZ5rO9GJiXwVhjQ,1787,16
F1ON6R1n6NDaRXroGF0Uaw,1964,84
tBPW3nC7-UqD-CfOjWyz_Q,2589,2
8GRJxVRNzKirwiWQpfm39Q,2614,11
74zjUBw22x1HokoJXKpUNA,2576,21
gtGiROpBTUt7HQvQNATE4A,1689,25
N7tOTwaiPtPhtcqWjxa5Hw,1978,7
4Ri_hgYl0cx89NoMxIB1cQ,2523,37
m6gwRE6Vtf0vPjU2UxDiow,2625,62
X_DkwPTzdO_VWzUcbUXREg,3798,1095
esijLRUWqQEb3ETr-DWkIw,3131,15
2LVzMmWYZC_JSudkpwOpWw,2812,122
eJ5T1CgK_gmda7qvaID5QQ,1817,7
TzZfmvK-y7djJJ4Yg5CuBw,1179,7
geCedPlnrtF3nYvdoyWUFg,758,10
o_wOpL1H-zpdq-AuxrlkdQ,704,23
MqtOgcxBcgR8dMqAxcnH-A,3718,45
isP3qpBQCxKTyy_1HR4LOw,3638,33
lAcJLnSa9HiymBVXih0s3A,3181,16
WOfakw1YXmtYcuaep0NcYQ,3297,51
nTDnO83TUQWRFu7yO4Itew,2383,16
yPHavDKnaoAdrG621Gxzxw,2412,2
kslPQF-dHqwRaqBd_Cqilw,614,12
tuJJ4UPd7eVPHZeiLHY-Og,1308,9
OSpCfR5-k3vgOTX_VDOQmw,1043,12
BR47EvhljOHFK9QNMDIYaA,4541,210
X5A7lkgzXtEsbMyrcJLwIg,1086,3
BapQkNZvJqVzgfISC982eA,2028,3
Mo3Kkmu2cvojFZxgi80kJQ,1774,4
tlR_3r9j7t3c1VrlcKgiJg,3638,41
ys26Cac6wDZr5cIzMRCa0A,1671,279
W4mguNWnYyXMc6PxUcRfbg,1050,3
SCfwpfD5mWk0NSAewzXrLw,3562,14
XmSd6mpJ1_oTMekyjbjTiA,2155,3
UTrnLIUjZfyMh00XhAuOQw,2470,69
kFuJlJlhpbJgV4rOVXUNmA,651,7
Fvs0pma6I6E2G0GzMmBNGQ,1285,4
if0KeBZJl4okoZfYCMTAgQ,3781,464
_Nw4usT8M3oJZgKaKAgKpg,3738,66
oR6d1m-_wyZeaJW-GzJX5Q,1737,18
IH6fcFfqtc2bd5PCcsdFbg,2067,14
eHqyJflmfd8QU8vlQ8i_OA,860,4
y431l5GrZE1R_M7uTlFsvw,1486,9
vxiMEZfCUHtO640sA124rg,2882,8
1KV5CbgqcAk_YCpab9cECA,2586,19
2smBZLkcYUY4VgQJnnyWow,3905,33
4ip22EzfHFD9EVI9wXpJnQ,2747,24
ReeBGvLDhkYouBttFHvv-w,2731,215
5F_JeT7CVpxQyztioN0t0w,1306,51
MznSIYLow7xJsU2IeObp5A,2480,3
wtbaF4pkZgdZNkazSZH0wg,2970,80
Y2Lbi1mUr0SH3tC20ugf6w,2393,7
s0jP2VjOflwA58ZQltyzuA,2505,23
YgcqSIVPEnvK5yphYObTEw,2528,20
tQOWr2gpgnS0xwu4ii1xXw,2277,4
7D9dPxyBhZ-wOKxRz0eSTg,3049,28
AtIe7KjTMk9_s5bXZmJ6sw,1267,17
bIN7C-E686yyvbRkX4oVag,2466,18
xj3R2gk1Wgq3cOfyKppexQ,1449,49
RgTByLRNRTJNmeWgp6Kg4Q,4235,109
Q8fNSloktdb77BEea-Z49g,3104,37
YSI6ca4Wc50xfQz3pDgAZA,2293,162
7LNS9svMtNIVgLwLGRznkw,1742,7
QcDAlE7EQ2NV01bUEXF33A,2986,38
X9-R0p1UjeUCoHB_FN3bxg,2989,20
MBiYvAWq0o-MIOzDs7UHvA,1452,9
gFz5GOyvexsJ0jvXn8Lnwg,1190,186
X9k-0LTcHOC72nXA-3AKZQ,3003,33
rdg9MDFhfDC5ABJol_R6yw,2665,36
EwrhEF3LvNDu5IjoUBrlMg,4243,22
oQBJMXUD2AhOC-2OaVdKHw,2207,47
FNXN_A2r9jfP2IySZJBg-A,923,11
og-vD9plC5tinlV74Ohndg,1621,7
Gdex7Pt0vNTryJT1_NOSag,1818,30
8uTQmpfxAs6DrBaiAyBVtg,3414,11
vLwkVX_frieCF2NDimsA9w,3805,23
-bDAhYK-Psbu1hMHxInHIg,2626,2
8EABnAHbNMGvLIF3Tr35Uw,2227,29
8OdqFDm2Ri0q0cv7i4WqGg,1175,3
1BKkoiiJGIvvQIXxspriog,1618,2
76RaUwqE4-YdgKij3mmlGw,2437,50
RCSc8l8TBqKSQ7O1JwP2xA,1481,2
MYR7bB4d9FI5GyUIOmo0lA,1087,6
Tc_Wkmksc95aEhE_KrgCjA,1087,16
vfPBlNs91e-tlfHvIN_Upw,1937,11
v3DoPcFf57st5nd128uVjw,1897,9
WQ63LRnRop2aUCK1qQSwYg,1377,31
4ZiRlieyqfqkb895V-lNTw,2606,6
PKBun1Rwq_ffpQga43Og8w,2695,77
HZuuwzR5y62necF9CMbBBg,2393,28
TuBGAHJHy8UQ7ioiKIR-Iw,1172,29
p-CSQmhGXcfZzzX1LfFegw,1439,13
q26iA15EgS7B5jtWFX98nw,4227,17
1aXNSz3tjctK1rJt8hTyig,3181,4
CeA_KfaDZq1huASNRe_MAg,2049,7
t-nB38eHbeFuabXBdJMwvg,3854,357
qZ0QcpKlF_uaYfe9tSDnJg,2195,16
p5LQuhKYAnN4zhK4aqLv1w,1662,40
LD1W2gmRG9Sxjc5X6QLGUw,1261,34
YbJsrfQ0-SEuuEsZRum1kw,1506,1
VKrpWCCEMdg55h9GS8yfyg,2000,5
_nn4ghf35TuuJT7TOJUcJg,2951,8
wD-LtMq2BAHE6bYRwjYSYQ,1228,10
w_ymCHECOkjlz8bX4aemoQ,4731,123
aPhSFThxSB69oL3f9fa_9g,4154,21
xHXo7ERkujwOssP0aW5r4A,3230,3
sasMEq9S5HiHEATkzUlHwQ,1422,89
r4HzeUSzVPn7qIp3E7BQQg,1693,6
52s4gB1yJj5IHVodNzcWIg,2236,20
qJxugO8cbUll14ho2RsFDQ,1611,31
JWxrdoj5GqDo4225-vuQWA,3993,102
zSO9LdfJC647HvChi70-zg,1153,2
A2zK6FQcI5q_-t6xy2POcg,2237,4
j4ZE4Yrf1_vwE1DT5CDB7A,3798,92
jqyCC_CE1KY6oSX8xD-FZg,3420,244
nbmzdAiLdkhbDjBvPiM35g,2313,27
hkBjOOpoJ9WBJV1MnD3uKQ,1919,19
sBymmpQWPbFJo3m4LfzRpw,2844,4
D5FjetjkjxZs03plJUX5eQ,1102,4
rRFThvik7JdKB-ew9l_uuQ,2096,12
h0BjqYRPKA_Ijt4s49u8mQ,1822,4
36KObzvbDYtL7Au4DzZ04A,2825,19
imBfIJm85WkcD3xKUOaAAA,2882,18
3_Sx_HtnoH6cnXLgdFEytw,1261,29
N9AovxKjJGhcnJOLFlkcgg,1607,16
inYnVb-yUUycXAY3e-btTQ,1804,5
m0Q6y7yu4SYAh4TZe_1wCA,2212,6
qI3uzegMdq3q3WxAajECGw,3430,787
WSB12gulJ7w2QN82xIhcYQ,3934,136
0kF6C-bWzndqdbwEJCwsOg,2436,36
lkPYIXIsaGfdzHttDJ6KWA,1825,54
8COsZIRTUp_jsDwneGYyyw,1055,12
Plqhhm-h2AoSq6HYc2XwqA,2813,7
vojZqTNlA7IigIk8hIekuQ,1935,9
mGxCFkdIYaNGzUKxkHI4Bw,2152,10
-opaINQY4s2fEhPanuQXQg,3418,17
c5Y6azYP8aYlf4zPJd1x7A,4251,228
wyIV2rLadIeuMRMw1SLogQ,1541,5
BW-AQDmrEcm0wvC8vP0J_Q,1414,54
yk033lQ1EQA0M27jZfxjgQ,3244,39
xVnAp0w2AGMU218F-TcSvQ,4363,120
juJ_4X6J5FS94YHPYGASzQ,3066,15
iYdF1oZJZXdmGa3QjOBeoA,2015,46
IbBHOt0RG1rGWQ16Kq4qLA,704,2
4D90YMyPxBtPbIpodbBmeg,3113,558
HDFqF5XZm8gazJyEYG3Y5Q,2809,140
9TUaRPEFnQfnQU8aQ8zo2Q,2722,7
HC5zLdut4caN1VPqxqRsMw,2006,240
J6vVhzS0tzwCgnkUW4r6LA,1592,9
H7Nv01QbeoKWM2LFcTsThg,4029,24
XPTS9mzRrwfL8huQEO8Zeg,2271,17
2D_SPKmRSJwfBKJrEKzaGw,4010,72
OHoaTL4FaohMPVDbNdlGeA,1610,29
F-xATFSnMeDKy7Xkfz_Ujw,2356,17
6HRh0xEnQhnpixpYsLdnoQ,3230,13
HUmClClluKP5Ur6X7e306Q,3958,1156
jtU1W2MqemCjv1QefgpG5Q,3277,46
8BC1zxDD7n9nd1RW31h8NQ,1565,11
hcJohQbqPuHUOMm75RSJ_g,2134,28
AtPTpm9IAjWe2hJBC8gb6g,1033,19
P0pFmBdgsP4_ceJuRaMbBA,3650,937
F6zrhW-q0gxqJayoD-MPiw,3783,118
3Awfq5YRqlnKSBa3DkCwrg,1954,17
F9GZFtXHhB3mO5AO04iChA,2003,23
X_ZvlWpSkxzWJghUV2vpvg,3617,35
mkteNo18qC49h3_CQtfP4w,1470,11
I4bdIW3wlZiFsIbTSRPiHw,2303,9
YmnKA8h_zSZTv0Rb6Q9Ofw,2137,4
gkO84Q6-kbl7Xi7Kt8AKyQ,1202,4
ko66g7TKn3pMH_LK80Rj6A,1124,9
5bmpgyfb4FDGmVBr-UlxfQ,2667,8
p9WM-ShZIIE2g174lv-sPQ,1811,15
MZEVsxPhhgvfV1ZtxUsEnQ,2548,13
15VqiQNl1G-TXud8vHCvpQ,3447,5
7GmTD4tyn3pHExza0dygsQ,1007,11
qTLtbqFpImsgvddjs0MVdA,1653,11
bqMyJ-MjS5wNEWDZ7NK3mA,2500,20
Qxlqs1O-T2Cb2bNGWMZ8bg,2491,61
-HF7Z_b1-zObp21ygPXtRw,2343,3
UsXqCXRZwSCSw0AT7y1uBg,3994,2560
ArzkUSZtguzvDuEuJU0Kig,3547,169
BmyiKgSrxVPc4NeuHDYS2A,2591,21
Zx8U2ChOO2DilYago7MvVg,2522,12
PMT9IJK38beTiSV7Bz3Exw,2007,31
mEaZVuBUMfJlppWDTFex1g,3531,40
_uyJVbmhGrXUquGp-lOoIA,714,11
qhGLGEZ_IHiohF0JhIbCOg,2695,21
XRF7U9YJfagUwHd0B075SA,3476,14
32-X2sipxIYMevPyJshcGw,2456,19
sQrZGpNI_ZT-X6Z-yFIDJg,1417,2
nNpkJm7bzaw0NN-UpNzMsw,2615,32
_stvbq0E_wxlqTTg2QGUzg,3593,123
iRa-q8aNk9-FLzsO-YrHhA,2393,19
iuvGguPTSW2p42f1TowNwg,3402,77
UktEokKTibEh4Eb92FZN2Q,2229,12
8iFdGflRabklAt3G_Pd0ug,1914,19
Bhp2pmzWBVxzfg8nr7k0OQ,2056,10
RQV_kxFgtnOTWospdRA-4Q,2095,14
-62S7530a_htLZPWWEgh0Q,1904,5
AE08WYD29UCX0vFJHXX-6g,3573,22
mTixWgsr2dC9CoRjljZjVQ,1559,5
OfqxdhgrNe2fZEIRajCIqQ,3138,11
kvpMAbe4Aal8anhmy26Jaw,3946,115
yiRZCGwzebRM5mnLpYfFqA,3691,476
T0l_otrmNumumynj3Q6VTQ,2499,3
iNw_rn2m88F-WjNQmHhNJg,1032,46
yzs1jj52hCxsODLOtVHScw,4214,40
Ua5e6joO_GHcKs8gULB4IA,2192,8
1ieBOfhSvtz-wesCs9Z7-Q,2864,204
lA6PQt7mkZv7ucejytih3Q,4057,166
4SpvUkhmmb_KXUnQhxT_Fg,3296,107
pamMjA_mS2WMeKh5Sd097A,704,18
rDkkTpd40t65YhUdAvcbdw,1508,21
lDphCgGIb-5pVAdHoH5jDw,1415,6
j6jgpQr1WNiUBT36h0MvdA,3282,52
V270pyfXgZlnDDCUMAHhjA,1728,10
fabG1edTFn78qTkrSFptzQ,3323,143
6ZW8i8BCXODhoBmAkEzSyg,1985,6
fy2-pBGAtQ1OHHeol_joLg,1700,15
cfXWIV4Cu_Qw3NIl1p_rDA,2012,25
z8_broClP8Bd1LZS5mdFsw,2550,214
B4OSQb8hu_CnM99yLa0O7A,3423,324
dbChWovgXztwEbSwLFJ4yA,1894,4
y9Y7oeqNGaz17XRCKWzWzA,743,5
vG-mjSfPe7_WlLMZvyKzWw,669,3
GivQUvHPAca97MdQJa0ddQ,3138,13
xl6gMoGOGQAkOQmt6fjSFg,2436,9
-D6Dps2aQKveBA08fuQm8Q,2636,232
NvRvVyeQcqhdk0LORRWfXg,895,4
WW0Zr3RPMM9iM-85TT-1-Q,2375,2
BTgeDEXETSI5JfOjiK1TBw,3125,56
sWSY_CwWUQo3QUkHj46tCA,2187,10
Ju79sa1xfbNINm43iGH1zQ,3769,18
-6nEQnIKAGPqxHoCL8qtzg,2110,10
akUC5qP68u0_frTwHLl61w,2322,431
If9X-TAWgCv5nVVXTZccAw,2440,12
2BRFB_5P3OUe6uIBZ4MjOA,3994,460
jWNIh1hPXsbKbDmWO8N37Q,3849,103
UtpY_2YsNXc-uj8e5M8a4Q,3079,291
ILePTbNSNpXbey7FCWyVmQ,951,37
StddXvP59PNWdF0UV9Pf2Q,1831,12
uvcku-SbiBNdBOem-pvTlA,2275,102
ex4ehGnd67uFVnUKE16Kgw,3930,21
gu9rerMkbme_HxnwkQkCKA,2438,5
nNdEG1yAfKcsaLwACuk4rQ,2219,78
VRM05ThIW3fxNyM67H8-8w,1038,5
v_ULARn0jJQz95-kMOinHg,1547,12
fPfl-jmBGDUDatDVuiN60g,1869,52
-822bzeF5x6uOKSuTDgabA,3031,297
QSYJZK4zs2m2IsRt_Bu6sg,1527,28
dkLzcLHLvQF8M5-ziIPoow,1741,9
ULY0O-X9yjSMnbPFUGLL8A,4084,113
QTLNw6m2LZtvo7pjXrvhpg,3321,30
4snYKROauysVyOpD9c8TuA,1168,12
4op0v61ubcI-A4s7A4PO_A,1796,2
V1SkUEbWrAFC5hFc35A0Kw,2374,8
erBDslOZXDI48j5QB_I_SA,1251,113
YRu9FwniZz0cowRGRqbAqw,2759,10
BVq22F7FUTRou9M0uCCYlA,3684,10
XuCbLgo9j1q5dDh9251vkg,2889,239
uNGcFswxn07wY1IzOZPuuw,2601,113
F1HuMV7j21nNwcRa8VnNPQ,666,94
6f2q3uLIIUu2zIgNAFxqNQ,1766,11
OXC5N0JxN1jmGAlnS55kpg,2397,28
oWW9QRDFfAtYDqIyVQsOcA,2657,39
OYBrWjNG_9VWQbtGisn0Cg,4178,91
MZuvl0oUK3QSv7faGx9i5w,2575,502
an8CO22sgu9tp8viXMdoAw,3636,106
-Fp8-2bo_bcwyy3GmgWt3g,1822,20
VoeiGoALJbBt7g1i3nJssQ,2492,34
w2FbNarEtg1p2YfRIZ06KA,1782,14
U_6GNvuj_SBCH1eES9jPkA,3099,195
GGSsiVS5af4lSTZOOpNE3g,2109,25
_p2xqmF7_wiIIxZTEstW3Q,737,7
hdU83twxXZX-qTaxIUvyVA,1350,5
Ubm4fJcX2lA6YhTiRyymEw,2482,18
bGu2A0DJ3JnaQTvepIkaPg,1805,5
a4Z8X3ic5P1YDtNzMlxCMg,3051,444
7bnEx6G86DSfS9oUf5UIew,2830,132
A0wuSg4rV6f8tqU1R57IFA,4583,101
QfYH3OK8-djDjAOdJqIekw,2414,2
Oc2YJQXa90bEb_m47GaQnQ,1790,18
ujPT9ushUkyOO4_Jy8hOzA,4330,414
HWiQQdlVlOPOYUkecRpHYg,2338,45
xsB_Mhm7jEpPu76bU41H2A,2857,5
PL4gDgcyl2CmeaEAaE1VZQ,2558,30
KiIUcThBoxdE5Rke9nNKSg,2370,199
QXKH7s1OaFma5wWnxMO5_Q,2721,9
cNbCt-jQJ2YZ3w6BacPg_Q,3805,11
Vilv7g1_FRdZmQXs3lOhnQ,3915,236
6Jb4qE25lxdwYt6uQwdn9g,1741,33
pHPBxinmTZ3KnUfapyZHQQ,1233,14
xCANz0ccZ9-WPJUk8oZr3g,2951,363
hbUP0qy_sV_PrebZIcyRxw,2465,9
ml2HbAVm__KvKAhu1Wjetg,2515,48
DVhrMMjptaGyUYxyNj9gtQ,3367,276
yYLHxfAQDfWlfPLYbidnNQ,3795,10
VdDO32dfngDsbuSywYurzQ,3148,183
UOYBNW0HFTvFLAeo5_ZBCw,2396,2
DFa1pvPx0fcRrFH5oeQ-Tw,3010,76
4thDWCdKZYBUSSzvkFsnjA,1638,16
45TgxDbVIrVsQ1iz4r0y7Q,3014,5
USHhXKWgwmbUnyK7KfCozA,1463,8
uD2iVPgU2zjQRrFOhbzb9Q,2856,75
M4uVXYGR26vHBi-cVG8hZg,971,23
IFfN5MenysCNtIX1p4_4Qw,1298,9
OsYvVbA7VFo43-iqt3obAA,1138,2
O4YKI8tmY09hJxmWcWZijw,1324,11
Gi0xfF-W7JeYhF2mlpjEKQ,2473,10
oE72I_2_lbCDMN2SNrsOyA,1712,29
bKVoDedXW_B6i4-lL6-YDQ,1922,224
rZZ3yWo6OLcW7zDYjAVaZw,877,3
IxXU2tBuysM7V1Esgmc2Tg,2767,4
TTsbBiTfAhvbyTtmvHwBYQ,2195,35
2yq9IOCxJmrNeAcd-vjRKw,2537,5
LeKhAB4UcTslXUbJOCsxxA,2348,51
OcKVJHp5se1fRt5GG1ER_Q,2881,19
RRpJFk3_Djy8txSXxZKRgw,527,1
pelwr_tvMjfMJbkxT8pt0w,1191,14
PT0feilPCVOg_fHhB4Oilw,2970,36
X9jt1A9_l2pdcAb81QfuzQ,1085,1
tYcfg4zMlqI5hKeq08JwBQ,1310,1
deZn5ZaYZkVqW5V081ZCQQ,2053,24
fCAjTS0ZKIPayfAJyhxc5g,4074,14
FEwPmdKEV6LHirLUT-Ws7g,2633,3
QFjsIZb5cfFk-KhHpCQyOA,1082,4
96so9fCUBzTGCTpGAXVt5g,675,4
TR1S3X625WRjJRRqZB8FNQ,1190,2
Oyn4sjIg67DnoCRkGyC42Q,2589,4
ppprDspnHTWABC3hIekBIQ,2578,6
afhGnIFLZ4WAnld6JaydJg,2215,53
7Ghoq2bxPjtfeoOATgtXnw,2872,24
bo13RkVgChuU6hTD9hKZLw,1664,5
RIYA9d_NvP0BLHLExIxENQ,1961,24
hQJVte1dUCE1bqovFbvrlA,3514,24
qTcSt1nKSN9sQdWXIElDbg,3612,11
3dbU8TfEwqt-WrzYEwgHFg,2909,9
Zulw5J1IFkWq06TeMwdaQQ,723,1
PWiHR0lyF8aTXjs-ls3u1g,1474,2
s5udbbR5aP-W8eUFC5T9yQ,2487,299
PiZH986SE9syf-sB3G6wHw,2879,9
VabdAjkC_AcH7xgQQLF0DQ,2800,96
130yiaBsIJ7JnJsJqxgsow,2275,43
2pwL6RHYAyBvmZxtFfVUQw,1740,12
KgSjB_iXFWLkR_BGjip77A,3565,42
P0hK4o6d2Ie1M24btQ0PAA,2760,202
UbTOCPXHAlN3d3jxCV-2wg,2703,40
9NKnJE7meXLsd0H_7454Gw,1209,10
Nr3zW3UN02Wjwf89IYbs5Q,2888,111
EPHwEAdPt7wB2DbqYUKLVw,2955,32
dI_E1Vv4yGKc58nH2BIIvg,917,7
3XfQxyENzXjEeedwzETx7w,1815,28
OHRi3vtQalzHltYp4FUPSw,3404,70
PwBC0kRl27xPiZH1OiMeaw,1822,47
8mawZKZ5TsqgxwaQMWRXyQ,2560,7
GoI1VlfWQCzYZRSqWP3HLg,2002,3
mXSO9V5YwwKLBM8IDFuP7A,1047,22
1jAwlLvoios1DO4ayWcmpQ,2330,13
ATK7enn8_i42byIJ5-Aayg,1237,9
m5kbo8Bn4UFeK6VYJS4ZMQ,1941,11
OclJSjMcG3a-_EZWGg-ijQ,3758,425
qcozriXpo6kand81pZmexw,815,5
LQx_RLGja7a_AiXA-QbWAQ,1872,19
7eWLgXQedEVvjIp2xTAugA,2906,10
87OcwUi_dLxVht1aTcMdtg,2589,6
kgLo5Cwt2ZmLls3NP36uWA,4017,7
EEY4EB5d941VKeSfaSSSGA,2203,6
aDecXrigIQ7DGIVu8j7EYw,741,44
A77MPCnp6mi-pA7MT0mDWA,2469,15
d-enQ3gGn-x4fQ3-cUwVeQ,2061,1
F8tAKoac5P7wD8ZybflvRQ,1569,1
2Im_yBRksKU_LLHg6_amCQ,1412,27
r4_9pnvfEzB-vqg4M1d75A,1321,3
NK60doWdZWxhKtR6p3jW8g,2713,121
pW_CuS6JXrhF5lo0lgRJSw,1615,3
_jxAyO6U5sbUK6SpIOloBA,991,2
021J_CnYwB1FGztmijvRMw,1217,2
jqw1k__Spr-aSWusQhpeHQ,3285,52
WUX98JRWrLT32Y15UTzZMw,2421,7
agY09i3KDkRa1X-xfHyi7w,3375,8
NBjBrZ6_eFloSiehodYURA,1411,15
l7zYqjw6Ar9KCM67XwYsJQ,1411,1
EiCE1_NsTTXsbhjKFO6YUw,1396,3
oINYkvsC1OuPBZybGdGxvw,2777,8
RH-2yESEXKMqyifJEpTnBw,1990,10
3f6V-Re2I-3Vrrq1ws047w,1906,6
GX0nJ6WuvH6mxLLN1v9ksw,2509,32
F41YdsDfpCEGD2aaHhy4lQ,3385,20
Pl_kd385sDSRffuFgMN7IQ,3837,18
U0EJUF2_6M_oWDjCtrnnPg,3449,20
Dzw0_g32l_ni7fFVgPFaHw,2134,2
SI9dvotpNbzIK2Xs8lL43Q,858,16
byZoKzFjR-xxDPYn2cBWmg,1459,12
bMI2T02s60_SybKiNH-DDw,2825,316
NiLlZhlpxZ5vQ2fhRM-93A,1896,30
2OE7uUsx5VDshFzPFK6XUQ,3816,107
JCJKKvIR6Gk8Gf2ArtL1Nw,1609,11
2Wndz35x9Pv3Vx3Dz1TUmA,1240,3
AzgPEuATHHnIlSAReRxAPg,2296,14
vTzj4Hc8PZ-MJF_SPYjmxg,1234,21
h3M2j6dvrkqQMkDfxOWMsQ,1608,5
d9a0JCq3VAFceiiv3jH_CA,2339,18
fCy6T0yBLCAFdWoZJ99sEg,1211,6
lXYs-GwmMEuC5EOwm6C3tw,3629,57
mNG2LZxSPoRsqp5bNkw53Q,787,1
Pra-ofPbyLFlQehwLk7fuQ,1835,25
ssa3XHNw-VMA7zqFir3qUA,3055,176
pN0o7vbzibvat_iM9hSsCg,2727,17
2GqP50-NZsIZ0rOkLrxFlw,1143,12
yyaKSsSFECqX5IcZpnM-3A,883,20
f8xQ-f0H8XleWctv-50ECA,2875,12
XHpu5GfNm_VfqqCgzMQVrA,2116,144
RZopDG2MzL3cZK_i3vL3Zw,3424,104
HXrXWeoI2I_2KYZJi86Ibg,3241,91
lPkH-jBqFEzrnf96D4sfnA,2509,29
ruH6rFLiLIo_VdLZ0852XA,1969,2
oiRdAj9ddq8RTK-_kVyoOg,3360,2
XbfJmzxbJauha5zE-9F50w,1962,1
rlVByH8yTH9C7h1kZv2JMg,2565,7
PBebdnIffFl7RmmD3hS5Bw,2697,69
XWv6ndPogQLbW1G1zQShag,2364,6
I1jILDFznpJr3taQvRuy8g,2089,33
bGpBFPy4k-JUTxpFIuiZFA,1721,10
mpDRjmppFInn56Oy93sfiA,2885,15
Bq9TWCpTGXBZmMKTuVoPiA,1004,1
M_0OS9pPvvhgrS5h2tgS6g,2179,32
DiZyLkHNsUp0Fm0WJ3YMxQ,3618,40
eSE3S7jMbNou8WxloQQfgw,2561,12
kbr-swmXp5nGVTGCrfj3Eg,1653,6
rljf_MPggDbBFHNCTy7Daw,1305,21
dMbMRfmX5AApq-9ZvWjdrA,3532,899
hUNNw4c0BB_SAG6jZ7NF9g,1971,9
5BNZK3xv4oCG7VttEJaWug,1141,15
2WOd5QJyMb1FcutKG2Qzqw,1044,13
ktec11Z3CAPIQyYW7cTHiw,2268,3
saCFuhdKMhFIkWWr1bflPg,1822,6
ZVVgz_zn3pCHlGSvc1BsmQ,3114,35
qFAtBn5k3hw0RZcKRj090g,3123,44
hZSKJmF9bIbZImBaDELqCA,1877,22
nPxhf3eoa54-OknUWMdNZg,1459,128
scxru9b25XTbrKdVt-FiUQ,1313,51
Cs1S5lYDO2IXbasHW98azg,2741,23
CJc13OrAjrWiNdh4imYAWg,2519,11
NhxwW4ol9ZCSsJd6FLtJmw,2932,4
UeYLQxnzX2Al3UUkEmWPvQ,2545,74
tipqo_i_FAf2iCUNqqO-wA,2247,188
PgQBircY9dlXuYjDPXceiA,3610,98
KXLZ_vT2sbShOnVCnxg-rQ,2289,3
De5ftxMry6hD4zYJZUw-1A,2693,21
Zzvw76S-dHtBS7gA9x-Klw,3567,7
NWmch1Wu-K9LwOfED1SBcQ,2375,15
Hpn3CAvfGXihtVCvSEyr6g,2125,71
OGi00Z841CTqghPEEh_OFw,2018,67
0eT0S9KrkAhDziErokYvQA,1946,19
3WvvBHDUtCKM3SmeJgLfsA,2796,34
qTRUJgChImLdELDeYFjvyw,3082,321
xdOJERe7ToFUvd7CqY2LdQ,2192,59
GWw60eFR6_puMzneQQGyxQ,2129,22
7aTaiMqW7bHOvHDKPG7dcw,4126,77
UN447xnqD2adDwLaNobA4A,2354,23
3pJkTuFvNnF_Yu4aOobMWQ,1589,1
JGHUz7rqCqakxZSr2E0TGg,1639,42
xdhoOCgai5gcNQjm_7S-ww,2979,42
ZT0_w63rI25IC1h7l6_WTg,2356,17
bU2KTwgnwS315-ZolgWPJg,2021,12
tnSFZx-cpMnkXXpJiisQ8w,2181,11
zBW8Lsi6IhqeztNf-ZoTvQ,2209,268
ZV-9EHbcaQ_M_1_722vprQ,1850,3
Yarg1Hef8zvzj-LOsmAC6A,2035,8
i4fJtkWyG8BQo2ebuuptQw,1477,2
wDu_sPQ5qN0wKOtgR2UEKQ,3311,19
rH0iMDuYEddWDspx_lCAug,2203,6
Z05Yp3DYPh3iDGPrdjdGJA,1699,9
XgiR813TAM8QIycbfS8ASg,2492,2
N1VDD316FfjfeESdvCYPFw,1643,3
FARl4DzsyNsorn4Tun8HZw,2758,8
Lx_KX-d7KkrJrsBY-ZCeqA,1807,11
eHqOdM7sWAsE-XNDbdk46w,3334,149
DMbNwmGaaTHHy0eiX1yonA,3696,11
cW5-sck9MP2A4gcIMVAu2Q,998,8
ukjo_w4lC9Np7qa0pOia5w,2253,4
mr6X0jYSc-83cpIfQXwxMw,3707,54
t-tn_iXe7aBNqdJNQsDUYw,711,20
XFpHmBYizY06SDeYNXdH5w,3010,17
BsFh8LJbj5MJYIl0rUvZfA,885,6
JEIiE2fyLeZwnmCxLB1IGw,2902,318
B6qAnJgR9hN0EO8oGQDnlw,1607,12
pBWWyf-km3s-299Wdz1RPA,1987,189
6jVTvOUnkXWjEtZ2WdI4Iw,759,2
6ceLTQ1N4blchdoG-U9L7w,3000,13
zTFGs9dN3ZYklguMIOL-CQ,2936,7
hdVFsX40fUCM6mNvncjWSw,2081,151
2Vip0iEbi2F8bzMtLSArlA,1573,19
LLZBLY9hdSdG5qIYuH3lYA,887,9
l4u0ICX6AevvyI3h9e7HGg,3021,6
3eTBYxWJLIpAvdJ8AHdAug,2656,12
xAqH5NwMRRyTXmclvzxcFg,1690,27
1zfsWYyKWJmMWFRcU8t4kA,3077,12
t0uxxv4gEfVAX0E6Op8f9Q,2921,9
RfBvNNlDEL0X3AGY63nXow,1536,16
wH3AY7AMPdclyfgTOtRjsQ,2676,12
IJkRnIzsdzuPXK2Ej7frag,2388,60
RMBrxCHBOHc1ZW9XebSMjg,1619,6
n77a8pr9OK4uBxyKulF2zw,2492,211
l351Q11bxR1njaCV5hc4QQ,1259,3
rwdrqA4sknZjWPZZXe1tig,2304,203
UiwbDZ9KyRHin3s3e2zyXw,2290,52
F4vxyiYGYpqMVSbnqOQRAg,1148,2
6ICtiZDhv7R9-9_MFwvbpA,569,8
j4p3KLRKGBM3BMLiniajfQ,1506,10
-pHNBFKqwSnUK7545CNLbQ,2863,39
KOwIWyUcKIE7LN87gnrtoQ,1270,13
0PkOiR_qbTBGn2nRzz_YwQ,2382,14
57MFOSptQBVBD21ptzqUFA,2716,9
zUnvebruLGC4H5OyR8aDDQ,2625,6
WruDncTWwD1ntplUuYd4Ag,3508,32
PxLkdRavCWPxRwX_wIm6Gw,3059,74
8LErdf5Dte6F0vLb1xK_Jw,2305,7
abur2xKkCtkERi6DbQb8TQ,3275,4
55KRg_BoBZPb9k4Q-z7cYA,1620,15
b6Ivz3DUxLrLEZSJiyoocw,1624,24
DM54-zx4pZvuVE0JAcqA-w,3102,14
mIdvPslbycxDAWmzx4eIAg,1953,4
dsuGEwtHzUiQKXxnZPvnPA,1366,15
yBa0u6l1pNMb1Pigw09RDQ,1356,71
_rQwvRSZHtyPwhupcS4Qeg,2936,9
xLtBsGb-GSnZEpGN9SiRlA,1926,3
2oFhP9yL9oI1PRndOEXgYA,1803,10
JWBZu6u_Bzjwxvk7Ojv3eQ,1822,4
KmvrESpfLsisM_9FfbHj2Q,1981,3
t4iln8nIMv7ZSb9RBd1dDw,955,1
1BZnZoixXXitgFaXCU3tOA,1404,12
Dyem5x-byoeHauI59HkZgw,867,5
3rUmeiStNaZYzYGV3VsJqg,2234,9
YnPqLakBk-c5Z_s32p40_g,1124,3
3NB0vMndzyWBDxefFQO7mg,2700,16
ka2QS6DHdEqHUJ-2LXAoFg,1305,25
-8l8A2fTu0eAEr3ItBNHPA,2035,44
ZvJXVItiIYRwnzKSIywdGA,1606,10
BG7Xy7Cq1Le2MIUopdcSlA,1039,33
WAZ9dn2lzTaNoKcdFOsoaA,1794,8
LEnUZcQAvDYltotd-G3PDA,2465,4
FeH5wSP7g8Gm-M1KbOTTNQ,2795,66
38H2YLrmMzfuGHlxH4CwFA,1536,13
SiS2a4CYqQRnWNMvy-yGYg,1892,11
wJdk7Aw1aMhUcci55mwiiQ,2353,10
KilYV9flAuR8FthwAVXL0Q,1873,5
6Nk5jVndrGVuRIhMsTo1VA,1787,12
u3cX0K6O6MGMj6vXbsjQHg,2318,5
3n39LqpP1mgVAZdFAQ-znA,1507,5
9VXXdNMZx-hPaqPXu9F-1Q,1806,106
QaEx0NMhIKyNgifBlJdeLQ,1375,29
_ytgAB0qCDdO9kMVaHg6cQ,1930,3
eQtNLcimMuWfgN4FrHz5dw,1731,8
c7l0_ecYacA8uakwmMXGUg,2123,4
1kHtMQPTnjjf7u9wz85ohg,2439,4
s2UoEBk2p0CK01wEthhsBQ,2284,8
E6pk16njnj1xwteehAIn0w,2579,26
8HMch7dbh53OC9lXfcTxhw,3143,84
di1HA5nvR45r9Y9tBFlGyQ,2412,11
tlVxFoP6KmMHPdXCQ5ttdg,2879,11
EE7d9A8VWiODMWItEpxGpw,1510,11
-B90z2p9iUmkERUyXa6jFQ,3064,4
h_xjgPppoxLS5Qf3zwNMTA,2871,4
jou7WDTDFB6Vno3w_f-2Qw,2928,4
7LuU9lk92f1Hqs0oTOgLJw,1922,15
LFXuzSUg27xz_AYcgnqsYQ,2906,7
xDTyVOeglkn--2ZYDS9cVA,1391,3
w53JmiTdWJdOk8Qweikhbw,3165,5
zq0ceVgSNeYZMz2VM1WASQ,1746,16
bNQzwaxlQ-OPWbKsFEyruA,1592,23
3TBioA1hMGp4Vhz0oNEBbQ,2011,16
HZSOaZHKStlLvDOkepXxmg,2436,10
ktM10uodIZxv7nzJMnAI-w,1375,21
_tm1zLDjcJ_uwIBPZu-4jQ,3493,70
Yxs7SpHv_fcqEJiMcYs4dw,1679,23
CPVK69kCuL6KHE8wF856Mg,2521,173
VfNJD1BrDjfhknhdWcRODg,3082,118
kAiOEIi-vwyh5IEDYOouhQ,728,13
SVzf4xxZHklYgukKOcdZqg,2774,43
Ea3ObC6Y2KUYBBGI-dGGJg,817,35
TVcGS3Z_vdTXPZnXqmg4Zw,3623,10
F6kHzDHd7f0Qw9Wde01a4w,2783,111
zI_cOTxfZ8d-SK5G4Worxw,1589,26
4r7RpCHzAPo838m3DBYiAQ,2939,15
XNPwLVwHPyrOaEQA_sI1wg,2424,807
eAUeP7h539uXGiqpvCLOXA,2661,55
3v_hMFFF3PYh32IiDve2sA,2949,36
I5PfDPPDS55B-WCmBI7dsg,1222,3
MWnlVSrmwuTyHuQFXG_JvA,2219,2
ukkHdMZXH6Wetc03Rz2tUA,2765,192
NeopksW_Qs2GL57K1aifEQ,3565,144
5oxIvCW2QN_TL3z0ppDrtw,3584,209
6HACix1oMZXvceJ8dvv1_w,1360,34
RFpnfgB2dSLfGY00FppcAg,2081,79
EQJ5l8FrBH1CcPuOGLzSrw,1313,27
OT2pxRA_3oNLv_c2l2mbGw,3218,33
Guu-zJxho3B_LSQnD0_mQQ,2704,35
KAvTlFljZGGsr1QHjhUN0Q,3093,124
mAQwRcwg06ByhzTJ73mNyA,3011,40
LDsqpetWumsr9vDPCyQZ5A,3321,31
S9plwi_F6G-_zU7-sbHseg,3169,44
0KhhyffsaaTZkwuyM-16iw,1840,10
cE6g_qJ29bfWHpSq5MBRTg,1815,6
OpaqTm5Wr9rVuYeZ3_VqXw,2759,42
vwfiBQqMRTEuR6qaDqxaVg,1448,13
7nLw4Hs6rai5g9gLpV2RhQ,3192,5
J4MbxA3dj6cMuLjctNkzog,2729,40
7zfgJPRl7zia84P52S-EOg,2941,8
3j2lJVUB9YXIHIrYRp0uWA,1458,5
xYKER67S03E5NQ6GvITfPQ,2351,107
v2iu1bcXrbELKnuwXgcm4A,1993,15
xIYaOlMqTS1cAMskLXn4BA,1258,12
EvsBQRNB2nzg96IGvMooPg,3326,6
mBE_d-pekLjmJbKthJ1BaA,1728,8
WjMNh5YlWCxH9_7ZBdeyKQ,1626,16
p2qLXYNj3aFsqWwulWKWqQ,2387,15
b4qfNNCQPOpu2vtuedjsRQ,3258,74
TH7KcDu2FhScZleq9ecSTA,1793,6
XmcwJB9kUiia-FLJTNCFBA,2093,21
masdNC-FH9bTMXHAiWQ0eQ,1090,9
rPjve4IzIemAs6tt0PFOrQ,1606,2
azg2mbGLOkY1gL0S0VF6mA,2022,6
qrAiJ9WBsQgrR7tdf5AzbA,1540,18
T67OU1nHjLqSYXFB73oxgw,1381,3
Tx7vfm5BDQ2mfac84z4zUQ,2842,42
0tyzivzewNc-9OaZiXbDdw,1826,2
dDg5YI4jUKPd_zmD6KXatQ,2605,11
h7dRvibhuXDq0gtCWxK_MQ,1289,3
Z9AFY_01OvVAYHHPmEylJA,1493,19
YK5KSRhfTSkUfC-4067saw,2342,18
Z56xohgVbOmv-6-EMKlctQ,2537,11
aSwAZxsGAF3s9PtbtkcLQQ,3331,19
OGFdBmROgcqO2DzbCxkEPg,1979,6
kZ0coG_2vAQ2S9oZ74u91g,2811,23
JhapFLzecqeVzGuld0C-ng,2008,16
JJ3mTTbf1bFvmE4oz0nDiA,1877,3
evYWOqM6lCUYzx5AszLohw,1713,9
1qAS3dgEOO3Hu8xW2iP5KQ,1366,2
TP9iERp1w5j2eQcrWDdsxw,1978,12
pRDyzG0_V6wf20WuMf2BlA,3439,38
B49tKQ_zIKmfpd7XuvbxNw,1976,6
q_ekhgVA6_GXkmTejIROyg,1850,5
mAp6VdBWscO9amTNxerxBw,1293,5
OKWNeMN_H7gyUbtRjWIIhw,1382,1
ZSKTDiJgHarxG58yi114Ug,846,15
F43fvxzXTvzkxf0p4m8_vQ,1080,3
7N27tzCUKV4t2CkWChMizA,2598,7
xlr4bHKmsiTxO5JKRK7wlw,1234,4
H5yY7XnGyaggBm9j256iJA,1173,3
m7LrqaEvphiMu0mT72W5pw,1542,5
6Fs0s2Sz4eZna9dEL9F4OA,2318,21
iJELxrdYsVtHtk_W__PttA,3474,46
4ttxIq4G--oIAJg3hE4L8g,1456,5
X-ieC5jD1-I84iu1IM8r4w,1280,31
nKQI9DWlMbRfUuaQi3BVxA,2875,6
lf5mxZq0LFju8_mEQlG9jg,2099,49
xeEcn13HFCJrAixELRk2yQ,2263,3
YCPkn3QlG8XS1KGg9YG0pA,1807,21
4TY1E9fxaKbz7n4w70shWA,1640,6
1Bm275hGxUml7HlnwJu3oQ,1569,24
koAISZbUF0TKkK5vQSPR_Q,2377,16
bgRfg69XnQUKffnPj0mC9g,1148,43
kKB4_rK4uo5CFKDet-XapQ,2017,6
9c68kF2f1eyKb0U3odUjRA,3098,2
OTMGv9Hh7iDeuJfspV-MgQ,1413,9
egSwrEPuSkKLkU1KtW93mw,1094,8
FE9uc4nNFxIA5EmmapbPKQ,1773,14
fg3nsCKIpbysO2b07BGgBg,1723,7
cWFjOEbve8_2FAUSYX2k5Q,1296,19
YiAY47EJ8dDhHN3Eqxk0-w,2170,1
8m7w7ylH2jTLzZvFw6Hd7Q,2345,10
-6dGLtxwZhFH5U-zTEZ1jg,2560,28
ldEw-6xzHw4TdokFxpzIDg,2058,9
ipMCy6ny5bz_gSgSEFlQfg,2467,11
ayLi0XOumhDv_PUZY3uUjg,1668,23
vkSSKyxEHI310d-J8v283A,1432,5
bSmDC6u1FfBTZHs5YbU_uQ,2090,6
KWcTOhdnHxvpyNis1OqaaQ,2404,1
HkP3kp1M3SM0xUnplFRr_g,1027,26
RZWN_iHcL0Zu1JI03ZvoPA,2720,12
dqKx4IvU9C0jnnLqpUQg1w,2598,7
YFdwqCa6ag7DMO6WcDGNwg,1560,9
yAi-b330jN_uwaIhpehW1A,846,7
pXoZY130wrhZYEMV84E5dA,1927,5
7yNNFGW2rtfD2TyPSlq5rA,1184,3
XWBzWt2FKivetY8d9RofDw,1739,14
GNnVLFKOB6ftOmiuJWp0_w,2616,65
ScqXMRoXvZtrO7yF45MSNA,3403,19
Gy3QT35nJDpvKPuFCy3uow,3159,403
GUiz1EiKsFvU_DJtLf3Gtg,2819,14
gTsh5rfpFWa9cTES2ars6g,2467,14
yplXhkEY-P-M5b8G4gSZ5A,1769,5
UhzpG1ko_ZNuXr1-Hb7XVw,2083,6
9kJpix8-zXRMJGcHADjRiw,3153,187
R48r7HXxgzMC1JOj75zuIA,2323,4
dxjVrXOSauTdD1fpcEqufA,2851,7
x99UWsbbQRgz-wIFBxbhKQ,1076,2
yRjy7wyrd7te2IP-bm3WtA,1278,7
dDZiY9XSB0T0vi_SwI9ImQ,2552,9
k0r8ySdWw5B792XSMqxYbg,2145,5
8s3K9PWpWUIMBwyCNi9Qzg,2470,1
3TqOpmtJtPofb1hBrPwJNQ,1158,8
ORivpMQrteovhFSEvWHeOA,669,2
9Hqc6kRS0t4ZzWBL3GPzIQ,1648,2
A31JD9oK2Ez7bk9Dmxospw,1615,13
fF-B4wFzC1qGRRrhorrPiQ,1470,4
g72tCzZOyxFQfpXO5yEpFA,1413,9
yCTFVDZ05L_0u6Ek8L9MKQ,2048,5
cWGVUF-IuxBHZKEg1tZCtw,2803,14
9azBRq81ttFBxHa1f58fmw,539,4
TbfjIhX6I-rxoN1TarpQ6A,1481,2
spf8QHSFdja-elHD5_ZJrg,709,3
AOL5XtvIUBk46HkJiAqpxA,2273,7
tXMMYZQgczzZPIIhfV7jhw,2364,683
a2ZhFBkiQ8I-fW78fK__Eg,1267,2
gQH_K7hkguC4mtw2-G4agg,1032,3
6fQyP_5Ms02MqJrhEKz3YQ,2676,21
-ia4lYbEFo4aiFa5pVJXgg,1528,19
kZI1I_7IH9xK1uHCBc8dUA,3387,144
HVVpo6IN0N0N-fSH6t12Gw,1932,22
JJW4LEEY0PNIz34si90YQQ,3394,42
ibY4_q2T3O6eB7dzyKYuSA,1160,9
pU-WL3v7CER9FL9G91E6eQ,1564,14
PUQ28PxTYmCs5ZvIx3DOeQ,871,1
rblJmDf_f4_T1TogdljkKQ,2074,26
kw0KN4KjzPcDuZPyVbq0TQ,3612,19
2uGBdd9cMlBWfJAbvjh62w,1435,2
VwdKDWlEamkDvD1cL9IvVw,3727,19
I6opwXZCA6BrErx9k5sXSw,1631,10
n8_I1lExiiFrLBdm13MCMQ,2900,16
h12zfJP9NJaivpxPo3JU_g,3110,8
94v9lWBeDD2S5_YjBeBtOg,4388,15
RDvNFT-lnu7Fk2RiWr1X0Q,1682,14
qParJSqva-hF0n14M0rUcg,2599,9
ETRkKJKy4ZacER0gU9-bJQ,3086,51
WobzqCNaI2Gly2CwX1Dpag,3087,101
7EqMkeEbqho1hBZ9IQuvTQ,2775,19
j9JTsuzg2Wa13fJpmpggpg,1769,56
2wHkyqcPzHrP7E3ae0YUCw,3086,5
kmSmVVb_XOpYnxSq7qns8w,2365,165
hCoRk6ihGu9ZKvd-78iJeA,2802,59
-mTCK7bKK4q8xxr1a_Xxvg,2754,11
SZ0fnbJMU-3RDK6iHCAlaw,2504,10
eMFZJBbrrm1d-tsR1Tj4xA,3541,6
Q2OlkccKw9TUQucwnV0e1A,3035,24
xiS5KVhB3dNYg1hY8emPRA,702,14
PjLRBpDWXEieU7g5WeCNNQ,3146,32
Ba4teI97GGKyYo6jNL2KFA,1136,32
chiHGJECONISI7T_mP34Ww,1443,43
HUZJagY8K0WnErWUoyuwUg,1077,15
BpnEs8ZGrNLh1WNgXbTZLw,2672,25
VfgfdQOsZjWVRYtuvhilGg,3441,134
WDwhWP_bHgdul837CLblew,1702,13
aHHpczE9ZWLeM1L5dqKwKg,1997,2
bRRvp_4jKn5zsF_ktsLT3g,3450,18
0bXDizRx3PQlCxaUFnHiCQ,3241,31
4RmGqYxrjb0uIJf3VTcq-g,2164,4
uCtLy-Z5L7J0VhKyCeP20A,1968,9
KoZtrrJRH3ukUjciyi3sVQ,3547,40
fBpbn2xtDuIRrBSXQawpFw,3068,9
h_masvA1z38enFO30S0l0A,2166,6
SaNxCrrQPDvIHYBwAjyj7Q,1097,13
Jl7wukjs3Y0WSQOQQ1vkgw,3448,268
9_XDYTIrNBkN42jZa1opnw,3268,18
GlXGnjJt7qwLRC8qVOzqgA,3170,42
U8fkAOVLVYwr7FcvxatQbw,2028,19
cMiGWRJCF76pCt240Cl2ag,1783,14
VRvEeVv2NKT-oG_cZB8k-Q,2279,53
rjtnifU1dwZxYth8KZicSQ,1160,7
ReXlqWkpaGoWBOp3W0XLXQ,1103,43
0zD8T4tF-y3Zjq4wbymu1w,2759,52
DCdlC5GsyuMxHZTzcSyjRw,1490,17
r9oueOmGTqRlg-ah6XnFsA,1969,99
4zofhknzlTeExOiD3c3Wjw,818,16
CWB0FfQAzkLksJTm75DcdA,2227,86
K4thYqfykvlZaOgd9XF5Ow,2325,37
-M7-eB1J7k9avBrYWSaBiQ,5047,129
9BlEC20o9XiFixhKz_njBg,2111,4
qxh0HJ7ei3ZuiERFzomHwQ,2920,9
AeMwE5rWK9kUE3J0rctXkw,1696,16
rbsOXCFpfQrlQkD9T5kLTA,1818,7
TQoaLkUgnMsC89J_bIL3lA,1587,7
fHmQV7EpgEWK7rAESPojsg,3268,47
hzwkbs7-LGf8OU-PwAc6Zw,1623,17
HBplKAR6w6zAXre2JZe9yw,1993,9
zrzv7hrfrBskLIYk30og6A,4215,34
z7rgWd0Mi6-OvL0lRiNbiw,1752,3
TVn-1ZUnjzc-mZ6COGKReg,1537,123
qDEg-aUfGR1OtzkigoPa6Q,1977,15
ma8bqFMy0nBgZ8BJiwdnvQ,527,1
DnprrUXhvFl7q21AWxViGw,2729,7
st8uGs0I_XLdTN7O71_Itw,2270,20
ylPvb-Ttto1ltpo-7uwBzg,2531,25
TyDNpe2VQjPBWvH2JdciCQ,1511,7
urflVfI138VYvBUebrbAqA,1857,7
kUISi6HCSC8NDnHqq1Vg8g,2214,5
3JmKa0KpLvCa_TcxbBBrtA,1666,3
rcmCREatKyxozZXQsEv1YA,3173,299
w_FNIsx3VCgVcs0BfoGaTQ,2579,4
MsLuRVuiAfYmDzh1NyI7Cg,1354,6
9mRAVFWPT-qWEALLoqKhBQ,1631,19
NGij3nQ6uyI847Y1XPxnng,2076,196
nczDcNZbIS4OXtTuKfTp4g,841,4
OkXkyLkSnao0W34i9pp4OA,3622,14
pHNok86hedb2z7iOZAyqeg,1913,4
ZASf6s4N6a8GWpQ2EeMl1Q,1586,9
uUwt6aX3x7vQZwqe3PeU_w,2888,19
7MMJxumOAnYdEokVrkUrXQ,1926,11
kKnHnx4JzpmNw516ekHyrg,1917,277
72P1sY8YYrgD3B5FW7-e7w,1897,28
J01CNx-v-TonT-wKAmlmfA,3296,50
YWO9Dl6ao9ULyWFN9Xl4yg,1975,29
3wZYlf-h5BqyDyXeJb34pg,2599,97
4JQIl-hxK6FY1YDSujTeGg,3649,73
Rrt9Pv93dnaAWHb7Y0Ro3A,2334,25
vlk0Sx7SFK3OLdiKOcCeFQ,1991,103
AuHgNxmOkC23gzTCqIn-qA,2368,2
3aGnF40-sC5MT3dFk-Z9vw,3580,21
e8ctA42_X95wLlrf09YZQg,3271,702
EV7KhNa6Oa401JyMHX7cKw,4361,11
ht6gPxpBBHtUxus7VlRasg,1521,54
YZCy8zyd5GBa5aGi1dcUAw,2428,73
TF4hgRKtJNQsOaeK9tZBMw,1018,5
HLRYWAdojrSBEmasP_31Cg,2345,3
qimxTm_J-nNVwOIIpx_u-A,2711,173
ec3v9cZ72CLg7K27Gdzr-w,3198,7
Mm8eT_DHh9O_i0blvFff8A,2454,5
-3aeOKu1ph9ZQ7dhCD802A,2592,19
P2Q_dGn0WqH6IgrYzERobw,1822,9
1OAO1V2KfvhkXb_x_gjfLw,2133,40
Q6mDhpJvfOO5sIN9EU0rNQ,4412,60
Jc4KtN0B_DOFIIPFYbtvBQ,3121,28
KF0xyJ-J0q_wZKAEEonPVg,1112,1
f0OJ888_gJORNPzp7XWC4g,2230,7
nNBV9icxXW9I8ME8Y1vQVA,2635,6
DYydr7C45dF_bnzybwmUFQ,2682,96
YgAvF0-yD9KUQU9oU2nbLw,1019,6
ZF0FHZdHl6CfVKGHo5mufw,1214,20
EkvLoELQRtU_dvVt4D0KOg,2058,16
G-C51jPkP8pWbBu4bJ8Z7g,3816,206
G0Qk03Cxz173uZu7QYFsog,1047,9
DiIGNLfBYaED0s9ONCGECw,2778,66
iDAyncG-3befxI2-QGFrcw,3050,27
3v0mtu9xUz78cEz3HhOe7g,1335,17
2dcRdQ3brGjwi7UKBIwQ_w,3057,129
D5fRJSfcOXdkWma42E-FlA,2337,3
nCLlVVvOzMeu_D6e2RbL4Q,2859,27
3BQUQVNiensfVomLnvpY3w,1254,2
Y_FuxvqGNA7gE3CDH9oNCA,1855,2
y67DAlO_RPNJvLbEGSSOCA,931,2
5_2Wf6jP0b6ZDmABIOliYw,1658,25
uVnrA8jZo2e8aKhu3yeQHQ,1542,14
wiJ0kmK16h3k3eIaKAWHWQ,2282,370
12dikbBZKpwCb8OO3ac5-g,2906,116
_BUBhbLKJslIwtB2jG7pNg,1695,12
jU5nnJNGnlnGS8Uin2m5SA,2189,13
CNsSEmQexCXeDGOoj4H6BQ,2349,3
Fbyjaj8Jt-Z8QgWOrV2PBQ,2749,14
BJhqsiAlH16W_8qVxZc2lw,1677,4
pba15dNvT14A1hlZlfuDbg,2021,9
Fu-vrYIpXvYJKnerSRdkvA,2440,17
28tdiUXX0ui1qNM5LKKMLQ,3650,36
6E3m9CBghULGYCix0vjuxQ,2563,5
99rxtuxEl98Y5YRjaxOe7g,900,3
LgGXRL9QSl-uEOIoBgHxOA,2727,5
eIW4eufwyXE-hFGw-rnd6Q,2157,88
GuDpB-sttgnYJSyTBeWrEg,2570,4
APqqWOMllLwpdWjgGGjoEA,3296,8
zQIGgdDAeEblRCM9w7AObA,1554,1
vwRG7r8kELEqN60ep_JgEg,1824,571
oN0jUvXUUFk2T3K8c4bnIw,1754,17
cfk3IqjwmSEt3ngqTYMvAw,1390,16
NqyaCuSceSwOGJvtyn7xVQ,1578,10
tvgnywTy_jAu20fnVXCSRQ,3162,330
hOzXz1JJXyRxfj67y3oVYw,2965,139
nU1FXjEkR6xT_mJXL9tawg,1140,2
sttYSglCzfk7lY7vWC9KBg,3919,269
WiMF6pQTnMlaQuEGTskcIw,2543,67
hFCnUQ-jiDcxSiGxeBnxtw,1663,4
mflSv9hWPQxMGjqvVkd18g,2668,84
7V8ho5mR4iAsV8bV4KUUog,3473,438
Y1g96rqX62YsVxV2xztEjg,4210,120
EjWqJ5n8NrvVn_scqQd20A,2784,24
8l2B2t6bXUzmKt7QpAjpsw,3506,296
1JHuoEHXGA3nnJu6oaV6yg,3381,249
Mmu45fdwE7LhRxnUrGxDvw,3211,16
3MH6PC5A--fZvCvEevQy-A,3504,161
UcO0pMb9ZzCLomo2F8SX-w,2107,6
DzobEodmWLUecAMCF3Y98w,1283,25
uindWhx31BPwYr_5zbXiaA,2964,204
GIebJWiXH8Z7uQaBpmj22g,1135,15
POWokeris_PdY-66AoOgzQ,1865,10
fANAGWyjNK2pI_oZpMa1bA,766,1
nlN6kCKwmVXY7sVJqbZZVA,1097,9
BBk-b9R_UDpgnxcjAdnsJg,2116,10
0UlxuaYLQNUU78SbXSz4mA,1938,4
1j1drEYT18XTIjXRihPq6w,1991,3
36qI-qxOCkGdt-_6Q2C1ww,1786,6
v8MVaszEvAvb_Uz3-kqUOg,2813,10
LJBFfjBeupH7FWAvg0dOjw,1645,134
JXuawc8neomBb6RwlsDYVw,3067,30
1CZMzcDHobOIipdHi49aFQ,2139,206
m___sasW8jFYDt3w0dcSZA,3018,26
WNwXdcNBSYidu4fnImGx4w,3383,29
Z9vdAv8PSEaAb4k0fOAW5g,1652,14
iWq2rV2aDxMn5n4bCrZ6nQ,1093,4
17gmL1O4ImlL5JS9CSlztg,1207,2
YoBr2BEAmMTlvdEtWdhtaw,2855,18
OQlJmtTV8dA_2tmSKHnGrg,1171,4
DF-J1Vv2qw-1AaVzVPc5aQ,1390,2
mFwhh8ulYsi8ogMC9WVYIQ,2523,12
FjchGa8RPS2qfGFAYJH5GQ,4270,81
C2Tb8sPHQihi9ydUebTP7A,1653,37
QAQG8bHcy0AEJZdvg6MO-Q,1374,3
MhUesWZxFpvhhW2tCZWIXw,1569,36
NpOTZhtfyj38cL18QJR5cQ,1773,12
BsU3r-f_Lcox6vRAdqoYEQ,3480,69
oTJWmhLj5mhUOK5oCE4wjw,3028,51
-zc1qCyI7089CSLMU86H1A,2797,7
_JJXTZaTneDGSPNzHeaB1A,2585,1
6CWZo-bS_m68107Vw_Yrqg,2531,30
vvWVSobADj_Kr_9KIvOVzw,1962,25
70JHliVId4FzY2_29gocHw,3661,525
p75b3mCshy9p5iaCPEzoWg,2219,12
o3vXTUpyPUDiuuBAbIpl7A,3109,20
pBfRpoJfuQrawRJKhNOu_A,1397,117
ntUeWhWmT8EB4SETlvE9oA,2760,1
UqlA3JhD-b_854JmBkXa5A,2066,24
20Hr2CoopV4U1LjN3s-9Tg,2587,21
vN3VFy09laByNx361M3Uvg,1929,14
21oRydabVhBeIY4nz2GZQA,2727,4
_cwyey6182PFxin5HSg_kA,2174,11
cM0nU9_fsv0CNiCc2txhqA,2159,33
345jqKVq7zc3ykQsWPCQsA,2288,18
64ybiiNXz6_1zTuDlguYjA,2545,14
-_IaIslZ9iC4rLlJKMHKUg,1711,15
Z4gpc3aI8fUmjq24FfxJBA,3078,88
UgRB62GSTDX7hJhFvSX58A,2243,11
gekp2Z5I4vPGf2NeFnZX2A,1821,726
Xpscb0LGoc-A7umjXE0THA,2764,12
ue5dCjQ-uhN1KBVBKnctdg,3090,3
-BwNk3oPt2nl_4i7E-Ilbg,2736,133
09maL_m5yM-2RwPf9DW0Sg,3260,117
KzFJXkFz6PYDcKmXSZcd6w,2023,18
YoBgMDU5vHBBdpfIHgpGAA,2325,254
UeT022CYMqet_rw3FQoqXw,1338,5
yQeDkiiB1zu2G0MWpTWUdw,810,3
C5Ii_nC9d5x01GMKNg0SFQ,1301,8
ET-BePALI9gTKZ7-gpCItw,1732,11
Gj9OP10ZnTGlRtQjpv43ig,1984,15
_A2NxGEcrPz1pNBECMGhQQ,2031,13
aS20vMhEMBFapeX1qZxEGw,2053,26
Z6GQTeSy5uiBSMsl4UtUpw,2516,3
Wj8G04JYuAZt-9QCQ_jQew,3177,31
qgUGwcSauvEw5UFaIAr5Yg,2084,281
tm8xKV-TkU3ZonuIHKfXlQ,3541,33
oMd8OzmkndbEv-lfwDtOhg,2063,4
l2npsqUpfJxLXcIIt58_Mg,2355,4
yQbvAkH_k6rNKUxrhbEHxw,2821,18
I3UfwBXCjZX8_9SlR7nOng,1989,22
9iw4kJDaG_D7uF9YtXjrlQ,1390,25
SoqhcIwsqcffV95-ycL2Mw,2836,11
7D2ZqMd4AZgTSIKjWQ3lNA,2548,8
wgW0gks1QeROCdvph9YZ5A,2237,7
Zs7uY9xSf-MU2LgwT72WTg,2692,38
X5A5jFXMj6AV3Aur1aWFlg,1767,2
H_3EN_Ngq6qiwzwk37tWwg,2874,38
Y5R1kbdRvSk6XC9adW-bCQ,3170,30
GkZKOL6Ta8pyW3xMtn84mw,2928,1
Vr8cwTR0zmX6cyKr29MFoQ,2113,8
BXxN0me48Pks4Q57owN5jQ,2505,14
5C-Dl2r3pWrS3pXrDONXIA,876,1
dcjrPcU-q7sxF0L_E1YqdA,2521,23
RlcgbqdVVZz5RtaeJKlwow,1773,9
P1-mEQqeaOeFfcl3U7Pyqg,2245,10
KmqArbSermeGHBmkHCSg6A,2292,10
8DNhTBYVIZGPsz8ro0oPCA,2207,54
vvo1hRDJrK3gbL_GhA-zkw,1771,15
M9iJXZD9IFFCd6OgRixYvg,2280,118
5zIJVK5kjp40GBa0sUXlWQ,2391,24
fn-Q2fvBSzVnP1b1ej4d7Q,4127,130
_CbbMKfr3G7VfSseX8DjTQ,2530,82
Maz1nCSvUW3tE1eu1AYvYQ,1465,13
D9VYZT2D_QXmufvaXp3muA,2544,1
cjczEKTE0CG57lRlajBS6w,2558,20
GwPam6kacBUS23rAFMPpIQ,1152,1
Dbb49hK5WWY9mX39gpLBLQ,1697,42
Jjb-R67qZawVrR8rtgUNBw,1800,5
J9CjDA3qLqhd45XYwBFybg,2085,9
7wduKkg_HotRTF2XJaI9Xw,1443,11
EcuoWDr1sbgLlHcreI_K6A,1509,1
MqRsnmrP0zGxeeilCGxhwQ,1453,1
qGuWf4JGxkfnjJyj4WWnIA,1678,1
EsoEmSN_mwuMXLvB5mHMog,805,7
I2pd9WUPZJMuPylHHYOjZA,1949,33
5DAFvh9G3bQ0UGjwv-ziIg,2086,2
WGdSNGE-yl3EXDahBV21iQ,2378,6
rVwOExWYj_6B5uZseZICZw,1525,4
fQ7njKd-jeHS4c6xREYQOA,1505,13
BjsISf-e0aPdKB127sZ5Dw,922,3
0NXb8gOOD1znYF4_sHkF6Q,1257,5
FuM93w5IqoGt_t-2UADX9w,3201,17
kZtfochl4iuZToUY9e3D6g,1610,20
b6Hr9lA1RrxwOKUOvXzUrw,1438,6
EZ6g9a17UdMjtR-wrZebmA,1314,6
Pms7k8m3_1DrqVl9YzJ42Q,1513,10
8Dbxt2jzOLev7y04eS3IsQ,2932,65
QrmwJv6cBdjCtX9dyeNIlg,1921,17
YujCk6Mg_-G2u-cYkUWF4w,1533,7
1BVt2lgi95M7W8qhQk25Tw,3370,12
8lh6nOj0kNEwKp8btKTaVg,2699,3
MCOqCTGeYA3Cv_E7a6xt7Q,1490,6
tzcCWCSCItKbQhleGuyf3A,1903,4
C9nwla37E6Ww-YikkCU5fQ,4342,33
h7fSk0Bv_W22Q1PGdthwIA,3242,49
wEHZNtveuQN8oZphYnh_ug,2282,4
mAtc4hDFJfbxIGh_nsKl8g,2226,86
WhYY6qm3-Q_1a0XheGFmNA,1957,65
4b4hCfS9bw_2ZJbf9Vv_-Q,1648,12
_LWZyyuvNhw_PuI0T103IQ,1387,10
4NXdsSzzzrQlQAem65hcWw,2617,13
A2XnXPH5HTGulpdgJ9YaDg,3488,16
aKN3Fq2uaRJTwZRPlI5GcQ,3122,2285
PdUx-urMFkhkNKcEYfGlDg,1973,70
sbcu_ZJiIXyHZHO82QW-Rg,2922,3
pFd9NPqHrX99ryhVZOaeew,2007,23
yXeM-N7s_QLfEQpUZrd5VQ,1078,2
610laGIiBT-ap7lWnlZoKw,3428,33
pyyiR8xM9VDgSGFpRcTTZQ,1881,6
0sDgdeKJPGr_2WioaXjBsQ,1006,52
X1ReGHcLrwYHytcSmbX-ag,2020,6
qOK9PeCUkUfZawDOOnmHKA,2285,11
Ottn12zmW33BSppVKoZhzQ,1373,11
lp5b-DWedMFTSWk3xj0UnA,2836,26
IMr4kLR3N-43Cz1btSejPQ,2023,2
iePV1cV9VP6XoUglL6T9AQ,2219,20
NoyMVikcvwUkbEptgoXwiA,2603,1
BYs69Wuv8RelEj0EmnWa-Q,2856,36
ko43jIqlogHzFPNX1R_r6w,2463,12
5h3-2mrhtu5EnGCcW2z6gA,2721,18
2CERUK8CuGbZZ142ePTeDQ,2720,3
j9XpRXYEUm1ODoBnX1VT-g,1462,2
m_-5-jkE9ltKOZUrnvxNlQ,3087,16
kMvhUCAdktuFXp6dQtJ_KA,3491,28
jGG6yNFopUIAFxjDvPidyQ,951,3
RRq7A_tRxYDhhQm36JhQHg,1269,9
RQ5Mz0xoKspqgbNstLmr-w,1935,4
xNdZobi4XELJh7KsnyOQNw,2154,14
phKp0nLsBeZv8nbmHhE0HA,982,17
n9xKcntX99BbTSHqmaDq2g,1722,1
0mYyVfK-FHQdYYLXf_M16w,2489,6
1hQ3-eVkpCMfyooHOajNDQ,582,23
ZLYCFvCoIu527LJUQ0vOAg,1576,7
qYFfVdGSVmmU5wmIy4doLw,1903,16
oEGm4AzhS9U2aEiIpjsCTA,2651,4
ugew-Ezq8ALfTQTIx8FrTQ,1745,16
q4xOtiHOCqO7_VkA4AiQFg,1871,1
pNvcz5tOmbpJRKVQT8wSBA,4608,663
u2Hbex-ZsUmAuVALi8CkTg,2730,81
5tVe2JA4adfLLxakVzxyEw,2045,2
R1fbr65NZrPuEr7RX6kX9A,1136,2
UapeySQrPAiBuCTtAxtBUQ,2305,6
oZjiIts4lYtvWFc73SiffA,1461,8
fFLMWwsP9_HsbyPI8RIJig,1844,4
A7sE2b3BS8pyTqP71Mqbkw,1087,9
vyaJnqm_7j4H6fEGBni4cA,1040,2
-72NNinolcVIvu42_O15Nw,2606,13
m6SHRhDv65l56-Qg1tbyAw,1278,7
7Q4nXr3D1p9cjGlsgNG1PA,1650,5
zpbAwm-5agwWv5Brpow1MQ,1002,9
oXVfNHnbQ7AvdtEhg6Uw1A,2562,23
MML_QfxSrOFUfIOLIjcnpQ,2543,18
XNtS76qYyvRy4K1dsbvfMA,2284,3
c6eZYPcReFYaRj60hHsbIg,1702,1
JUcoCpepo4X5TblImudH1g,1290,9
ah9RK4lmwuSFMaPJvZVfKQ,3042,11
Q-PxVxUKxS0Jwf5zXs0nxg,1427,8
dGK9wNsMZTlNQhrst2Wu3w,1986,6
8RwKL4aqDUrN-dGQiHXLvg,1966,5
jCCAUPrls9z1khiVt1qsvQ,1736,8
y7jz90LKli17jON1QUZV3w,2744,20
khh59lCQxwC0028_ro2Log,1191,3
EbU4rotPHfMKpcQUfhnlYw,1485,75
g--0VzVCUAEzjA1LAhIdEw,3221,27
9bLLhB3Ji4miHY6I4jxgvA,3202,642
Wh4Yms_7aZY1mCQ8mo824Q,704,1
QNPnUUfXXntykgPkg8Z9KA,2734,8
Yb3DOLLQfxTYzKMqwYoeaA,1787,108
oEIe7oKFLrtODTI6qi-PoQ,3335,25
V0bRFUf6-7i1_a92m-6V7w,705,22
Qx6CDjmcYbYS_jkyCs8M2Q,2836,69
SPXr6d2Hnfp0vwbVdImfSw,3466,17
XFoY8B5D9S6XhamvR-B3oA,1963,12
ALGKLiSYfdWmRSQGpYx7Sw,1622,93
Ovl7yNHMCEXKDHA_jCppgQ,2010,3
T9tEic49JZjN4nCUcDvrRQ,3881,106
TTw6XTFZpEHySilvOU8MJQ,3017,4
AeSLRcH0E78sdvpDkQUcTw,1221,9
YI8fA2Z7rC5qu4rL2W4jbw,1237,38
shZItIVwI8JdqrohOv1Srw,1194,4
0aR5EUkDwyprwC2We9cKeQ,1432,14
oozHRrhikL4fOK2zkAdxDw,1041,20
uJK8Krc9j5XtdqfoIKdivw,4335,322
NbSKmjiGoEC4Mjehnv7LxA,1482,11
LrigrcNKCTYkPA1XQ97dUg,1522,28
I3rQ7MawRGOYhdIKN5nC4Q,2419,44
6B-shn9YKk9KO9RniUUz2g,2220,4
jz1B3aoUZ8Kg9rTug5g9gQ,3097,27
dmx5Aryrq50rZ4Q22DcZ_w,2381,194
z9WmHG6GhpsULZwVL0Mm_w,1937,9
REdMk8qjYKdCt2AJ_UQ2ow,1014,38
XgvXMFNHYN7t_ywrOo-o0A,2210,17
zF_6SKaymx8S0kWtjwkqfw,1206,1
uyp8pKV_aPyZGYInLgEhPg,1617,19
TGMRpmrJ4EK91kuz0yjm2A,1926,5
Txrxk61UUWarchqCIlN8ow,1795,23
sNiyEu0vCiR1Va1HDazm8g,679,6
Uke3Ob09vZgndCZ1ulHsdw,3297,802
Lr7VZHaRLZRmAzI_HM5L0A,2958,6
ll0bUj1PjDlHdhhWQzWCUA,1526,13
APHNgIp3nts2NGRygEK_5Q,973,27
U5iYjDU1Tizy-uUNCrca3w,2741,14
U4tumSHD6_ncC7pFZUnYBw,1304,6
kVrE_ZoMmLbph2bKWE-bcg,1405,7
DyrGiTTUsenjWfN4ohx9eA,1017,5
qz4tPrtbNjXMl-cSj28w-Q,1652,4
57UzwNKshUliK0XDy9lAHg,2110,11
6Fc_RbT86UQsyuDVYx9Dfw,2087,2
Ew9qwN6_aiWR7pP0QPmaJw,1129,3
PadTPCuwTuYRNXGNaMTMkA,2947,2
_d3ylCNMypMgv5GwDTohqQ,1440,1
LLvroNXMpIOKrlq3_h4X1A,2893,5
M3vMm3iep5bRUI1rNYgZaQ,1312,2
PuVrrOvkQGycrtozoq5ZJg,1466,8
HyVvSkT3E9ieFF1zYN7ykQ,1674,30
GOpKHEHWqPIiXjDGahhrPw,3970,46
NX1Zwxu_7qmXqXoj0Kah8Q,1931,16
8gQ9CeLsRPEutnxG48sKrg,1638,3
dQJH6y1VcStslYCyYTWJSw,2731,30
tYNXq8Cp32hx_PKznEMeYg,2910,11
dltP7zALWFhlYr1Z3cNylg,2871,15
9Tm2CKWP_9L3aQeBc4FYYw,1172,2
VnDH3YA9GaNLicbrkk6TLQ,1876,8
8S-b3yK01byugD8bvhgZDw,3368,24
n4usc2DF4pd9fdi2wLDloQ,2441,329
QZ83a7jD5NhmUxfvZ9r5ng,2858,9
W4buFcjHeOvPZgJ4qUUiyw,2443,60
i_u-XaUifMDISuTrlQe0Sw,2027,4
J3bmWesIvJKLNWll_ntN_g,2301,18
I8INPqH7vHjwmzV4_IIWMA,2135,4
MwQkTojtbIAvx6BiAmq7Uw,987,3
yYFpp8DNcZ-pHhDZ9BwzDg,2109,3
wcYvk-qgut5LaeFaaTydYw,1221,3
j-X50NMFDWPFcWjty20eiQ,2835,8
nSTLy1Z_i0FS0qut8Yiwmg,1704,7
ALChSqVzPb0dpxEWJ2DPjw,3291,44
hgz8WmYpbXD3HUj1xsC1VQ,1965,21
KBRoaD6BcvVsFHtKR1e1cQ,2938,10
edYM-T0QVVSft1vSpFfg_g,1416,13
_D6VcC6bPzGgRciTUn7zKQ,2005,18
-m5TT_-VXLOahjTcl2gDNw,2902,1
peTeVPuzOclC6U2Vl30htQ,1463,12
BBS9DBqPOi-gCOouggS0rA,1280,78
bggKoUafHBaa8TBkp0VVwg,2223,6
-n-joT5nZZWKhkOGOGtUxQ,1878,18
70rUrXpxQeU2Ban7oJiN3g,3112,153
ZH9GBktJcn7iK-IP9qHqfQ,3205,18
R3EjelolBLpQflZroUU0zQ,3691,3
oVereeGTbaMlgkBmWK-4Dw,2704,113
_NHuz_iiLmM_o3WCI5q19Q,4607,35
MWmpaY2fDS_bjcujvcAtNw,2511,22
kELvXWt3ITwf-irg_e4IDg,1647,16
-PDKvO_8Q82WcWoHuqObEw,2264,21
14u3i7dqmaoLaTu4_Cb0ow,1555,13
DhFlekUsVEMv8aQHO7nsNw,3626,171
J0UC50vO2P3CdabNQFZBvQ,1614,18
xwADThzAyGkETeLvETX9KA,1987,1
pTF-lKlmbQQbWCGuNvpelQ,834,4
dKS9B1a3xF4ZrJF1tmNAqQ,718,5
wFuCAxNDzJOIM3Kx_PcDLg,2508,1
sRWHZghqzWvclZnxH_aTDA,1289,8
Ytjc0SRp57lA7_kn0iUbWQ,1377,3
8NCMZ7qZHGf9f9B0J1TJOA,2772,17
HUrlc2KNF3AKA9G7-_vI_g,1734,6
Hc5ByHnAOypqr_dibj2k9g,791,1
sITyrD9npngai6YxJwpN2w,2625,23
tFU0oWJHr1m6dPE6z_C3Vw,4522,391
DYUv26h7rLcJZiydVTWdIQ,2951,152
Oh4t4d6NDQoSBgvsC4DTAw,2433,179
F874i_REOlT6iNQ6mb7X_g,1420,25
TiBjpqrunfGUMShGnVYLHQ,1966,35
eACwQ-Nw63IV4RUZCHImcA,3268,215
_LmZ_wWwbZ9Yp37WbP85ng,3328,421
wtoN7azdTR9uykjwOOZvgA,3011,6
r020cKA3zKcREcyCvus4vw,2810,23
jWPvMbgqDrg_ijoISErj8Q,1059,9
aGOqk1_wzh9q1JcmaQxOxQ,2615,6
Z9NHgNpshl_8ID8R6T4ocA,3583,275
lMUGWMbezolk4Qq_jvwTzA,2101,58
2qGXKsll5omhVpg8uCgkXA,2170,4
2zpo26bYBC3rnmtZnECoVw,2756,21
octELXdE2Jp6k147nHY9Dg,2001,16
6OX8Q0yBCfKUUYuag4e74A,2595,18
BEA0SJw53VxP2y0r6xIS6Q,1719,20
Qbh9YuC7jEBzcZKgMxSBsw,2294,8
PWdlt8sxPt6MG8RpqOSDNg,1155,5
gfW3J4Nun0AuZKX_PpYGsA,2743,9
BBTdMqty7IwvgcwMf6mC8Q,1647,68
clJHgTUfTThMapmAGhJ4bA,4207,48
HDmLaVdSslU0FfQywfGjWw,2277,117
0oWVWaem_jIz8KQSet2w-g,1461,14
qZeX1ZZkN7DXk10keuGOhg,2174,477
icOjkHeobESgrto6G92-EQ,1656,9
nicWKPh9bKrpyJbrkly7EQ,2230,3
x4StdlaDvQ1_pAnkYiRc_A,3650,13
ynTEH4OObTyxrSIoNXPf7A,3415,15
YrJAK08pmRF1ioqZwZnYjA,3048,6
ycxkVxuWNwEeoLqZOu-P0w,2296,4
sBa-YOrYCNlURx7U2PbbZw,3276,290
Ff1P4j4qoGmOAbptmLlsLw,2169,2
9jT0y2E4QJxTxr6PXLke7g,2403,177
RR7b3vK6zOfnXRo-pd3pUw,1563,633
DiyJ2l2vOTY-58jLcDvFcA,3342,9
OohAgTToKurMlxYEuy7AVQ,1864,98
luZCBjJUnDE9q1nRWDmhng,3629,77
j8MEnJH6Di0T23G5mHzpTA,1198,1
vY2L0wC1fK9whEt694Is-w,623,20
V45Hne3NFC9ZYYSd7BCjfg,1502,35
9MTclX_1oHHZnwxjorkf-A,2480,3
4AoiYImB7dNdRlanfVRz4w,2810,13
IkpOS0eXjIZ74ZoMZO6bhg,1544,9
HqQzHk8bgBEG1da1OYOiNw,1270,23
a8ylvRFMn8YUoa6mlZB2aQ,2971,8
JuHctJ4Q-ffRjrQiVeTQFw,2384,462
G1-DwI6jhLzKK-cBGAnJ-Q,2213,12
VTLRv5RsJR-NU17JP9vhZg,2397,41
cAl0Xqh_PFiMJl10ZlcDIg,4412,597
Rem4RPV2_TS0rw-kk0aDmg,2194,6
zaBvSy6qZ381AG7IfJKElA,2326,19
1WV2BAfZPP1Bv_1Y7_8Jmg,1353,20
2Pwp4YYTJI5uY58TrNjwRA,2413,30
BPo-dUSGY92o5br9n179ng,2534,11
sR1IWk5gtP1614wvDzMPAw,2883,191
WOOWamjSmE287IXliWvfVg,1865,35
KRekf5WjN3dn5XfbHmFLng,2312,48
Cy8K-3L1RqtdAgEm_cGG6Q,3037,15
vnp7KZmWl84Zz8j3vUChdA,1183,5
sT2EaIlEXvzGzcjnLSrQIg,1960,33
eEcQi5ZW-t865lcVSyQsVw,1297,4
cbS8-jDqCjR5i70vY0twqg,2279,87
_AyhYGc0L3P-IN6fvJaybQ,1240,23
X7n1teFGQQZQNKkln2oa7Q,3015,175
lIEEG3Ba5wX9AjO9O_WnsQ,1772,7
KYV1NBFa5FaZruRPgpsIUA,1341,30
JVSpiSTY-cczzvC-QQzwkw,2527,8
1ZxFQoVUA1FAjuv6z09pKQ,3035,55
agarlhTRXjXoMYieX1R60Q,3423,134
SRbI-qIJmQzg7HR11oRXhA,2536,7
vhVT3JGF8FX9ojR9ioF6wA,2810,124
If1a8Q_Iw_ybQPBMunTJiQ,2303,31
DOa_TMWFib5ISs7cpQHANA,3157,154
wShpKb3mDnlc2C4Go5QlvA,2941,26
d9SEtP8xLWLmLL3csnmJ6w,2548,22
zhoKn3GFhRYyezw8pTWBsQ,1071,12
hgKhfBvnhDY27DR6WmSrrg,753,3
-iOxAZGV6_XMMRs27cnM4w,1292,12
FGaRpYvg0aXLZZLlocaj0w,2057,14
OE0qF0n_RViTJiUKpJdqNw,942,1
07dMu2RDPiGdlZHykjjyzw,3397,25
iWsZrhQNLDivSrypzpfdBg,2427,12
GUonK8z_OzJxZDG7uJAFZw,1712,5
ckTRyJs0R7JH7ZALKRnnuQ,1826,3
FvE3RXNcALiNCH7vh5lcng,2675,5
Cw1PVC4lf3sjXJLXbJ96fA,2292,2
UmxaUyvrmO8nY1mq0qZPiA,2851,2
ZqIRsnlX2HlYGFa85JGQ_A,2901,21
ygszryEYbzVxQIDBtIN7KA,1022,34
BF1VQec8LxZdg4Lk_-0JFQ,2500,47
Od8O5mkRMAx2zdeN9In1mQ,2495,17
xpbEVQtbq0QzcaXPA79UfA,1990,3
TVKhhk9zIjftcjPLV3UWuw,3293,8
cSPy_aOkppOFXikZ97f_0g,1038,1
_aTa2Pr57zndHtejuiTSCw,2541,9
0B0RCvwIMK_Y-Ym6nZFnZw,2714,8
BG5eeImO-in7QW--0qnTmg,2543,26
ij26CMZoo-3iLa9dpjvp2A,2226,2
7pwTLSVzQUoyqynKDhRGjQ,2778,49
A9_3Zt_ajjvGwyMMxA9UQA,1841,8
E2wUGRJTYitv5q7wUOzC3A,4257,50
f9PbK4h8jGyrSLYkOe5Izw,2048,13
7IaqPyiERw5NFNuz2WOsFA,2706,19
m31a-c9R3i0wMX6TgJbrjg,3864,8
kZ9lp10GshNRyAFQV8dQaw,2798,16
YG2oWQjWaJEwDWYKixu8_A,1633,21
aiSoqyZAHBlBAC-xr3Kwpg,4469,213
JVXccW8hc_IkVQzCYaLiFA,4020,13
0LLYksaEU_0Wk6y1bEa_vw,2653,5
xND3nKmZxyrbLUeDo0DiVQ,1741,2
VnegDN3ZGNwmkB5takx4Rw,1102,15
ER6XOScVy0E8DK_2wMy37g,2269,16
o0p-iTC5yTBV5Yab_7es4g,3280,433
F49KtB6DPdLH8O3mrRnpHQ,2618,38
ABpjz0--6S3CEEW3OY7aPA,2545,13
3KCU1lXc7tJw0zbw3E4u-g,866,3
WUpvYX-2UXQP_2XPs4VNSA,2944,14
f5ix0PXNjdHsgTjlWkp5DA,2499,3
ATBHSneKpKIySnzsOf4-cQ,1137,4
GssXeSRb9ANv6HGBTH-N4A,2042,29
G2k9vwlms5qEA6WueEuZ5Q,2415,62
78odir09NWZGRSIoCavwgw,2131,5
0vtTG8Lj01WrRRpRSZwiZw,941,10
9DtAWjDZxYUHVIGlIZjd8A,2683,2
NrU7NGEqHk0xVVsfGzmpqg,2939,22
gnytP16mNF6CFCDnngxGOw,2859,268
goTJZkU9n29_Zmm4LCKCJA,2154,53
jycqYtUrgyiQiA6sYgjQUQ,1726,6
56KQVyOg8eGtwLIgrV51NA,2283,124
KlTAwA0PKpm6ukIFKDXH2Q,2143,5
rtSJOUc7iAY-OOps8lVtmw,2078,6
BD6NG57XI6gVXOkLXfJZYA,2669,8
HT5Du4f476PIix0esdIcXQ,3172,59
2O2FFKzWUVANuxxtBkRMjw,1219,1
9EMvNFJRA2TseM017EQxng,2665,15
uS5UKTr8R9SzHR5WPN4Uzw,1195,4
1oqH0LwNF69-NRSZd6Fe7w,2547,11
HQZfvmsiSYB6293ls3di1w,1759,7
DFaTA6ma6LulBAZTG-2u8A,2071,7
rkHCMMZeidHplQOZ86r9Rg,1368,57
132sD2dnuijKuuJ-zqDGCw,1818,23
fIezROncO_zGpx5cXBes-Q,2028,17
JT66ZnTATwB-q5fXJFPvYA,1493,1
dLNDyH0HINwBG_r-U5dXaQ,1991,10
MbxFnZ4cLeC98YKYbV0GJQ,2502,3
E98WFtEWybT7xjrrGJza4Q,2404,9
TlmFShE2znMAYfIAZwGFAA,946,3
EN2Pg4g6kzDAm0VTOoMCcQ,3054,113
ErpgWdzghVjBgXQLX8iW1w,2193,12
RAVq4CSncZJ6VamiS0dLAg,3363,232
LZ57xw1xtIQoHgJ4UHhZ0w,2560,20
U2R-n4VIjszQ-N_xSSQJXQ,2194,38
uiiPhBVTS6cXIN4ezuw3Gw,3833,37
gQVH0CSYRWjuwr8UTKMuog,3762,355
gTW0X56PekVsYcLDjVUpGg,704,2
BjNd-PFZa41kW4rn4BosHg,1855,6
061jXcGjFF6Eh2Osbkgwzg,1968,2
szTO9bwrl9OCXaK9CGj_Og,2918,19
zJN7KzopJtWo5yrRdLf7EA,2720,3
owe-0E93gPvzvKHa3BTjVw,646,6
p4y6K_-erNenrqIyFCES3Q,1964,17
Sc9fOya4inkFNttr_0z1lw,1905,8
jwSCRFIeiixBDduGbUJTVA,3058,11
enl_TcX8BcaabdFAZhn1KQ,1459,25
PCKoECr7dHmZJalBeNxslw,1525,16
DTAO_0pyzSUPd2Q7WK62hw,1898,7
NyT57sF94lm-BznnUY_3kg,1813,4
VRBOEcPtHCHkgUdBFD1ypA,2833,75
9MjMi8d3CZGOsQ5l7b3H7A,2454,2
ZzPWBvoRd4h3b67TzgrCYg,1232,110
-HIoCNewkC8lVTMPrSTbIw,1067,26
eYOcEhyPSxkuis_MTDPoeA,2250,105
k6EHuSmEQkscVvkMhetD2w,3944,38
8dSC0K_3LnXUjnZkdvKeUA,968,3
fx1bjEANxdP97YHJdL_Q6g,2189,9
nZo2itgQDdE5wqjXHLvE-w,2685,115
l-1O0xAIVQZhIp_B5X9cTw,3243,49
LoElNS6LInRRCDR4i_OFiA,2143,155
fAwgmT3zvdeJvbvabP3hyA,1008,4
CtINwA2XOv8nzEPud2YZWg,1570,6
gfT6XsB9XLd0XvTD-PLShg,1771,18
0G-bcpdR48tfZy6koGUiTQ,3762,2013
KJOCEOKItgpBBr03EjZ3wg,4178,136
kQqfHOqzM1znKsMeGUdOFQ,2024,12
k0WnYELD_Jsm-NrANRuwvQ,3223,15
w5dtTxPjs8_8RF3s71B_8Q,3181,3
C6Eu7AxzGKC2GdtQkQP1Cg,2552,46
xRLd98Qjk-FQW-0UPTeYVQ,2446,9
FhAzH_1y3XABLsKpzwqz0Q,2396,7
5mnuuRthOpXN9bO3Prnhvg,1027,4
dPIhm71YeEp8WAdsg4fafg,1939,2
QXR5PpLjxj_n22PKlORLDA,3018,34
1ilY-t6ZToGpe7mEMWSppA,2954,334
oHCvLlxB5OCL4KGFKC30eA,2893,352
zFut_-FqWFf2n5d5WTwj8g,769,3
PdpLCryaUbJ_p03KGzveTQ,2903,13
vFcW_gM7-NyBv3xUYACTAQ,2398,68
5Iw7S8a9ZGAlrupzTrV6cg,3428,161
9JKhOSn9O-U_QYJr1QN9rA,2155,9
vTkOJKZ4e8JyEqc7_S1qaQ,4136,343
BL1F9pN-kthJUi74Z9debA,2807,72
_-is619Ppv_Sc42XJlhjAw,3253,23
mg6g4WHtPRwYapINHXVl7w,1415,23
lDUgz8qhkh9peCbxwEOUWA,3481,576
IzgEl5xXE5cdMTv1Fxspig,3173,72
Gl5fXqP5jkAuAPKT_Ug5LA,2403,46
1rPlm6liFDqv8oSmuHSefA,2335,336
KGfooJqJ8oTPsFCKeREgPA,1050,1
QYu5ehLtFIPtWbIIcjt-OA,1939,4
LtfKNOi0JkFneOm1KiPWOw,1475,7
9HFzHE_THdyywXrdXlTGhw,2053,2
Ud-o0jxAFgNouQhErtmDdQ,2588,2
j_ydpIzKuGKdbgeLCacR7w,1923,3
S3dT0MGMI_9VuuxFbRu7Zw,1213,1
TQS9YZC54fo-Rpu2rjLIoQ,895,8
1UYah8xVkiJj-qxu3Dx_ng,1012,3
PpP6-F0k4TQzC7I77ZbpJw,1722,162
qGXNrL-UnPzDLEpOAV4WuQ,1051,3
5ENETwEO5uPVvRdnoUCjRQ,2862,11
zIwXa_-GwWo4upVEg0ZfxA,915,4
mb6-MdLW1z-1fen4uRLa2Q,1553,20
AXWsWNlikauCZ5bN8eWfQg,922,14
jbDKOrq6yyKHWuheEeyL-g,1831,3
mSghD2i5POIqIbuH52XIJw,3437,2
bLVi0XtIqOT18CwEGyaLOQ,2515,31
pZqvbFNZEfROYw5e2xpPUQ,2116,8
IuOK8HI5i4Bi8TcxxusOYw,1611,19
8PkcNEY_jqDzEcwFpzQpeg,1870,5
-mLlxxi8sTZRyHVRy5ejfQ,3526,6
RS5f3_PpbRZUli0REnYu5A,3537,142
9AMd4KYQIu-De1Zu6mVU0Q,3745,86
4LMWKfCJiHj-fgyhKFgDpA,2332,6
TuAIBWJIfPJUgFAsaRHAtQ,2441,8
GrybB-9VQOdcGjnyUOorNw,2428,7
q4zXaT0h_OJTsQOMSlaQvA,1122,5
kaDemcbUuU2Aw5XSXg7fVg,853,3
qpDZgv9f-s0l9KHhFUcvEA,1896,22
9J7ifUhXuHiW4hsWiMt6zA,919,82
gjoQXkA85yK0gHwvclRBbw,1747,97
1GWaXSCh3hiH7L4p4CjiQg,4273,132
jjpE0ioNqn4W_1dw6A7UvQ,1299,1
Z1Zebcj05ineQToarg_lNA,1256,9
VSOEHYdDrtXohkuSqNzfNg,1319,9
CqebQlbKRN8aquA6ekTyow,2883,5
e3VTsGH26VJrkMSZnBlmEQ,1394,3
9V6FynRcqlzvI1Dknq3Emg,2664,4
qHHnL9XdTpylUUScl_aNOg,1810,1
4flBOuh8lDkuU9Rrrdl9Ww,1463,16
S2GF3ts6OJAhNaKl5P0_DA,2129,3
N1QK_stzIFm4y3OTIATqlw,1572,32
yCjXDIuIgcIUNLdHdicbHg,2008,10
be4PLqmMDvKda-QZU2UvmQ,2615,11
nwRyyJ9tpqKww_zzE9JRlA,3094,43
zfpqS0OOTXbbsW_p5NsSdA,1576,10
QGiWTSPBMwsK1KIu_VCjIA,745,1
0Q8VJdNKpWNxgVupWW6LZw,2991,2
4iGXCwDJAL0enLftdoMG8A,2650,22
0GmFzZuAMSepN-SQNfZryA,1196,13
Y3K2jFH6cRV9-vVnucWkiA,1417,7
OIgzRcbp8uWJqGfCQH6bRA,1164,2
HJbgqzC2oog113nvCSQm-Q,3126,170
Dxh-GtVvve-hohNfv4L_fg,2191,5
KMnW5Ngwkcfdr3M3Piw8Yw,1119,5
W_Z_A7EbpJoHQfa7uTucew,1943,2
38Xm4tbelbnGdHhKhYMi_g,999,5
_m0R4F3RQComFguOm0ONhw,2633,3
RO3vznPVVw5NWcgfP3k17A,3398,1179
LvjYgC5ZJFyMQWOWX9B9EQ,3661,162
SwQenpH7o_SOfcppWHkVvQ,1521,7
UBwj1tS6cneSHyRhydxtSw,3886,23
m46wvu9gs3MJu8sTGGfZDQ,563,2
vT5b04Tzz7Mysro5w4-bIg,851,3
RE1GQRWVQK9vhFiHYFvCaA,2183,4
UA3Q8IIXygOKLdjGhGNrWw,2118,2
tfNisUr14rXKxKPXrFAYog,2583,6
-O9SN7DTmd_g0lqMbGHuyw,1895,20
6PIvp8wWUQn_NnmHLtGBRA,1190,29
oNV8ztMd3jQsTMdgpB9qcA,3506,57
CV_I9BJEHnGtgJV1YOO8ug,3013,24
_ZSzun8g8U2Fsvqb-uBd2A,3500,124
d2QTo_z2wLSU4icmclU90g,3146,497
kE-g8oPdJkRwYrIU9AoqUA,615,9
SLyyJO40h3fahfoGLTKU7Q,1796,6
MQ4tfhy3goveKF2C24vlmQ,771,3
8orKWgbntn1HRkJtYRPO0A,1613,14
oDul78mjMnUw98BBuyPs3g,1038,27
lgWKniEyAoSgT5hbSLxfpw,2954,27
Z4xDQ13A8gmutuPdSpp_BQ,3658,28
bJY6wYFlymGo0C48GX8xxA,848,3
EAG1byZvZ6BotvEJbt-UFQ,2634,3
B2KyY8k9Gl9ZWRMQU8aPRQ,1693,5
nveq0LGZob7eFI_jrGgi6Q,2397,2
TyymCDuO6RaBWwfIGhVudw,1744,8
_pUdS3aqo4k8RCALndPBVg,1536,17
3O-1T3H565Xx2CZtsU82qA,2264,60
e6Gr-PEc_DBH73kDDxk8HQ,2629,11
9FEsBaE5BraLu1VxXB30bg,2066,1
QldWYz6zcqRtW-DNzfteeQ,1252,9
Q5yiKHa5YknMBteAZvnfFw,1995,13
fW4tiALnOrdAmHvFssIr6Q,2583,8
XXw5DKxzArXXXzzdSOxtyQ,3671,8
sA5q4Y6n8DXqySZEa1jdkg,1372,4
0a2hTav7AKc1Le8KaCuYew,2481,2
vGrY7M5Sp4fJcDIya7Uiqw,2248,4
jve4SPGbTkzpD5ENXNE4vA,2025,15
h94wa1j9IGXIMYNj19F4cw,1504,2
Npf9PGdDemqmeHHX_xLXfw,1378,5
Vf8Xwg9ZPz9AP_5hiEianQ,3164,9
4TsUhd-do-zkn2OdpGM2kQ,2841,74
gaPmr2rVNM0NLjLnFofEPw,2316,12
KXyhef2IVN5T9p9y1NTrCA,3332,58
5FBoKuQvZuvjX-Twa-HwWA,2597,17
a9bs4nrxADTDNBzn9IEeqQ,3126,19
uVhGIoC_dNggywk7vzJ4FA,3362,3
ZBTYMrQkRdd6P43gh3yZ6Q,2046,22
eO_nChM3Qhdr4YDhWa2RKg,3553,18
RN4nsD27RoJJ0DEsq5BBOQ,670,1
E6EXdQTw4i69EuKEooZpVw,2197,4
xdzohGfjc6FM3_W282cnSA,2781,5
392DMV7Tv5okp6YBpOd3lQ,2898,1
Dac_XHtW6ViCTGKZE-1jtQ,2735,17
DiqqhcwtrDw-cT6bi7z1ZA,2359,6
WZsVL6DJ6AvnZMrVam3Ilg,2123,4
cmZUBmABvxacJoI5bI53Dw,2802,99
79HJrbWBOI3rt_58eBEeoA,1599,10
mIC5wfVEqxuKhHbh-tdbAA,1788,9
pGGjauRzSMHQgPfei9eBRg,2522,57
hwa4nxOBWByU3b48srtudQ,1077,15
EnIffUl4nbsk-9SAB3jHRA,2496,58
Lu3ljZmUpDG1txGX5oxSlA,1297,1
_G-cNDpbhnuYwnT7acO0Cw,2860,3
OFTNd7GIKc0WI8yJD5ISMA,3162,21
Biqs46nQUjAO3MH1Iz3XSg,2723,8
Rp2hjfeptufMFw7NfKts2Q,2679,17
1z_-QmgXaZYbkckBiUnCCg,2239,2
wTrqJfn_oaf_7_DVGjrS0Q,2000,2
-_vQjMAn8ooClV02BExR5A,1961,32
ecz6xGzGm1-wwswYh8VT8A,2474,17
HnAKO_nhEUlV809LmY4x3w,1432,10
mga8Uh-X--AKHE31aIfZrQ,1163,1
gbR0YPqo2UDHT-mVS50rpg,3435,54
g03rgLilRjPFaNJTUNdVZw,2344,19
ltBZgGzBO_M0fzSpyC1jKg,2753,15
Tip_u9B-YvAshKeZHurVvQ,2118,23
x9eV82bv-8D8HHJuGIOrJQ,2454,6
iWmP2ZWyUzA9Id2tON1QLg,1751,25
zDI2tREj4AIBJ3lOC_A_RA,2548,69
lTmKG7JCwjLkVG6lYHUcbw,2151,7
ZxBcbgt--pSRXwJazleVvw,1591,19
XV1VlnN6hZmzrREnC6MZcA,1256,1
uSaoAK98YaElRRNSF9i-pg,2634,7
9I7nrSlEB4OTnDqb0fa_eQ,1876,9
TcPgVR_SL16LgdRVR8Y7xw,1526,47
8zo1VpltYswYmshkgY3Q2w,2506,6
V5Ipu4pyppEbb3MOqGuOMQ,608,1
PZwd0gJ2L_9-IZ6AnxWAxg,2781,13
lShhyi-92Wgm7z_4OfiOlw,2185,120
1Kqk-eSOfj-g7CPH_Luwbg,1419,14
QBcdqZpUPhe1kO5w_WY0ww,1523,12
XlGdYIt-49-i3d6XKGu_Ow,2348,28
Kmc4coMeGTg2xZ4viZgr4Q,1514,21
9UnPKLih_vZdOKD0WycjRA,703,7
L2WYjlyM8GxXffBOdthV0w,1951,88
GMPQOP3EFEtnpPm-p3nLpg,1745,58
BZmUbL19meadVzmPapWGmw,3037,14
z6KvHDoqIzjf79j5hO__7Q,3233,178
ndwL34QYZZjggCjnsqT7oQ,2668,2
lCzstWDGUnHgP_AHIBM1yA,1856,106
0Oeutgmp6kfVYXKkaKBMKQ,1935,6
ygVe6dNs9PwOJCxnEVYHCg,2913,19
hLEHyXPNZVrq_Mz8FzwQlg,1414,5
TEQDMUIiRK81g5c0VNw_Tg,1087,1
q2_UOUDKD-RPOQZz1e9qhw,1810,6
HApZpPIaLSf-AcpFMlqHaw,3073,19
krWkC-U2U_YAtYdAvuRwAQ,1279,5
DK-5tzyRzslV35n9yCyFMA,837,36
SRx7YS2CLDv4qzGIO06NqA,2229,64
u959o8K1lAnmBP3yMRvLhQ,2785,27
RIRF2aV_8LIgCny6rYfjjw,2310,58
hyMQ7VMN0Y68Kwp2pmmnKQ,1739,3
IEsNWhwQX4o8zdKc5dAnSQ,2988,15
kNmMqjZjkkmoH1esPMxFfg,2070,198
r78M45JVmupkk0hsVZh4hA,2347,63
l7nSLwJx3yj_zGFIUDwXWg,773,8
raPiziYCtUkshxL0JzyvQA,2180,30
j8xSXIS6Ls14kbivOp5gpQ,2567,7
slKuhGY5HAKK-auLLWUw8w,1984,11
kyeaS-RqQe0Rc6SpAwUV2g,3069,26
z4qQCIdLSVfhkOEglLtyaQ,1920,8
2NLp2NzwRSVkLIMfmAv2BQ,1136,14
sEKzC0nAbSlaaY5Ws6Mnng,3463,1
1aeJIZY4gzj0aRiQbndwmQ,1670,9
iuSOBgi7A3HjEj8ie2FJzQ,916,3
6waxVTp5BnXb-4_RHLJvYw,2076,22
EjsWhVNh8b04BKtpFNk0IA,2191,14
Z_R6cXzZiRcdMf7vQfXM3g,3289,3
REr2t7qdMeb2_wQ8EKlRqg,4069,75
Ig2ttf1xX2Ihlm0nsykaTw,4660,212
mRin3LYlZHRIzlq-DPkS5Q,2544,9
emqdVNgVlP9oXjVrmCzi_A,2761,5
Bx4pMK6pwOXiJPAa02j8DQ,1101,2
xRnEHAEh8c_y3rni7JYo9A,1790,7
lmHDodq-yFGi62IO5buOJw,1524,21
ViCqKda0F4XId-qETUSOQg,4177,12
TqnU_xJbTVbv0_rBwyup9Q,1476,11
j2N-Ex5hEpxyvndnr4AAgQ,3346,19
3qzo5LPfoM4D8W2PK7Dvlg,2701,9
fqK0amZGxsAjTrBZBNcOnw,2180,6
zSjCj3R03Y2rSSUbvPNB_Q,1701,97
Feijj76xwcAPUMB0KVFMIQ,3083,110
0_HQtIJKTBevwSZC-Y1JSQ,2241,14
hhx4_1qTv3wFnwGMbs23sg,1363,98
uzx5tzvWLoqXAfvg1KaOkg,4091,6
ZlMOsCT9T8TON1TtkIWzvg,1607,34
r8QY2GhLltwQoVXlfDMIVw,2583,15
PRmr22EAq0I4wLj2lYZI4Q,1290,10
Fg9CEFLy3BTupujDCR86vg,2928,4
3BHA9HHpJhg86tsb2aUPBg,3405,13
04Yay6wY_leHMTxLV7h4WA,1323,83
2Qa3raLyK4qH5bpMRkgraw,3125,11
JOjUdJRXzqftzGCtJjjJ-g,2232,13
kdp3VwEk91xyKjetXAt8OA,2186,22
KXaP6nLOaWi0zhAIPDPjuA,1935,8
YDeAJ7M5vhvHjdctukpNyA,1533,15
j-8DZt_kLjj9XtVMjGe29w,3271,2
FxJRPjY_2D09MmAP0YN-Pg,1647,2
z-B8cBbdN8qcRhVI-myNSQ,2426,37
784GqEJKOs0HQzDEAGluHQ,1175,26
4gALFVBvQGN9anKcAIlvHA,1651,23
UY8Ku15G0SV3XEgdxP92YQ,2508,17
JW6VGzYZ8ffvDDqNBwMF6Q,3014,20
roFGx_PtwgxB_8YsYG7eGg,2140,2
46kiBeT5hi4Q2dre8YosLQ,1162,7
xbLEXMOLGCDgymqsbBKXmA,1468,10
3MWTCVstSvqbK-r8iXHJtw,1043,12
A6msl8HFeQdEQmI3kt7pfQ,1623,10
nqMqkTCtDyZsc4ASlJfmfQ,2757,7
nZ-gFSVfcrb64QEc15oSCg,1265,5
H8Lvj9sHGl3bGPBVv3BzSA,2721,7
Cb6VKJA0NBw8HhX5MJvGdg,1129,9
3_YBml0z_efNNrH1bwAsGg,1971,18
15s9jKTUv2B3ZkV5kVllRA,1615,2
WvCCC4wiIlcCvtYQHlY2Xw,2833,6
sn31ULXDPjn87B6d1wpeGA,821,5
JfDx5qcHUADX0eY0CKKiuw,1389,6
-x5EfjCVUxGX1NGbDabglw,2322,23
c2aS91VwWFEEfFtkrpwA7A,1008,6
oZtnNiOqgR5amAlMQlo-zg,1808,9
xJCT2hbnAISHDrgoCrSezA,1703,6
E1phSdT1V8kpasVS_A460A,1059,4
Eaq5K-WC1ExxGyrXtUZtyA,782,5
5oNOIM178P7S-2QUfqYXuw,851,7
oPsZ4xpbGZ6aqK-0IsRXQw,954,5
Eu-OHcwAzGJwK6oRoTyyWA,818,1
9N5tGUXvM1DgdWQoG3QvzQ,1624,8
aWgUzkyf7dor8CHY9kXADQ,1725,13
k3HZeB4z_qss29qn-dUnXg,2442,28
kQPAVGQnFEF4FN5BBSLOHg,1658,11
vxi5B6Vo2OdPCIMBYs22Jw,1442,9
Wj2EwXygU47yRF-2LSG5yg,1248,3
l5xfiUu3KA2wfG4aiAVrBQ,2875,2
M50CWMgbsa801xKlNEJDyg,1168,9
2MGSEk0p2PPrvBddIb7w6w,2020,7
vgSeaPNLA85c_w6EKTQudQ,1206,1
Xv47mO8DUdhZRuV2D_p0tA,989,2
9xR0KygD0taw9ojsI1UKsw,2502,17
WzMllcpBWbvuC1xsJLVqSQ,806,5
e1W7JjMjO68Vue1HFsPuHA,1767,6
SsxIZZtR_fgw5eyGquRvig,1324,3
wDS2IgK5uTgx-NXum8jPBw,2472,27
97wLGUlDYmG_SfhxtZ1e8A,3509,21
ayE2CJYt3JVwHx2xzA2m4g,1617,15
GJzrlAiofSGDBBsOO_Wzng,2045,9
iId_LU5GsTfW5-apS0y-9g,1920,35
99lTZ0at1TUAdT2Vjuezyw,2925,21
QghVrWnEWPO7rtWfr0gviQ,1723,14
EmXWETj88vqhQusNdFcpuQ,2238,18
iy4S7TnmGyjJamMUvbV-kA,805,2
Ptcf2X-5btWwPUfCaEWAdw,1345,2
us0GyknTOHOvxNdu427uoA,1900,10
kz48Yw2w5sKT95a8yEIRKg,1774,8
_o6JDbyaKsRC1rgrQa8eSA,3032,24
g64vi1Y_RICIxILkyYVnbA,2294,8
sz5jiOauZCdR1pbeU0Qaqw,2303,4
wa2FKmLlV-nqcUlH7xMtWw,3026,9
uqcO8REj1MN6HTa9hy5Gxw,2109,5
mVizHlHyX0C4dfLgtG71Yg,1711,12
FpWfYGq1AK0jT_R0Sk1SUw,1464,17
0sCva2pe3ZpTTccvItE4Kg,1116,5
coGAwCy1x5bfJhWavIKkEQ,1618,12
uQp-eT41TsgzMMyyEvPyvA,1606,1
VZrl0y8SvNIArKrHlUNZCA,1993,7
dcD0zxdpn7KX4poRUSOfwg,1313,5
9lzITsHCSRNQHKFSqFnrnQ,1974,3
G25U8WQxYLTuJFhBOBrKPQ,2852,15
myHQItSlLyqdYJXK2h5nyg,728,7
G8PXGmyC78XVDAj0jvwqVg,2340,8
19s9ODaJv1U1DlO2vyG-_Q,3080,8
VYqM7u44k_NkLc1myrkYVA,1668,7
oVgtP_qojasUGc-zfmq6LQ,2289,10
cbLbEb9ab1Kc9J8cpkz0OA,2685,4
yVBr6IFDo5lC665Z8PylBA,832,3
pj7HOnjyk2C5GPvgH-R1iQ,1881,8
Cr02f7JSkY9xAEqlYOrf8Q,1209,5
Zsb8zDe06YKEIMX2bAn_8A,1312,6
IRmP9xcTp6SlV4soWRa0Mg,2017,21
quGqqrJbg_n3AF_MJjiDMw,2492,1
ffFNCWjJiph8wREFeLIztA,2987,44
QrATKOsQwo569mvk0vhagg,2872,7
AlKwXxhPdj5bkdYDRO7gtw,2456,15
Tzv82QZPQXUiUs4qYaSLeQ,3082,136
97Ibs5eqsePVx_Bv77k7hg,2374,46
Y6SR8CPBVTE8hmD0IYGsrg,3063,9
wSDWSlOCDAXf6eIOlN471Q,3201,31
hqrO0l_MF7P9MuUtexj4Dg,4152,229
ik1Lw2wnAlui8Mmd2SFA4w,1622,5
moH4AMXYWZYkqrvVCugV3Q,2691,76
8mU6j-oygI73UOLqYh3gLA,963,19
0PQHCfKgfn7PSFhb4_2t7w,1402,35
k8e3ANXex1uukhjG_I_0Ag,1089,8
P6XKepr3H_rHHx-NOEjD7Q,1849,7
qEPmAgRd_hf5ejLIfQjvMA,1319,18
cZBwOa-Do4c3kXpOQ5qvBw,2872,7
JGJGi0rLsh7XoXAfzjgjYQ,1596,14
GmHe2df1M-YtPw8EP8UGQw,2428,87
YJotDTXFgBjTDECrAHSOHQ,2478,25
uJ9ib0qQ6C8QlZZz6lu0Rw,1916,46
CJkynxwwaggHadorVDB6Nw,3167,40
AfBcgDlkUFPZhn47VOEBHA,1413,6
H099Ca2NGc3_XE_05Ltg1g,1244,7
mLa_oovvr8njdNniGKGq0A,3299,18
PPCItRHMmNpAHx9GJ1dF4w,1869,25
g5hCbGa8n46n20YsFHX2Cg,2179,4
Ep__st7ImgJavzPO4E6XOQ,2107,14
5iL36rJeRXqYjG8R_WvsIw,2769,7
wAs5k7Kb5j0FBxse5Qg2RA,3820,230
EnyN5_sJpXb92A1GL9K00A,3091,12
4yhFQ41Ju_QrEEyR-bnAZA,1998,97
35Up39ORQkiKkZSbbjj1LQ,1483,59
HoZMjYT9RgCEvvvgwL5FzA,1926,9
jxd7pXYqIjYgdRrGM9t28w,3762,29
or1mkMrVsORSfIdnft9p3g,3444,118
8GWwu6gtDfAFfM2gehfPow,3363,132
ky4S0pa3C6fozVrtkIJwNQ,1649,36
KRUvYWJZEkm5RpWn0jOW2w,1862,3
azDYZT0GJEC2F5dp6eCpyw,1045,4
sa7nUiNtSZBPKcTiXyZQuA,2759,17
nBgDnja_F8rx_0upRJlMmw,2546,244
VTds5KejtFkNLjCSsT9DhA,1582,5
6zMqqSDPitsIhF5hy6jhPQ,1195,6
Fg0nnU-r1XoxPiQxfYHaXA,3413,2
5MLTOOiFGu_-PIyjhHIs-g,3020,100
zamo_WRzQPjh7bpeN_zgVQ,3146,18
svHYWos25bIqEgaRBA_FKg,887,5
-UPUYET3Pwm99zq-uHl7gg,1969,91
iXeGkbyjYizMTuYsh3fHuQ,1995,7
ZsmfGhv2AqHd1UiGJ99xZw,2572,37
LKMPcOB1YOwKWOPsKJSRJg,2417,6
GtWXLPk8sPn8yyIFP3eRKg,3100,20
_TrgjelLtRdnlHneXd-H3Q,1344,6
yuW95jpipnokAZ97cESZUg,3843,332
Fg6_nKcuOEPfbDx7zZ-80g,929,10
FsKI6H1tdsgn3k4Uu_cfVg,1306,4
Npabo6FsgGvWMTovcrQuqQ,1894,8
WOrCzAOgs50Wf-dlnHrzDw,2496,11
RTE_PaQJYlN7-GIKDxXdjw,1160,6
_AW6sW1j9h0vscvm9PzgXg,2091,5
OulrHKTLfzNyt3uTrA3FCQ,1242,27
W45d53y0Hdad_9D-LWMs8w,2113,11
SCE9qkFM_kC4yIc1WeSnOw,2053,3
0U3AF47KzL5F2fAGYyYvVg,3144,7
jAroAl7GPnoQrranH0SgVA,1979,16
0PohnZ9tJqrdf7zAm42UQg,954,3
5zMK-BZEfwTY-0HWTWMZMg,2029,11
sonoGgV3Q4KTSUn58HGwug,1796,22
_qJFSmItyqtvKrmzcDR4Bg,778,3
qkoog3Q0L09pc1pV5LC_9Q,2727,10
NgGnpTgk1ZeyzMhEj3rhIQ,1813,56
kU17aOGpHVhm-8huOlzM7A,1441,9
Nq5rE--nVlqmhPWxrfVbEw,2170,98
ojxS1v-8nUvEEx4DlsPQrA,3150,559
83Ri6AVgFk0F6VNfkE1ykA,2109,1053
LrRhYRi6Z0Uqeq_VMtzCqg,3840,4
rKdpUll7rsiB82HCB4jY1g,1065,2
x_PdRQIW1f1K6Gs8b_VVWg,3082,21
7nMb1YbfRv1g0AS1-exklw,2703,44
kDyHUXcTB1T_cfymHrPQgg,1734,15
d_lpeMZNVRU0d-t50BGQ6Q,4452,231
7PnRF9358h2VUvtDPEMxRQ,3122,15
8sW6YwBkyO4LhWvhknmzog,4341,603
7FboZWF1TbNO3vgvc-Rv4g,3901,84
vFyb31QuFP8Jyy1U6TBPcg,3260,6
zDYPyID55jVZ13M_-lL9iA,1774,46
dWRCqHQO4Is4SFAAfVxD1g,4034,13
xxV0EpH7w5HQNxxy5_d2sA,2927,101
xUCc0gcRv8pv1aDrlGvZ_Q,3844,81
hT2Mw5m_SXBDVBuvA3KY-w,3983,316
tPcFyGjfv9b6B3XpptYqXQ,1243,11
nH5rklEL4mI5-W-sOICnlg,2265,4
O8_8chCGGdo8PXgcYn3HHA,2739,38
tCL2UNGHFprEwKWV3FOK7w,1180,102
ga1e9TNG79eYz_2n3NTwYQ,1524,50
cWaHJv8vTfWjdOWC3ln96Q,1744,12
UjGjSRA9EIfOVdlOcdXHjw,3067,60
QKXRfsDIW3MJYkAks0484w,3764,151
4K4mEl7d5MAu-zcCLCVI-g,3922,233
zkmwin9fIRfLB5MDpeIxMw,1651,36
o44PiGdc2QVCSllaVTwFsg,1999,178
RQtJGc1sdQWr4i-dC0T2kA,2690,9
XB-Hh9ZGosMo-N32Z_oRcg,2058,7
01IhGl0XmthVaN1n0yVpfQ,2361,311
V89kqO57GO2mNEduJjKOLg,2858,26
fJT0OQC1W6Vjm3m2-68_uQ,3282,127
7tpP9L0FYg0AGOUr2fZ3Rw,2308,8
9RT5v-dD1Uks90e9QE8pLg,1932,2
fBdD69y-O15tDxy2yXZBUA,786,31
18fgXdYDkSfxrdnatX2D2g,1377,5
h-FJsYNyW8v3Df0nXpR0YQ,836,1
cRpb3vFy3xfnB8Giv59Mfg,3546,256
fJ5jRCzwDfJ5TQO2OkpxUQ,3139,6
CNiVyYzKP6ACbtunhijTIg,3227,10
2ek2Kk2cmSM-1-6XLZmzfA,2096,3
4y-jGqWkyaL9AveMdXI0-Q,1503,12
FdPMcnaufAMa4EzmN9Ikig,1542,5
1nOG7k4u756119tzk0mmFA,2146,44
2eR9aa6Gz9yYoKZCHZaMgA,3469,1
JT3vlID0497YZcAJVYYTbw,2345,126
fmnQIsoUvtgUfD1TfNcV8w,3272,159
Y7jg_3xZeiv4o9khMLGy_g,2734,4
Krk5hIOG70pDfaZdbz-P9Q,3550,16
XOYOtGcJaddJkeH4JygokA,1247,28
cbBqs4wWdblpWMRHaae3QQ,3127,32
7lr1FTdlQu_vTzqjjrT4KA,1710,15
n7WBcgQxdoDsfGrcx7OqvA,1251,161
z9bzc9B7jUn8k_hR9SXyZQ,1913,31
tZiIVMgddOvhn8gMUvZbVQ,1402,8
UHTTjJ4TVNt3XF5iHAwPNg,1269,5
OBIvgjl-FZNBnc2jSsL3kw,2208,6
c6wBIX_pnxNVZVNyjcZFqg,1599,1
0Pow1YWZeRJ9d1Asp8fU1A,2900,18
JdQkz_vvz5WC6xaCCAhrbw,2211,3
YMKGF9sISsFhFveO7GPGug,987,9
jMiJ_kHqB_tC0MMKfnJ_aQ,2489,72
AUX6QsdCm2uhjEoOx36QaQ,1982,20
w3iIgfVgF3M0-e7QdmHW5w,2873,5
rJNDrDLfakSoZSYpeRO1Ng,2526,40
aiEankUlHePzaWaBKyjmYw,911,1
dNe5_clPeFsI9F76gtk9KQ,2107,7
5XBDssG_7dJW16LJinmcmw,2278,5
572yVBhleP-Il_jmaiB-ew,3500,2
XFE9SlGsmDBkjM3_1FTxFA,2107,14
bQCTHiz5LpZuDFS5DYl2bw,2606,409
mlAspUSI3gS9cBaljJgObg,3988,228
HXf1z_ll11VrZ7VmcdQIqA,2104,3
ytGGrRmV8NSd6Ud_dDJEog,1508,8
_we4E2nhpnjN4OT1TYGK_A,2744,2
Y5_x2UugTwKhYdKdfN0fsA,3039,529
baNReQls7NX_Yb_2yif57g,2872,13
uSLc9pJ_qqQT3mjrYXb6fw,2693,348
kjOE3jcrI32YTBnKwWa0Gw,1597,27
PXb2KQjomt_JIvhqohXZ_w,2631,7
vts4NeIL3G4jZW3xD_Kdiw,946,16
RZ-ffuy5QHgYiJ3qNOVzjA,4351,289
Vsq-BSn4GugVWtsnL6iodw,2601,33
7nhQANAEu6Fg4qVptiSjww,3727,160
l6dF-vvshel6LM1P2cq28A,2401,107
E0UnZHfrJAf_sUYTYPbjTg,919,2
88rEKqF9HI51clnIAHnl-A,1373,14
GG7Xg-09i2RCSily3JYHtQ,3759,253
CLzZpmR8ug7dbBwIAh2W4g,947,1
DEsmJmArj6pPgnSh4XCxlA,2870,3
WytISYGebM7dvl2fPQ7PrQ,1374,7
QJNudWdbJ0HrQbD3l2VF3Q,2437,13
yaSnvz7lInLn8YC43766fw,3578,56
4HSVxYMth2JFwZRxZZY_zA,2362,12
JoJY7SZNUUmTa5t-OG1pfA,3091,584
ZxmjeYevbvDzEdB9KMB1hw,2852,291
-SGpISGywyhaZvxm5Zwhyw,2878,11
JD7L3z31GmOuVsRRPyqdFQ,4507,1168
NR-CQ6LlrtjuIgmdG_hUCA,794,6
PejKZGK3E27-4L2k0smVoA,1978,159
oibaa7Uyid2goXa3XdC82A,1452,2
9SoO6g3AT7UHSaIRtwr_-g,1904,359
KZd0xf95VCq5uFEDnCi6sg,2473,7
Nh6P0JOq99MQ_jzLXXe_5A,2495,59
gxxH1M_oh0--7XsCKZt4fA,1838,13
m-_SUjtmvGjYxPz0a8Wnng,2081,25
psl7HjiM0dSVfD9UbNNILw,2577,64
WIf2nc2MUx-UtDzWIU2m9Q,3682,13
EeG4OkzP3Y8kp73KeO-l8w,1254,12
h5H3zdQ-6rAA9VeRSKp7LQ,2084,64
vdCBAVUqkmITy9658RPHNQ,1399,4
h4sQN2sDPMUblX-FHjrvWQ,2698,4
QWoRxBoQKhkNCCK63DnzDQ,1143,4
pA2PE9UhQWM-OmxuITFomw,3732,301
L4-Tw2uD2lKB34ypVBKNXA,1780,3
TOgL6eh0pwNfk6M6wv8vVA,3459,11
YPTJ96-dT35OEW9-uYf71g,1544,5
Gu0dS8IJBnYDgZUHKaBlFg,1490,22
cjLgeSqOyrqjmxzQF-hdtQ,1076,7
AYKYL-FlduESpxxgbjN6BQ,3540,354
u2zg8lXGYbH_vGj3R3miJA,1039,15
8Rw9RPFfd-iCkKGhBsM-Sw,2579,21
oFrdljbvI3FdXQCmkZ9WAg,2240,10
ssFYfHt809UnwaQDUaaBRw,2979,24
Z6pcsRoV9YD4V936S1vv6A,2010,3
opiDifJBLmC9I3y4zmdGAQ,2696,16
FOSFozgyzNfV_GqjTjGQ8g,1394,103
yXM_Do85HIXWecjaa8_kRQ,2321,27
XZTtkornCaqEJoi-budnOA,3600,160
f0-jls14TN2sXhjLHkEc0A,1536,40
92tQdX4YBO3HqAPOvW8pCA,3480,27
Jv2W0ho85soOfV5jOJQGBg,1968,9
RHGU_pf2mqt5fXrnIW8Iuw,2919,41
invRAg-tDnNkYi9Yi-u-Hg,2493,85
wSgMIQOk_Vd4nqFm0XzLUQ,1662,4
MvTxOTAMagiFwMpmXkU4iw,3809,49
ecJ2Tmr50t6yfzU0lIQmkA,3305,26
_HnjG4uKXPdxxrOzPlq9DA,1432,19
ZtdTc158d_riHoD9RBqt4A,3028,4
f_nWW37RjqozcoDXz5iZCw,2204,119
axwmATqbyM-FmPTZ9hnGPw,886,58
s7_0aX1GqB6K5J4N-q0ZmQ,2502,14
gRTVw20Fvoquw1QCBEOlTA,1474,33
QsyDsOP8urNYgQ0Vq5HN4w,2799,41
WkrSd39E2--oit7-eNWa4w,3038,293
h4gIWJSrCi7PPkhuPdB_6g,960,10
gd_9HjZvHTk2kS0iyIZqGg,1688,23
1curPf3rk2p3zx1sw1RBKA,2034,7
ZXHcF3yVATd-Zbya0Vl0YQ,3923,176
oOF1xP1LITK5cjwnHUjJVw,2430,124
GUw5gFbuEDphYlX19ydrOA,1743,23
4MCemZet-mmfunhSqEdyEQ,3614,350
eeXnn-gwVZUxnNEibkd2mg,2944,11
nPGpQNK2qo_j2M1ZrrcSsg,2753,96
w3l5rya0nSRX7ePixnnSRA,3106,222
gvJz-QA-4CHmmFMd8kPnVg,1015,27
6XPwdgFmH2sZiXEjxj7d6A,2675,20
y3RSMtaN1n5sTAvVZ3Qt9Q,3099,42
733JIG2y94lTbQeqQYMlwA,3073,246
Du6bF8BUoJsIAuC0J3KLIA,3684,534
_hy7NyfUiqJUgw872szbTg,2995,21
yXcZfR73BWznvMaHSemBAg,4030,144
HTxKqtkzD9LbnViHD41hHg,1362,60
6OSgHeHFx-f-2ZkUJ9MRjg,1628,7
3UlKrTjprqJqygZZpcJF1w,1201,12
vtuJpy1DFTfQwwu_cAXjcA,1763,14
e4H15zyeRjFT4id3hE0Rkg,2165,254
9xpx4iMqBUZ3whegSgB1wQ,3948,202
7flou9kxPWPszYF40sxn6w,1600,1
XVZRvKtXgAacLngQfrhcsg,3079,10
FtapSQiGAtISkHH8Sv6tvg,1008,5
OJvHWyxsxhFeiGM2gMpmsA,1357,22
aNvp9mvtt3dg1mAf_A_3xg,2442,116
48stbJvqcZ2PNfhyreyIJQ,1811,16
Iz4J5ckw6oWtRIrTEHFmXg,3222,207
surbmabffQ5yOyZdy7-wMg,3335,17
6OqnzFM4Im9nrTP2lcSusA,2045,26
2ud5-C7v02Uld2nr5F97yA,1836,20
rhlg7MPf1BNVg3mAC8lzkQ,4293,18
AiwtpK7qkI9QsRwdPg_d1A,2090,18
ixDXj2W3ki3m2p60-2N9hw,1516,1
O4qWtLFTORe664qVusUlpw,1915,22
_mSsGXKG3RW_kv4e2G7eVA,2057,45
55BkdtLW0h23JocouHgLtw,3011,19
hPfGzZvpj3sV48xyuNYB8g,1673,3
JqVOEsAUuhoAu-uRtzMtFQ,1827,163
5tt1Vr8vDhb35rjIWQgDXQ,1944,14
rsGY6SeXlAofalK-CwtFfA,3008,190
p7RiGtUfifXYYfDcxcGcFg,2943,314
FvfPMvfcW5M5Be4YWl8OqA,886,262
izEcyHeH8tWcwXvFDNdPDA,4114,35
d3kE6R8HJK-pumQ0dx6vPw,1118,12
-Uu4hNmd7CjSKRA4KNaL8Q,2824,227
ACDAdKCrSY-BrFSCztV9ag,1490,4
tJmb4nS0j4eseRybuTFgMw,2015,6
yYKb9jYvB1Wc2dUmcIEsqg,1747,5
25z3JDmt-XQ0lpGY3pskQA,3223,17
olxtcXfWJMJlezgtBizqiA,2396,14
1UfmrnWUdpgzUiwi6Y_jUQ,754,11
HtopFK4zgVArcJXuZDPhHw,2706,4
dPJ6GGmAupbakXG0ApHY3A,1722,1
8Zc5u-mJdHg6aoJv3Z_QBw,1913,26
dBOD0jCnRXWGzxRAAle99Q,2012,51
sUxGxj1jiYNLdJsg8vgCAw,2367,19
cq8-IHGLuZCIYTDzj-UKfw,1963,9
QqJpuFInWyz07Kf-nwN2Bg,1513,16
cIlKVmZVi_GkWCOcWahdnQ,1858,9
R1bIQRSNg0us37blGV5JrQ,3095,517
XpwRcq06Q_VUJV4KAE3Ipg,1240,6
vr_dXBNqBLG5TsmqJsxEAQ,2721,37
AGMYRoXnaevgC68kIDQNYg,3160,2
YYDXkxkKI5gqdDrnT5YxFA,2792,25
BRWtwAIz2qneQzQlISfifw,2858,7
90keDJElAYzZUjphrKyxfA,2391,26
3NY5kjg_w_YsC90NPmnwvw,3405,226
KjRJc8MHHUJZOXx91G0d-A,2229,12
-gnA4aesGpa4w9YPnWuV9A,3431,272
qVWA653mQL6J1teshUljMQ,3707,202
0vgje_Rk-iGizQiNbsAyHA,3101,354
WtHGsdxKDEZaIbvjGyaHbw,2362,36
FSqrOS7F9rsB3MlvzHMnbQ,998,13
Hj5qL-TncTpdGYOnL3A-EQ,2384,3
9airk0TorLFab_odIMqOgA,4056,83
XWG_7O69HjjWx79lKC9zwQ,1599,18
uMdCbDOpZ05aO7kzJ0EPSA,1947,20
QMBNnPFW7KqXv0LCpLM1qw,1584,4
tw_ZDtdMY8ta-b5S_DfQTg,3533,67
L_W46CWbpfnBr6L9KHIPJg,2605,4
unjfJawQK7uLtzo0jAPlLg,2783,201
AzmbfCBOcPMW4U66--15Vg,2032,14
9Mx0Phb6Rpc9gsXzriNlzw,2656,42
57sYoIwUL1bkzKAAa1UNKA,2154,28
caUlqEgt1x-_g17UnEXFOA,1004,4
zuQM01AUldHVO9jP4TGFWA,3221,12
Pnyedcoi2k6YZ6TfwGOYGw,942,10
Ual9MGgQKrZIWrRMPyYq6w,1732,85
x5LfQ-h1dsH4bT_BG1qO4g,1257,6
-uglef88WEwkI6UlAqwO0Q,3738,1006
yxDjB_32yxs3VAJgJ8YmPQ,1608,6
F_gzoFvtq0gAdilWyE9yaA,2250,8
UL-dYA-QhWeVMfz5NRf1Lg,2588,607
A6-tpXToVbhCKk7BxLMZNQ,3555,124
KFgMw_QhVR_nZaQRTv8TEg,2162,11
ZILWY9g_wagehXtx9GzMDA,2594,31
ZYSrjlwCb1I-EJ_ctXzTzw,2084,1
wVVH8vsOOhdJ-5nigb77xg,2290,20
tr8HoS1NsksALb_Io46UBQ,3046,15
n43qwVkSbqHVJWTQnSvyzw,2738,10
TpDmwWbrNHKK2Nin_1XE1w,1848,3
J4ai0ltVgepBN3alp6LerA,2373,19
CYz5vUw3h8mo0XW7J9IggA,2845,4
AvnJiQC1Ix6ux5AokrM5rw,2508,1
kWk2cYYgJfO2LzVsc0Kn7w,2166,4
0IfU-lE1AmaCXLrf_Ihk-A,2975,295
8LeHyfssYaX4ccV5mP9tfg,1866,8
cOiQ27ScGT62UPsIM9PgXw,2944,9
qqvumT5KI3p_IkGrfKGtOQ,665,1
iKZMNlailMa40Fj4HSNknA,2421,12
nvqd48a-DhBZucXOwe1pLg,2823,5
ZjWNEIyKO7AsEWSh9z1AZw,2778,7
nB-SEKCWl8NTJOJGuQFs6w,2519,31
5gtiIg9lS_7M1G_kD9Df_w,2385,1
ilnF7VIsebhIX9HDQ0C5-g,966,1
n4TjpUDKMNlWePSFuVRUXw,2483,103
-abrk_fcPbNgBpVlkZs4nA,3537,27
3cY9-mD5LoLM80DQ7e4_Nw,3837,27
RKfjyoEeoOeylWkjGU0scw,3738,28
zHseuNq_3b246ZgzcY8BXA,3364,44
0LBESjBqR7PfR7oEXHDZIg,2552,52
wVtvI2TrUx8XP-UpvMQLNg,3200,13
DKbxeBSgMWbK-m1LZJJDOw,1530,5
DWTG_PP4oCAOQgXYoNfULA,2977,7
n20SyL5CFLnm35J17cgbQw,1621,19
yicUnzhiSbG2vLLXZtsRiw,3015,7
UhzrTq9-Sggy1SHkSY4Unw,3522,582
i9FIwM-uSinSIGLB2OskWw,2818,50
-votik4kxLm9f1U38geDjw,1330,6
X59jugtfO9L93VVbWckPYA,1670,3
fesKc8Jw3Mwb-vHwB9RouQ,1318,13
3KCRLK07iLA8zQgxeMF_HA,1587,1
M7h4S3l1FSqFNMHvtGHiww,2024,1
46IL0jlb6TLPdDnV9rBY6g,2172,4
GanTsmTZT3j5H-fC1iW0hg,2791,2
LOAd4Wv44xgK6RBdpu6b6Q,1949,13
Q7U0kERx7rHHBBG8Q1qTkA,4313,44
EAkQQx2WfAtS-QFFxRHMpw,3564,6
za1zCJgPaupS9_mckM_fEg,743,13
gZMYsFMg9cf6_DPMMkbzKw,3342,20
6mbkdbdWymLNGkgok1gnsQ,1590,18
ZWFZL1avJtdmKVs08ShgBg,3607,4
6DrcS1SDmQ0RUOFcEIC_cg,3589,63
PzN3ezpVqjlEfphaSz7Ayg,1003,8
khYdWQvXGoszJIzVS26faQ,2097,26
q4mRvIOvsErQgszVWqUu9Q,2460,135
laq7OjuNWg7OabuiXZDvUA,2644,3
076hLypyYWYklvsgNIwlLg,880,32
fSaDxPbapDZwFkIrnbESuQ,2779,47
Fokat6D36-eJt1mTwbpNKQ,958,18
EnR4hywZmJWoSKqxyIEQ4g,2606,19
SN1ELpHg3qV3sgkRoEvubA,2239,11
So0b-rnP1cuj7kJWQD6nIA,790,36
MpMZ9WuEzwSmG0T9R8s--Q,3004,179
rgsDSaDraRFJALpt_XY29w,2819,38
Euhl0ywRm-kiJ3nGl06L0g,2862,81
8nxHSIAScVdgTUFAagaokw,4380,4
Ej1XXRaszPbg6mvUzbir_Q,1988,5
nXRkVrRck8g2VHB3VezFgw,1413,49
_hagI2L0usM4IdeTyrv7ng,1647,15
vyCzfPd-pmce5nNwykyKOw,2430,310
EO266j6Lb3LvLC7uaSECUw,2462,24
6HHCHTe7nbIwaWamTk_xPA,1858,10
uOEzSYozRjN0L9sDNqx5Tw,1750,4
UOQqVYgqLkQA4wy6ZpSirQ,3493,18
accspvz1FdQzJcP3Qt7GtQ,2195,5
r1-5b1qGWZAc1lTclRnHMg,1073,6
mGkDsUO9vNYP9FPu-65c0w,2662,9
OxVQ8y8E3jGOTAglSafUSw,2320,14
0bEjh9IdPquY1TcBUG2s2g,3843,9
E10YXUrfCSR1mOLI_2WU8w,2467,7
ZMWskNwh94ktaEpe7fZsLA,2139,4
VMxy9e9oZaVf-o1ZbqVsBw,2544,14
QSfVYrd2LoZ-nqXtTt8v-A,2637,32
kx3HPRQ21S2fbxq99YlgTg,2903,11
wxxonxB84BeIC7rZd8stEQ,1094,2
M134P5ulX6JGPjH_mKE6LA,2610,45
0_9vJIVfdHSlFlEnBGMWnQ,1257,2
IYxiuZY1bll5AcwQ1RmvJg,1628,9
dSXApuvDs8ZZ5sKS7GWaOg,2145,10
v_oYHL_m9pm_9sEBoKuQIw,2046,7
00uMIC0f2OG68_CLhU70Ig,1282,3
Win2OfYr2Sg2xFMnr2xwCQ,3888,52
7JsFoG_UsAPmntF_StaHfA,2605,80
xkgBxlvHA-TTEPCX2iz65g,3794,12
kDraJ6LYgr87Iakv_qJUSQ,549,4
vipsbsgNyZOiLG5321DGiA,1160,8
ir-g3Ihp4oDwj_hbTIIRRg,2369,3
dbEV32TkPPz2ar3OKh75EA,2365,27
9qTD0SmZElR-RBFHKo5LKw,3212,3
550PQtrBHqSUjafvzVzEsQ,1430,68
Hv2hK4xcZ2H_PSM8q0Xweg,3787,29
AFOTJPjFqhC2JKK20BlOvQ,3023,27
UerpbQ257wTWeHWyNW5-iQ,2616,6
7yS3ZlkDcra5K80ZlXTDqQ,1258,8
TpQNDYjagSvpaRB4d_QY0Q,2888,83
CA2d0crHejf3zhjoyiZyGw,922,2
CV2-FRIMN3ovipHU_zSwdg,2514,21
8wl9hRVXnHWfs3kofeeTLg,1654,13
qu4G66IQO-blAhPvdqbGDQ,2332,21
TqMa70RmKwavw5-sg9esCg,2625,14
GIhVY4XE50W-p5jKwdkxKg,3108,19
wXflvaZwIIfPLMn_ZZHK5Q,2340,56
kYa4L5V635qy47EtFvJMlQ,1088,3
wB6_K4EbOK8LKL2uWjCXyw,2381,7
f9kdG_9yXHlqVHysMP5F8w,975,1
uxlSFRiNCK1lMp9ZJSDliQ,1982,3
uihS5CEfm8aN1VrZk_9Rig,2714,5
mSKvKNun7P7PrVUjGi1RtA,1990,172
CPFp1cRoiR6omJ5N2AiH0w,2870,58
KAiNFupeomyi8EgXoppfGg,2201,11
cM1k8bVaPgEtQe3buJzDXw,2457,19
4evFVSzvArrYXDqlX9XYUg,3427,65
kXjKSGWGB5x3jfRQtbigBA,3303,17
847Y4jw9Ae7W5L6tIRqM1Q,1818,4
F0OksDHpFskZGVNp5gWVFQ,2339,73
LOz9NRKln6ezOn5etfXwFg,2608,25
87mg5oMZaM2fYAfWrvKBJA,2543,10
lMyCdteZwWA4DzqZYObbsA,1963,28
X7EYNsZwKWsrdUCTU3ftRg,2656,9
jrqckwDFWuDIu18eJVM4Ag,1676,8
ctwakdmBYt7o4aSIyz-V-w,1113,1
2_36FnHq7RXtajLRZzv-bQ,2947,4
Lw76HgBahlfpGfTTrp2x3Q,1070,12
86Zev6O1jsfqNzKFg6aTUw,2086,1
7p3ADsSLvpOJYOTWfj5QBA,1782,14
jC47iJUChSROOTMce8Gwzw,3109,24
gJK2xAhGQV5zkApt5bQROg,2542,103
77SUKwv2uQ5W0rgAMtvnlw,3431,261
4pb1zMlSfPYnGSqaeHOhsw,2217,27
QpuGe0y3EZZEyfEwFfdVbg,2913,30
kac-xRgGS0WubzeWynpnUg,2178,56
ueLNsXr_00eVWf2dRTlIVA,2121,2
NUXe9epxQaREr4YJ3bfV3Q,2146,30
Ye2I_-a59rW79hSy-b7U-w,2734,3
6WC-FM-zlG2bZ6pXcDWqbA,3121,2
R6I4Tt7Ew0AhaiPf58YLzg,2207,2
FYahDcH7bNYNc_V2VMiT3Q,1293,7
R-EzFY2J8MkuU11JQlDVpw,2031,1
Rmr5rK4gGlG7cEb6-N31nA,2871,29
4JA2GG4ZTB0Tr4DjArxVEQ,3258,7
13eqyk_In9CBV7BBfyBGbA,1468,11
F2Y8wMfTXFCA4XkT9-Li4Q,1952,12
MlnJjhv29qckKhB-BlvHyA,1196,3
CaGk8N_dGqlkqNlfwlliWA,3752,58
0d28i7iyA_W1ZHxl8QJkDw,2454,14
Divhsv7IgfaC3Ki4OluZNQ,2822,3
eu3bRjCyZJQ1Kqgu9vM1fA,2991,31
J9Ctz3SdwCcQJPc0G_0ZjQ,3503,4
Er2iO07L7G9OKAx4jyg2Dw,1088,5
Hf0MrASP88KiGxymjNwnSQ,2227,8
_DsNi2gLm3FEHox2sD16VQ,2807,3
mIo8ojzyMrAnq_mxjmisfw,2874,38
J01lRTDV6EIpJ_YHXjbi5g,2898,11
ThTusOCyFG1Isc5Op8f-Jw,4000,16
PM8SWvSA1wJh8MkIWo-Tlg,1082,3
rgdg9SAGj9ay_Qnd0j_g8w,1746,61
aBKFxhvBWp1RZ8DqIzKqpw,2475,19
We8rJiADgMBQn4ObC3PBYg,1969,9
WVYblfcm0jofdNK92Ydb-A,1848,202
DsqadhPAohIfPM2w79COng,2311,7
R4lYGpGd1cVRNut7nH0muA,2694,234
1mw7bNfKuUDlSh9Lvq71-w,1830,11
gajIiHoRnhRsHjgjGJTEsA,1964,22
AJV3isA6VvR38KIxV_zfLg,3035,57
Put32VvLsmfRv_nLzXVksQ,2761,17
xUAfdcr1Um8E4XD2BYYe0A,1207,1
OiPrmTzr__WuktqNHxbS0g,3776,17
PrMHo4AUHgUgfwaEJv0N1Q,2186,63
NS9HZc9g6aD5n3lhX3RONQ,913,24
h_UsACrc8fcr3BCU1LBoCQ,1908,3
p1__mwy9cCWgN_5JlBpB9A,2129,2
jtzdo1MPyzY52lVtmnHU4A,1492,38
ABTcWWeFb1RzWhfHXM6D6A,1738,13
6VHidrtljUzTYy4KEZyKTg,1020,8
meokzjzYAhcR0jHWfbPKug,2266,38
q9f92EpbCCLoUrvQ-dzphw,1577,4
nQGPe3jwWLHwtezXC7TrfA,2043,18
brHWG0DXDuS1CdCKUgED6Q,2720,46
duQltz1J4bVNEdBypv8b-Q,4274,8
jRiM-YM9tkyEaylLiDFt6w,1353,26
arPR1tTbSgdrr5uV_2aLCQ,3061,14
ZZJHhXv603FZqn0hYGgyNQ,2445,81
sMiqgQxXN5cY9GrqH_4Ybw,2629,4
Xib9R0OrMxJRsIOCfSnLYA,2728,4
Joqglm5PwDewWquMA_1anw,3225,9
fmtCZY6JYMEtTzYcbbHcBw,2833,8
AnEvVlFZdwjCm95Ud5s9sQ,2845,10
fj9e9ErgmTYx-L-TJqpD_A,1769,14
aYDKuxI66I_eUB3-mWrjnw,4435,50
5OSKKxSrjnCPGAN4y7Df3w,3946,128
LvvY0knTrexXwJtnZx87AA,910,20
ehXK6Yzt8zoZQMsf4L2HTA,2045,3
4y2BJGfn38bLvRWSWz0HwA,1754,6
LI2pzNvZtLsJnDOts1ym9g,3205,208
2lxGa2uShzmaynLL_8vq2Q,2163,108
o2UAPMFr0kr_QkQLU1fnzw,1988,6
Fdp07RuaH-4e5ru3JaWv7A,2041,13
0MA61BpRFt9q2iCZ886Ugg,2298,2
n7jtQ8-iime8FkDt0gc_Dw,2620,15
BlZx6RhM_WjUoirwMSfv8Q,1071,10
sj68Bh5WXG8RBXR0W3l1RQ,1689,2
auIdsdB-zHMzYA4BIiVphQ,1720,3
ybjy3GVtk25kpZoGc8Nu-Q,3099,70
iT6Im6g7zP7BriKMyQCXow,1379,10
TXjUh5CsPZQ6tTEXuEtXtQ,1668,3
ceX-Errjlxb6VlNqsu9Pnw,2044,4
2swPGC1IRuaTtuuWYlHAfw,2686,8
FEROq1LF4957rzRNZ4Prhw,2805,6
OvwuVst9Zz_h7D6SLGwnLA,2856,12
AmRpsyXKVeDqfK0ijEC7vw,1093,6
7nVhfN_55LjZj5tI9EVMiw,1657,3
m34UsLVeuEZLXhDx5qfGQg,1534,13
EMeTQltTzwsg2q2G-cWg3Q,1916,22
pHslvXxZLLcAvgdHAWkSpA,3387,11
bhzRskirYtEm7t6h00ZYag,1639,1
EY3DRHZT_rShcgj_vqTbew,1918,103
Kf_08JRMc9eZQV22BOmAyg,2341,35
LtKgDkVRlGwkpRcTWmNDIA,2197,3
_WSEZA4e9KyxF1UBkf7HOw,3589,454
uS4UnP7dMOEZ4KZfmTm7Gg,1619,15
RJrGgtBXkpX2oEHM4hSqXg,3476,694
qolJVR7HE5vbvzQppINCCQ,3090,841
jCerZmbitsWZsHKIe_VbKw,2313,48
g1hrLKD60bmyWieWBw8cag,1441,4
GjQg2pw3EB98RoPtBf0uQA,1163,1
7lvWX8i1rxIn2J1FyiQZGw,2420,9
E-O_7_cFDoBylpJ5KvpTbA,1444,62
K7ycpHvXlBkJ1kW0DJawRQ,1893,154
kXNu4Ryamn9MHLiTIj81ug,2881,79
dTlKoRMHyLBXsGru8ojlsQ,2895,3
Mzua9o739Bd8IVCFMUDBJQ,1908,3
WA6KScG9jn5IBDJfw1Q5tw,3831,11
RJbX--sK9rn4noQ7l5nNNA,1915,19
jhpNZdjroJ4HRi0hcwejRA,3849,48
c5C7zY1kSCrKjjDYZVwQYA,3561,10
tmNtN9ZJRQjhmBhZs198OA,1647,36
c7v9N5FAdk3xTvTqOmSAjQ,1497,4
7HOYOCYKAjkMhJWTydnXFA,3351,58
iNFR_ZTYwKhobeGjb0z9xw,2325,2
-H3kbMM1rDjadZLt8e4yQA,1487,5
13RpawDc2OXIAenEca360g,2496,30
7VnP-pr0vuUJ9nJeNBPaGA,1578,89
mmgEmPA7mPFoDpVXa9C3Fg,2532,1
-EVdaQWBxUhroURI8wMWVg,1148,16
YJrjk7EaYM1fPTqTp4C-ZQ,2240,7
hHKY3CkHOYl7w_AB9YWTTg,1030,2
2Pnc7biL7COVF3WcXsEScQ,2624,10
XeDdiRMqdPuXaXxzsK_zoQ,1772,38
31YHuQMPvGaLfDZe9Nkg5A,1377,5
mEINicTBcpSx2n7pcrrsGg,1057,7
aYpxNtR1FbuLUdul5GCGhA,2389,8
xluJag34k2nu-VupstB8LA,3477,3
ZruISc6CD29jPDkXT2b6-w,1662,11
qSpSQ0q6Mizl7DFSf-Qu7Q,2737,15
mGox_cwDbJWRXDFTw0jbXQ,2716,173
N--OQqLEjW24WHZrDfI_JQ,2878,533
lUdKYrIo9KTau--tZJllRA,1092,17
z5_82komKV3mI4ASGe2-FQ,4326,168
Nwc26t96TlTijEK2RZd-ew,3994,54
Ktp2kz3_S2eDg6ZWgdQ9kA,3453,6
gePiRFVkZvU22zPhlhHipw,2535,44
mC8ax89NE0gyAM3HMajo0Q,3742,100
kd99Og3J67jFIofir75fHQ,3719,16
ewvVIb--t-CXSITTqh6AvQ,3085,18
upbxG_NjJ1oXpCg_qurGTQ,2973,9
ltSi4vb3k-mhBS7q2du3HA,2378,2
zSlmOifwSTyFzi7hN6Dozw,3863,51
nkPr-Bi767kLbcfJgkgq_w,2149,11
na3yKDHhmF3PdNjc52foMQ,2530,9
Ej3jS2uUIyF9BMTCNHOUXQ,2702,7
05CNyGQyXIiwXII2nciV6g,2906,89
nOOuaY5QSXCTUj6LacTL-A,3075,119
0Z5Z6puo3fRkE9HEKQAYBA,2051,35
SXN7Je3ZNO9IlaS2M-e63g,1723,20
UoCtS7YT00XyZtfDi9ZW7A,4267,176
DGHu_N45xapI4Q6_uvvYig,2017,10
QGMY3lsnGQ--kwe5sQGHiQ,1291,1
mgyPvVGnV1l8ypsJ7Tc32Q,1143,26
iUXVssUT1RUGWg5R1S9B4A,2887,12
HO4-64uz5xuSmjfhP8Doxw,3338,120
0CZ8NGqFfHq_Jmx5KT0aBw,3009,22
HH7rC2KjFyw-ZP7pYBH5ng,2945,23
4ZvmICRMtp8FcYdt94vG7w,2735,13
8F-3l3yTOEKpnCyYLh8lxQ,3890,68
x_MHMbgXs5nyp0oved_mJg,2792,34
Zb5x-bKeZNjP8-7H2VNmtA,627,3
3TeEHdeMOcamovMjZ9d2GA,4745,220
qjX40bTubCboIQ6S4mu54A,2897,219
eI2OL-NAtm4Y6RP2fJ0K2w,1672,3
vbDCmuPpFIxuXbw2MnFQmg,997,8
zmQVtzlIn0KkJ_hVxJkgow,2127,7
PZ-OxUiabzj0xJfy6NLnkw,2294,2
IPaE4PKYqf5Z-N931pN2-g,776,12
dQYJHRYHZyL9OixoAqh-aA,3973,27
JAHf5-kCbcndDvGNUhpBbw,2841,16
oOSNyAMi3bVQq2205yg_IA,2371,42
2UkZp5UvAHusBYHoKAXczg,2728,8
Ycr3fj0fN2SuFpxa0MOaQw,1820,5
OY4r9HdMEki_dFsj-jq6uA,3154,7
uJ7tVHg6HEXCvEasevg6bg,2114,4
vbBwBNBbKRlQXAUiSvDe2A,1531,1
Txs3C1-zNxv6YSGtqM-vnA,2375,1
E-iJN6njy8M-9N0MTtBZuA,1189,1
bRzVflIaaAoHLfSSEjEXrA,2720,25
wIWiugRwpSW4ImD8N2FPcA,2174,2
YO_1waSm5No812gxHQNY_w,2417,84
rA_6n7hZ3-yMKZsAsTVAQg,2187,50
M3qsqTZcOHDQVsqrjPQUGQ,1722,12
HNRKvN3WIGO9iavv20Sa8g,1344,2
rpLbP9_sherkwvEfa6LZkA,1168,3
NG-xXkAadmlBC271ABa9fw,1426,14
4rhDMMtRLLGarMVmcb9Ieg,1943,14
Bon850IF7RegeRKFRCgenA,1644,16
C1K9f47La7uRQclSAF_p9w,3578,28
JqNU12c0ekQMXd-FB7XqiA,2464,18
0EFQQB40D24-WuIFH6-rpQ,4347,324
d85pB8yZRIFLN2_XpleIEw,2041,4
kmrK4LByvnX3SgU2tIDmOw,3725,545
T6TqgmsZfAifD8D0t1zGTA,3133,41
ilLlUTe3t_CznC4uep7GSA,2615,4
pC201sx46-wCHsVsLdzm3w,2662,11
3Is6NJmx462ba5BiKTPiOA,2102,6
s2IYwGRW7S9r8U0SGPdjCQ,3056,11
K9A3FCuzWUv5qnhWyRcgzg,755,21
9OvHwOtcIWamZ-P5D8HwqA,1995,9
bzSiS8tcpAZVrUGELCMULA,2621,7
zfePWnVy0LnXqfHNQe5Mnw,1645,5
VoJGM4B4bw1myAV3H8tB3g,3305,8
-6_u0xXtw5g9jszl07Go8Q,2774,4
xR1wXP7bfOw3TV4ujqewFQ,1439,20
0racdrL8HvAKgH9wwRpNNA,1296,17
HArXI9qe6RgGpS7oLv4b_g,2342,7
h10S_CDcy2pX5VzpD5j6Rw,2061,13
IvYlKW4hfn7lQrV2ATcqmA,1771,18
fmjU4pgsMnfSKtFoA9vNtQ,2966,4
sC3boGbhg1wn0syxm0JqjA,1663,2
l1me6mV9t_RBRR5Z25mTkQ,1098,2
QngxwA3Oj6-YDwbyD93sHQ,1301,28
qyWDjKsTc8f_Y8Eo_O4PkA,2786,15
dM36qRR4RTwDRg699hz5tA,1388,10
0egeL0JweNCiFABnuRhQQw,827,34
LFQcEJXg_GVdEfGT8fwRNA,2794,27
5uayNdFC48UkFFgYG0SpyA,1256,7
1to9Wwm8fqCxZtieMzWOZw,2856,7
ApbZwvMRcJmkdqCtXui66Q,3111,3
ydu4tP2eihuEuh6i0ATUAw,2407,3
wyVysAgrMWMRT8ABHg0Kvg,1470,4
pW_Ac4r1eB1ZcUYZlNtWZg,962,3
HiMgnN9QL4ZJ0BWjaiHdeA,2520,6
uAF9-vqCbAjo7r3EMEmERA,1949,17
ujO_Gkqks_52p3PfzssPUQ,3041,3
1I1Fr2-4r_x3b6BF60Xw5w,3410,31
SJCbhXpcLAwmMMeMlu65MQ,3673,5
D9WFNgmEnrfPj_-Y9JqVsw,2760,83
_cTqRfxaAzSNaaSVAxutbQ,1655,3
MptnWYZAQ7gvqxxOqb46_Q,2495,10
aBHlJXXZh5fqjop74g93bg,2063,4
CyGqpVBWkkom9lsePgDhdA,1554,15
1lQVMPCuvhAh4Fg8YHjRKQ,1393,5
OWXTrBxjulUCU1Qt2tAQxg,1998,20
Ni9w8Tm6WezpH2rl8RheUw,1262,1
ZbejLcemVeGFvyd1A2yQhg,2586,14
GD9nEpV8S6oPR7Iime55yQ,3709,9
TRYSfdtUnDgYXOlzKDt2Sw,1108,1
7zum6aU8svrfSKnd5yzWrA,2747,9
q9Oh_gJyNqSpIq-ZbIfECg,1611,2
HP8G5MdILiKBEXy33U9QJg,2346,7
dR4EdrBuXasucM1ZIoKITQ,2199,2
F51UGCo6wmK9H2z-0kKNUA,2525,18
h_Q5o44vK-Zl6mdBtTUEQg,1175,2
CPW3829PghjrbYo8hUWZqQ,1984,1
2Bmgt_wkLz8LUARVFC-MFw,1620,1
letlGGyqpy47JNwWepZSug,2293,127
_zGVwHZaRnZluPFA6zxyqw,1506,4
59oCnb35eWzSvBBkUdWr1A,2060,5
B1CzjTBTxlZCoQKkGAqHTg,1272,14
BF_6Kr3Zjw2FtRTBDonlXw,2823,1
fIhbej69esDBn4DmB6e13w,788,5
j9Q8ZJ9ArMwALXgMvTRIjA,1648,18
6fwKrE90-hF9rbYp6n45lQ,1682,61
fY94R-PmPQ7SnAahq_HYGQ,1589,8
mbOnyqAeOhAagwN9OpEogA,1514,12
V9ijSpUSxUphi8XbAVLlIQ,1773,1
2rWddfmb4gH4lRorKZxZlA,1980,4
mtOAlJPhiVjXswseATRojQ,1697,1
029LhVweQ3WI6_5tIOrohw,2659,9
_U1gbPHj4hTUqZ3OsUCykQ,1272,6
G7xfsIJTkPnTlwxDM9byRw,2650,59
WOXFlm8EVSV3JoBHv12Ucg,1619,5
DkU96LaRlOO4he97FqCfqw,1327,5
A6nfNQADCYlqLSTKRs1-Uw,899,2
bqs-F1OzujDn_r7GwCVwMw,2378,15
rXi-WocSopzMMZu8uwIMBg,933,2
HLdalVUZu0_4XbEHZMWvTw,1636,13
TH2fOqisWDP2bMWYeGBcyA,1781,6
GxLxIOGaBt7zBdUc4SJdIQ,2007,3
3BS1pYdF3nqrPKQwsEb2Lw,2142,8
TRUMKGM35QPQHWEky8IOTA,1306,5
nBxjPGwFTNSeOFkqCnkaqg,1106,15
QLd4RpreJ5Jx02Lj_EhaeQ,670,4
tNc6SpreXfs061FlW73Xhg,1786,4
sG2Vuj_IgwgnQJ3fBouByg,2509,5
GGVleUadxVjP_evoh3XL2w,1884,8
Jv94G4Y178sxBfQ5_wG21Q,1257,9
BHxoEXm54DD3etRMB7CPnQ,1087,1
Cfn9_Jfx-bvbwfNAmQ_2pw,3301,24
LXWyDlpCm-i8Nlj3zbZ98w,1635,2
RZEcqii5cuapaIIPQhfEkA,530,3
E1WoxYEdDjRtjcbsSg8chw,2666,21
0lVYdIhJvfIsOMroGzPn-g,2780,2
xdM4sMB2eBSNNiCm4feuXQ,872,7
dxOItKXnz9vvPKjM6xq0Vg,2034,3
8T2516FZUkAdq_AKcN-lgQ,1863,12
2-sjfWqFtil0ujcFh4e75w,1667,5
DDItoaNRmJJYrhJGz4ZJ3w,984,49
cGEcpa2fqX3UqM97ljVfNA,2212,30
NcUsRyflTrgZJGvAMTxTDQ,1776,6
EBUURS-9BNPOf4LoABkJ0w,2229,32
B4kTwkfvWkaAHyqjRDX0WA,1454,13
7ulC7faNaDu2orG5ycCpig,1595,13
s7UNf9Al1BmZKiwk9TwkVg,2957,3
5D3tajs4lsHDD9Khp8Ed8A,2128,3
bmONqo_jvMrXL4J9MZv2zw,3018,5
MJ8bnafypYwysBDT1E7gFQ,1514,3
y-1qldlrrQKpIvcrvVGvRg,935,9
nR2REojfborz8JFXlokInQ,940,9
u68jXNoEGDRdR8YIX_h4Bg,2726,40
wtM5_XQm5ax2F65XyNlTUA,2097,1
4auH6E0qz2aXwO2wIB3-fQ,2321,2
-K-sstih1LiPtRwDeAulAA,2162,6
P3eh81Vb5zovc_cXGyAmfg,633,2
daXNeM6HoTOp2lO_kcSq6w,939,1
0uOblm6EzHZhILSiYPTzkA,2031,19
IKuZYhOtnnL_XhqlkjApfA,1038,2
eTL8r9Mbe2JNmoPYv5U7wg,1279,89
QUFitNDx8vkWgkHsK8xpiw,2999,15
hZb374nuwyclLN_qmNpJmQ,1417,4
ufG3--NKs0xrsk5tiKC_xQ,3197,31
kJYEEoyDkEd5vh_SPA2OMw,2160,8
qRa_oFRBubBF2IPjXhQAvg,1868,12
ZY5X1Li7UB9Tf-2G5tQekQ,704,9
zSRmAJSVwFjCxRhrBdrX3Q,2540,13
XzHMGfPbF3aFFHfqxQ074A,3495,28
9l2pDZ2p1dPEqisQqcsrjA,2389,2
fL6QzH4FLBBXhQ9YPZjYRg,760,2
7y8PJlnHA757R9UV6RvYWQ,1249,2
yO5IC3k1kR4pE_uDwGNwNQ,3635,33
Q9hf0BA69VIFDAul7yqZ7w,2727,4
1sSTt-rYYbWwBMZrNVnHbA,1533,1
vn-1fHa-Cl46VuDdd8ybkw,1767,5
Jr-bGZc41yCmjWTeUkiGzQ,4448,40
m_e60-WE80uERv5auWjS3w,1642,5
u0P2upjyDpcn04MBOrZ7QQ,2564,8
AtJh5XW0nc59y4r8qzGk_Q,1912,6
4oOwjJKm8-IfBx9fUlxyYg,1564,1
4cqQASf54899yQPf56MHLg,2948,3
kGWHnMkIgvLk_zEvYfq6wQ,1259,2
ol8IY-uatN5RjN1W29xwiw,3814,105
CPpj7HF-mvI9V4jeYsvPnA,1719,8
iDaB5nHbX3FwwmQeiGpLYg,931,4
VnGudSu_cIGn7aT-t_L4qA,1040,9
4hszkNrzpaXOisbgbqhk2Q,1332,9
Rp7REJBKZ3sfmVMKlPekeQ,2060,35
3CgMxL0z-TZk-19oNm0zLQ,2156,3
U9Jf-VH1IVsRQoXqQlIo7A,2363,18
eCcqyDD-muG8B4i-od59Zw,1213,8
vkmHr6jMc7Gclhm5LWMk-A,705,1
T5Vn5BqLVxK-63RIIwrkbw,1236,7
lRpjWALopjKAzLhFyFb4WQ,2505,76
xvXNUj5LzBVEbw7NrB6ZYg,1658,3
qY5KnX4UlqvjCvlUoz_Arg,2724,5
GdQ8aG3YcKFFxG1laisjOQ,701,3
RuNu3M9-h0N5mj2WV-gohQ,1614,3
xVSHyyWbNX-ysGx-sXq6wA,1164,2
t4LK0rWvbvYMIgQTUycUYQ,2023,41
EPZW_TMJ_i8b45o0d8DEdQ,1711,7
7lib5FccUZUk9NCBAN0Tkw,2663,2
Lzqisc3p6b9s4CxOQPEPXw,759,5
3GXt5CxNTcoQatME3SNxrA,2320,44
UU8AVsYiGSbnyJ4T03AOJw,1746,8
cGcCX5g-FT2TYfZiB8pElg,1934,1
LbD_v9NDi7Hlf8Ts3GNcqQ,1654,5
YNXpILR5FgOAindGZrbD9w,1697,6
A5rHFEUN-RTMFZYa2_vwDA,2933,102
aW5BKdrMHTKoKptA67JZNg,2751,5
5YZpl3v_BPwlscy4dbtkww,1572,53
xKe3pZpp91CdYCWyFdawTw,3848,5
e3lhANIKUGPS-dsYd0ET_A,2645,74
owx7Y5RIvTdodY-W3RZaTg,2809,3
O0ELLiKVi6sdo0s7ChgE0w,560,5
OarJk7VN8-Rkx3mivsN3gg,2102,1
JL93mTPA4JSV-mqbxbifBA,1275,15
zG30HfpICTysGhu5peQvLA,3449,17
2aUTS0N8Dn3GhbFe1reRNg,2341,11
3bsbuSmUCqjv4oPZCNEoYw,1206,1
1h-k5cYjk8eaBZpUMw8p1A,988,55
Nps75gtU_vf7aCxNigFMoQ,3124,22
CJBDKfxBneka_QnhbOgBUQ,1657,7
lHLnyiVJ4gUm3LQ9L5rfJg,2528,40
LlO8xsSuoWV91bcwjZi11w,2195,14
ju1w0gF70BiwyEt5uJdbiQ,2414,20
cxXE5gsrIgh6udmD-JuHIQ,2787,87
8z5DAn7n4dx-Q_5qxKJrvQ,1696,2
Y-mfpNeJwQAsdspc_8SduQ,2161,5
9t9rgqPmvGbKS7hF0-wX4Q,1276,12
1NaZWDQAlJdYlwzyA-YFyg,563,11
B-XnuFxFewaPSMlIF7dCeQ,1149,3
Dxmd0Vc_8dwcG662Qzs5nQ,1966,8
3NjZmN8eVCCYBfrzgsNMsQ,2090,19
LGi4ngnn1JtuvdQDe7dbHw,3413,65
IlWve92fOIk8TnFyXydlRw,2850,8
fknMLLgPOXgQaSfcM9ODoA,2721,9
5hV8ka8pviMvxQWBh6IhxQ,3120,12
J7K7qXKM04nAdTOBnpRF6A,1162,1
bfG_h-PhY0qVCKkRnf23Uw,2653,2
46QzeCE_TIPsnB9KlNUpSg,2066,4
tJymTfdDjrmcgTmTHLkBlA,2083,40
H6rrCoiguVAFF10Qz8eKiA,1264,6
n9XKJgLCgfc6u3S9XhJE4g,2012,3
cACa2If33H_uemn9nYHLIQ,2233,14
igEJv1UzvqL7Z95rH2V5Ag,1274,6
n7o0N9LS-PjW04TrAPdCfg,2608,4
4JjDQSixnqnUILuzW3uFHw,1393,21
huHrl2MGg4LfCXXtqU1_0Q,1994,10
kLj5-oaBS4YJ8AT2de1eqg,1034,5
AuSB69SSnaPNTwwbFk93MQ,1864,34
11qdoWyl-UXsZs2KE2fJhw,1269,3
OlU5VhYGau2CYrKcGJ-Ohw,1550,1
wW79dYxBgDx8p3LE3ZCj6A,4114,17
sZ9kvjhOWWXjdlbnFn4dAQ,1291,50
z4LzBfe3384NDt6KQc3_WA,1167,1
BzcILs7Witc1QiKQwyU7oQ,1453,3
BXZ04yWltB3O-2eXc6DjRg,1203,4
0F2-X4PUaUyS-cWtsk-tdg,1424,8
VsAybYTtDGPDj4m9KgnC-A,1351,24
-0cu1eLTYG-TJCer9VVF9A,3920,12
3aiKorUZu9Mx_j6YdCdf9g,1012,12
V4kRB3dNJjWczXQGL5BRkg,1803,6
XD63IWuWT3U19hnjiEoIaQ,2625,19
cO3FsgfSJzDMaoXuvy35Yw,1571,7
u-PGO00j9XfFGKvGWCnOAw,529,2
TyFlqhJHn9HnrjJ9MSb0Og,1152,1
UYXQXdQ2CQ94SoPLx_6IrA,2583,7
iMUO7X9AhpZhAA_Fk6zRTw,1883,11
UUGfcuhJFm063yxTL5zgIg,1842,1
xLirVBRxTJFx3j8tFn9-_Q,3166,8
AWWuqyIkL_uFws8IGROJ7w,2305,5
tswko2kyeh0RMCMZSN2hdA,2435,12
TvZuBmHs0ITuGDO0CkwuyQ,1543,4
NcC7xt16wi5_iQEt_KKTzA,1782,99
c3OvtV_qs2bLgUOr67WCyQ,2630,14
_8DKPOaEKHKzJ7S6ddHx8A,2965,15
mDIVwp3WmkQwfY_oDb6kBw,2810,6
Up0phqEOLN-_UAty9P3tpA,2233,24
IYj7j_r-HxyI0M_1cMMxcg,2263,8
x2oJ8s6SrBU1s9vlQPcgbA,2499,143
NmK_2z5TovIX5cRbm0dFMA,3442,21
1VQnwwh1C9d41VgCvp1KQA,1372,2
lRPNlb5BD7wDP2NGcgjVGw,3015,40
DIqbzFVerMjXFCDRZueXOg,1143,7
NDgPh1DKJfwpz-8MiMC_ug,1766,22
FfuvFHl_px3QyEvGp0RRzg,2012,15
XEezVUYsMPBGaodZ8ZYr9w,2509,4
RZkGSPYEkhHeRp0YxKp8OA,2236,15
KIYy6QwF5FVFvfTkqiUa4g,3064,36
Am5hA_wqIJ7QrQC5Ky9-Xw,1127,4
gzf2y2NNRCBkn5fcL932Jw,1594,26
M6T9TxxGRhFT_4YTdgVkng,2488,9
-7CkdUID1R_u5jfK_nO1UQ,1425,15
vJSfb4_fTz2jMK_WIxmnsA,1035,11
rCzp4D0wtxfSUJQ4U3cEkA,2726,45
lIi7EkeBnGiR8d5AKfxt7A,3414,26
WATFzLiYUW-vZmWNylF81w,1031,29
5o-iIavHd-LRcgnDnyuJVQ,1488,14
kh98EZC59l8tfvU3J0wrTA,1346,20
4GB7pW1SzvmddXTx_HKWRw,2493,7
s6dpvWcg7X93NLzBohDFAw,2105,7
i9DURB8QGFjMOIkfeMc2Lw,996,1
Hv22KniQA-OFwhseOczRcg,3074,7
-UsqBygSimY0lDEmMvegkw,1463,33
a7pHfNQR9JGzoBhNCmJiaw,949,20
GLjWC3oPZJlBUYUw4Hnr-g,2875,251
DlR0iHKU1pE-0r-61Zvn8Q,1383,72
LRm46e8h7YAbkfBdBLahog,2124,9
SW-uQT6aUO3ztiYmhSlDYA,1631,12
OM2oTRHiees-htQeW_dx5g,3497,35
ctrQeCdENpRqMq7i6fpMLQ,2181,18
UcxL3QminspoPx_hjrQigQ,2604,69
KjuS1kfTBRUvleW5ictJGA,1809,12
nPMMPtBBNHD65Yv6mWnraA,1616,50
PAuz4RdQY1-R7AKCBOfjqA,1254,10
mKmIrkuMy7-1ds6ys-wVzQ,3711,416
Qo1nGhfMmSA3O6ykwLo0Vw,3092,22
io8VLV2on_qwnxsGczs3bg,2271,21
J7O_t9n7BIObBV0AmdlCqw,3098,74
x_DLA0F4G9tsUCeHG5vLxQ,2369,16
UD5EAVxv3IXdpnYyEaT4Kw,1297,14
eXLlai_1ntJVTBBaeanmPg,1936,67
3ZO5Y4PDwdPPDDpT1xVqbA,769,4
jkJKANNCNLdwaqSsC3pHqA,3017,7
vYUL3cXrCnnjX2PGcV3PTQ,2735,17
aerbZ5_2ycBuZI9zgYPWVg,2846,242
e-WWbFTTUAuX5vjPJH6HnQ,2291,2
OAT5j2W8F5ypj0eDGH22Xg,2197,8
EwfYsC2I1jiYFZlY0WJfww,3291,22
ABoV1VzsAq1ZpsdzHVE1UA,1166,29
jMuxnLg5VDRSzsTgspGlNw,2097,131
1pbAxy4O_luVGB2m6E83Ug,2425,23
d_QcRyZsk2UxEbuHQvOjUg,3747,281
BQi7DtbthLM1ZZXYR-14IA,2255,2
yhsxpZr-vWY1fKRvx_gedg,1660,9
JOrOm4Kz_3db3hmCW4iKnA,866,1
zw6YMjaWYgpe0PQQfJbOkg,3130,142
G4Qsqk6KELwWeL6ewoUXYw,2447,26
ba17B05sCmjsn0k-iiem-Q,1124,20
dzJDCQ5vubQBJTfYTEmcbg,1769,37
L-A_VEeNd5PemDGi10sMUA,1847,14
43unbqCPH45X-60Gn0W0YA,3549,301
b-v0kiRnyLeQ05qTBcGQIQ,3437,823
bd_f2I_Eh8A8PowewpbItQ,2075,134
pQgTqeVPurCE6rQniMYMcg,2859,15
mF-_wtbkKU8ScsVc4Zvmow,2215,121
CTDXqaHQr_-zd7hEZrRiBw,1618,13
UXDlvZomer3y7DB5RswKuQ,1274,5
ezT03GQqRUvhtsiyGHZDww,2615,196
QckhRyoH9ePmAF1Xw6aNOQ,2565,82
FEC95JKicuxxhpJihD0Zeg,2634,12
aOKFxiYcOFFn9Tox3sc-4Q,3218,518
_e2VB3JkA7qQ6PD8BUhgXA,2750,6
dUAxPxUD9QjGXeHpBSnodA,1298,13
SryO678B661e9K7x03k99g,3086,28
TyIIhBEUCCGuzFaKEYHGbA,3610,70
5tWmT3Hp2ze6zgtkiWeyyQ,1123,10
r5KbrCQ9UPmoJxMQJCUvKg,2214,32
7k81qbWnQryJ1ocaCiFTcg,1216,10
cw0LmUaF8zAzzVOUyhXrQw,1623,30
I8N37VokHEmZhYxrT5SfYg,3860,43
tSLSKf4-Bv1Oa5pxOs-rMw,2418,56
1EiOeAti7e2gHPbCcQ1Y1Q,1166,1
mzLIzq-_vg9YCKJDidzoXg,2634,5
zcHgfoKivLiPXCpMG225Nw,2450,95
NW1SXN-gIiUkJaW-eCAKPQ,2593,224
mO6H8nGT5SJz9TsQf-9XQw,3647,39
SSsAuDJI4BsK3XIgsxLpEg,1105,6
2gjUwV13PH-EcaET5V-Dzg,2008,5
YPYEnVDYH23igep-FQz4Jg,2978,16
k57uihfxBJLeRqIjrCgPHw,2570,25
N-bJ-YBCGiuFQUza6mqNQg,1679,77
dCaxzJMtTtM19rnhJSeFuw,1375,2
T2x9CRBwd4jSpV7I4LFihA,3218,37
FVFjlKlYubv9BPGgbNLNyw,1301,8
EkbyZKuQ5FRipMovmpeYiw,1230,20
Pv6GC9a4oMqBdlDEuTTo7Q,2847,79
bqFShMbV57NN5IUMqC8zhA,2165,12
Kur4-SQBh6MOMIwtB1UXjQ,1298,1
qF0u1xnYaiVy5L3jyh-KiA,2146,25
6HlGuHEVLS6W90jD5Q7MAQ,2310,12
rV7KG4o1kywohTibQckMJg,2812,3
npP9vAs8jYwnkV6szXUMQg,2509,22
I66FQ7PQegoZwZq2f6u5yg,2289,14
RtU2FMklBnBdNwtIlxxqCQ,2159,10
ZAL2ALukhPFewrN350MCiA,1038,7
T2gXIiil345OE5aZ6PhRzQ,2924,51
IkFwQ1JDoHuRIb3hgm7GAQ,3011,155
6mtCZ20DebK1NLMfaw_XAw,2880,79
tjUoXZYIe1BJpdsp9XyT6g,2188,70
wv4WpMP_vmqAEzk2JZDR4Q,1769,1
M2PRxrPcRNA01ZgZHglkWg,2277,10
lAZd51Mrt1LtNm9MZ3x5Jg,2191,21
r1ILSSVvZCihmPRPIEGfVA,2321,9
uam4xJUo4UzHEgqQG4xZzg,3478,91
M_pInIay46SmhbYhO4ezcQ,2566,7
3n23Nizc3ZLQ4tOB6K4dHA,1794,22
BCESuNx6KtpUEMPPJTEuQQ,736,6
WcfZ9khBOC8qxqqnLcl6lA,1768,3
Yz460Ot4oVNEJhM_dSeLXg,1474,6
oFZqnNnMm0L6cmXLbGj4zg,966,14
nCigVPAB09P6PnLx-RVbwg,1128,7
ahoSnCEC-0nGCa8zNIh7gQ,1356,29
5URkF0Yo84ci6vxCtegPFA,1629,8
dMcN3KYkypINJjLYYB-Vsg,1377,12
IVPlmP9OMgY22GS8woY2Xg,996,124
PeEtWhoRJlneCgwGeBHexA,2603,39
25rMsRLVb8LuA8e4FmmDig,3466,45
SYdb9nMInOrFGMlHudBKrA,1662,3
eBA-qyvEd1o3sF0KgwCQug,2491,117
qY8KGD6P3wmaXYZFDflXmQ,2148,53
hGynwcqoUBEF6wjjvgrVew,2196,7
3UF57WlBY2CUrRVFIpetGw,3081,9
FeUXzvAwvlhrH5NmWWD1_g,2678,4
X-R6wR1TzeLKFpjoDjp7gQ,1824,7
YE5WJ6U45zqzXPKF0WXJuw,2831,7
cdWG-vuBFXKY4QLWy93JPw,2095,2
CqSb7eC2S1dItkSmRBvoaA,1996,4
ZJlLTf8Hz8uhgjqWGm-Ivw,1793,7
Ov0nHpkpcpLxpD3kWygChg,1124,5
vfW1-ag2HzVjDd_KLV2OTA,2195,22
3uIpvQcfnBIZu0nEvyungA,900,1
_TI7IiMCLJHGgvmtYGl96Q,1274,5
_3QgyX6eUvWGB0UPOaq-5A,1646,8
H0rcvVtyJ9bNnS1DwbqxeA,2351,4
eHV-VXiw2kHiT8wbNiQoWg,2580,7
t1U2A4QiMfhXM_GXyMRn2A,3555,26
_1iGXKptYuotw2QxvWRQlw,2680,4
5JSJWEJJuIpn1HO36NjpAg,1869,10
Bqa0TLWAU5ALFrWnuT8E0w,989,10
KAZ986kDse9SS9OHa9ZdkA,2855,16
1TrP7-lE7dvQ1raDKbNoYw,3046,4
mMD7wG58ODFaSLa7uewDmA,1270,48
jF_K1Pcqi4tNhx3B7IJRJQ,1480,2
DL6VeDWQ5aBke3FPzh8opA,1128,1
jc2mXV9OXMmst9Oi_gcypw,1165,2
kB-FYIpynGQezVnHKnLhNw,2467,8
QfPzkd00K3AzMxr2VKCwOQ,1744,31
zyoSjBxxWkE7spafdUVeJw,2744,8
JKuy9mcFL5zisjCNl_dByg,1438,9
l-UQEFrJll5h9O8MLnJhqg,2086,14
WJF5mf4fIvYEg_3-_IQZzw,1677,14
HM0MmuUMh7pa2DhpAmwklw,1025,1
Jyy8D5lNz87opNZ5scOWVg,752,18
zO-pqiOlYnLH5vjLnYxrQA,3072,5
IVJ69Gdyx-hCBl0GBNJy4w,1882,14
xlXH4FKK_otwgsMiUUaKXw,1923,3
jJrhVUNwQ_rNWlqsAjANDA,921,5
HPFb3MaK4qvASNM2OMGFeQ,2874,2
LuiE89jCw11c5RYo-afu5w,1005,3
0CJiDiWWvdQIAVwf8kqJIQ,2007,4
9IFRNVeq39iseE2_gcGgzA,1899,7
ASp1x1u49Ec65cVdYor1mQ,2511,7
4g-HmCbvCqlbU_pfjD2FcQ,2736,16
TcbV7Mdc0jqxZlYtLCBTAg,2706,17
NhCJkVdU7_DFGaRE9mejjQ,1887,7
CCCsnXqBJ_qgZcEGND_ejQ,1999,1
NCon-1y9BlUp30LNCHkd_w,943,14
h4EI8q9SugisGb-3BHsh2Q,3301,1
VdBfV4TfRMdNV40hrzeDjQ,1344,14
PA1_NIu0oxBTuaEVTeqWEg,1256,12
rM0BkbSxgFyNk02Wc6tVeg,3029,6
eQzi_uHlG59S6yPmF4qaNQ,1691,15
YZUrwaA_Z0UrWTbZuLgSZw,2132,3
hBBMCDOAPFIwyWvZ1MXZ0Q,2909,1
LI57_cYYSAUx1epoPkHgBg,940,5
6_pevladRCRiqXrUf5jyeg,1893,3
OCTIASIrjcitKaxgYWxRzA,2298,15
G24TEfs7YbwGm6CYUs6AtQ,1019,5
eiqNE8EkiDnMk3w6reovRw,1697,10
sk_x-5iUw_TQAA4KcIgKEQ,1741,83
Sev8iicjsrYVmCdhFxZ0rg,1944,9
tGUKIaoo7dR5I5q7EmzBbw,1558,1
OUYkDLX-HezQKge1cJzT8A,1102,9
GDW-D_YJUQNxDMm1Nklkqg,1576,1
Pzpkx0tCdCORANffdF5rGQ,2292,20
93XOEIeIf9FQMb5dVbU4sg,1578,7
WDEdRSgJAqOVM18Xzp5eow,1493,2
1MzIKq6gn7VGjFzqPSwI3A,1594,4
KiPFBnSs1tewCs-ZtyPAcQ,1038,3
RYdZXJ4orVrOK6l3749QBg,2014,5
f6yZQ2tmUWII6S41VZX1Rw,1655,19
pjHvHb_IEpNTgg_kK2NzMQ,3188,36
pD70pRDap85ZexQArGIjuA,2744,4
S48CGMVUaEj8G6Pq2Hli0w,2851,11
HD2FUPkPVoe6-3RYx12ejw,2107,3
V8PcKDP7oDByU1AQn6hA3w,2676,5
dWoAayHRyIrkk1dcvBxv3Q,1340,3
samJhEyheRz6-Gx_-m-aZQ,1071,3
Z7bQN3MgB9UVYSWW1yUG6w,1398,2
6dVSlirsyKz6T2gpLh6mRw,1110,5
codCaBryQf9-iGZQkfSsMw,1175,4
oCMnjmzLiBpilEaXgHGAIA,2728,13
RCObtHfz-o5v95IwBdqZjA,1982,9
0lqoNWXJYunVL7rztoR2wA,2169,14
KV1FG09ibQk_tdb3Pb0n-Q,1023,4
C13x73HJY3XLCNKaTMtMXw,1515,4
y6xcaZNs52jWmJwv727EWQ,891,4
6YrOyY4xR6OSQzlXiIsS1A,2234,6
qkZXBqn3VJgMR6zeEuZDzg,2165,1
YgjqRMS2zT2tU8MuZ8YoHg,1243,4
o4nNfnXsQqjZQVtWw7gXXg,1568,21
70cWuJK-_2MgwZr39wzX6g,1538,25
Pon9oz8S7oiXZ6effFhqOw,838,2
K0YYDBFM4JMTFegSzZA7qA,1164,5
0_K-GeAxx4A-eJzJC3IoYA,1009,7
5CUzzVExcqn81q4M1AexTA,1066,1
9Bb44m-83j6Jlj4-jJkLmQ,1881,8
rpQZQOTKxVZcw101dYfEfQ,2056,12
lm5ILetf57DnJ6ILGke8Lg,2589,4
eqqNCZK6FG0-dzpTkfFaxw,2329,3
kBxb2V58HzPpDr3S2CuQ4g,1813,5
vGXp2U4zaT9DOBzsj2BLzQ,1376,3
vs4iCaXLX7cKYyqFZh1C2Q,1136,3
hzfT8FGmcZ_ynNTMFQNCjw,945,1
X41VWm7b2qLJ5E82cIrRSg,2080,11
IjJyENGiGTvWVB4Ym9pKAw,1456,11
NX8pTV8HFishxRSgPTVgQA,1894,7
NjlK_3TrxTEJ9iMqGyzEow,1965,2
EO6J958Gzf2iaTsEXM8VxQ,1573,3
jJ5PqepVeGbfNB6hSNb1Zw,1306,2
1zdkgHivutdCJQpfIEzeIw,2816,4
ZsPvq-iFcbO4dnuW5J_4pA,1351,2
LNF9Lru1f5O2g_R9Ls91KA,1122,7
i1LXONJ7_c2E3CxMf_uP7w,2865,48
YUTfw4baxm6tNXD-9cPSFA,1917,1
rs_MUEMr9vOI2_er8_As0Q,2841,72
DhaHmYknxIcHhIeTRMpL7w,711,16
MRPWS5PXgYGyaCxs_iefng,3401,40
7TEDfRvYTB3DSXgf3Cj_BA,3553,119
LyML8uZDf-m14HvFP1oyfg,2279,14
iI--rNHNmJwwYzFmPTLD5Q,2715,25
ZqV9KQv7reRvADOlYyGQIA,2766,1
RCQ7NN2S8qucQKa6Le2poQ,3387,57
sG_h0dIzTKWa3Q6fmb4u-g,1444,13
YEKzsNbgj5DlK7a8pwzgsg,1890,14
hI3ZEs4wuPC2oBPTUoGleQ,1625,4
hx9_UmQtkzJjMvbcR_f8AA,3460,550
h6kjaWwXgTjJCIBy02AuUA,1849,26
rTrA5eNkTBoy9E8jAKR-Og,3047,271
EWg5gvek344BLyJVLkBLFQ,2766,94
o7n9x3i8BJITGLF7aFJyrA,2472,68
8nuMNfuTy0yUjExcGW1XUQ,1668,2
o8agY7sz9F_FhIRj4efrxQ,2615,149
YI4tuzuHjI7SegKskkxReg,1176,38
di0mx3edEyPX2NJpHoMtYw,2575,128
T4274Mp15_h4kf-ivE3_Qg,4042,7
5hVEkcYwzzi901X90GAL7A,3035,375
5c_7kwcF6d8q-lYQhGMllw,3247,14
vakmSrSha-z8C3eDNE0z5g,1352,35
esa6Zo9p5y_adj4dseDj9Q,2283,76
FPmxLtMPlYDyeIa2f3N4qg,3158,48
LsAuRBePO_el36D3PKGSRQ,1059,2
xJy7CraEijJ4h_Z7gKPhcQ,725,1
WBsqfXYQm6F2T0eMpCdaEA,2061,2
x3faJIGSF6SQFVCZQ4Zwiw,3306,344
5egj0tdiA4cxujQLA8JiBg,1826,69
_PzPzfPJnLZowd0VpEtObQ,2414,19
cPlmOdWxceUhJ8mzxtOqrA,2049,5
E9N2TfwxqYe4y1AbNn5a6w,2376,6
aCA3WUdQloCAVlviEsj16Q,2692,14
-CeCjt_9nZAp2MNvD23SUQ,2638,26
zp6TMO_iPdFH0x_vYzo8IA,2146,4
46d4bf8jJCw4EtdQSwwIPg,2587,33
jnnhiHttgI9Np6WZX04-gg,1983,6
Xqf_YZNNXuyCy0S2r-jpkw,2126,41
zskUxXh4q3om5ECvkhJJ5w,1772,2
qy6K1nVm7ye9Yku-qhEC2A,2260,7
z-MoMJK6bmzkvt_p-JuOew,1046,29
1Z2CVv2zDnb7Dg_j_S7rOg,2270,594
BKjdZL1rcL2PlZMmN8NLDg,3289,11
8AIpW8eYaVJSdzAh28OH1Q,1458,13
Hr10pFCl3QJoY45dcmXj-g,783,1
ShvyFmkiQAvRL9rS1_DEUg,1990,110
PuVMJr7EKelCYFCXgBYM0g,2336,32
IrBr1IBag-P9NKOzcFsSKA,3791,807
6acZjpkT5iiVNUCawES5vQ,2597,10
E7MrI7_yJB_DMCMywx5mpQ,1978,13
9JpyyRN50L6tW208H6-lhg,2608,34
Ojll9cQN4WmDUBic0MRlSA,2772,283
awurHqACTAtY1MbLHb061w,3193,282
nmT6eYAuijsnqoY8gBP0zA,4072,4
hgrzgxk4aCzNSVocmahlWw,2914,15
UpdOpD3BJ7ysudNVGjX78g,2544,17
djcvZNjDaJr0grIBuOD97Q,1326,22
2PfAWzLWYsvtPDNmGCvhuQ,1960,3
wAY38Y6kuxPA538bzIVeZQ,1213,19
dGz40_xgHzp0ROQU5TxFKw,1244,6
Bv0Rf0c7IMW-BkFaW5UPIw,3594,133
2NOs9gc5wmAWAn75x-VdDA,3284,74
ooua2-slub15QXcEOnCbGg,2555,73
AECHgP0SycEtRS02nHMgTA,3902,65
R6wabuw7fy1clAgmhGYGVA,2220,23
RpMPWo_x5NnzEwP33nKNQQ,1668,5
fUvvNNUqpsBsNEdCrbibYw,4318,266
6iHiZW2yxNkZ_mNsP0Wnzw,1826,73
DqFXjSGhhCR5SNNNWD0ZqQ,1629,10
zpWqrWY6yVw1FSvtyPrTuw,3490,43
TATrjvM_tKU-t17ZwpqoMQ,3100,274
1W9fYI2stqWYZ9PdqE5JMw,1267,2
AQXcVLDLTAbvp0JpoViaZQ,1373,5
fzyz0WDgCeCN2zHo-iBtxQ,1740,70
JDVJoh4DrhFq2w3IzugGkQ,2296,17
XoMEtjjFuH0AhgY13lGDIA,5192,80
hiLDnJAUR6o9vAEH_8BmVQ,3551,59
n2uCXyVbnn8Amog8_nzvZg,772,2
kEF0c4QQYtPdH9s6Z9VYmg,2456,14
BgPLsZ5ToIi1924NNFMWDg,3293,47
VbujJmLGS5MBknAhSwnqUg,3258,44
iGmts48-uB940rnvB9uMgw,934,1
2mll_pTDWWENqhKqfmt_Qw,4508,145
pRcJ3vsdmvFTTaC-xc_vpQ,2429,1
VbAoiw-YbFGg4IdBi-lIbA,3994,291
0Fqe29KEkbW2rPtZqmZIJA,2967,6
ZYEV-xYjUZbCN2t75ZZtPA,1631,25
Y7hffu1_sbMuAlsb61cy8w,1073,3
OTjv1NIlM_NOSX7G_5ezYQ,1590,12
zCbRlOVLcswjTxTDfJzNTQ,2322,108
dX5eNdD_qrkcwVnud3Ykog,2375,81
yIdDPoWEayYOQzJFcXUR6A,4176,78
yCwGlZqYnc4Q6qkVwCXfjA,1531,132
oysPYXuj9IcbTGJp8fiD6w,2153,4
FXA47QKR-RSK89mZUCDHbA,1332,13
4Q-M5tKP2ug8Vx_l1PWyFQ,2185,95
HrSvgti1rUVUrq2qihFRng,3075,410
4ULuhim_YYcaqlsDdnv2AQ,2036,143
dhVKGhE5X6DCUx4uOFZtrw,2370,10
rGo0mxd4k2lGnM7WcugrPA,1086,5
OEj6kQJBD2VsTLh5-GSc_Q,1293,2
fopp5eWIdrKOHyIQuH-XBQ,4434,306
nscvHiR2PHT-wypJG8-QIw,1975,4
U1O-rpECIuToPOpG8oFA1Q,3031,26
btyNEfHkwdxSusZltrBvGg,2243,2
LLjNjI5p4_5iFcZYgVDZdw,1130,2
B12uGK17SHHqcHM7LrKxrw,1976,8
lejTc-pyk5S0jSoIRmndzQ,3649,127
GHeeyPL3k_hvFfgLMdRNcw,1971,26
IZOmnNvrVO07mU8QUa7NTA,1376,1
hj0R7hzPLOMfVuK93jNSiQ,3546,145
LCBPGjTNwCFIXOSDTf4tow,2748,14
nt143HoSFyPLsVNaI1fGrQ,3423,336
cNdpR4vUzV1L9dsK6todVg,1755,25
1ZPnQs-tdvbX8ROjtnzcEg,796,45
3tcG0x-yVS5RLyrsVp3Rbg,2628,54
FTOIMerdiYwDCV3F6jTVWg,2424,12
yBvGlNG7auu8SeVA_3J4Hw,2857,7
OFfTuASo4cttXWoYsnAzyA,1667,5
jCxPctRj_td-XtZPP39z1Q,1836,5
Lp3VkVECiewJKV_pXzONqw,2131,766
8G3ixr-XJ9GYKLg4FQYIvQ,2538,10
fCsrsevCArlksz4DW64MXw,1447,6
apX-FaMlzeBDx38Tba2nUw,4492,159
1j6XwKfW9HmPhJPCtG_MlA,1330,2
CHj1C4g1XgefiK6JhURlPA,2541,9
CpWzRTRUnUoRJRKqtVbAWg,2607,15
3DBU49TPWQgydpi1_Ce0vA,1140,44
bOxvOIcPNcEo_H5Lb15Euw,4232,6
PWZlt3moOSRLVOqqB4ZW0g,2981,18
Op52WUrrm5la5pgOGVeCtg,2478,26
9iwh-jKUFmOy-L4ZErASHQ,1146,4
N1yOt10MZh7b8abp4JsfMQ,1557,21
KwUH31GEXnUlLfiYym5xcQ,3443,177
9LiyM1AKI_yG9eJGAiiD8w,3505,14
Jyis4ILxuXbPEBziVFoKlg,3375,27
qPx9RNEXlgb-fBchLePj1w,1934,175
TrIgKLDsmm_G4W-ToHr-zw,876,7
mg0B9IinOxlVelXddvKMAw,2185,55
Qi4cH1IHaExIg0M7_8B69g,948,8
y9LfHIIhW8UgYyg5sSY77g,2775,12
GF8nVcQbFg_lJRLMoegSYQ,3281,221
wif5kCuS6KgQa_YVipeJ1Q,2755,53
FtlFN54qsg1miLXNj9G7yg,1173,9
LMfZnbw4XQDuxZMpOJfJng,1164,16
MLkNJ-vsuRgtmOWlzettsQ,1256,3
poHBcKPJTZglQqsTBdtkGw,1584,12
3OxW-xQZCOMs1Se9Jes2VA,3959,216
PPs39-tGdaY5y4No7JHm7Q,1213,7
hRE0Xg_QVq2QGqufmQzsmQ,2795,4
6OP_Hn22uH8d-FGLdHoM7A,2412,15
5Ndztq-vIuIOMH2OAwz__w,2746,19
4LMErvQTSEx6pXVAXAJaQw,4238,614
WFvgBPn2yJPdtwmykXilxQ,2629,9
ZtTWQjGtAaK0uYmSGv8sfw,2732,21
V3kW0Wt2G_dChqCX698TMQ,1046,7
Plflg8uzQIIBcuVz3G4Q6Q,1263,14
Jf9NOnoT25ccyd7iA6fD2Q,2845,27
IALGMUXODAK7lJruL05waQ,2343,8
4OdBQ6citaoqaI7djBI62A,2037,4
iqk21Xo337wxaja3XCkQgA,3328,9
zWt8N97F_jdpdSAlydkwPw,1142,8
LjtqOiD8WOGzoR5fiKrvNw,3146,26
2HoGKy_T_4axsBH8R5Acww,3631,96
QBykfkTwOvQODgOcAiioAw,2593,42
9U68_Inky1erYOpzXCE23A,1911,40
e_AdywWzjIxfR6MQDJc-Lg,1146,2
8Nd9Pu1dv0YyL_LiLMupYw,2837,154
mvHvBWpj9trq7O-ljNl8BQ,2293,12
ydZI_-H-PyJ-SOwZwnh-Hg,1074,3
RKHtGZ6rJXJn9i11PO0WUw,1321,81
peqsfVaMIkiQwy4Ua1Vg1w,2811,6
luYtx-o1YUwfwEuKINxisQ,1611,4
0nMDx4yjZvHIr4X7dt2VHw,2296,12
pEIrhy-YevZbPOXKHV-eag,2105,19
FSfghiMb28lN3O9nmSqgAQ,2072,12
ZfRUt9RlpnSh5wtdSTAKug,1325,18
COO9jYtDMDk13AelDIBCOQ,1042,10
N6b1XJjmmpGmX8ka9V-slg,1073,15
BEm66YbrBhOi6Ke694A29w,1154,4
fULNlz5vLMbT9wjKqI1ljg,1352,54
eFYA6LnRstY7yT7Vu0hR3A,2720,226
vcDwbKJkfKgeY6fxFz89ug,1606,13
lJ-Ep4vR0lCC4MYp0Pvc4Q,1308,117
-7qJSoDvFUTAHqOuCiSrUQ,1566,7
uWT-NM32INl5sLIBbZqQ3w,1690,5
ra_BR_DNj_6C0C9XRgQWIA,1445,2
wQT4QSglmm1c--0iTuYXtg,2145,194
ESTaPyf-IFyWCK8nmnpyGg,1766,14
7aoQgJhI04X7WIH7O_Pt8A,2594,14
i2jtshfX0Ut4LWyKctjXNw,4385,96
hw_db7N6Sk2FHF_lKVqRxg,1543,6
FXH0V3aHyy1-EIzycMHqDg,3252,251
IHKD0ixPkzQbUBeQ5hiMKw,3339,37
AZVHM8ih14aXhSxgVgbr5g,3558,5
7wwKmA5Dv8mUd-TmXPOG1w,1307,210
h2QjZjuKIbBZoa6dL9dkXg,1054,1
Tv9AF5M5AEkfUA2Zc6rznw,2810,5
nXneI6SyrcHwuLVUoTkXUw,3292,58
VgVjT8G-keEwW8UAPdMzHg,3607,145
22kOJPEF96hBIit8yLRkSw,2518,3
sJum_qktnPsfULnOzr8grg,4434,47
vDACtEdgJP3mS-U0_NA0Pw,2846,424
zbWCM_JNSiS3nDQdIUEELw,3421,14
stRL_kGEAIp0OgcbCg0ajQ,1100,10
xEho0agr7psaC3L-5VuNiw,3075,26
b7EnYQaBOuNqA9eA3wg-Gw,2209,10
z8_vtQjrHz7JlzYg3NpDOw,1797,22
jcZymX9tBHij2mRfZ7IMDA,2678,2
lA50OARsSxALGSmPJKpowA,2005,34
nuYWpHMR5UbQj7WO0i2BFQ,874,7
VdHxNkUdHbDcQkmAxMMVwA,2400,105
vAcE1WmFAsKxY7xmO2nTgQ,1897,78
Om0m9dghulfowH7XMW_8kQ,2370,8
uxglfTgdaR5hAwxrz1HDhQ,4244,50
OnEGWrFGmi3sfRYmGIhg1A,547,12
prXKPXezcY0bUAb8OIlxbQ,2631,2
UMaV1Jo9NtAtT49o3ygTnw,924,6
UqVsItjl9pGUm4MCkBwZMQ,2040,13
a5SKkiomvFcj3WM7EB756g,1796,49
EfdJfCzZrvUI9v-bI0gv2w,2311,135
bOm6Ox2pEmQNSZWeRTsE1Q,4070,32
KfHH70uAEtaBPFWpv4AYsQ,2268,3
Srrk1Bnk3ZvbeYeoAjRU6A,2274,2
6OQ5ULkADQ9bFAaVABchvA,2054,16
yevHGEUQQmnVlBXIrJ885A,2801,159
G6uiBIcMc21mxtIsR6K_3w,3305,464
EwSCmkpdKlFSkAM6xWbMNw,2047,115
X9-hhw9_IY8gBVeW1HNj9Q,2323,126
OHxtfkquX0LtdwPjRQSReA,1175,4
Wn4rGoXi7HIS762_arapXw,3466,210
SaWQOZm3N43fkJh82glIMQ,2645,244
a4KQ7h_B3eMu2slzOb-hOQ,2578,30
aBw83VzlfS1HU6hBXdUXAQ,2117,4
VFplL6nGjvV1BUoKYC0lkA,1613,30
aTsxQqGeWP9q5ZPKjG8GBA,2030,9
ITwFCI2JavHXgPEFxTdKsg,1729,9
2F6vKw-M0yHsED2dEQxJcQ,775,2
4FDMtqj1Pyg3kLUzIE0f1w,2245,362
Wwsmfm-hqRPEzkMLRR2F4A,2406,9
DrnDN5TPkxEbJjs0F1J8dg,4150,6
OYihihOhTO53wCbcPhGqhA,2777,1
wW0JS4OrXZl7Q81AWsTjqA,3120,28
D-xu-t3RJYf7l5owx8mfyg,2418,2
18PeKnaOoUmX6rnW0Jhkmg,1886,32
nQjofiwon7kPqG4qMsq1cg,3865,244
5fDdFj1rfIEzWm6nxvyX0g,1487,5
3S5hhV5DL413IvO964jLlQ,2637,3
fcptMTaMtrzG-gweBYxpxg,2765,5
baPYHPThbrEYgV5r-44Ihg,3307,37
yOwFrYGiOUVSvF9nCT_i0Q,1945,5
X_eYFIoqxpQcVBLkrFtDqg,3063,27
1T9R53XmSKONg5-iXCS7-w,2379,10
1nk5DePK98UyqfYyhQl2dQ,2110,28
TYBXqT6SAUHbglbbVTUASA,2888,17
-o74-92NjDjnT9_eZxNHiA,1401,6
f1N32rbVBE6cfyZbKS42Zg,3622,24
toEZOzk-xdk03S6FA-mMLQ,3060,2
rvFEnb38DOHkBNRXLvZFFw,1431,1
gU2A5gnDnjPQWig2dk6fgA,1701,1
_oseBv3QE5jfoIcO6Z-uTg,1562,47
dJpBGi_bcWMg3ZkwDcPnoQ,2382,15
ngiNKMms25Cv4PPK14tqrQ,2537,3
G3gTrk41D3fyqdDpuCpwFA,3016,6
zv0-sjvfFhH4Doze4aRnoQ,1825,63
V9YMFhn0SiE15MW8xDmRxg,1654,8
N6QqfvixvrzYtpmywtEb2g,3170,360
zCdYmNyos8JUN7y2hCLDow,1501,15
Z2-qVQshU4KmcamCgk3XZg,1569,48
ovFbFfWQB2Y0HkDHoziZvQ,3448,47
d9iNf0b0JAgNFPs-jRhnKw,2999,161
yzbCms1GsWQMxM5xoc76UA,1712,35
HS05PWx36bfeufstnuU0eA,2723,15
hRe470xi-clQUXOBtCwWDw,2041,16
EHbGJ25XsdrtbmOB7k-cZA,2190,10
6kzZpKbDN9lMBPhI-wXMDg,4466,19
LEKZSX1mIJKm-42KHG_pvg,2228,9
R7FbaWSIrzR4THDADT1hCg,2534,131
V3MP15bFTK_r54TOleTIlQ,3090,11
4cwffTwj0b-Gpr50Rt3voQ,2226,12
Wi4D6CHKVWt_N-SAv2g_OA,3083,3
XwYCyH4T1gGfzSps5_jIXA,3940,1
ubkwj392PO_LD5oe17AjdQ,2249,1
wf3tEvAFkPwWDIII0Hu5Ng,2017,7
lA7RLQUymy1kce8EPZmyBg,1643,6
-X7ANRXVCHPREIdfaY4IUw,2718,12
lUOJBssu8En_eC4qpOXTdw,3410,6
d19B1xoRFL-Uib4csnVYzg,788,6
EO6HtBpjnjhT4pnrVGb79Q,2289,40
GOhjRhAyVj3Ir7LQ38Bj5Q,2289,3
icaYvzvfBVu_15UoKV5tjA,3231,8
9q_uKVRrFGDtuU9YWcbDJQ,2821,35
K4HmpgJqieyCvQf1Ar0q2Q,4417,184
v1EtmI1SLcykn33MTbY_wA,1563,9
NAKQVUb8WEt6nraWhWLZyA,2301,25
to9OGOJ4vEqlvxPlNIEsRg,2686,11
gY5IZJRFO29SMXev9o3QoQ,1612,66
Sz2VB1xeTHqwF0wOpNlJXQ,2318,5
hOLs40zbkLp5hTn2ak5kfA,2732,11
ME7kVyE2ApeRKOfDbWmQlg,1999,6
EzNkQe6JwTc_ItqEWjDUAw,3472,38
WtUTosHAPugsi3ZMGK_2sg,3181,115
IKRhsKb7skcXQJLrYCuZKQ,1205,120
ArFEnBa4m11o8JmVT1zLKQ,3081,182
QzvwbqR_Z65LIFhOaCd0DQ,634,9
lS397Pwu9V881WpfFOhrIw,2284,67
YqC0tMvckrjfg1E6z1YZYA,2123,10
eA2ngT6xnGn79AYbHfK6lg,1087,3
NvqA8XP5Lu6U9xIFSIiduQ,1193,10
DDzs0zVelAStqGwm1j6U9A,1929,7
A-GrTqxhfpsNc7ICSkYotg,2331,11
0m3GVjW_nL6TjkvnMgY-Bw,1017,2
95M_G43mbl5AUS7aBCn--w,3652,5
GfOQZ-qOV_8cREWT7sOMJA,1144,11
JzDOI7Cc4yM6H0PtPkNG9A,1238,4
vW2q5cwiMrfbZjo8fzzaeA,1380,9
AejNcWByqXHFJ_i7hBOoOw,2212,6
ty9_Z9yvaZZXgC89m7aYAw,3914,10
llyWqb1rNwh50ZF3HIlsag,2048,21
Vz-2nYX23oh3jOq0t_JqVw,710,7
z4ELEMPz2kqdtEsoZuTDAA,3198,24
RQBsIFEL4EbktKhqHiezXQ,3965,27
y36FU730VIv5k21KO9uriw,2241,180
3eF_9Ophesb-gOdO0bGivA,3363,62
S026eROgcZZEzfbIJvkaeg,2169,3
w2bvclLT2v0kHb9d7TAVZg,1711,2
7lM9UAnij9dD1U5Mr7JYeg,621,3
81aF7KXGArZA6RzNgwAqJQ,3410,54
-cxrYng7ZJHiV01myJKqOg,1557,2
nyzy7BRsT5o8k98WF7iPwA,2690,27
xSgd8R-mSUXb4Nw8XimyBA,2732,44
f2m8Le9dlc0zQB3hePfSEA,1665,9
XGpFSMH602iBf_kG9p5DJQ,3446,20
ANVfcLHoDXMMtFImhLjmyQ,3207,13
vXNhOmHb0MuCjpeHVAIuhw,2228,5
lQtJ-eupdpPCUV9KkETscA,3926,12
3NTOsSJzLP9jPzBE040yaw,2836,20
YaeA0ZJVgxUsaXeK2MsyGw,3566,18
ysesqI9RWvoQGmiIFaLLSw,1615,4
jafH0_jIU_P4GPqs6_-USw,1839,4
Z_8clYC-IkqrfHcTCjzAiA,2051,710
lp3zZZ1ZFdOquhFq3B6ayw,1779,100
yUPA1sL2HgMTT2aq4O3ENw,4618,563
6Xhk9wwFD9urDngVOrInyw,2561,11
pskDeuHoanSd47F3uHJmvw,1706,13
_qL1oIuSxncXtDsW1er2Ew,2910,8
vS9Ir5p0XR6jwL-DKK3qYQ,2021,14
Tw6t2aPJbt62oJFA8PG-gg,2553,12
iikI5uBp4TwNbOG8SP-D0A,716,10
N3h48RjPMvrJmdhJjFRoig,1865,16
ILuF6SzNv_pdAWEQsJRTVA,3382,20
99A15B6PSKNaEjaTHfn65A,2312,7
jY40_Phvc8NQM4zg-KAzPg,2798,34
ptw9__kpx647eTWve0aLVQ,3795,97
fXbnd8HZnu2s0_Uf5xztkg,2346,10
kyO2XG5PdPMsEr-XefTYaA,2571,19
om63ZOGLurqIDmdG_iELxA,2303,4
Qv-3aXcBVOjTyqN39TEaiA,1449,3
5Ei5bGQ-mK2Au_7RWBiupw,1281,1
oPCRnvqwujz4_EqemrpjjA,2401,1
6R7QJBrqRiM5g9bt08omvA,1574,13
J5raE2tWUgMUr7j4iSSLvg,1774,7
CQnrU3w1brdCTQdN6KNqtA,2696,10
UAGVBn3RfpUch4RMmk1CUw,2683,109
J5elzMp2RHpM4kwxj4GvdQ,2609,1
jIyushxyOHZvj6lQ2CRxLw,1066,11
WfPp-Id9em3n0V1jNW37vw,1978,1
cGwZK0mHT2nOMVGy78JSPA,1278,1
8F9p_mt43fHoqyQFDlyezA,1913,4
_k98nplHDnyOSd98yBKC2w,1533,7
7SYkmB28fw5bxh5C11IhLw,1346,5
2Jai6CqXldVrM9VUQlN1Cw,2320,10
NrEU_swsqxeVSox8ixj5Qg,2089,1
xGCzGc-OmcQjtfTP4K9cvA,2654,7
r0WkElB-Nr5xL5PlQHU3Tg,3141,198
GZ6V6TgxZa3tjwi_6iBIGg,1572,7
NxmWMl9Ln7xEqNvcQ-Sujw,1551,4
bQMwtTSzTrKHx6fos8MWUw,2463,47
-6IctXrN6c8zKqPGC8L7kA,3627,22
Vn9wpNqQaDla0ymsK0Dfdw,1356,8
mBX7TKU0rrubRXBLbeKawg,3064,3
EWhq0B5APTa1XjaTa6fwvA,1622,9
bb9_lV38MLjv7NmxzlLV3Q,2103,6
lxH16hKxqm7iTcofOSk3ZQ,3471,116
apPeEgFCPh75rdVTpjYBSg,2158,11
nLvssaSephFYKHVjMd0XFg,3267,276
PhS20NFIBhCbmsfjkkXaig,3382,72
xctamKK0cKMKCQ5-wusNGQ,3680,70
5zbbkMl_9IRLNPTCZ1eR5g,3208,70
KB7t3gj0Uje4ut6Miz6z3g,2095,13
OMjTPGTiofG5FgqiRtXHKw,1474,47
nBDKr6qyVJKt2q4kwAkwxw,1318,2
Z3NzZpqU2KrfSUfGReao4g,1291,2
BeTecK1QkJoHfea_jBWYJQ,1650,14
XFGqNlqKAaaNFxrpkyMN5g,2380,643
DD9M_IhTjGYa3u2tGiVqcQ,1784,7
i-vvs-aA3VxrsnryOLHk1Q,700,4
F3l_PUkuEm8UshPRlep39g,3464,96
ruAyNjk2GGVsmhq5b4_iUA,2923,45
ATK1Atv50YvAA1917PcnOg,1288,8
kgmwFADYJEu5pGzoDZhHzQ,2860,3
-y1G32OqiGCKQr7t11EIgg,2033,2
AIwbs7YTNH-B5i245DiywQ,1559,5
-WjRWYod1Eo2I2CFabl-cA,2736,90
69FXttuSnjkkgwR2E5TvQQ,2692,18
nPmZ0PznItE9JDx42oXyGg,3069,11
9rBm7MCLBrvlU_uTN7lXUQ,3453,166
I99rmtyYzL-jArbLaqC0yQ,2501,25
fGcwkktfDHJ91rqi1XHpVg,1226,5
QWnD7lVpFZxfPPWyjPmQSw,751,11
5dR3d88Z0r-Bq8Cwm6wmIA,1896,9
1ahkN8BxzdJbqNqDjg6QUw,1039,5
YljTgFp1XTae_Fx43ANilg,2259,31
IfpZpa3DDo435FKDG39rEg,3237,9
NAJKMIsNp73DrQUHrm_JUw,637,9
oKOiTOrZzeBy52u9vyVt5A,2543,55
BKyauMQ4HtcwOzba2GpksA,2792,169
53N8SiXof9aT39i41gx09g,3072,78
L7BkxwrOeaeRTMHSDYrPTA,3005,10
WYWc2plU4FSYbwF3UPNPJA,3123,6
bq651CeFyfNdWT1jLxM6rw,2427,14
XG1tZ9csSuDdgFxqbKqcgQ,1544,18
w4C88sD80pSMsyV1do423Q,1975,6
vs_nUx9o08gZj2E87Cj_RA,868,14
sQilkVugEQWc-DnhwQhtCQ,1905,19
kdsATVU9V1vd2ILCBUuNaA,2624,2
0Ky_EAX6HQR57gr2Sv4IZA,2738,69
uYeew3vg45E8klUzTuFLSw,2155,9
jriMjvunDamzH2TaWdzBTw,3401,10
ovhRtOxZSMPvSNltnaF2Rw,1493,10
NHUgigTJZ_q-UBWTbq5zCw,2759,41
VWrFQ4ups2-ADnOO8hzyIQ,1633,4
i3KCTXZn-IRTu2sS9r-FVg,3093,9
bQRPKc0u68P_39lzl-uo2g,1073,2
IHqyImvBBnhaebIBAobBew,3130,40
Shf11nYsUnVRF99Ki5OBIw,2868,7
iickh3DcBPIZuTTPiaDH6g,923,1
jN5orFyXYUApUosvmv07Hg,2223,1
8Mg-IRezKgtAoXqBK5JMPA,1095,1
diwrxtFTTVo2uAryN5fXPg,3013,4
VEwewo3j4Qqjwa0T2VAObw,3160,25
57sGwXitsr3q7LL_DvZXOQ,1357,5
GRMkmxsV-oz3pqFvuvQwfg,1061,4
0ueGJBTCF-_qztaQnhc9tQ,2338,9
Cl5dNHkdC5ZTf2jSUuoGfw,819,5
myK5jyWRWGoRRDrKGq-kvg,1127,14
RgUpPTnkumncnzGcM8drQg,2159,3
TAMZcboWGPmOml2_Ol0O7Q,1775,6
uiXHKkMzkgXXa2aXa2iBfw,1856,24
hyHNwZe1v9pCcfRCTK6skA,1485,3
bG9Z2jJmzmEUyEnz7IpyMA,1867,8
GHYNkU4q8Z9j6RrVz2Dddw,1484,3
20Q1V7rHvPUfLlfsvb-4HQ,1959,45
fW4bdXR8M6PA-pdatJ3VsQ,2792,5
dQE8Yy6EDujaMJQmke70Vw,2255,94
tbQLmilBnPe57IVm99eVnA,1711,25
XKEi5GOo9j0RtVSIhx4C_w,670,3
yfOBMwhL-vwzgL9IGzLXXQ,1673,13
G-tdXylvavg8nFWDIbZ7YA,2672,12
_i105lgVT3BXkW1nqQDASQ,1643,7
Xa3Vl63jLJ2_4U8R_8Z9dA,2181,23
1Ja1M6W4W9RPYUmy2XBCdQ,957,2
GvxypkXcNr7j9E8NhxDauA,1064,2
WinYZE1kmmUsVEYZs-vawg,1464,12
Ce7mGPP1bwldJEnq3-vnNg,2275,8
ItKPQCmAb4TEg-J2tPBeBA,2057,2
SFWPjiOQw7DZ9gLc37ZPyA,3799,9
Hr3l0ADRVUwqoY1tmn_R7g,3237,19
2iraOiEDfU3Rvt8LdZz10g,1057,16
QbVSWlLQa8ROaiVz9KQzfA,2531,9
OjIK4lVngc3dzhTs-eiaUg,2043,42
SSQRUS90RWq0UE5Xn91_rA,2333,28
aLAI5WGecefdHpn4hOgXpA,1690,3
tW3KjNQIHKzEkAVtOHNpoA,2183,97
cvQ6T7vvc0dLnLB_3gzTJw,2128,11
ERfjL8qm8GL7lx-NzZDy6g,1032,3
GgDMq99qwFrrLUEvTVaAXQ,2249,4
cuDoLd9U68GY4ajz2V5jjg,2631,10
ma3rWJhgjm7ZLUzdaHjuow,689,1
eWMjy8aFDpWGLNvWpI48Jw,1864,11
l77LwHmSs7yOGpHs8Y0e2g,2403,19
iSdSNh1hjdE33LOwrFnFrg,1410,16
GIPIiR54U7JZjksIbutdMg,2728,372
CC-gVT3XEt8-sKlB1igjig,4042,55
oFB1UJnZ-pVtR-2Y4cSSlg,3582,158
U5vb1k-bDFTkMjB7POd5Tg,887,5
BjFFGpnhMi-ZbxWaIWDaIQ,2524,18
JoGiO2BpKg8E1RO650Y2YA,1934,27
_9jQIry-rxdDlSz1EL3T0g,664,2
vJoSfQ_CInWAdY4wcUZQaQ,730,3
dWN0LlJ8nQRvyU8fmtJE4w,2282,4
WiDOky2TFvY1mw3xICtIgQ,1647,3
uC_Wu7x3ssoRQkVXGSNaOw,2040,4
IvlKVT9SWsbFH1lhaIX1SQ,3837,54
Qae2_1pGVJlJ5UaDheMVuA,2498,2
7RVtCnATI5EZbx0O_9EiqA,1094,170
OzJwqUhJoP_D1rhzd1Q5DA,1611,58
wXdXTJ8Y-mdWVDi18Bk7Mw,1638,10
7v2qrfjD5KCajAPoLHayZQ,2462,57
03E3ZNG5JLgOMMOph59s_w,2617,30
uL-ECTF9PumWkzxHScw-QA,4612,453
zQi7tkObEfsnG_JKH9XHhA,3395,50
54P41wTvN0opHbUQZU14YQ,2526,13
pCYd5eoFzhb-7k2zZKbiUQ,3040,103
Ppm_nqivtMfP4eFIvOm19A,4334,252
YMxgmvSt_U1pQrloa4nqaA,2586,4
G_TyfXUrp9bmMiGI6M_pWw,1676,12
ZjK20AGEpE5UBuFDUZb7gw,2591,9
ulrO4YdFz0LXGesTAWFLRQ,1430,3
J0RnZyLiLvrMmeDKH5fyXw,1798,19
8cCybGmbXjPk2NKrUYlyfA,2364,29
RYAX1y_b7YsCLh1LHmbgDQ,1995,20
J3ldbseGNbmXwCQcy5J0xg,3127,291
3cxQVN_TQOaaokBg4HwmEA,1222,27
VMEAGRQIK82MJ_jUwDzS9g,1280,10
HvQTaDSW7eeBT4t4ro2QTA,2685,24
HyU35rUgH_SxsIb0CwTdww,1776,272
zlAKC4KlUee_RCrr7edDhQ,849,22
5c72fJ4WMKjtmcyGbG_CTg,1392,1
JqX4GCSeU4etF73N4hfOJw,3000,12
psVCOdu_qjCgptvuLHxXsQ,2253,10
UoI0UKO1X02kqnO0Ejn5Kw,3564,11
xQ9W3zxNANwJzm_VuXB-3A,2728,3
VYoqotuCT9TVfXUW8wss-A,1606,15
wtFx_KkvcZrXZX7QSJPzvg,1603,12
zX8iBwx1Wo2iyLyNbsnEMA,907,4
LkaW95lD932shtkcVZHB4Q,2462,58
JeERFBZyECRwzscG3dvKQQ,2598,109
KXX4O7tyZoKDhVPR60D1uQ,3075,279
7p0zs47TVu165hcgVl87hg,1521,3
uGHLFO5tGUtaqmkp9QAZlw,2144,3
PW4eioFM8Bdnu06-LqtffQ,2261,169
Hczp7YhkX3sBUEOpURL6QQ,2277,15
doVLL3qH7PWu658PLwN3Wg,3366,7
F7S4Hm0xwCx3-XH0qD95UA,2264,164
PmCmOfZ1I8YB_hyli92O0g,3025,37
vNWat53t6oh-F5CleCmL7w,1244,7
0a4wPkWxr7xgTBY46_xF7g,3267,12
tvpEPQCfMtqDWE-jFxPwUw,2512,33
Q4nT2LEKphRC0a53kcYk7g,2437,29
MfFsAURHafdC50uia5eaPg,2731,18
o-XA7S7T5mRY9aTxeCWfIQ,3583,8
4I3kTTqgO0wWUl7E8L1Jjw,1714,1
tTacw3ZK-cu1NGmn610Vbw,1904,10
wOLq1_P-nrfvXmAgaFithw,1589,3
ba-RNl0wb3_QbRI9alzg4A,2809,38
VdCer83E4J56FztD98vhIw,1425,19
34Em6_POHXFhqa5nm1hrBA,2229,5
AyhNtFX-F8X2cMX2hUwNdA,1338,4
APaVlvAEJDh1GrSYbKDs-w,857,4
lxGpnuYOFNvmfwhIk1MOSA,1915,3
p0d1G53R1bLIVaK-7wkJrg,1571,7
4Zv0pqHj798XamzZEEkxeA,3434,7
ryrfgQcb3ryn3glA-5pWaQ,1690,1
8P5ejpHK6FuDu5NUCUNkyA,2409,6
i6MDdpsvtLM1sJ4DuAnscw,3222,4
DF4mKj1sJNcu0bSgiibH0w,1995,7
U18j5VLuGBHnVouTJ1fDAQ,2296,17
3wLDW3U7Dj4TaNS3qBuh2w,1526,2
4ir2-8gnz28qCbsdjpTtRA,2641,20
JnlMI1pmol0nXAy_CZtxXA,1790,4
vQZLrU8vkXmfrXRS1IgjXQ,2670,94
elyD7zl02GslZZMvJjg7CQ,1885,20
f0GLuQgxMK2k_smndRHJBQ,2454,28
dJUGD0sJRPZFrgUuhu7Lkw,3115,16
x5K0mcrRiV56cC5Bs3UpGA,3552,20
l8JYZ_G94PKP8tgcri9S6Q,2812,28
yf4h4t_ts762a6GDeJcRWw,1661,8
1rS2O55plbeJWvkcUzCnxQ,3089,8
sZ1LqTC8LZn2Bloot8qu6A,3242,47
uZagZ5GCvNU58yAiIjMaxQ,1483,7
lLeFj2QHzVhPtepX6GDkqw,1059,5
PCg_atq-S2pnhH4Wwx05-A,1545,3
dtR1a6DE8RKtQj1WpsBDiw,2550,3
Ga-M-U6rnV8EZCKpLdTxTg,2943,7
COZuLsz0tRa8Joumoo4YWQ,1266,4
f4gznVlXro4Xf9fKo9vJnA,1377,5
DiNRr0W_c_DX3HuBcaZ5VA,1289,2
M5imf3iIEvXOdzYYSWDHsg,2646,14
GN5dhISroh4bZoTG-mfjmA,2773,16
ipLuflV41OBQqC2q4YkP8Q,1242,15
YNUExc2r_SERDMjq6XlWEQ,1109,1
Ksj1cVEl3HEbxvryABeClg,3186,8
QyjTjUwOXbr5KJUrKL53Bw,1375,35
fkr-ElQxNs8YQjPfed6H0w,1458,7
YZ-o5tw5r2IXbiVQQaVmhQ,937,23
ldTXLx1sonB2l8poqQnTSQ,1886,14
cjTpq8QVkyJy6OrzfngoOQ,1156,1
EZkuWDxhriLFO8RDdhpgJQ,1374,3
0yRgi2mtLo740N-pp_kALQ,1098,4
lmT9yL-0OOaJMzMc3Ry9jg,1759,3
5OfEGJK2FSSwobR_H-Mm7w,3897,12
FC4fdWbTZl5BweZgKj0p-w,2817,15
rM6E_gBTTCbLiY2JuDy2GA,1423,4
OKsj1wle2qij2ap6sYKw1g,2047,69
2ZV6G2TzGRfQg6MIkCX0oA,1023,1
YgFYGdc2VpgCUWmPoKlvyw,2697,18
QDoWuwVNbGqMjdD79uGOeA,1288,13
wxeagcpKw4-y7HFI6a6kvg,3017,34
AgWz8xiqaYmup-0A-ALgAA,2978,1
eZy-Zs18KVbYGTw4Z2u0MQ,1479,6
xh6keSpA3sxPpiY51or9zA,2595,1
Bxr6GcA9ePR4G0eefB47fQ,1894,34
AvrLhsNgBmIoXUCdfDfqPA,2576,51
y5ebKnU6Iq-KnKE_yIguFA,936,14
1yZf7mqnWpt7OXM97ztHZg,1748,8
CzUKoaxOvXsxxFb-ugBwEg,2717,8
YW_uKO4LrK0LXCO6R4gYYQ,1710,7
5jVQkIFeG50_k52RAOdhrw,1964,2
0x7aLrCawyU85qzCYLAlEw,2495,13
fxr5p6PEX2fFWRgkb-AF8g,2475,12
CvrUHwyx6J5cWXO4OTF0eA,1542,10
Ffix5r8PRXpxcAfyvGGc5g,3189,10
oZgafVYQZ6k3Uneb1V37gg,1674,18
M8DDfeEsnowAp-LDr3hYsA,4188,8
0KlqgurbqBPShos5hEe5-A,1994,9
fuVX_NYeeWpKPqKC7SIjLw,2910,12
7vIDIG3M29gYY_cLGLX6eQ,2049,15
E2ZtchB6YbBIQ2QbY0CY_A,2039,9
qBPG9uxywVcPswi1GDTnzw,3413,3
p4NqKAISbACmEszN8soOIA,2097,3
Ykgf-GI45FCez-dlTIpofw,2673,41
4BwSx7Ze3xl_nqx5ROv8gA,3595,19
DXdi6Mhh-83a5otzaLVVJQ,1129,3
N9hPWArzmAwo-qVsuq83MQ,2573,1
7pCQ8zEUpjYpJ9LqZycKww,1333,6
7hR-v0xxQaClIDrqxgjjvA,2130,4
zEkbHlWvDM_oLQ-2DDHwaA,2118,7
ERiv9xvLIlgmOFQ82M42IQ,1773,8
OBTeWHION9FqK5gWbPMn3A,2627,29
F9KtI5uQu9HDMX82sytOqA,2971,6
K2pZWEvA8nwo_t27rAqtyQ,921,3
J_Yzex8qjJD6z8Avq2XkSQ,1536,9
eevhRtFQULUJM14TNCJ6tw,1641,16
ekSK5sGjQR6uu0MUCoJlWQ,2311,9
SE-ldv3yuTDM-7WttKKbPQ,3085,3
ZKKfxjo_YOv3vR5XUOYs3w,2768,3
N2oxsEiJFIWReTCgXrXNwA,1315,3
48srUj6Hq8y3iAOCAz8mrw,2687,10
-YCsWpjwg4cVk47x1JKN_A,2513,12
2bhDKgDB34xk73c8kkln8A,3178,24
UrdGLg2YyEcDMvP3zbPRJQ,2176,8
xDlymYYx4M90RSh1mUQ7uQ,2813,3
O0Vjg5AMfa1xC_fJc2FHHg,1097,3
DSJcSseBQmWueARHc1RQgA,2373,11
dUvfX9DYncBwV35NaEgR9Q,3458,9
IkSNvZURA1cZHpcf9GSzlA,1531,4
vSwXecp1BjmoaSeOHaRbAg,1530,7
7soty7C58R6t_xzyVEoFHA,2937,1
r_6N1Jw2S58hwQ7Q39Tn0A,1601,6
H3TLJPJC3RcT5YSLCiKwsQ,3519,4
h4Pha1hfHZdAjSzaiaF7fQ,1852,7
In-J8FKR9VeYoKSKVXmCVw,1419,6
jVNnkOTGAKAxNDsRHB4RjA,3709,20
gSfcdmDKHrltPhb6oUovcw,2116,8
of7U8IWZtSwE5aQ7LtSmMw,1177,33
Cmwkfjj4EzxNobHGC61TaA,1004,6
ZZOnjFxJB13AANJH-F7siw,2439,1
VrDWbQY1SGG-azxGv7GnnA,2227,4
tVjUS6xafxXhRxJwfouk2w,2702,3
ysnwmIG0OcaDHB8Famy2GA,2707,62
E5zpjhCJVoXEB5UC95x9vA,2898,2
HCDKVIH6lWkWI2k0BpM77g,2948,3
xFfGN3FJJ6pGu3a44BXFgA,2770,3
pTtKGY-QPKtQiez0rS0bVw,2536,12
fic9RuDnu6BIb6weOBjGRQ,1903,42
Y7-ndUafVcoiE7-q8fDoaA,1444,6
QoW67hHFPfYQfXUuzU5Z2g,1173,1
-Mr1GcpLC9oI8mOgEFYG-A,1623,1
1MjeXznA_4C3w8hZu7crRw,2164,3
ZEGyN33AkJ8zynMqoFPn8A,854,3
iCVu6DIQrtZbjrW7SpFsnw,1971,4
dqOc4Ezei2ERwTddYQfC8g,1704,9
PUFAZUOoTfdU-aloFf25lw,2412,11
f3LIR653vKc3j5H8Lp5zkw,1172,10
G_VwjhRa1824ZEniZ7V-IA,2544,7
hhcQH9OrdUB-SSMwzM4yaQ,2012,12
atP39j4Wr8lGTxcBCKHbyw,1067,10
dZTf_GAWZPpgTNXhyQ2neg,3062,2
OC4-qLOa1PxOeDaySvO2GQ,1441,8
0ozjzL-nWqhav5Yr8LecgQ,2166,3
TS1b_qmjEaxdvvamR8Rlvg,1557,4
du0Ww3rjdU9Eh0ayH9znBQ,1707,300
_t2rjXK6HtK7ED_uoHGStQ,2193,23
qDAjcVG-bYA5sK4MXBUfgQ,3504,21
Qw7tnAyoNpPjkqqHkj4mvg,2155,31
NaNhI45G22icGsjLTe7OJQ,2471,18
Bl0pEBwoiAld0awiHcC27g,856,4
ZuoYsPGxSgNbsjCtgdZNSA,2712,64
aCbPDrcYQTyqkppqmB_U1Q,1723,8
d9cXwzgKryDYROUL6hTRmQ,3152,210
RJCFF8eU0pwZDqVxw-QzIA,1946,13
MQg3yGT1kMBCXu4KNvb6KA,3183,21
uSENRq9010W_6KmskRoqOg,3975,19
HgNh03VoiCYQCM5zOJMwWg,2713,174
aHl-3UItyhhS9P40Nr9EaA,2850,557
xIYsg5cPDR7PClBYaLepjQ,1036,9
-x45_X_tB6PwHz_wyWuNMA,2932,2
nFGcoL6wuPQzxsNJVSfGrA,3410,42
fQ40kedvfh0w1ks918SGcw,2687,32
r4JA8O4rlbrqtBtlevSErQ,2401,17
b06ToEyIy2LLwYzivO8cIg,3188,113
nC8DDM4w8B9l7xlmDoYL8A,1760,9
eSeuwFDSCenaAUXsmTSLAw,2374,276
KU6ab6BVc_uoLUsbGubBuQ,1460,8
7tfqWt7aAev70KWzeOs9Sw,1977,28
WZsTYBwcVfjrf_9jPupRgg,1080,2
mNZzd9WI0vI11lKeV80wKA,1668,5
RzFVxelbI6GobapXq4Vbhw,2039,41
P-7VidyXqOGd6zBnT85pDA,3856,360
jIZqQ6JUHDH0GJHW9RM0jA,3624,255
vfAxNDN_w1d8TBQoH71Hrw,1221,3
uqWQwVl7mhR3hNC3YuFNVQ,3882,465
Blgv7mjfCfpk2UKG1U3SUA,2416,2
PtV45pQ1JpGVp6EeGyqS3g,2031,387
GVWRzFkfbDYrbKjggZowyA,3419,790
56LK-jFEUA-ah_7WtjcPVg,1878,5
ai_FHXRuBBv_0fx9wq2kDQ,2122,3
cyCGKJ4jgTe5Ceztc4SvLw,1054,3
FcrSCXdeXfVGy1-9MMPuTw,1508,120
v3sgTdFYp2suIG5tqmOUww,1928,22
gv2GkSYCarE4aFhYP7bsKg,898,2
kg0JeeowM5tiYBdnHet2cQ,2454,51
-TFuAIynqeeUU6j2-GwzFA,2604,4
xdTVMwP8ZH5cyVfMreVIfg,2839,7
s_gSnSNwh0J51OSEPLrkCg,1835,15
wyZ-3VK1-nhofFI6w0lmDg,3909,28
o9ojoG9JUcRH0yQALQpbXA,1417,17
nhSkWeksPyBlHDQu326cFQ,1893,29
iKMKYL2fix7HhPQvaPGGqg,2064,10
QTpC6amNzUpKBldK2XLd6g,1903,28
cVwd9ZoBSLQIaS3Qu-Vszw,4228,10
BoNreEi-LdkdUUaUmxUi5w,1780,5
9D7CReR1iGRucjuH1z9S6Q,2317,13
dRKes6f2FrIkVRFsgLqfzA,2440,7
iyA-BAYTitIP-TCcxDSJgQ,3139,71
WwmdIV-A2s_CFbJWUO7K4A,2625,5
kJaO9NOusPv30TZCf7AGYw,1372,27
g4Q-FKyCerpfnSB447cOIg,2915,55
BJGQZU0TNOHvlatxzQINIw,2174,6
C1kTSvNdJH_S2bBhitr6ZA,3705,927
y5oWs3RoOSVyDM6NJhtR2g,1067,23
hqe0FBiC-LYMDQFa8q0qbA,2049,12
o-y1tBVrHe19T_T6MIJ0VQ,3186,7
NhhBVWXbZajx6CzKojYTvg,1514,10
aT3x_pBqXesHa6pMYwC9LA,2703,12
6YreulqY_bwIpu3UXkXh2g,1076,10
CNQ7i4e_nWN3zRN7KxU3Xg,2754,14
cZ8xZ_i0P926zzQZSkU4Yw,2061,157
JXAi7-HgqsNngG7kDRWBLg,2886,1
Eo0l9XKq-tiB5um-7ZCJ9Q,3052,19
2gfBdGi-d6wIpXPF5wYV6g,1193,14
j9qETU7zox4SRNAWrDml6g,2326,7
nBq0EaTwLqjb95Y4AA4QhQ,3154,8
8YV5I01YI5NIw85tUBElVg,2453,46
_2Y5CZ5-RQV6hWLTmqEFKA,2721,212
_COVyTG0gC4H-fNYftxgog,2946,9
-m3ngEB9Sl5_rdYSklbt7w,3579,117
QRczQQMP1uPItE3uOVimfA,2033,27
S5uFVdPgEClFnlX1iSTl0A,3244,63
GBBNhwG6XvxOqI2tZN8DTA,1802,8
iPBtgXc4wRv8Ot9ajIICHA,2088,173
iOoHaue_VMQVx_7IoQovsA,865,60
MlbMZUKF85Au1svOqKktaQ,3437,3
8I6jJOKEcbLI-AtJB8w7uQ,3467,16
bHy44c55KmYBbr8J5Y7U6w,3366,16
BlXEhz27CNAvzz1iNJvXJw,3272,112
1CiGHQpGS9tXa4tZcpo1sA,997,4
_TR89GpZh5m7NB4_TTTRuQ,3430,74
6A-zNl0EqcqJ5J9gLMAHEQ,1247,6
Z1ZB2bampHoMyrQE_IITKA,2296,2
CgGc9eae0OQaxw9d-G-TPg,2120,38
Q7nzf93VK2AtIr_MgqTP8w,2554,20
iq5LhLsgQ0XT_vUbhV7N7g,877,5
0mQ6jaeMzlMo69smDwyF_Q,1509,4
dCKr6XbdRLLEySoJlEvv7g,2962,15
2w3orH-LlOy3mrNWGCuYIg,3295,42
dKa12_fEaqYSKnIYwOCYiw,2283,106
Iia_MyNlzRu8BrDIEvIEew,3247,6
5wTKOrEgOYBJBMrG-2nPMA,978,12
Ls0GZBCvaqvGDWzCy3IDig,3551,88
I8USHr3jgCXQbwBtw0jiVg,2172,2
pkjipL7wTT9WolSQc-Pr1g,2412,20
9j4EzHu3SI9D2xcwbCRBAg,616,6
dAmpIz8WbcERCdZXiik_ug,3864,25
02EPgkmrh39Dr7uXc1bqTQ,2137,41
O6qCPmBGyrVpAaAjJKjn-Q,1772,18
WVlvaiAJ3V3vxWxO0tquew,2624,8
Fg0R4QzBH36L3IM60G16KA,2234,15
SbX-bSFhf83KoGeZNYsrGA,2812,7
c2OQmJ7WHnTTJFVvaqU8hw,1541,20
aT08xKS8WEkjxoS4lX0EPg,1768,10
c-1Wy5MuTq4rdNdJL9QtwA,2012,19
b2Uqcs1jkw3-ikspcTC2zg,2910,7
j6RXxDX0XRU45wWdc19Stg,2325,28
IOu9d6m4uGnxzazS_qo8TQ,3111,8
OrVT898c8PC45ECTRPeIBQ,2307,7
hUwbuMUmbQM5En3NWpU3cw,2274,13
UO-p6g2yAvTnhPqsZnc4RQ,2508,11
mY24c9DD9z9ASVGqqpqOJA,1898,14
J1zOmDfwTUQ1_d8DpT3pBg,1292,3
LuxafXpMKGVAXceeHByJPg,2377,3
tpOCZojlv7Ro-NT-c9AQkQ,1083,6
ty8UciZgZDmcOtAcKyi55w,3047,11
tCJN32NTQfLRWjmOWOWyMA,2064,3
XiyoaDuUdq0znnCXzuH5LA,2056,9
-2klQ9B44cuCp2T3-3WHyg,2128,10
TAY_sEDnr6UP7W9SYFy0fA,2347,18
BNYgdNmMhRf9qXg_C17LiA,1343,6
Jdw3WJZuFFj3j94lKmT2hA,1628,1
ii-vpzj7z3nSVqlxl9Fx_g,1909,5
mBwZQKZq_MVTt2a3BCq_MA,1727,1
lvnMKFPVPIbjF1vJf_RxAQ,827,9
OVfa_ZOIe2FCJYFilAzXJA,1185,6
ZjbZ-N2zJPcbmATePd_YyA,799,13
Re-oi9UKUlU7alYlwg1Haw,1566,6
xZYpOV2XuatVIogkNEOFqQ,3081,12
rXwX1McK2kgOryDSDwcNPw,4185,4
V02KLNrWOLvZgPp_iLfZpA,2278,4
36s_UrYAv8HcRI78-tFfUg,1240,11
uErgHudYU-Ak1WC9qfr7zA,3436,20
ELL1KPfpYMUjaVjpokeesg,2705,17
ZOozq_GEJZUQ-FewVUc5FA,2171,7
qBPEuMeTA5BlHCnNSKFwkQ,2865,4
o1Hk6KMmjiZqADlCVUK28Q,2184,2
KZhUv-1UepZeUc9-OcdxTQ,592,3
fpfNBrIne-FiUYy80BvBUA,1919,28
CgmMRd5f8C57-pbxwZP3kg,1071,18
ke3DVlklVsem39apqVNWpg,1438,10
-ShKeSr693BKDs-J4Fl0hw,1584,6
5mPy6LCjJ4nKi1Rp6xbl8Q,1659,3
6VuVsfgh8kiMNM50hT-QXQ,1034,1
Ztapo5IyB_9cO10fTUsixQ,3004,5
hjB6aWCaisRcjt77DWrmgQ,1540,4
Bn9Kjde0Ls5az-9LgB8q-A,1038,2
j_9ZL-N3zfnB6RDTOpK1Bw,2446,14
aABUB1zXlalWKVwx22GIIw,2666,13
FEqqSxuvPwMu5IbMYQCZ6g,1447,11
ftVokvhzBekcqxkorb4-TA,2881,4
e31is5E3jGhVFT3J1KYZYA,2926,2
7v5m7hAsW-B0RnXdnkx6Hw,4048,27
AVUQ0_6rpKQIrAd9U4A5kg,1158,4
X3U4S1gTZ-69Np4RayOf1Q,1322,9
TKNwV5yXKmYGDkllgbLXZQ,1533,3
WCIMUM1WOvnygipjjudSwQ,1735,4
UQWTIDNwMA4inBpmUSnbQA,2264,32
WfZH9HwT4TCxFXoTVa777Q,3310,26
1sNsK2m6PyiPqtElXBHsxg,1306,8
wMXWcWlPBLfC_SIorQguLA,1795,8
oiYqaRXarv0oPLGyhBScgQ,2068,7
jD19Y-AJgGD9CBt6vrYDoQ,1281,6
-tZjPVN95AtYd6YEJ1byqw,1885,3
3RoEER2Sy4Mfq1hrjogzlw,2110,10
hfdo-LA109Y8_lZdipOO4w,1095,9
txrC7UGb0dyv5cNxXNjrFQ,1360,3
Rk2KiaQJhZiN45TNpdcMdA,2634,75
oT9pfdJjSrQ4dVO35cy1kQ,1923,3
7phnWalwWR0LcV-4xGGFgg,2333,12
MFaTDiIIO8JEiBmStYTGcg,1822,6
9lwLBBFFD61RUe9ObKlDww,1690,9
iyXAA6C46j1mA5c9ymI_rQ,2777,4
Sa21tkIm8gSH9BzoPNt3Nw,2436,9
fx9BzJB8_E1-dXExBWNxpg,3223,5
ytd4eou5as0xS7Y8Lh98TA,3348,3
1DnS41jBzXnpf75ah0glAw,3131,5
8BNvJBLR1TclQgQyRqtdGQ,2893,6
C3GzH0LehSl2lam2sFI8cQ,859,3
_-hW_JzOFLaAwJW4-3CKdw,2798,16
8pUUsTdTRMxGHVi47r6sHw,1528,5
nU7co0y9ZsyYjeMdbPHBmg,2570,2
OB27J6gys6kWww9vEic_JA,2097,2
AKytAYs5P30WKGcoa0ijXA,1243,9
CPxH68l6ZvTJeSi5kiJygg,1718,4
liUNZm0tOJJ-d-pFCdqu9A,1476,1
m-U0D6zBLL8y94clNbHQPA,2144,1
TdtK0C1Ji2H194X4_y30vQ,2499,52
PwBNqLjXaOwjvkkrlVxpfw,1367,1
y7VQCbFuz6vErnD9A0w-Ug,2689,8
9f4LMi5GJo8H817bsr8VYw,2851,13
f6bdYsJ2T0FO7E0YIf_mZw,3875,14
GBFKOXSn5RyQ7PJMWZ-LDQ,915,3
_xTI652PSfP1r3lSkymVrQ,1628,2
CCIxSOhgEvwsPTkH2mGYpA,2325,16
2l4Yy6vKCYx3JwIDk6oTnw,2272,14
WtuMdXV82BbE9fLBa3qZ1g,900,5
bn9BkpfyQGHs3syxvFPiTA,2236,1
ZOgh6XxR_bjqTzP3xP4LRw,2362,11
_8lFktCBz2HbYpnp636aIw,1637,5
MlPwF0mp1UzWzG8RrktaDw,1888,4
XcHdwzR45-JsyEHAcKcicA,2066,11
8FLHgIPnYFctsFe6SBtk2w,1460,5
TRA-DWA1ktqYTjsic8jt4g,1566,4
DmXLuQjydVb0ddwMgM5G8Q,2005,4
ovbmU-4pgRckvQnOZNjFFw,1954,2
r2NF6T1hlvSWE2wh4Ya66Q,2686,18
UgKYYGVbPEDQ0OqL-5kcPw,2142,35
uianVwcscS5BkZGLeROvOA,1949,8
JGpKxRd_QelI6YVN-x3RUQ,3220,39
WKv4QFGWOFbg5korIbaxvQ,1398,18
tJTMkMqMbcJpS0dAruPRbg,1248,1
elAXh0WUct03i7STGL5Alw,1408,21
KPQpMYotFNNsQ9pEGolgCg,1424,16
IZ08NiyIBv2bwF1BF4oDkQ,3515,480
Gg7wztUhfBclz_SmX0-DWQ,1607,13
RQDXGwmVEb37IE79jmkb-Q,2581,20
4FjAkkB4g3kehZARUz_p9w,1854,38
8pH5Y22GFffnaWdrDWhtMw,2032,105
KtphfjvKaP9ukXPxeXfBJg,2977,83
LgZ6mkxHQ3JsQFu5bZlVoQ,2016,4
q5IcFZzjKq9ahkqfMJg6PQ,2190,4
PcZ6r2rupVeiQHt3s5aWVw,1848,26
rkpnNm42fO23Bb-HfzYjUA,1324,6
4PQ3BX2-64OZcIQNoXYNHA,3179,14
xgQWfrK2IIYD4zqn_5VHzA,814,5
1_OfTOQu_pid2TqTMQjHEg,2616,1
_1S3AljWO950BbkMUOu4nw,2081,3
3xv-wvY7T5g3p3aTrTyYMw,2719,18
Z0RvcHial9hppsmUjS_EYQ,2770,10
t7emE9XYBr4U_iHonfn1Sw,1999,15
1FB4RgV2poqZYqrcGkMHHg,1168,8
tBiCiXNH4DUa5DJ67as3Aw,1289,10
0EVAamNmCt78kUJ0Y_FTdg,950,7
_uj3GV2TIrcDzBd7B8zNGA,803,2
zxL2Wdz18-Op_fBOSYEhuA,1801,6
c4nII65SdjOqOGkds48bIA,1712,15
JSuLujzTP9w5cwCJVeRIcg,1598,27
hjpp8oL99CZezvqVyyv9xA,2241,12
zQgPHPqir7OxjQgp_lHQvg,973,3
0P4nYS-6Ak-Rlgg9364ZLw,983,1
SIIbg9a1EQK8KQgzyz2Y0w,3226,145
pB5cmzz37uqCDfQJaZUywQ,1547,190
oJXEjXn3x61MK0w4TQC1rQ,1282,5
lw7u6eyj-iw2H4A8vTI4mQ,2011,18
V2OQaeZvePoGkbZ-Uye6KA,4101,261
bO9n_v6evOsHmoZdq93Lvw,3535,13
KZROxsJjpfV2_32yJAvkIQ,2685,3
7t8WEidu7lVB7n9lAV6RwA,2277,9
_xZi3AMHdwl8RnkojULizQ,2472,5
0hMcmdZPUND50jLjpQ2mTQ,1487,5
MT-5mHN5al5bOKiS6WqMDQ,689,2
4a3GFzbUCKTiHO-OZq6V6A,2961,7
MlwC51xriqAqrE-1SL9PoA,1410,25
2aEF40mJy_EyWvBNhT2ALQ,2695,11
WMliyM95Ub0zAc-r8vrC8g,3203,45
bYdGJKwehq5rwUBBLXzIWQ,4126,1
30RJAdeMnTVqBzUyaZxADQ,3150,9
VElUbVhkIi57zSkDLlOx-w,1404,6
O_8beLYr9Ow0YO9JFqp3Lw,3783,137
4zHjE0kx6ux1P_tpISJO8Q,2401,6
fs-tHU9pSGD4OgPpiQc8DQ,3832,7
tw-fMMBIPTJGSiNfisoxsg,3434,9
XA_9G6NxM9XyhHhnQ0UUDA,2385,27
OzNGUajKt4t14dGV1f0oeg,2553,4
MdlvAx5E1j3IHd2hghwoBg,2566,13
EfLSruVvUWmzXfSxP5_b2A,2452,30
ktb01aprit9QPZ8zcmbXCg,2429,18
eq2WDmLP9rLywnSodkyNew,3421,8
jFa_E_Rvg1iiphBh2qfuZQ,2194,13
T77qo1d0VqhEBUrnxePapA,3105,20
43bT0GjaYyRTIh72OuqidQ,1636,6
2XdNrbIlz0ZhiT_CKxO-Yw,2936,9
DII-EHpySllTBwGtpSgpRQ,2889,3
_WSi13TnW8E4-3JMyHZ2MQ,3278,16
SOVex0Ru8wECIPsWyGHxYg,3028,3
aWwzgBsa4ehthubXR5fJpQ,2559,8
c9Ff-s11eazKGgq3gyqaeA,3573,56
a6ed_zh0XuGBUnXn-58WXQ,3800,65
kln67Gdg9DeD1DzUiKNSDg,1511,60
qXislBOqu0VK1Rd6DC8m3Q,2559,16
L01Tbb9-mfUTlui_a1F04g,2403,6
ncoL3XxALHWuDAheQsYd7A,1918,8
y8Qy1ADOJLqva5AGevxFkg,1703,20
Md_8xUc4MF8VA56zm5FK_Q,3059,588
Ld31WE9QI5iRNoRmfg-Crw,2007,50
glCB66zyfm9QnuZDcTyWZw,2883,6
r_C9dbTsrHx4bJTUSmfPZw,4162,275
ymBIZ_OghG7R9RGqLf3TYw,4640,144
mlyrWSQXtzuKiTHiwYMDmQ,2519,24
b6-1blqnlOy16nCGDfIwgw,1962,12
O6TY9mvpcO4Pm4CTxJb7Zw,859,4
eU676kDCdAnCu5lVi8_ojQ,2921,5
TZXC72uMchePGgY0KZ1x8Q,3094,51
Jrm34VNH85jMCtFevsSz6Q,3811,372
sHZxnBx8_AjbUgojbjYGzg,2447,18
8vuOjtpTu6OoqzPYi11-AA,3472,3
O97u9WPHY9snfvEMV5l7_g,2498,21
vwxojKQklbDap6hyiLHFBg,2810,5
4TVbaHJCjujrS9tquDlPoA,2699,38
v4RHHwLxxv7F_oFJE8qk8Q,730,15
FIdR69AjgbRVsjp1M1fu1Q,1340,11
e9Q8_fcZTU9ykdV4XN1ANw,1695,8
H2ogo0tCeGLgc0_PGBz_Qg,2540,6
bX15r_W1oGyh0OjfpqPQgg,2711,9
Pj55a0fygdgqXH5seqtH7w,2401,93
IGviNYEkWjLTh7NJP1W4YQ,2292,3
Lb4MmKLgj7uFM1heWPM5dQ,2431,4
6uqKuz0rUSmUxBicYooZmQ,1866,17
FOH02K684lzDHKtNanaigg,3439,232
9cQWeRf2PXgcxT8tqR-atw,2911,47
aHmjChnj_X3EcgF2vzIhtQ,862,2
su1lu23E1F8pRiVupaLmow,2203,130
vyalzUt-g0F7VF_yZwNx6A,3021,11
Zxw7aOdVHU0W_OgmZZqQ4w,2007,38
A-dzb-5pAf8pn9XIq1AyKQ,2984,3
Sk86sJCbbQQciSPkahKgIg,1655,10
_fGysU48tncAdUlJHbMwXw,4285,1011
gZuHj84p6VOIZb7cf-BUQQ,4005,18
z-kaIPkKQ1cQ1MTYHUlbpA,3290,9
v9VCObZVWhOPdm1rKt8Dvg,3132,252
DLATUmiXCg2VBcTl3Djf6g,3204,48
GR522UkCVzCzp9EnmSme5Q,2751,5
dAL-fM9tEwvMf-EunZh3KQ,1179,5
aEgeFyxc3uNOOeC0Ugts9g,2168,11
07UWbgojyCyyQMIRgplw3Q,2018,83
uxac1t91qI3NwoHd8bSdAQ,1830,23
L-mVY3zywuE9SviD2bvPvA,3201,30
Wc_ZjEfN92MyRyoowVrmxg,2195,20
0TlYBBUbSIfQyPW94kJhWQ,2888,245
mrG0Lzpi0o6qSrR264e1tw,2908,10
-ijJvthn69xBeTD6YAJ7wA,2461,33
K57Ukv6zcH4w6pwE2_V8Lw,2381,2
Bpc-YRoybtBOWcm36C5Rxg,978,5
LziNNOQkj665Q6bhBSrnpA,1504,5
dEm_UQB-18XE-aTl6LmybQ,1243,47
QwTJ6q3uo4xNrZf-JXDxMg,2839,33
F95d04YP-q43eHUV9Ngr1A,4452,3
84iVFTe2rAV7QwXWq32tHQ,2211,5
e16L4L_XZhWd-dtamyIcgQ,1244,121
pjOBt3NPttAkw9jyC5eexg,2085,3
hGe_7AnKifN1L5ShJt5c1g,3560,44
gg3dRwnIOpeVjIceVmlXzg,2351,1
uGv2jora3AELesnnfOfshg,2432,10
hKZ2aqc1u97vULEZzS6Kkw,3816,284
ge8i_83Iw0Mhg9otzIf2GA,2242,41
LcKCVPvncomKcyQ1oicgzA,1885,13
jAVz1yKyg46N-bf-S3HFgg,3006,141
X6tLLEGkkFR_MDhistkKaw,3148,51
GRLYTj906KLl0nSFC4DF1A,1349,44
oMAFOdOlkmJzhRxrSjS9lg,1871,20
HH57IwuARBMB6F9zapPFwA,2632,11
RzXdMAlfddquBRWDlaE-gQ,2127,8
mbpH2qqhsc0V37UkY4Hp-g,2498,2
0c8qsh3x3wQKFp9Gbr9pNg,2547,10
OV7SEzyg4RwbxOwNxo7aEw,2393,21
3p6pII7HlMnvqduQEdPOrQ,3290,322
nJrbGBitod9QH5jaPQ8G1Q,961,3
KIO4N2hUbUbXehHFHDUTvw,1424,40
wmgDt6pFvKsyQFAJdQeugg,908,11
xdT-CrIx2a8qvR1SSOrOcg,3876,273
lN7NysaTcbI2VCRub7kYOw,3413,362
NHHVj7_lT_4gClCIbQK9MA,1867,9
xv3Yq6R09V2I74sCNVhqrw,660,30
MLYoK0Q5xTdBYPmmS2bMKQ,4083,249
PgvQsbFgtNmyxa1YTqVpTg,3191,243
Zh4NWeFoWOY8gIlV0gBDIQ,2279,6
igUsYHhPykM4JOQyywBWZQ,2774,7
Z5npi_d-Sd3dAns0LG0iYw,2640,3
m8Zir87s0vZPrAYBgHBoLQ,2823,3
7-H3S0X3zezhe1c1tMh9hQ,2153,11
WtEacVxh2OsB3ZY2sjBLUg,1414,7
fCfYUcTMa626le8LCm1FtQ,1068,1
Ug-F5XMdTpJlcneAjjAv_A,1327,2
K_bPCnlaxCLFSf-2pGAWtQ,2156,9
e92yIAJ3Cpmp8BV0NsS7LA,2089,10
krCpDgVgQopBVfZQGNYsmg,4210,203
rJgkuhRtMtY3PPYStIqxaQ,1439,7
5mguchREyBUP0svqCqtGCg,2195,5
GyO0c0VgivnkSOvmhPKhwg,3108,31
iJErqoUk7WDlRRk-WIxi9g,1246,4
cJLiO7U7bIGk9IuiTQmGSQ,1233,23
PXKFNqk84P5cJ51ornbSsw,1745,5
IAcSqxWmTEXWm6ZtGui7vg,1360,3
qGQFa9lrv9bjOA0M5d74bg,1975,14
1nbBnvX5GZqLAh9JWnVHNg,2469,5
g0SNn53uFeErgvuag4kuqA,1498,5
8Yqkv7Na4h_2j6buzDCMyg,2094,4
jtqVc-x0ZTvJp5ZXH_WXpg,2471,41
9l4JVDB7LUecRwKXPkR1qw,639,1
DjyXMQVh1mQQtnKPuezQgA,1548,21
z69m3I-ZLjAYZtHVr6P7Ww,2553,34
egv_4qN7DRIkzvpRMcipTA,4092,28
FkGn7ZgSmCNEiQ_spERBWw,2692,28
IcDn5f-a5mt7v3WnFBvOdg,3773,605
iYtL8E8Qc7MHA4MWb6PAvg,2737,19
JBk6yn4OTtvKfUYz0-SrEQ,3877,151
95MStgph_GrSarYA0UOGpw,2470,10
MVmJKELwzgJBg7VrbLmd1w,2608,11
1exs-fNfHNMXOegU1AXG_A,2287,13
Fyxet3Yz3nAjq6TyvDKBrg,1666,6
1lB3M-ARGWGnllAPL0u_Kg,2253,8
IsUG73tZ9P2WXGk1jW408A,4119,208
B29rjYBW-ZsAtVn3cmCPQg,3647,499
Oaz3YfDZE9vmB_N0YaUMUw,3569,94
tM_C0spt9-DaFFS_vIGZ7A,3906,349
1m4XhSqfR9WlBpQjuZPSWQ,2420,11
OfAQsDYvD8uw1k3LMDPkWQ,3103,178
weClxz2qdMqes-iXtR5QTg,3574,254
bcpc6sQkAQzDnnsZ6SmWmA,2947,29
sd8j9m8lr7Cn0uKZOo0wyQ,2137,20
Lcfxe0ocDN6x6uDPZ2RdKA,2632,2
xtstBf-PoHIKMOcIu11HWg,1164,6
MrHrsfml-ynA2dN7-oQ0iw,2145,10
YciTxcWGMiP43jH2-kA4eg,722,4
9jKVGPGe46V6emkzP7LZwQ,2352,129
LQbuEFUxqB0Ekt7Ps9ZnJA,2501,87
0pD4WXbeZUOMxd-aw6PKUA,3289,105
LpYsl5jex1olK19ct66Qgw,2925,13
4Yr4uddcRk5tBMx_6tflBg,3368,87
ubMS4_X6Woc4HgXAfD9djg,3226,7
RIwZ9JYt36Gs5o3OSna-oQ,2981,15
LEGBfyFAi7wZYHJts7Zn1Q,3590,45
bDPKrY5OSOpYajy55uvXOw,2417,12
CCna39gyyNKuoXjn7yKnIg,3437,2
x_YINEfMQiz6r71uI1Lcpw,2179,1
k_1XQhM9u83nxTlwDRe4oQ,3795,142
k0hp9pk2V1-HoFUTa9kA-g,2874,28
vGPku6ifzMR19317DGRHxQ,3561,2
bX-l7noPmsEK5n3a_4ciow,1316,145
6ZGz9i2cPMEAyqgBrjfKHw,2399,3
LxUJo2ZfW2H4VkuNi4KCug,1107,18
_PM3-k23doNfh6DToEDP8g,1625,3
ScBuPdlNFB8hl5plZBnPzw,1914,5
Yp6G1qj04yDrG_-zEX7mBg,1453,11
6CSIWpvzlrz2ku1hjDzGag,1270,45
w8M5c6iQ-tYpTmmcPYe8Pw,1373,11
TzuU0ZF9KEdhyl3K6jIRCg,2675,88
hX5qvn4PUE9_3LxUyuigBQ,2083,162
uNoHxgz2XMGfai9rrVNVJQ,2780,25
yQsX1CXh8rhpcm9Hg3L94A,1361,44
vVnfz4K2s0Ms4ETQhdCwnw,2227,4
In6Wr64yE6cmpVHPacLRfw,1426,2
G_ZpswunAP7pzzUcmvmBFA,1291,9
khcv1zOI1a5HOnIwrR_F_Q,1644,2
BUCUgJ_HPj7aaNR_BCq9uA,3406,9
dGND9DDQe5L6Lli2TolF1A,3047,671
gmPVXom7TNG4lxdsQzZnxQ,3039,302
87n_VJBxlp1VzYfumqEKQw,1050,2
pmTIiq1OUilqluhdvp15uA,3260,6
UMX8Q-emGMI6VidM1jTsEQ,1072,2
QTRxJsAEXsTIZ2p2qhOT0g,1924,154
_trrlFsD5V1uDrmxLsFPTg,2199,11
T2SKNuhOUoO8scfRPtWXOQ,2059,4
7OITLK8tWP-rqUPIuFfZ5g,1039,1
gpwcgbQm-GmwazTPqjqSdA,2212,4
9-8lDH_ZWzb1ZPSV7ujuWg,691,4
wbTxh35_FRqwT1-1wDw7oQ,2698,6
zr9PstOo-1m5da1TdXxESA,2892,58
YgljwttMrsc9JEuA1I8Rlw,2863,129
B8QP74nHZ77tejjHE7ov6Q,2696,116
fnxIP2Jg3To2MyMWOLmZSw,885,4
kk3VyTOo4zgZu15qTQwhMA,2626,7
I4T_1mKLU7uzAnhDUzaORA,2342,4
Mm4s4tHs_uRHQAXAQH_ZrA,863,22
ICZF5Un5hJsVY1Pz-QDp2w,2547,2
u7trPP7t5a3tN7gNvPrH7Q,1705,4
cuLy4Tfy50WRyLur1DnBhw,2033,2
mfV1iCvr8rzvRaNvDadSAA,3433,155
-01kVTKImAOZTyAGAn-YZg,2127,3
5m_oh7rLUi28TdIWK4uL-A,1111,10
UlgpMixcKDCzkicuaK7-zg,4226,5
KP0rEkxhMpDPrv-fd0o_Iw,2073,4
44wQnlKBd3bx8EU_zB5ByQ,1978,5
s4fUX0-JFiY_xzjYnvbeng,1476,5
Ucgt2K0-cS8AW8MczrT-uw,2660,21
0fyLwonPIlksaBtkfHhtQA,2591,4
6GMwSfOasvd7q1ZdSG3k4Q,2624,19
vI_Vjt-HN5jVgAN9-JJBUQ,2360,1
3SpKb-YsTqWhvfhNd8lzgg,1453,5
iw6oEIKjdiN3PVWu2BiOnw,1191,3
KpkriEIiMHb6QZSgouHjlw,2348,22
N3cY4KSOQNWkNqRoWiw9SA,1057,20
6Chth4-xjMGgTtaAZkrYxQ,4831,416
d0Mqjj7zTQkcoB17ELxK6w,1545,75
oy70bBIC-n7hfPjPVMmytQ,1914,5
vrAWTnxdISYPhI_XibS-Lw,2096,4
BwNZaPoqjHYK4RMqAxSeCw,2836,49
w9kZI4bn65OJ6Svckjt1gw,2900,15
0v1Nblhu3yeT_jDxw1VfqQ,2165,8
8jg0lpQGLo1U6a5LeIqksA,1510,170
kWfIzjp6s-LjUrAy_ubA0Q,2522,5
o_4141-ZRgn7d0bvSgS3iA,2978,490
NTyla4XIt-GjJGzOpEjSAQ,1115,2
MrEjC8nO05TI3GdCk14f6Q,4800,22
cniN-Jp-CoGu5Qpvr1GxdQ,1037,9
Go3J7lWQydSHdvdNoZf1Zg,2727,116
yQFiwyJ4awcPMAxHP2F5TA,1423,32
yp__IF5X4_zsnvFphf_VDw,1444,9
iegRLZO97Ug-P2XfV4zhZQ,1963,9
rVe49jbsZ1UbPy4v7_eXOg,2494,10
KyeRUUnUSfxgCNQ-6RWl3g,2744,5
EiCRgFpf8Y49UC1sCQ-NmQ,2733,25
L92oXnrOvhgh17irOhn3uA,1731,9
2akWifotiCdO4BHASGLDag,3432,481
8b1BGYbLbmYkUI3fPN_w2A,1823,8
jawknuvBxaQnpnCi6MIdMA,1465,19
RnaOUIXSyygRo11ZNR-KBw,3528,286
HTpvmPI5xrlCgUmDVsIocQ,1913,9
-VEi-CVc8e1H3Nam8tvy2A,1368,5
11tFkaULxTuBv8dUnH2gRA,2620,39
HQDbppikFzqVIQoyRTsebw,1677,17
uVo1RLhH1F_X1vJZd2buwA,2514,10
pMryYxuS6rAlhdUKWJL9WQ,1066,2
ZOqS1UnlRKjRciULpNrLxQ,2697,3
gOwpJgqRDo0EHuqbXvxd8A,3330,15
0wd4t92k9GTckntL3DylQQ,3006,55
Bxyq95J55X6lz7ptHGwsmA,1556,17
oz_4S5dYCL9Pi2xpqlVZnA,1354,3
xdi0BgGDHgUKWXANflfhhw,1859,6
CKpSJeatfluLCCCYsWlb1Q,2471,7
Or2Xi2tAe-uGDqZ3Sy4mYQ,2418,4
QlXfFDmaluFCsuOnXJ254w,2422,65
KMJ048djlquZJzcHOmollA,2851,56
tJmpov11xqyXDySRUTEoKg,1102,3
ve0u7KiWQYQLjj69UhEpjg,849,1
5O9mAtq8BHBWWwNdFZkH-Q,2674,12
WslBIvrC1ezr4VAvPMEyMA,4388,561
6qostbWJ2Uo9OP27Fws18w,2699,40
xBVOs9I_CRQTzyjqWW3hhQ,1920,5
wZigaDNp2uHKW_bb_1k41A,2760,2
LZqYpga6EaKNrzVdiwKJwg,3457,14
E3Jurhf6AKA-zUkVWngp6w,1428,2
X_FPtimSwwDeQ9mMygygSQ,1058,4
Khecid8LZRq9n6xe4qjgLA,3432,19
MmuwZZzizfSc2kccCH0qTw,1443,2
vdjjVVs2hBy6jPERMFEa8w,1053,9
hJbrItQ7GaeKhUXn0uEAyA,2130,1
MDVDxR6gXPTO_6NAn04Z6A,3482,396
Hn9RJ2_xd0rzqqe_t3ajkQ,991,18
JfWnXDQbdiWf0_XDAopL4A,1424,4
NUKOsOYjXsalzOqCzQVZ9A,2387,1
s-JA-8X65Comik_0PD-VsA,2320,4
pRwSr0-jI-OkflYkRdKfBQ,3279,363
t-H2pH7m-vzU7OBiJhwOJg,2030,14
t2dUrGyWMkvRGIMB9x5BKA,3364,85
MicZ5K3EmAbJTCSHhL-JYA,1893,141
MX2MgFI7ziCCLSvONz_WBg,2797,196
t8TR44Nauc1X8FgAItTbGw,3472,5
PwlMTqQMfFVpSsrb8cZuyA,2198,7
3CCsRnpghcJ2f8FRt6WQ2g,2984,11
DB9kVj64Ka_OElvIcRPgyA,803,5
ZIrgAICWoFm_ytF-dljyKA,2910,33
GUBG6JlwLX0rsB7dERachw,1895,11
Maj2BvspqPGheTkfiOB9xg,2358,22
8-qLs8E1gxdIrWJ_aJx17g,1689,10
WDRSxMSO_AwbbSXs9NEr9Q,1931,37
QaMnvX-wkSIDbqxbFRzlnw,1683,11
fjfdFe3-6TgfFYRZp8p1WQ,2279,3
L2-Ywa557SvBEMHnjAhE-w,2446,33
HdZNWKfPgY2qZv2-6Ojrog,898,18
jDKrHv2KJu0hcuzOpC-zJw,3112,236
Y3tsIOu59lcnX2j1Mfy-Jw,3602,16
UUqziq7bhckc9eTKg2Pudg,2358,12
CF8IuwEtO6lG3aZwT5Hf7w,1876,4
qVeBvb3xDv1q9wroO1VFMw,1478,10
AchU1NlULl0QzkqqWAOtKQ,3087,54
c3AnuSeAcR9dr7sWKivhjA,1541,5
u5OaGnkkvRKkTfUEReD0mQ,949,14
hyL65SbQjiwGKwiZgfsv1Q,3172,428
zjJp_PK3GUO2jcDG4Q1-0Q,2303,4
-sOtfz0cvXRGP-NIfjQYnw,1544,81
UhLhWkXIK4LJ7tX3_bC8ng,2983,109
MKapDSzfYv_OAfCCuseOSg,1165,1
7Zc2uM-5bVgqMwIM1mKkmQ,2856,36
fBJIvZRphhgn36BxdhpLaw,2548,4
xtZlYArpflL2vcbXeq0pOg,1706,8
B8WSCCZQpPJGH4yZ_Yi-eQ,1688,12
n1M2Pr82_Zq1TDjW1Y6Dvg,1928,20
GwlrUwkULm4ZLN-Kum5nag,4333,3677
aDckbC8tppSIYdKGwBuuTQ,2376,33
apFycK26K-bBb7HsZzmdxg,2313,4
e1OSj2uqcUglOqzsJTxwQQ,1954,6
SeILUNsDzwMnnj-jgbCOQQ,3410,669
TWqwP6cGyhxW-vZ9nTPQAA,1596,149
S_hw1Bnzwz9Ekag70zQoQg,1148,13
V2oAzEtG7AS5ewExXNieXA,2780,14
Cy7NECdwZjisVanYMj_IOw,2976,8
h949ZwQiQAXD5GR3G5wMCQ,3642,271
rEKcVclF5KYO1AWSvs0djQ,2485,6
_IKHZkxIA8w4y9cyRYOG2w,3607,294
VKgu2AoBHLbOY2zSfphvpA,1725,52
YrCBm7Kmph3agXimfjnGyg,917,73
thjpuRdgQaiGlIT6kX0vbg,2025,15
cl4lsZDET7WKx-ggipsUYw,1982,6
wwEV66BaaGIiXerjrPMziQ,2205,386
3bKyX3CB3sPveXLopYwiwA,4228,21
hIRtg6V5KygUiG_kOGI8nA,2613,28
KTYdtB9Ks1-fCzabKvtTag,2048,24
SU8RB2a4MlNme3t09bo8TQ,2930,24
xq3jylvkYMxvz9kF9bQA8Q,1239,88
3w8NfJsRAFSTTMuQUrl0Hw,1470,2
sW1Ndd1Un1Jp_mwv3uY63A,2869,8
4brI4yrvMkJlGBvycTakiw,3288,15
UcUOI-XKFhgQNMfCZa3c3Q,1632,105
BdYivYlv8Vv7aBw47AThjQ,2835,19
MPqDexvqa5jKGPbiCELj0Q,2179,6
fJ0LLhAZo9wnWRKa0cENZQ,3611,594
dWCDGPe9tGGhiTVMTJVC_Q,3948,157
oXldj8TBlfL8E4RCMiHLtQ,2926,85
JA_vWhksiGnEy-7MsB_Rng,2347,16
V0aoC0HIIO5Ghr0V2ZJJIw,2844,25
hwSSM8Jn29dXRW4ym-roDQ,3131,930
ltHpqUqGiQXqPXS7ybiRVA,3500,35
IWmoiGirjLhfSdNK9fQQsA,1199,3
qMZC3mubqR3gGLs0AqBa8A,2285,376
P_as9UfIIpQoQHOnug-nqA,2376,10
BJXKcz_65UU84i0YG9cxFA,3221,23
GNKrQfsVe0pQU3dF5LkjXw,3300,59
ymNlJDyHY1Kza6zP_ydLrA,2730,79
A_mNom2fBYNK7J8C3ZK9Gw,2224,9
-VC5bYC08GQR3BRuF7BveQ,3157,8
PssmOkzY4Aw8oxyc1ILAzQ,2169,6
BA9tWqYOBSBsjm3me5Blhw,1844,32
1WbFiGulWAXkOMWhk6pbxQ,1266,19
4WJvoi1E3xs2l3JhMPAeTA,3425,164
7Aam_c0xRw0VZbc0zhS3VQ,3905,188
Lc17wY-SInreijuwwp6P0w,4694,133
ycYTGWFCOYWvChDtb71y5A,2408,88
XgPgN5Zj7TH9PDHGhqZbCw,3241,52
gdL4goU_Ij34w0W0c8FvVA,1559,39
JGHdJsoHZtVsr5Uy0aDAWA,2826,130
DPHxOo-_MMWgme6nwG3a9g,1696,17
dQ_6DfdS_kl8uwNicuhoTg,3949,114
HMNLHkeoxLnjUBojLYpwCA,885,18
zyrsLcN4dyRaySc257MsaQ,2888,8
PTSUCjj-ct5nK1Mw277IPA,1584,44
zic2fVA5X3FCXpXaO2M7qQ,860,2
bZvYvXYoJZ-VhQNfB-Cm4g,2425,34
0iwkoSHfkBjqPaObj9QFDg,1983,4
4YkbD-wFI6xVgRN8Zcp12w,2811,16
0q40rsjlFJfPIdpetmZAeg,1782,10
qLRuNtRjY69alieuSSEwbw,873,4
1GQbCs0lnCLr7WdYhb3cjw,3908,68
520Mz8FIRAugmBlChw1yHQ,1845,20
r_NFt3jYYpUyVR1UCoPZQQ,2920,48
EhZtygfnz3hNIZQ11twSqw,3721,19
ftXAwWq5_3AMSzVviheQSQ,1278,244
4DOehxthtw-r5Vnf6A00bQ,2507,11
SGsoBIzpXIDonUJiEN7dlw,2475,9
bpsMb_Z68TBHWFYzo3pqXQ,4246,62
mUEzvpTxf9_PZJ75sbf7lQ,2242,23
0OIVLfk5SqztbiTaV2KB9A,1707,11
-LNXnJpqDA6HxIewToFYWA,2238,53
-zoPpmJJWipCofsx3d-J7A,566,2
LG4QSaoeRcf9f-R9h2l3rQ,1213,3
wISWEa1UZ1yP4Lc4U1BpGQ,2097,4
T1per0i0wO0qnrcrnvJB4Q,1764,8
ancvpInZnozbJGW1DfP-Cw,1764,11
5Dkfm0mFUL8zQ5W8u5nTow,3031,34
KYgEQ34oFZgzu-CrG85VIg,3096,13
bjY-0exhuckoSFVXN8rodw,1173,4
3DhxNQX0e-6Kggnr1-IptA,2507,7
Buq5oQtuG2k4usuWSDTMkQ,2387,8
zALZprEzfYXHoUmzODFXtw,1481,11
0TKKnCK488TvpZAqgVg_cg,4758,77
CAiZz4Qc0riC9Mbpgtll4g,3903,72
G8RT2980GiDhcfmoeBna6A,1934,89
ZHPfw7SNQ_oxvQfLTfw7Cg,1286,13
ohDlE1rCMBTyAmzFPqdriA,2526,8
vL8_pHQ_WaN0TNrNoRwg1Q,3406,4
APXtEI06BLITe3CgPkif3Q,1810,70
ES5Ip6lW6Y02OTi3FciWeA,1348,3
eEboKpovO3kNRfuDYqVBaQ,2870,25
ACoPI_3K8OwBHrli271zbQ,3401,21
39TJ9OpgayS1FsvyPh7_cg,4651,102
rxD39cqW3idbtfNP7XI2MA,2595,15
jUM_NzXxhvBKyrcV4-dqkg,2930,14
iv-W7scPp5m0h33otLh-4g,703,2
AdSHZGqqnldUkbS1ZIwKxA,2679,8
GY9LJaxKP7tXlxExBE1J_Q,3557,273
97mUzrrJsBFeOevZU4GqsQ,3377,53
iSc1obAlNG1iCjQjyIBo8w,4397,13
Wq0xRuh2eecTrRx-kFtGtQ,1685,105
EB4B2xyx5dOJ1hyqwFZftw,3142,13
fr0b8eBGmIvXAYvV7WlAdA,1806,61
SxVTSPqavwQgAk4xOSG3Dw,1613,11
zq6ev7aZg-E0kqwapGtk1Q,963,6
BcVgT22aXqZfCjgxxx4F7w,1277,78
Uz7USPY64cdc-L_UseHicA,1508,13
x-cH1zRA8WUkAyaw6ED3dw,964,8
rrr_1Gex6NcHZQym_TZrmQ,2163,4
vWabFR3sdJKjj_YGHsbP2w,1352,44
fLXaNHkBLDVdO3XQt1XxZw,2729,184
vgp0KwBJdNI5c_5Kpbajdg,2802,18
0LUnAM6vyqwC8NEZrHlu-A,2090,1
eNh7bBV-q2Rg2jAJHMQyGQ,2738,27
snldDecrM7DsiBY_vEmGnQ,4465,13
Z25tvSmoHRcOV5VJSO7jrA,2589,73
I_buZTXNdcSNlcR8qRQ1HQ,1614,3
0F5Gbk8rDMN9ZW9YMG7qQQ,2840,3
GCK0PvJxcPJtvyaJE98_CA,3175,14
FY9ey8j5NBoYek_hm-vA1g,2436,6
wEp68j_dUmeZ-4GQxXarxQ,2679,2
vRuHPM06W9iQJXK8XHbC3Q,4218,742
wHlaWSG1NarXf_4-GWfwCA,2760,65
WrSxA6TTfvBvT4W80xuahA,3153,2
waUUfc9NhPR7ctg1co-B2Q,1844,307
oXNZISuIwAkpmiVFvfUWWg,3750,170
Fo4sPdnbvf3615Wo7Bbi2g,3825,24
emTNi17IH9UUMXxmPuqG1Q,1801,6
Qumnt0LQvvvtJsAQAhXEgg,682,2
46d1OfHEynoMMz3iscNxQA,2564,2
fqGig_ZGyuoQl_Ob3IVvzA,2205,5
t1vBU-pcleo3SPfjT_iKlA,1216,67
qSpCTXtE9todHh9M5YR6ow,1828,9
FBt69138aqODFxGGyK3a3g,1996,3
qp47oWGCYiYVwzNoO47ZKQ,2474,14
3pWRLHJ3leTE9h2yFciomQ,1558,18
YsMC_vVCwUForqO0jqd-7A,1924,7
yUujNfLyV0fxpLQdFUtkYg,2390,10
kFfz0VCD5s6HoA_vmiJtDA,2914,4
SuQPb2tkYBep-jYavZ8hSg,3098,12
zGit1H5MgVyKv_nJS0z_FA,1666,17
x3bRs3_hNMEECbPU2imKOQ,2522,7
jyxqaxVw48KQn7TkzG56bA,2747,7
bHsIiV-t-Uvw0O12DsZOPQ,1383,23
BrDxXlHhQxtgDMbBoXeSvg,4046,17
CSsZKyjgef2GS20JtP4W2w,3613,1198
9VLHTasWKCoKA7CmhFrwGQ,1585,19
1DV8MuugJK3ialBm_sxD_w,2869,35
eGIxb0FYYimjqadhPQomeA,1696,6
j407rVEj4M6_274IykoVxw,3593,18
y0IPfFyPP7nBMYXA64KV1w,1447,16
YBXxFodb75ynB0U_NENhZQ,1974,11
HZI35Z5STVAtlhAmUygu-w,2837,151
jGpHnwJHflYokAwJNA4sCQ,2808,2
IcRda4MIShB8Oz6RrvBMKQ,1455,1
AtYAlYupnBDuNPFrX1KnTw,2405,4
sm9VhmIM9AQfYXQncTJkfA,2747,3
o0T1ay_1yI8vbsf9tgb7GA,716,17
EAt6z9La8bgsNjA9OtDlrg,2276,14
XTaGIigYZ4nu4dE7OnKzAw,3833,21
-sRWtxnr-O1UpuKDelWGMg,3595,4
J91cbFSYlZ8vfOOf4twxGg,1460,3
94Yr3Sy3s8Dor1m5494aNw,1347,1
tRF2ZvUI69Yo8T3wE_U7vg,2606,2
mrM_7P_fW82xf8eRrDs4NA,1756,3
fIM8VsomSWSCK2SoUeyrpg,1469,1
8dRW3Nj5N1VYde84FcF2fA,2266,10
OWOYCWAsu1h-jAKvtABA6g,2729,2
zdJOywWmd4ngghZ4XW0IAA,2465,4
RMg7y3YIVvuvsSeY_GpCng,1321,48
bYSzs1ZU9Clw5dzC5URtLA,1897,73
LMwLEMQN2IAy51B2e7vP7A,2649,21
lhuPXhIOlitaZaAB3ySyZA,2668,11
c06Ie3T2zZkePf-gu-P8Zg,1576,24
HBT7nZP284yIivSRZjG8FA,3027,2
MsspPykm8Nem2W2FIBTQvQ,1400,3
F3PD1_lIRk22PXHkyy-awQ,2355,5
7TpjDqSqZhuL-XAUH44vZA,1930,90
vyIyK8fxCn08j81U7uvaOw,2616,21
_dASr9xPNCdcqFkWf7KK8w,2291,159
7GG7gQbRZ4GO4V9e69mM1g,2699,21
Q1AFO4TGwbyTU94ZQzhjww,2477,2
TKedqd2vF9tS72T6PmiIlw,3641,23
mqXHPvbtuf4YEqrn4Nzeow,2777,11
fim79gt8mCluDcEu5j_rZg,4663,8
3qkiLhRKWT688Nc_RF7fiA,1150,7
kyCu-d3Zsy3Bwi2_qzDCIw,1787,44
kwhs3JkiiiftY87XthzCgA,1752,3
H2SWeaSckxk3_s9wsfkeHA,2196,3
tJGp0Ej7MIxPTfhPU55Flw,2194,5
5HdOvTRfh_UOOhT3yaeVnA,1647,3
3PKSTs43d0UqDkCiy5bh0A,1405,4
oWe8MndzNJGttGVoGoiYow,1854,3
hY7yjH7Qc5MprbTigZbfSQ,2922,14
G94AmgkSc_Mkp1OWlF0vYA,2830,19
qRS2p2Ufi4eEXry26RwyiA,1715,7
_VCbPhqHhvNf_GoLbLD7WA,1896,3
y3WNeiLSAWEmizrHVcrflA,2654,6
JS0qFDAp_rdvfLoTR67M7g,696,2
aHe0i5jsQC-vbewmtDLwEQ,2571,26
MK4eJoe8_f9Lzv_VbkwUBw,1677,2
tFYT3aV5WbpWELB1TjGFGA,2176,5
zsFwCiyjR1610K9DvRcoZQ,1234,3
ZOTSiJV48PGwGsiYT1FVLQ,2586,5
CCZzIOzu5AX1GJeur4huPw,2250,4
2pfeA2cP6vOZ-rwTU_2wzg,3644,14
sWZ8a_d4R5YRu6iP0k6XsA,3013,23
-HYKcoycQodFgQ9CyC7agQ,2728,17
n5VIg0hvj7Q_2IiMeUZcpw,1068,1
tm1sIu2HWcP4XecIM-L0NQ,974,3
sOHe7rCzNoxezUVHWefMfw,2472,6
ykl3Q190R2nIyw_fZVdeFQ,3503,13
lcvrkmpi3gGZhNua9_Fk7Q,1186,3
M9h7abAScOWEP13itwgUvQ,1045,10
zDcPeqCDTyNX2A41_TmOvw,1743,11
TRnKZo3Ae8Ot3CL9TvUEhg,1810,1
ZLiXKOwQ4AAB6QAtE7JIBw,1012,5
Wqqc6U6dKX7uvo2gEtxEvw,1661,12
eE550WP8gvuzDiU7LkYkJg,2332,124
oFwZsLpvS3s435G4DgxS1Q,997,7
Bb-lVNcYnzDW3VCLUjehZw,2893,3
3JuIyOcOrEXVbSE86OSDBQ,758,2
9JS9q-d3UUs-bYNkX6iZfA,3236,6
dhFQmXIKqh6N5V5YOvXjoQ,2815,19
2VXzCvCARD_9iJwINt50Vg,925,3
QMhSvA76edMtj1JGUMJtnA,1571,14
v36xqhe3MiID-3Ri94VZsQ,2441,3
DxQeep-5pAwbrHFT7klYTw,1520,9
sp34faGZ3bT57f8sEKuQ5Q,858,19
vG9yjXx8A0IJRBNForcAgg,1647,6
G7uXwSQ-3fsh-_jKJhoGsw,1442,4
ShepWql_7PIaLvHvK1oepg,3520,25
ZgORkKRs8OQrDSiGON5_yg,1560,13
2Vxlw0e6KxihC3vF86I6cA,2089,19
4BcptlZJCUxz1A0fhs9oUA,1444,1
PL_XjOCxSe2v6aVa1joosw,1625,6
oCpaDTmYMFs_333bE4sAlw,1626,1
TERKMULbOh1Ee6dImTIpCg,831,11
s9kcnW12feAGiubcUnREsw,1388,24
ts0ZvjsuxmABOC263rnp3A,1202,10
JzagHRG7NNXhJNYAFgdSiA,2354,5
UyukaKbpR-pqmsqEbvsdow,3051,10
_toNJ4tk89Ot6F44lTlz2A,2510,20
025mDr-dAfsXXqBhEFQP2g,1441,2
tejf5VBcSUulniV43yBsAA,2017,18
AwIALO3UyrAzVW4DgkWtVw,1395,3
nrtJlEU4JCbfUp958cgjkg,2317,5
708MZtE537RRJCmZb5vfNg,2627,1
mFJ-WRv5ElCuIozfA1wRBQ,2847,16
h30bEXrc-DUfdmHA2Fe0qg,1455,9
aOu8kMH1i8KqrFZPmEpAHA,3535,4
WeiirhJyaAY9kQ1cS5ZhwA,3456,72
NK5iL-VdX924L9ZsvyB6HA,1695,26
pKws7kfnNxccSn3nkhrENg,4296,11
1w8ykgCgeFK0ViQ9x7AZ0Q,2329,3
oVggDPL8gZAdfnv4B2MdYw,3089,149
n79o720Jm5dKQ673z58o9A,2487,8
cmdTHhSjPeiFyoAN1DQJyw,1743,42
KfApJDXoC6YVUkw3kf-mFg,789,7
RjyshsgRkq8Qqc2iEW5dmg,859,10
TvwnlyrufsIx8zgSacSXMQ,851,8
wm668fZebsMvDOXt2Mji0g,2462,3
JNMQag1YHY1sv-91IchWrw,531,1
eNr8ehMjTwly2ON1yDtHgA,3063,3
d2wyvOFGlhku8DLupkeqlg,3231,87
O9Pd0jinLW4nIv3VWlESGQ,1176,11
anMJnAOxzQe2z_CZcltJbg,1374,16
SiSPXG-4OJSn2nEEGL69ug,1976,6
ikNLkRXsGikjz0AFUrWqLQ,3277,133
IchBvxqHHoCujy9mfVSMmg,2764,18
ox6JfoSoRWR11cACOU2WkQ,1449,5
5MAXSciZr_z4w5GivkyQRQ,2133,4
9shvDknBTdmq8ikpZpmZlA,1260,3
pTXpHdDkOCSr9oT5GIymLg,1162,4
QlxIjPkwrp7j6BtiQaiSDg,2428,6
Zb-v1ouD8QfqjxkA9pLZVQ,1820,21
cwFedgq9ahrlkrn_VS-rPg,2645,19
5XFaTyo49-CcdqCGev7e6g,3779,9
DTpwHwYAitzlwdEpO-JRMQ,2819,8
ltXvXpfbfDHgb6g9viRnKQ,2639,7
FTpIyk0dsXwagZ_8xBobRQ,684,2
VJDt-5GmPpdgOuTfDAiTpQ,1543,65
ZWBsIZY9L69NE-cD1zWAsQ,1851,5
RFMEc06S82RgW_sLl0jliQ,2810,2
p3-91xMCDrgmzhU6g1CPKQ,3119,6
KL9woBwyw9qVBxWwnKm1sA,2781,65
uMLPd_EceoxQgT-a-k0dcw,1684,3
O457PvZLl7t7a8mpHWIANA,1008,1
vUxcT6qaLcqnMjuk8u10lQ,1980,6
qPJ5dUGFkdDrl2Kd0fvrlw,2315,53
ZXMgWo8BNWRS0qWchlfdNg,2934,28
jORFxJdKt5SzAQMbhgaeig,2093,6
vUlrar-HOwOOoxx2VZO2Mg,1766,6
R03v_JWiOLhScZ0Bgd4gPg,2268,6
TBsXUx_J_3lJEecBSR6ufQ,1712,4
O0f2gjfX6z8RF6zwgHMDfA,2009,26
tZEPCxZSImv2wqbO0dpRCQ,3490,36
wyLSjWyBVsZLlxfnYlWC9g,1636,1
Ba8aflm_Bqi6kF9WDsIO4Q,2637,30
XAvheDe-C-00-UKTYo6Chw,1528,1
t-DvgefO1wsA5wFOyD6bzQ,1500,6
VtFUoiY8DadmLFLyPkbeQg,1724,16
wFamDbjhhY_myRb4dUEwoA,4586,620
n03LThJQCvMpO-KSwse25w,953,4
K05jHtFOrS8ONBA-U6yPEA,3087,3
_KSYTH4YYlmAy2JiTo4egg,3768,9
JoRt92YuSl1u_1AqmP9eFQ,1310,6
WwNljhdeoefx8e2O9ZbWHw,2544,7
NeYXZGweSDFB-mtCUMq3qQ,1996,6
K--uMMRxcSUn_t-t1P6WAg,2084,20
-4L6vSCT4W2jvMgvYH4woA,2504,16
6IHaJgIixzGnidfNow2_CQ,3257,3
WTd-F5863sPnSIBG5S3RHA,2368,21
NN_j2CxZ0Ikfa1yErXV0Fg,1138,3
1Qdpe4d41mc0W399VWAm4w,1652,4
FYyKs7Rnq9rojTVSgtRzbg,2401,5
fAqne_9_md6M2GP-R6dmWA,2608,8
A9TPRPOPNtiRgeXGCEFR9Q,1772,4
CU4NKfGJBQO0hKNtAW1eGg,2189,276
--amZ_cR9Zgu4B1RrAHJyA,1154,12
5fzdCrsVabk7-5Tpwc4vJA,2656,7
j4gDSG8TOX3rgFkHn3SHwA,1607,21
h0iv9V6LzuXtx8OvxKR9iA,2139,10
Qm2i0sfwsmRgcCRpLkQ0wg,2095,2
yH6krfSSfWY08CJb5D_pGA,2302,18
BiuyvDnmERS-l3yjH6rw5g,1766,23
RBNPC3EqOXp2qRqZQRQTpA,2013,16
lvWTVBMPEq6XtTV2EYPKBQ,1549,14
v_Uyrjghm1PunRdLW4XMSg,1784,9
NElI3UT694EjYIvTH1uJcQ,2385,25
jHROJ5VhgCEgpdB97MS4Vw,1172,2
nMmDtqoCRu_VS0nDE8NC1A,894,1
Xk43rxx5xYj5Vus7gFU6bw,1197,6
0OfehJto92ZSk97pyxEdSQ,2264,36
YEh-PiExa0E3p71Nn56umQ,2526,7
4Wu5Cdro29zJeyhqz02KKQ,2174,3
iBkGQoxY5Ygud-TaQTZv-Q,1998,5
hFw-hHBCNOmUkBdCO4XvTw,1528,16
rEtQI400FZmDDbXNTIV9Hw,3128,4
HCk7mt-e56gReF11YcUpwA,3246,26
IxeLVoRtI4JJmv9z-Td3tw,4359,3
4d3OTuWB0pvt6dFLBBVVmA,1939,26
VuhhwjCwyJsmx76RQQejfA,2170,22
69rzANrlrI8I7qby6oe6tQ,2289,4
Vyc-RXY3Pd-O6QnPgSzy5A,3409,10
AvmKk4D0G2t5wqVe6kD7zQ,3449,44
6Rq78FfhCdXg-YKHt9UB7g,1376,6
1dI8Gi0M_6RM0ylnArfMCw,2157,15
lcWHJV0xVTazhbY3MoKJVg,2376,21
O5FcFI_Ydtj2MKmWrxb_pA,1762,13
0AFZY9YMy6AOxThYJm8Caw,2925,10
an9dTo_xQRpE1ujDo3-FkQ,2964,1
izVsf7QLSFpwUwOYSoEh9w,2585,6
jr59PzPPosHH7EtA67t_Rw,2911,2
QntGqrJv6a8WEUlRAteaAg,1682,5
aA1bb88_D61MRxRwI8tBuA,1619,19
SJEaGiEMFM1pMdrLjtJRPw,2447,6
HqD5f6FaPxI8jcgEkpKFew,1799,42
FhP3dPaimXpVGkCmvp84lA,1031,25
Ttisi60hZXQL15I7Tvjd-A,2238,91
Aui0gEJY4Bl3zDyLU737MA,2104,7
MGfyyc1CFgACYu9J76XynQ,2629,22
lsKoL4WmpRfRspfVix8ibg,1341,6
A8hV_ETv_yV4RePyFdutqw,3299,18
-zQZkJljSTHNLboDmyQk0w,2699,7
AXv3ZTQZAya2fOS228VlhA,3272,28
OLCVBfPppEVeHf7q_9hd3A,2547,6
hA6WvPOeAVrfYJPWq_yXZQ,3829,54
G5jiWmhBYLw_N815ysv7sQ,2315,31
3RjNoX9m6UT0FCLASPJXlA,2137,5
17e8eLvj9671AZIlrwZFlw,2123,236
39ob3TUuT8AVi4Y_POIJnQ,2519,428
pE_C4p2sgnHW723AklV_Gw,1849,14
V1aOMRrXF21mF7c5zU4xCQ,3402,117
eQYvV3-8pJXZds1PpufPCQ,2031,12
NeUpvjnRBVjIeJ1oz6cTWQ,2212,24
_MQ4g7zXJZkrD4iBf6O6Kw,2968,567
YIhtWerKHLNER20IJmGFMg,3160,31
qO9F8M9XTfCmPLSdCxllBw,1333,1
cGDouZ-UPZitY15nEshWvg,2121,9
RtYiMmE9ki3uBJlF_BCUPw,1673,6
HWmYnBNaut9KYjIFG2SbUQ,1866,20
I-Pw-rig9nZGrPNOrnG6Dw,1826,115
HHGrvrF_0-07eNBu9uTc3A,3522,10
O-Y2N_t09ZzU9IWaODX7Lg,1972,5
eWSnFV0bwgTPP7uPspPzhQ,3172,28
dJLDzd3T7wi0O8kLL-MSRg,1221,1
9NTnZBEvmHIfatYUH6Rrcw,3798,107
A17iafBKUgtrFcLh_iuwOQ,3286,185
9BKpOl5GVRAGsMbei2uK-Q,3060,135
TfEIphMV0nBZ-NNih4mf5g,3004,40
5pJpGlxQLAaoVc46WNOtmQ,4033,25
_8jGrTN1a6tCmGfoFl9puw,1670,6
dcIMQveZpojXgPggygNDaw,3100,134
n1FoKMoBe_KoKvZqgOBg7g,2576,7
_DyGIB-XpLHHIK9s9VlVsw,2336,116
aB_6yb89525QLkkZZUxeWA,3076,58
VaQMWlVTMiwR-M7N_sqB0Q,2700,155
sgO-W7YX6ZHeNHQFOl3nGA,3747,671
bRf6g6pqNiaKjfVyahfsvA,2800,12
Cy_oiwLECG3Ff0VdNba0cw,3325,9
x3_b9Rv-GZpjtCDLqg-KVA,1256,35
WXfeQcJVE9u9K6Lt22-6Dg,2755,125
lyBWYViVlQGGXT0TjcwE_w,2625,113
RMjamiga6r4napmm4qVbKQ,2931,13
GAWc3IHWeSFfVf4aBztAcQ,1392,50
ZDKeq4gVVTCPCmZGT5dGnA,3207,4
j5TWBPHHMMZWYQj3zhzRTw,3381,89
ooaJhPiBNozGvqew_FxzHg,2052,15
cpQmAgOWatghp14h1pn1dQ,3195,111
0Q-dXpWvG4LhgiqsmPueCw,2250,6
pt-bOqNd7vI7XAzWEoyzcw,3129,7
KWFYtIdXHTUEy965LeTHMw,2735,246
a_-cGctRb1Tjzkzw8Hp3_Q,2800,635
yxnhJ_lzLgZvczfNDk6L1w,3212,107
W3mCsxouVBRdghUgz2WGzQ,2365,11
EVQVAX2zs1GwpENhTn6rWQ,1832,116
WR4OEbuqbbdnrR-9QARcSg,2701,5
NYR3cE_gSF7a-vgJXoD41g,1889,21
YbH3r3fVayTbSNXH-b4wMQ,1866,8
uF4t3C7LRIWqEe2mVmsYNQ,1483,2
tzY7pruEdQilD_BsXNdcrw,1533,6
AxmL_u4nzykgtfMY4gwN3Q,1820,15
RIj_iQP-GvD-8mkUcO7ThQ,2576,42
etvqdMu400-o7ad5U1iq_A,1221,16
YFc5R53WmlXY6FMft6VFFA,1048,6
ECNvAhBfY5DVGeeE3MMpYw,2144,19
vZPgYRc3CAgagWmpr79wrA,2906,186
fNjFsHoSrdOQA7BUQKmuKg,1515,4
gW_EMHf99-t61OUU96bYgw,1635,19
UMtzvn7jN7pA0zSNlsyVgg,2934,110
vMb0nngxcBOAE_Ay_zTV5g,2337,85
CXfVjNPGo97bUfeZU7yO4Q,1592,12
vZjaQztq6dT87244_4WPug,2451,1
rBJn8S2gIcrB0Zv5y6DlqQ,3170,51
v7fKhDx_QlnJQCFjZRvISA,3217,14
-_0Q6JbI69G1LIty0bUgBQ,2625,8
UC0OrNnEB8Atk8M2v1a4kg,1894,20
qFqOUKHvlWqOEDK9dcDkIg,653,13
I-NVXHiwvCHqtD6i-RMxxA,2440,7
ZuAPG1e20BxJz-OzK25Glw,1718,50
0S3FaH9RZFG3YJdkp9uJzg,1429,1
-QO47K05kdnzIw0yFFpQUg,3248,5
DGiDwCW4fvVblmze2EVs9g,2124,11
C5FaBV4OL7EcCUfXlbTHTw,3416,15
qK_uRPIcR4-cZPFrj2Djow,1445,16
Iv-dbHr2ZTsb8mrd_KDR8g,2404,9
IaP8g--mvs6lHPiT-13qDw,1399,6
Hx-TxKckgFALQEjqxm3X7w,3525,2
O3ibZdVp28V231iMMvNDtw,1684,10
k_8EpLiSHGwa7soUVEDqyg,2816,9
sBF2YVvxqfQiZZ94Xmoggw,1109,23
v2ofr_fWm26mQ5mVF9PfYA,1929,5
Q0hKxahH3MQwclfTAh_hkA,929,6
exdzzfhdcGR_U6aQLN7SWw,883,2
rrgyU516-CsT0JBFx0i-hQ,1932,9
FE8psDo-whNEn0iatNVCPw,1467,8
yxLzRXz0TArmUk_CLWhAgg,2691,3
W1dDKaFSnms7nqvRs04m6Q,1640,4
VDDL8nWcTDN4Ed20zmTapw,2556,17
ftrl8U7d8PXhhC9R-l-JgA,1662,1
h9EivyDWpSqneOPvwYfUQQ,2820,9
YZQa9SrHBwVQTqSKmoltvQ,872,3
knHzFxkD3jNdihnKLEuvWg,1404,1
aQTUu-vE2ZJxakN6lng-bA,1871,1
wuCL3sM-pPcreQPIvTQ6WQ,1501,3
OvJYtd4ZfDjGm-0FEQ9jJw,2084,11
MDags7HfITV5ZwDhTJXXPw,1635,33
Etnjx84JqlIHb9Lz-MUNXA,2545,12
_EDk4hMI-V8XMQOmQAVRKw,2685,5
don5Bpz1HMJDgWqMJo-3qQ,2362,7
4E8--zUZO1Rr1IBK4_83fg,2360,11
6hVKlwEqIx8sge7Q-Dwctw,1412,15
bNaX95Cz3W2kj11-AYySQQ,2567,6
rRfEkCoTTM8z2zQoQ4UAMQ,945,9
XyPPoBsFNKb_HtHsGDWeyg,1600,2
pRK02noO4pfCMW8gWk1hLA,1598,5
fSWWD__gx3F6q6H4JSuIRg,1114,13
yCC2u9eiOxRI7Y3E-8i5eQ,1361,3
jPZjy5B_1tAByQPxhto8PA,1001,10
j-7mZ4vqpYmb4wsNfUV9dg,1418,4
HYsKttadJaEVJ5ortKU8ww,1743,3
uGuAmr19tPpsjeL7hm3Tfg,1658,18
TgEchO3OocgcE62HRCkt1g,3013,37
XLMp8NUEwLNFroSXDZnPDw,1154,1
Kh8ODBn0FOEjTux0HsGOgg,1228,2
EhLDlbRsvAV5_FukN02z0Q,1051,8
awxsUMG4e8QB6ilCksVAsA,2797,5
h1Sffm1eHCjfZxIB1pbcSw,1040,1
_nE4cqbHYIh1j_Fk34LbFA,1780,4
TvvOAkk53akohYFTWjT-RQ,2010,5
qHc12FFWCCAfJuNTTc3YDQ,3688,49
h9nKjn6ihDA80A12hKe9dA,1884,3
wNkaWtCwMWxubDE_DREKCA,2082,5
9806OGvLdU-TQsiUJgTQ7g,2842,11
HMcOYt6JzithewtYloN_LQ,1294,3
sEHppSb5y7OMey7yrKcPKw,1652,2
yBCCebrLz1OnySadTvTUtg,3376,12
1FDj5bPkkY4F9UdIqgTKkw,2894,7
GXPMNlR_gNpU-3FUH3PRXg,1862,6
s4WlCHIv8ZqoIuEu_cyIAg,1072,1
-hTlZ-eSZ-dMnKcoOR_OGQ,1286,15
avs79jMCoz9esHlT8nnPdA,1580,31
mO0o-i6-xS5J02Dgn_x05A,1099,8
2ohW997eG5w4QUic6j-55Q,1224,1
6lua0ez6FKygSCkt9sGaQg,1780,5
HqDRvA64BpGtjnzf9beE4Q,2597,10
5FzfgitE7XX8ssbjUXUsvg,2455,28
hzdZos9UWNFrZkzOV_Gekw,724,18
NTV48QaQ86pYIiwnVH3kZg,1448,10
pSt2HpSBi2vsscsmkvMAOg,1264,1
unh0c3eBANoIE5-zoPWffg,2156,11
sJNmXrIQAF_6ufUYBjoIZg,1627,36
793XYiyuK99P4jZ3tUma-Q,1726,6
SBmzLJgGgwzVsR5DukczIg,942,16
j-paBabWB3ALHygnush-_g,1915,20
P_KHqp8H0qggr2aPaT5NBw,1243,9
5vKWCYKhTHO1I0c43MURJQ,1400,11
8FEN8AmHw8y4UUGtaObPzA,2691,6
uWDm44wQR8bUHydDOQuYMQ,1369,10
cNrfdABkhTZpdlptScurRg,3015,2
XEZaFs5PqVbSYs80fdDVfw,1916,6
36prQXNJvMaTckwZ0ATqBw,2265,6
-OoFWkL-Uf5ns3mHuHQOKw,1917,7
9K9t9hQaAxfW4NZ4CccXew,545,4
PQlvBsT-e-WfGIIIEtbLDQ,893,7
LfcuPHi2qGKZK6EqGJLjMQ,2868,345
LP6rFL9eDVP_GUNAyZ78cg,1882,4
RUmG0VkyyJtiCX9RBSaZaA,2393,7
CgHbSPnkpCBn-EJkwJeghA,4397,109
bioP0O96GX2Y7gyHeEhOHQ,1289,3
NpTnsnkCueklcC5C-6V6cw,1533,2
yvSdscXvQfWdcGPMuLQd_Q,3140,10
TTJzVLnXP6G56pgOPBcqMA,1568,4
eDLQFbLtKut-MPa-g_FK_A,2961,6
snm3Y51X6vE_o2mNpl4gSw,2359,7
xFQMVZTtulGiNd7tRtJ-Sg,2356,12
orHr1gq4xf9GAGk3WsHE8Q,1938,6
78DndwGkrTf2w-yavHxfzA,1000,2
dq1QcxLjr5CUwoPLnW5Uwg,1825,3
5H-e2s3oACFwFNn5xFPJpA,2071,39
Xt4qIlt19eSxIs3j1HLhOQ,1848,59
7R-t3ChTsk0JDZRiMgH0Qg,1709,8
B4dw-1F_EHli3WJEf7D9SA,1311,12
SgamsDxTpZx25xiTJUUDJw,2379,3
uDesnfzTigSfC1EhAbq1Qw,887,3
PwXesUITwKjK5OxRZ72lTA,1251,8
pyxYeVgr1X2oeFlPaWcVYw,2670,106
tCpQoMpMBnkoCKViSF6VPw,1306,3
bXWzZ9t75pT2ux58eaNncw,2025,1
YAdPcHXMnrBVDHw_ub08Cg,1590,17
ySbjp1ypF4ao6W9p9-3SNA,2337,31
ZSa_ARUY9dP_pUwYE66mKQ,1497,5
k4V1hghaOrlpWGx--KZXVw,2318,6
mKBATdWvKBhmGNO36TrtHQ,2892,89
4zPg59rtzOeDmtS30dpHWQ,1003,7
72zauw0Z0WXbTky894BuJQ,1299,4
5uUo7XvRmKSImXyPz6uZyA,1232,3
G3ka8sDP0voJMUSc1q_FOA,2978,30
_akpHhPsVduoEUOct0fhrQ,2870,5
reEQeRpsx_F_Z3pw9k5oHA,1578,16
zJg_PhFJ0kXNh-eUFOufQg,3667,29
vY1p38fQGfWzOBzyF5nu5w,2829,16
9WOEH4AHPIRIYwZS5GfTqQ,2519,91
JiFp_mv7OgRonaWb-1n96A,2498,15
TcAItFdisz7DbkjW6YdTNQ,3094,14
jy90Jgp7cjc5G0Vz1e8rBA,2155,1
68S2tF3jGXlkFFFCG7a_lA,3183,185
77Vi86HcPNImuY7Eefzhuw,1361,2
Q8Jt4ZDbBRNPx0BU9F7i1w,1509,9
tL9mLMHq0cf6NwpOPbbPdw,916,8
hkLVL2iAZTD-8rcXH0HV6A,3107,34
aRiVmnlUK3qWx37kWl9c7g,2704,154
k9MCKlaDcZLKWwtUGQE9LA,2264,31
ZJ8oxXXxsFZhgEQehYLWVw,2609,63
rzn6K_n1gmMc7poM4ClU2g,2382,140
lTY2k5RYNaq0RE2mCISeeA,2555,6
ETkVp5xs7ps5-HSGF9W0jg,1358,6
N1iBVhN_zs2Qp37OH53Bzg,2354,5
IM7fyX2CHa2-j1dTbGRQ_A,2295,226
98wxAOBb_IJ__NuESD5gVg,3559,178
7kIeV0bwv3j3IDcjTyaYKQ,2121,33
8Z-94MaG8MQfYJuvLpRUZA,3089,8
f7GByUHHzK2kvnqsGnrRNA,2200,27
2ps16Uw14jQ6E1SNlOp6Yw,1085,28
VN172Ai7p_896678QcBRig,1821,4
ghpW1-fqBWh3hG72FMCAvg,1521,4
HbndvYHkq7bcY3Ps1R0k2Q,2528,20
ebi4WgkztrLOf_IBHRF9yA,1679,2
6taaG6aqdCg-b-39Rp44aA,1187,3
WtdOvEMmlFxkV1fmwHvwrA,1434,2
gtKbPlu_Fg7oDh8Ri16ihQ,1652,6
zuAN946rRRdAPHNID4WCuQ,1086,5
qQIWzXRWZkjBM5Ka1MJsDw,1826,70
8VEEBUdFBdZ7uCg4K5REgQ,1189,2
mcH75GCJ1YEdEFi1jhO0WA,2011,2
YVc46yypPuZPLgbfWvAPpg,1011,2
FJ_lBCqq3-ShsBy3RjauBw,2908,18
bOt_QVtDT_tfecBJNaE2qw,2746,76
wXFHBkJ6NgpOR_35BURMnA,2237,5
gc3QnuH4FURVzLVbyhmbqw,1504,18
619RUrdIbv9Vgo3Y2eHXXg,1382,25
AWCY8laHjH0-3HMT0LGpUA,3098,745
MK-AnCRqxJngevySM0CS8w,1520,8
tbllMvbVFAPO2E7n19nBXA,1747,61
PE033cmTh1PaP6sf0AJwFw,2648,5
PgvaCBvrUYJw4TGA39KJxw,730,1
QdibfwNEmm9yn5udXpDh-w,1300,2
sq6PCP2KQFn2b-033s5g_g,837,2
WjrDZGBGjzJ5uYiiIbaB9w,1568,11
KGap9W_z9htCNW3Vx2--Tg,2096,18
UTuQijOhYhGVWDCdikszXw,598,16
jPsbUXJbrbbIGOstbJt6sQ,1241,6
fIFCYP_kHgAsub8OqHmq2A,1555,8
CZyMfUyIjUCRTWU9WPaOHw,2365,4
j8msiFqwsugfhtctAd279Q,2996,14
le2eB6wA9oZrr2I1ubEP0g,3457,50
M1HThYAGEZzKIZKdEXaRjQ,1053,6
YZFdcCV-8W7YcxBa344P4Q,2849,5
fgtlKQd0xF64UCNiRhBkDQ,2590,5
c6_YVlblOWUAA7RJIbo0ww,2185,2
B9XNuwD_00SUYDx-A7Zrmw,1320,17
6AA1GvMABY54hfHBEoaJoA,2269,7
KeEJIp_99-nB0PkQ3wvrug,1878,12
orf-rH5zOeQNNnkLKFDcWQ,3650,125
M27ykOtvc8ocpgzw7PwJEg,1613,8
DVT5VSh7zkD8H2nUr__v2A,1423,4
CdITGUnsoEvaDmbGv-eqZQ,1418,1
2jLgOvYIFAC3rUGd73zBRg,2528,18
7i4vh4i-Z6a2zYS4RTBTlg,4488,253
l2O-ByNYGvAAYy-34xVKwQ,1116,3
bH2kSKXwOtND3mabIqqGCQ,2383,16
E34P9l8VFwsUqitu_aiH6g,3550,37
dwQJq9F4OCOdCXxFMh1sXw,902,5
dqE35EQ21FZxtiwSLdJjHw,2415,13
W3Pi36zyIjclqtgZttegbw,3618,12
FQtvju8V-vPxJreVIrjT3Q,2949,18
OKpUYUBbXWngoBnodHzB2A,2433,13
r7Wmm_v4aGK9xuZekUBqAQ,2876,29
e4vgrIlPsQCqncdD5VW0Xw,1686,4
_HZcuOsHfsvBGRL1ZlBkqQ,1655,6
yNW8hluUO70jTJIGsfgKwg,1780,9
NymuiOy2O4qcVQUtbsTzkg,2923,13
gUZ8VKmTbIJVWxs5T8mymw,2455,4
pa3bG4ID_Et9h4KuBnLlYg,1201,6
PdElh0P5Dcrb4wjPvvWo7A,2241,15
zDrjU6QM4OFUHYAfcHIWww,2054,21
JjlJLWMBDoiflOyMJyBEUg,2597,2
j1_TZCrY0THJ3mJArN7Rag,2776,4
dD1q2W2Dvr2Wa2GfG2bfYA,2828,21
v1IQpbY8O-BjkfM1jBRlQA,2066,5
P241NkCS4JR-QxUwpsA9Jg,675,6
hERYpnM85g6F1tRwWMmLwg,944,2
L0MAdRueG_HnyiBATQtWKA,1410,6
6RDEbzriW6IW5o46hCo-_g,2029,14
xrsR5bDXJoaenKf_ZXZbIg,4125,41
Z2lw7e66akgQfolvtiJgvQ,2532,24
_ChoHeU0l2NadxbAdRbqGA,1584,23
RqUJo6tjD8m4JEuZ37VN5g,4893,663
Jaf5dxzcGqcE2A2l5KEXug,2832,357
2LZ3xrbC5qGJvPtXsN6cew,2299,1
81xYrcaqAH5Fr9rI1TVbHg,2505,10
SqOrmM0N4GMEiMQnS9000Q,3003,81
5APnUT5cvrZv7GY8ff9n4g,1595,41
y4ybSBGqAgTuNzS8_6niLA,4315,100
h0bwaaqKmu_AtWsv3nh-7A,3601,97
z92L-vRJfA529ghvYlqcPQ,2513,5
ulAyRPTSYIHMYU-hReJ6dQ,1214,2
2PmfrnUiP_HvhhCKjZKtsQ,2183,5
qByJGWV4lSXuyt3CC-KqNA,2292,3
cqa2RUZIrhtJ0xfoAd9s0g,1207,6
JpuWG8fqzeuINILiZT3ccw,2174,24
-ahnObgx8LbqPgvd83Os_Q,1573,19
hSWFa0vYIFq866niiGAeCA,2648,3
vK95VSTResS4MVu_Bpyo6A,2512,2
wGVbC5qrGZoq7K8-Yu9IMA,1394,2
x6erNzhuM_c7xW6PlqClIQ,4147,742
ZvFEhUzOkGpe6KDSDCBSWg,2675,51
QruEFNrom_4WjiX38lHIvQ,3942,67
WOG_IDXSrz1bm-qxtZk3Kw,1787,7
dPi21onvSj_NLey2UtPZHg,1205,2
M8ce_0NF5eduqCjcRdBhLQ,2107,8
P21_sqRViYAqeQyDXT--Vg,1350,10
awAxddWH88l-C79-Lap--w,3674,66
WzL8eCeOVz4HWCq-5c1AkA,1634,9
LwfdtBfH74926s2MJARasg,2977,1
D6XMwpWf6I3uKoD0voj0sw,4485,65
ypAJpnhcm0fQQnWzaUDyUw,1133,2
pd0LXtHOhi5DlbvLMeJd4Q,2707,75
gdVf9GKqDeGvJCqXnzTzdA,1297,3
5mjIngHtxYUIcivCLgq3DA,2895,52
NahNh1DNwA2AFhvimj_AFQ,809,5
8yrOvPI4Wg2Ikv6VjiYjkA,2371,33
1c43ZSZE_kAjwA2xkucOAA,3075,45
hm8cacZ32VOVYS9YXF6kjw,2042,8
dRquhUg82y9sSvt3AGUDEg,2410,72
lmAnRfW3OfhWAdo5Y56kLQ,2585,14
rIjrPBNxgYnQiMz3qxLAJA,1827,14
0xJPw8svNNzg6u0UUTsyQQ,3018,14
7VyODUH3LdvPnOLVY0ChQw,2190,7
ZFiwWY6jwOgpEEXBZ2Ii6Q,2577,44
ucKcaDHnH5C_G22QaSwkPg,1592,7
CF1vWW6ejrmG0486nzk6oA,2174,26
l8AidaCPLLxm-YX3rgJGDg,873,5
T6N38l9DcmmJhVh2TClt8Q,2812,23
c79yxQiv-qWveemYHLQTLA,2215,11
Rjz3Cp4tj7gMqpfjVkTI7w,2137,18
r83ry7zIcX5AKa9GFFQDtg,2742,21
hPxEcdWFB4_gQ3czu3Kj1Q,1844,6
_FOBm7ge_89DRZAVLLqrxA,3475,253
2qb4BjixQf6SG9_yjaqn1g,1606,7
tzO6RhMEd487QGDRz1QfWw,1931,57
PjBbODqRvbr3u01pXDw3lw,3351,13
AtkAmsYKD0v149XMk55AZg,948,2
vKu3bCjpCWjEIJJ-zk8Ilg,2534,2
1Hf-JzwgOihVuNeid1sKAw,2519,11
TCao8Wku8-a55DrSqw4O6A,1552,8
F3GrBH8rYkvJazH9UbWjqg,2599,13
U87Xvi4QsqwZ_lZ7COdIjg,1726,6
LIHVOUmR6Uy9NF5Q-7fOog,1458,9
6mOcY_yDOHkxLVmEqgay2g,2576,7
VVybpWUNqJlor-_cslQFNA,1667,63
mEUD0j6YPaJ7aa2-XNk1AQ,3743,3
25lPfOZQSKvRveeXWK0B1A,2204,51
5FyP6AGm98lj29il8QKXtw,3111,10
x7iB_JlqoX2WqBagCIYxQg,1089,17
bnQa9rBQux5s8gTdCvf6Jw,1812,23
e-8QfFc5TK92v2GwgZZ8eA,3520,5
3-GalDs5mQjM34HzIBlexg,1429,17
kkKsTvoNQdNtNL2_N_b3eA,2485,17
OYL4bgVbChsgoG0nldqyxA,3064,11
T_jGN7PRINMAXS0N_57YiQ,1595,4
5ZR1lRe3u9ktF_1wmBonng,983,3
uGkyi3tnA19fc3l63jG_OA,2222,2
mKRtyUXXtpzaw5zcikDF5w,1023,3
miTY6olJpzg1wo4mh1khhQ,1571,11
R7L9urPWkRKNrdfb30iWAw,3742,26
8KMK27EeeGMBBsPQi_18jQ,1088,4
E2hm8UkMSJEh63pMhRgVSA,819,1
INRWbcLFrnrUoiMIMyVPIA,1088,1
KHENsg_YBn9FKXQkG7WVVA,2436,4
uWZlfJqgv4oyVOUmdUEcCw,786,6
LjDeFZce9VMTNYASG-rKPQ,1621,6
DFB7KIAjb58jak1NaoJ2NQ,1766,7
zwnlWu1Hzvp2_z34WxyNyw,2494,2
g50mkWhMFt8a35VfiPbYhA,3802,163
FbEYsvRjue0Fk8olPEzpUw,3334,3
ARWhP7ZR4cXcrHNkLPa8wQ,1718,2
yaFWoT1BOyU-mvXiiqEfoA,1423,22
pHXKCfAGerYnXNyDRUFC1w,1962,5
SOM78cZ6kBWKreR3xPZ_rQ,3416,13
Zvq5qRbV2v-CdlM6LV4GWg,2167,6
tfLihEnbvkEONp924-yddA,1114,2
Ksxl9Q9uNBo29oKATpVxDQ,3831,100
RSjFTrraiBeQ5aFw35M_JA,1573,3
qoD6ShhCm8urWbnprVIRUw,3085,62
nxfmEOJu-H8nhMZrQX40cA,2843,74
8Mq3dBdRghUOBrG-1iCFQA,2769,12
Q2i96pLG_oPq75LXidqtyg,1014,9
HN0ZY4VQvvB8mDvb--HEXg,2094,4
JqRg5Ouotze8E4Bpu0OT1Q,1906,12
zJasi89_VnF8HLyIEGaXLQ,2108,8
dt5clCj4qkyP8hOv4HFoYg,3079,11
nd9diLDB4LLe7xH2c7ZKUg,2325,17
xgcqojpe_KICPZtS5NvbPQ,991,2
AOL0kZklABRH-TR3QD7yXw,2342,86
szjUhtuDuhKrdsZSIkOmOw,1280,6
bm-suJROjPhaGTLXwHojyw,2244,22
rX_laPellhF0V-ZX83WSvw,2327,13
uGrjuSXDl_XPlHpnJGfglA,2658,51
0dxR_Q8PCOOWNkfpvI4t3w,2376,331
9Zu4BPDntg_52YmNwViyOA,2414,347
RJTt5DMEa-cY6T0KhF7nCA,3147,6
QB-GxOwDGgWflN5GOroWXA,2834,9
g6zBlCrcvIPQHEc6-NIecQ,2377,18
ipabezPpj_xZVWAKo0V6fg,1187,16
USCzlj2wecqJo7NAr90pbg,1405,13
TpWkPxdQFTCzDdEJjXgAAQ,3409,239
V6Kf7-Cog84L1h0D19m5hw,2782,9
H6kXG7MwYINHRgMCvgH7sg,1864,93
cy_JvywUHPDTLRdjh5WBpw,4310,3
OD3mSMP8XTlrtGYj8MDmxw,2374,15
kUaJbnPjtBa7ZK2-XvcgqA,2195,4
JBlg4MT83vUrs6-KTaP3cA,1160,8
24A2G47Gt-xhyYlsol1ncw,758,12
nsPYUeZlXhawNFtLGM16cQ,2820,15
m9mzPLbSydvckqaoW7Gp5w,1581,5
wic4ygVpaP7aRVDCedCWDw,1653,21
dg_ZnLkFnYpQLUCDSYwoYA,1565,33
Vpfdjtx3c4T76tGEi-l0Bw,2749,667
JF_W2dAQ45zapuwDoB5rKg,2931,19
zscJjHrWdxozRP-behmrig,1438,11
YxhPLWar0qlT1T2CyMU3mQ,2787,14
6_IF2PvfCZQElNVW8eW6ng,1362,1
oApG36YV0g4T7zSVCdqIqQ,1316,3
_NLgUr513QU5S-pNa1xckA,2696,6
UwJbgNdCPw2YWia4z7JHoQ,1413,3
BS5YK5ePYlVucRVoPs6o4w,2497,6
rptLeH5EPXIEFf-B_Orl3Q,2774,9
6RXaCs_-LrmVr1LCbnm1LQ,3137,12
LXMFNLBoum4pQoxRi7mF_w,4225,258
Oq9fdfDz3MEe0JOP6FVYSQ,1104,11
TmR5_esBGUjQLpN_bEA8TQ,2296,60
gF6NvDvwEbW93KNdyD2Ljw,2479,78
RaT8p9Ys8aOM_UEEcfh20g,2750,27
xy7PEh0gQFUBWxBCWtu8DA,3464,16
W0ebZH0glOkrUjOW9fh9bA,2352,7
bVKOjqz8XLdzLP8ZFbZ1Mw,2764,7
B6hU80Nhe9byWwpx4wJxHg,1936,33
dIS5HBZJt3hVS-uGsTEv8w,2649,16
jcH-heJGXrMPpCno0bLrSA,1134,8
zqzuo9cREkR8eJ9jaixMIg,2218,2
B3WjX64V6LpoE0-Xq7jFOw,2509,13
UnKtQg72OR_KE0-fh1C1Fg,1458,18
8AuwYUKL2NRDvZ9foZ4KRA,1305,6
W3gflXaIwkpwjeefbygw4w,1298,5
GrU2I1dMakYTY_4qx-EFHQ,2187,1
98ssuc72AO4v9mxbMrH5Dg,1017,13
vS_mVPju9reeXQEvxhSQSw,2514,16
v3LSSXtiGSi5iFnOsv_aMg,3065,10
hn9vZkVY1NxpixWWGTwNbQ,2549,176
TYdJBriB29RNquekKFzGIA,2476,21
nYufXwZH9ooB_zjNJf8Xlg,2880,148
-yPSzgy4le7rxbGSSSPyJw,2183,11
NQMh5Sox6BwOMeTOdgEXFA,2259,2
q57S0zgKEaWGrkLzSKHKRw,1697,113
kZs1UW8sZQszb52epzKJIQ,1908,11
O0wk_a2B3sumFwjDuu1Rzw,1264,17
BbV8cpq6-QlS8Dmwb5XLNQ,1644,7
9LLRidWdFRjkTqYTc-GUTA,1834,5
3TIJu0PjJ9ZnnHclYIdkVw,1360,1
gjJAM8R4heJoor6TJ70aiQ,1602,8
Ci35Nza7v4g9prpdaSjmcQ,1669,11
fEzAmyXlI_xl1e73nuT0Fg,1780,1
w6KAGabr0tSBIyYwMY5ZgQ,3114,27
bCH9wzoiuaOHVDh3fzQEXg,3100,16
IStACUoQsva3D7IlWzepwg,584,5
So3gNE8uIcQfRL-tkP15Bg,849,3
Ac3vNCPDwirpxSkIwtcvVA,1911,9
iPCPtevm47GYXzI7upUzpA,2427,1
zZTqCTo6HZsafkHmYDoc6A,2656,71
SnYCyIiNDSLTiFVh-GUjYg,3258,2
lCdCkcDU3bz3Skl6zpM7iw,2354,6
j4SdOoAfQr_PbyDS6RBMSQ,2110,21
VplL0_kZZusr_zAggT4mDQ,2683,122
RypJ6_X5ksd3F5nufWPaqQ,3413,162
M1E4V4wx2CsiGIsZfRnwGA,2329,28
Zmmvs60O_fy_Vzs5HntRqg,2714,180
muXlLHjpI2cRmjsSJ5Oogw,1226,7
AVhvHHW97xp9LaooDtQ_Mg,2176,27
AnPF37ZoaE0b0I9k7v21tQ,1600,8
b41qXrIJSCDFdp0ZTLwzdg,3133,23
jBHZZcJaTng-ExMpDmqeAQ,2749,15
aQpG6ORB-n1KXaIuvXGCVw,1802,7
GH7EzpjwsHkUdF1i3GLPOA,2797,15
ATmVlGedP4_RXwNnbr5uxA,1610,3
zKwUh8qfhZo0mqUCmVBfig,2018,5
wmWV5Zty1FXjyymRMlnfSQ,1874,1
dMvMT0Zp0wAWunkQgKY2EA,3998,5
Q9gBfOVjurkaexhjA64RkA,1543,9
cHUq1SOWdx-Z4mrW_3tQig,2032,7
IbZKdzfLrB0A8Kbi3hiVWA,2681,3
6I0LZWk0uV3IHoLwTwAMGQ,1223,12
tBXr7viZlGQ1BJ4ZXxsJsA,1361,5
qZblqB-FTmB9j6VUfFG8aw,1880,15
AgilF8bwCEIdKwY0dvNKIw,1417,4
WGkGYrSrP0L38H52Y_rgqw,2618,120
Pfkoyhdup4UeFOslJDLS1Q,1410,1
UqHxV2BxpJw-Zb_Vm0LJpA,1527,9
enRUoxbPWoT_Oo3DaJZn4w,2337,25
WkHRUF05zH4bB7RAfqjK9g,672,2
ALz9MBRdw4DWPzR8dbGI_g,1130,5
RieoVYv6-8fI5ATrx55Mkw,2141,8
QYZkhuoV8A-dNhbUZ8fC_g,1959,5
6_wIchaoYeMKO18A_co2zg,1194,1
wp9fLOmpLz9ZkHrYp7vQUA,3372,33
qvPIwh9pbc8bzkzVWMaezQ,2651,12
O_ZANcqASFLKlJX9E8QoyQ,2620,10
Fbb_3qRgbz1QSMla8kIzjg,1590,8
R-oTFnRz6RkhHP_my6787g,2804,52
f2VCyW-RC6h64TxxGduadw,1452,52
Qghn2REZ5BIgLsZAdehsKw,2256,18
9a9R4NknaA93aBO9ue2tYA,1655,59
21xsFW_sCr59uOVWgYqNgg,798,4
sE5zVKgdjyBoWp4VND36Zg,1647,3
dhV-IEVMcs7eRXSlzfGW5A,1398,4
DRb-0wOLBDPmVryy_w--lw,816,2
jGxrKmQg2DmV1pWpekDDfA,2251,42
KcMIcC0FJiGoQXt6RXKenQ,1490,9
zVrIKemqprwTYz55tdaUNQ,1790,24
m4B-NUtbH30ijJazsd9UFg,2795,89
wMleivThKFwwDE7cbASpDw,2850,127
51X-lU9EAcBddrY8UWlLSw,3177,6
QkrsRDzUxmeFkZvGMMoK7g,816,5
HQcgR1_Nj0N1sizV40y6Vg,4196,51
7SXLQtu3rUKds1ZfDthqSA,1426,7
4_RFX3GhKf8T-yQQLiPyuQ,2392,19
mgATqCm1J7n9gdrhXxPXjA,2712,30
hCocva0XP__DKOCVjvaE3w,3407,76
PjwRvH5sVE-eVFhy7ZXLSg,2039,11
6VdhOaab_l_h_5FlJ1w3pg,1003,1
rBGMDQRvvkZ5S5uVBUR4eA,3672,72
IHz_DY4cDDeFnNP1NO6Jfg,2894,174
6AUIl3M99b63GztdkC-TRw,1198,4
RFbj8JUofEbAmfF2x29GXw,2502,21
wt7cwSDxii0_th9PiBwKhA,1761,16
_gGmS9ktBBxXWnLO7IJwAw,3058,75
b8zJ75wbKjhkfu-PWWP1hw,2203,5
0iKPzSlaDcoSY9bTEAJG6g,1494,12
KnOirj-tze7jj-EKJ3TC7w,2047,8
TvDg1zSV1zily-DDI4cU0w,3296,14
QQfQ-C2MbbJtZJ15WrMzrw,2147,13
Zl10W3y72zjumgSDtu2mHw,2665,102
-95zRpsibv32KrPlzQTBRA,1507,5
Ss403oLzpxqOqX7e_2U4gQ,610,1
IYqE5mvLyzngApeuGcyvQw,2415,6
Whh73W-VYhhcr9wax232ZQ,924,3
g1LkJdSXJJba3X-NK6Dm4A,2609,156
vyF0OreKRwaLuIKHjUWsHg,2107,8
03GE8kirknQNG4VRphaBcw,3683,16
e79wV4vJ9YCKMWEd2Il8hA,2096,22
H3CCnFFci4XORyvNBHSYTA,2395,3
VqTk6HtGji6BKsAJ06-YEw,2664,5
Sz8o_--s16qwzYEm6fsyMg,2557,5
7uMbgB0dBHzCI2AVE8e4bg,1686,4
v3eCnniD_EuKB2WAOKnOrQ,623,1
XxGlb6WQjV1mQjdT40AghA,863,9
zd4XB9MadeRoEmbhOl8p8g,1630,14
kBh7dEQLAFP7K64WlofCZw,1982,4
vl3xdjqA_0o_-ZG_mmqrqw,2478,18
JQfSAKoLShMcA5GwdLeXgA,925,1
DVJ8wYv0E1mGfeg12_SIRA,2950,141
A6iKNXEJGgFEdmaHTSindw,2486,9
F-wf8mi586tyiq156l_DFg,2331,51
RKqTGZDDoax4yobmLtmvlg,1997,2
_JQvcv98j4u0gTNdEAOXGg,1381,53
eVOU7oEI7wtBMicylfXsew,1076,2
mBeQH34RUfmNSo5ZYGIAng,2101,11
XKHEDfn5K-vp-gUababPWQ,1312,14
6RWfTMncY5zIx2_Gb_ba3g,2590,11
NM1ZHWk5MCYl5rCPKAu5QQ,4381,14
4CZgYCNKNXkAQsp0J4sXQg,2934,6
z8M7HhAuejQUXR1w6XsFGQ,1693,38
MMVBXz67avDeSOOAc9GC5A,2522,12
PjEN4nJN3sIslHrk1hZ4bQ,1460,9
75WvnCxH1FA270aKoSVkXw,1605,1
JZRmxL6ioEugaZQvZRGVAQ,1080,5
2FekzK3OkRa284yZ4QVE_A,1200,2
0e3G186dmDXWn2CorDyfXg,1901,8
MeKPL6ORw10kDw0c1BFW1Q,1185,3
FgDAjN6QiKnMAPQZ_3TlQw,690,26
mAGnos0z2AST39T31q8gXA,2730,40
KVD2tbuGzpNjOo-rL1ENsA,2285,7
Xr82O_TkwuVW4JK7tklo6A,3096,11
M-7nUa_vzkOMLa535H-QiQ,2144,68
5zgYSnll6_hfdL7MDbAU0g,2941,10
4lhUZaSujlgfJx72iYrZyQ,1798,15
K61cA38x90w-Iz-bFXZc1Q,3041,13
7meOtluxNUYsjTBM2SmnQQ,1806,6
Dt9KDwxN82K-AArpt2Vefw,3427,7
4-uTlxqEUy080nyU70kLEg,1235,1
QtVBhEO5gpiF9N05ZkHjwA,987,7
gAV8BodYSkmx7fYu4-evjw,1293,5
NODl6R-g4zqOInpmBRNB6w,3055,2
EdkFTXHUgrd1TC2wKDT7Sw,1223,3
uMKg-aQYJYKhOyoYR6D4bg,1314,14
HRpLgZzQxxuBR2z01p8WOQ,2341,2
DvTjaBziZCXy6gXWNjIYZQ,1285,11
j1K-vF4a_DOMBugIxyPTtA,2154,7
wNevOSsPviErxmOk2vlpug,3391,3
JTCi5azP1PdUkTOVW1LomQ,2533,14
uQsBAgXGICkQ3UQ3QsX5lg,1685,9
1M9hXsPxLmKYrcL149s1_A,2696,7
enpPILc6aAy6kK5L5b4JYQ,2053,22
HPj0bPh82o5zAanEcAcXLA,2341,141
_LJXgYfAiGaqexF-o-f3Pw,968,2
3p-KqvfZXoCWrgEpmIFFfw,1416,5
n_wF8KXDpvHkKr4ocGhnbg,1993,15
PX38UScgIDjAZV0i5eEBdg,1669,1
o-eBoxNdo-AAaPTcOprs5w,2558,1
ZNFNp3wL4Sj_KR76xf5PaQ,2168,5
iuGzSyMGmu85Zlc1eTyQ5A,1230,1
DcuGWffrzbSDNg34kJjnkw,3971,186
k8dq8R-QnfX9ZEURBPDgtQ,1046,3
wPEqxgToMDxzxHP5XUeZRg,3613,20
Z2iiuhNaRCYqw12cPhYNfA,1936,13
GEuNp9B34qRcPq3xJNyNgw,1603,2
fw4OMd8szJHnWuKGrJHYvg,1101,10
YQHuZKkabuIyP6YphtrWjg,1737,3
ig9etujNFk1mYbhcB8yR_A,2227,44
WyAPzXlXz1LLnJmKVoKrYA,3346,27
Sf4hpdCHXiu91JkVSaL-Ug,2243,12
d1ylkcZTfmUIZeMHzyYeEw,1729,23
3WHx8bL_m6O7jI_ZZLm_pA,2552,19
b59iFnnzCt20yxmdh5HDkw,1076,4
8rxPUGWWBUYFpaPLBga24A,2513,193
TK9LkWhha6wZhKvx22cpqw,2248,3
4yA-nTMhhnzKGIPvkNi7vA,2541,68
IDKb3Jwv27xykMmVQ4dBqA,1169,4
VhRhS7fNA_N3FHUlbjLP9w,2655,7
Q4OXQ3kRHigEYiBSNvvfSQ,2196,302
wVpwTZ0ynSgHWn_tgzx2vg,4169,322
pxxOL41lzp6giQZSCJDoZA,3370,45
SL2QVNnGcNRl4W1LfxDZsw,2793,10
Ol9k0aKY-zfZfGetpCrqxQ,1850,4
b3vYHzgRA8pRQE0gc-pBFQ,2796,46
Migj1do3bCJsoWXnNjNuTQ,1396,10
ctskhUDoN6GRPK27HbrB5Q,1934,10
WvFPGy2Sdl5rIdOT9Ru8Yw,3833,10
aFywM-XZAopAIBgITvCaFQ,3365,19
fJJVSyhiwXz-28LMJPi11Q,1399,16
6-oF403vcexWuiNPtnYP_Q,1608,5
ST9NJIEg5u6NQwWlLX__Ww,2758,8
Xg9596QcBfGUET7mPiXqJg,1866,18
gjzKWzc8ZPn5Aylf8TMfTg,2326,102
VTHNbsEN_tmd7_--2Wv6LQ,2803,374
fGlQaAVkRHx231VKe9E4JA,4746,46
bPovQvkXVBpEsACuDRVf8Q,1212,1
e40yNvWLvfKFSqG0r49adw,1809,3
CDX58VMksM-A3WCC3vVfbg,2533,26
2mmy8WP1v8eCXL0rat-D6Q,2582,1
RHri3itDr_f2PAcfGocJCQ,2653,37
k7Vxzl_sG6jrvHJ4m53EhQ,2797,6
XA_oLt6VwG_92cwBwbqosA,1976,20
uMjQ7nJU8PX2-aq2jLTboA,2893,23
NHArNJT-mLsKd_8lMJCOdw,1529,38
ASOhAK02NFXYJ8fi4FCxYQ,3831,77
iSbRfzWH1VQSZZ7MFni63A,681,2
3uJLBIQSjY2UfscuQhZGvw,3862,302
rTyn3YHLhXyIJwRfqeRxEg,3968,1119
ViflP3R2X1XO6E46-ncWUA,1968,2
UaM9FhMRfjk1-0LTcc5APw,4233,99
-iId7vffr6lFo-RDsmacHQ,1394,7
hVUcXc-qwDlj_ihiD6Xuyg,4655,35
rL4da7fH5dfDmmEqE_hHFg,732,3
OupZQu6ELQQl2eMTpQxneA,1135,26
u_cAR_EdzGYQlNiXRJlhNA,2377,3
axnjBCUAFUFEe6TCsTvZfw,863,3
UsBY_oAxjkrg3d4sAp10ZQ,1559,102
tcNfkr9GYMXmPYf0DEd-Fw,3124,333
SQi7RCGBKl48qarSiusNjA,1032,21
7vzN2RzuwvJzfxQuPh6OGw,2890,190
rCKofNdkOwPWWjxPcdpIlw,2343,4
P_dEHZ5PK2zq4NkZNe6XOg,1431,27
pbxgv9za8yBK-X4nJMdrYg,1773,6
lwjz7GLz6x_ykk8MjhRkPA,1469,3
1ObL9qs0zjyvStAsms_Rwg,928,1
2A6nkb0AwkPyyIdh1skJKA,3020,5
8xCs3645GZ87ZCCa4F2i-g,2224,22
kVEOdTQDlVT0fBexOr72ng,1525,5
t6APoWYiHxciyjU2fedo8Q,2730,33
uJjl6yrGNQuMWW8vIyyoFQ,3161,192
Won9XO26Zb1gpsSC_Eu1Yw,2483,2
3-s72rLwhzkvoEe7Te19iw,2619,6
iJpg2nIDWfNAOpVia4HpDA,3027,57
ETBTpOBemmNQvyWmYycCcg,2323,18
uo3EOmgAk_DiveI84aUirQ,2183,15
J5vpcnoyjbgsQO02Tm6uYA,2499,8
_Moe-TAqLXrNCNdUUHk_DQ,2829,2
dhMaWOQKmpR3_2u8KrdVOQ,1942,13
oYtithZ_qAWzYWo2GHb9Yw,1254,36
w5seTa_ZTLzvlJxZry9afw,2763,6
tFh3F6p-t0sVumORCEB5PQ,2463,5
OFGfGnP1g9X050mxpNFh7Q,3310,23
p-o-ISXQKhJpPu_lzf0A-Q,3449,28
DDicE2x1Tf5-0Sfyopagaw,1212,4
qSrFevEaH60SzzbPfQm6GQ,1966,82
q8dwPnQ1e3bvyH6MLJ5VBw,2236,1
EQLsx-57N1CdSsqf7bfNXg,1749,8
G4VFByCpSIWDgWDb8IJfwA,1064,2
74qO4_bHwQc5PZz9C7rPNA,1940,5
YYn8FizOmGGjlhaDApQ-2g,3288,10
ygTVK3T8bP-ofIGspPYOfg,3862,27
0-CvJ4kWY7QhhC0GmPaXEQ,1536,35
wJdAKMzrbIrF90kgq3-GHw,2990,13
ZiDIMitVO9LF09uP9xE3oA,1450,2
pfBifMx9O9ZNNTZg_mvv3w,2480,7
5FoI68xrXgcMSBEb7rlIMw,2268,7
bTv9PPJoylsYdFIzgNKB9Q,2708,6
zXNcMvfUzMwZx5-anXm0kg,960,3
tA67XTAj8lq33yqr2lRkvw,2638,7
tbNCA5zas2JZXSvN-HMw0A,2854,9
7XcYyzJHUbDuiPylbSBFlQ,2376,12
ndsoxMp2wFP1AorNHjyZsA,655,11
bGrJbXWGoSMlIcQDBZZd7Q,3457,4
wGuBs_i7CDsGvgRbc4iTTA,1089,1
_LLgtsHqsqoRdQOAiWgu8Q,3590,213
OzPDqQeO0wsJ6Q3BzenSYA,1557,33
wW14HLtcWjxBdu1ntTf8lg,3037,19
-Auizth1KLOJF1V8dGyeAA,1471,19
Xi_GlN1MxX-iT-eEmGaOLw,3333,8
1K_Gva3AtMQIYRmWf4iZ8w,2272,3
CLbWqhueMo4L9yEFn2FkEg,1466,28
jBXVN6hBmq_6a01WCb0c6A,2191,3
9uEFaYRujN0AYygqbFeQhQ,3773,213
MQxnA6KWEEukeW8ifO2dkw,1305,2
7bdPcU1G5eetE5gfoFck3Q,1021,11
OnUScQJW01IVSmmoxdZnGA,4018,18
R3heOUAIeouaHaNh5YICOA,1433,2
SqMh3S0AmETQLAOKJRXHhg,2165,5
P8l4EU4htZgV6tjbFL_S7Q,1563,191
WCt9SBOH_qX2oKDBNy23kA,1269,7
9SP0Ni8qIMYrp4LN5fOGwA,1956,46
LpbLiW44rMp3-mUe4rdRcA,1890,4
Fsy2_zMgG89BCP1ldObHRQ,1325,17
Wpthp8XhD_5ViUCJq0-Edg,2923,20
gKIFSSfhja8ZiGS9iLil3g,1072,9
46SrNa9wuMhTuz0zZ5PNxw,1669,14
wduJ6ut3xXerm79Ubd0d8g,2362,16
dNRlyB2dHn33uXRuvHazmQ,3272,22
8eXkeMDmxEU8WzA34rGoWg,1025,20
pNMgOtz1YsU4pjch3qPT2g,2285,6
6uXRboBx1xgv7DeLsdTFOA,3888,62
scxc43YebvHFwlfz8G0jsw,2068,29
J94zgRwueuGz7yk4aEgHcA,1292,4
5xMAGLoMpAX6ono8qBNx4w,3463,172
AN2pGjsPWE4pS3AdsyqFTw,2314,27
lJEdD28BNy8DH3-c-7jJwg,3171,7
gmrEzdZgYritUvUvt13eOQ,2703,30
CJi40s14fxODwp0sd4pHqw,1378,35
bVusW7k5RrqLJFLRed6pjA,1045,6
QQYFyBhPTqUYvS8KsxGgqQ,1627,4
UJYPVihFjfPo_M9DWjukTg,3190,184
5HzNG8NbUEBoRBxhNMSuEw,1827,9
EaCzl3GqLvbq-IO3yOrm6g,3165,12
0XMa_zsLRW727wMkH7A6aQ,1179,2
eTfkl2q9f24jxhoo4E5big,1823,22
Fz_TfAROWNFy27xS670_hg,2900,2
BnvPK6tdXmzFqHaDHlgZXA,1408,1
skVtcePEwgKiqckMy1f2hQ,3564,11
mt2O0iE12Oc_76g2IUguNg,2821,11
Rvo9q91SfuT6jI6Nl_p00w,1470,10
smMcdBYKprorD7qG8K9YRQ,1768,4
rcU7ysY41qGppbw4pQgjqg,4203,1611
YOUniDuCjfN1OzN3tgxUqQ,1403,3
jwUyCfTalKzreJZ4ZIN-5w,1921,15
zzANVqPhjzspu3x8CmHQ0Q,1035,2
O_jgkDwVVTgGIL_qp_VwmA,2828,10
cU7PtNJOK8YMtGNNoYc4-g,1668,2
KEC0LHSnhBTwv7SwrxyQXQ,1906,10
c88x5aYV59XjCG-0Psqicw,1228,11
t8pZalYe2Lc0xnB2yznzug,1614,5
jvchCeGDgAxEq4yOAE394Q,2680,6
iGuSgzm3sXR4ZOz30jy_bg,2279,14
k9CibSqo6zCEJDHhgJiBow,3272,166
NJr0AQBkWNKJ3JepdTNMAg,3864,51
vcuvSAAPVJREsUN6xkOGUQ,2788,12
AKG_MQ8rgbhQsC_wMN-Neg,2196,21
H8_WuP7TprFxJgclcPVuQw,1525,4
bGseoZT7gfMmpL44tiqKGg,1662,16
yPpOgMSodmrNwFHL9uP7GQ,1212,13
WhESniJFnPTZEnW2aA2p3A,1571,11
Yq3Y_GJ0IiwOjvuO8q0SAA,2984,8
YIX1iBLm0iXNIVKB3HbIXA,1728,13
sOqgj6s501GDlSWUuUL2Pw,1869,1
6vA6G4GEJ3Ixa8K5Xno66A,1595,5
-CuLYCYaN5kaM1_s_hZBYg,758,1
w4BL6LuO-Jpp1tJIbh-jLA,1381,21
iMSV2uJ4ekY9OhbPu6kJtg,2136,3
LGKHrZod9AS69_apugP9MA,944,2
ypFme05cojqqSrYKQBBjGA,2929,4
z5Yu5DZvNLnwEq59PkYG8A,2687,37
fNLYfSH-c4rajabPQsMftw,2018,7
xiCI_DUbnA01p4x1FjmDVw,2103,1
dRlY47SfEttIqyHyHCdcMw,1888,1
49dAsx5aZxFUDSLNczF2QA,1668,3
JO1FOIFQ0jmYi14Se-Ya5w,1312,15
Pazey7zFspXqto9tAeg4hQ,1072,9
lJ-TDe0ejtkD_ccBAcYcTw,634,2
B2TFVmwi6I-TlWnlXtYa_g,2251,1
bOncMIRbBubwnqycXQJqvQ,1113,4
tyE1I8m27FZerNETnon3WA,1420,1
c-PBaVuSts7nuqejTV2Gig,2723,3
1HqqKUNtwVUEQJnNGTF1og,2049,7
vKM2i5qBGC7kmcTJp32j6g,2364,15
24U4IPtYXsHUHGdUBbVMLA,2416,17
E3u7CtKKXh6YxFs4gGwbeA,1531,12
TWFEVF7DRoRPLZ3bT-DppA,1832,3
ck2fn0yqjo0s9yKgdcGr9A,944,1
chmLeN61U_77YIvt78zR_g,966,3
TXvWfTKuU8zxZeqvNUWv1w,2059,5
yTo_rHobR15rLTzdg7TeHQ,1870,11
bMMVHIlSSL8KprDkiD3YkA,2404,6
jiuMY_PCz6XGxw42gnfpvA,1472,1
q_mpQ7pVotKqIdaSCIKtrA,2056,9
CJPdKARXq-HOEP4JOs4n3w,1939,7
AXeNm_2UDu5THnnda2q2kQ,1924,2
a7PCnplm79onwL0V3HQ8Ew,897,6
Wq7sOzIjrzoM8hPWq2ug5w,1721,4
W2AGyQSJ0h_EbsB361k0ig,2829,3
gh9mabhAmzxvNIqS8jSYXQ,1781,7
tZjHpyt4uliHVGFRjz4xGQ,3272,29
UBX-ez-gKTs2Q5NGjSQZUg,1374,10
R0tF9HuFRGyBtchVTbauNg,3283,12
8IZYq2atCockzT0ilp6D9w,1749,14
ojubft2PFWHtAOinVBrvAw,2672,1
YaOUYfdBesaLuLAFGsT5hg,2425,3
Qg8RrxRps-0nGdLcCJVDRQ,2519,2
BNuWOoZcFfCs0GISGR-PDg,1003,10
HuOSn9We5ZZ5MZw_WKMq9w,2240,3
7vkkQKPOVHi3EQXTXJBmQA,1593,2
itU3CI7AXm2g74_zxkArow,2117,9
PVi-w5Z2nIXc3b12ave-nw,1561,2
LZTJlaMzbuZaya3puEoWaw,2621,8
4kFCa-I1ZFvb0ckNxFMqxA,3101,6
tOJl2J_TbXGef66Z8JTlNg,2862,3
lbz_YYnVTtPZr-XNtlv1fQ,3502,10
dW4Py_fsr7S7b2tFw1EVHQ,1855,3
Btqo2PJ_eBZ9E-kEpneccA,3448,33
v8_zzyw7f6fz6YlUjy-I7Q,1861,50
ODQ9wvsKB-TMu6R0PfigmA,1690,12
TsY-Zw2XUzZX7NsePMZsXQ,1528,1
7r1VmcmxaXWOK8BYUfG1PQ,1552,2
CSj55NY1paxbc3h5ejdNZA,2039,2
NmZbcjRu-eNbNM70EZckFg,2457,4
IsQ0reT0Zi97gbz_es-MPA,2158,9
IPXvXj1aymSY_omH05iZJw,1971,10
Si4U13x2-AVLLlHsKtOwTg,1621,2
cEi_p_5PZFkTddtaB2CyAQ,2378,5
9Xde2bxe3Sdnf_Y4u_gyHQ,964,3
UdLVs6Olmzpnyl3CNBmXfA,717,7
sRgsegse8OrsbUtoo30fTQ,1924,7
YTm5ryZVlxXnNq0AYVcAMA,2381,1
kHtyiGXiSyvaoynfM8X-tw,1640,3
ARz4OMIsFAdAAOhTwwgh9A,1780,4
BZA5h8LQuSHHAVQJSsxsyw,2904,6
iZTDPv9IT2YUMu4A82b_xQ,3578,5
xHU8QWnSn0AsbU1DceNGYA,3210,4
_VymmjWvSFIgEaxJ0Oo-Pw,808,6
Aja2SD0rmEUsWrX3Su5s4Q,2763,5
DUfYg693Ko5z-x5uaNtNxQ,1121,5
vPR19Qf2D8fv-s7KwDXCmw,2453,17
8O0h2buxC_RvdX3yIhjA0w,2036,23
mkMjLzJPwF9v6I2y2UzMgQ,940,12
6T1LZNEC8mnNyBw_mH3wSA,776,1
kXKCJcfhNpAQTNoeT3fqdQ,3963,19
6CqYthIL2oqsmW4WZodTyw,2888,24
9LGYOlfzNXYIcMhtPSr_fg,2635,12
n6ZmR12T0JA-YfOp4T9FgA,2098,7
QV-9T9_occRmAZZOLeE-kg,1058,5
kodytbZ-RLFZDVexIN4M1Q,2856,3
6GFsYQmfRIvnej6KFngA-Q,815,16
nvxzlmmyxT5jnPiRjGOMJw,1115,3
NQFRtCtimuKbrKvO8jT0CA,1854,11
csWMCiCBR6EdkGNTNMQPeA,1420,6
7OudddM8UDz4Uuk5GGAfxw,3471,8
AypGofnmhTuqxTEd_515vA,3542,24
ScxjDF-__Tw5l88eVp1htQ,2555,26
eY39JjHcygf7ZiRjjrZhXw,2418,4
3Xh1qGoRBym07Zz8-SkN3Q,2475,1
u64LgymDPobfruBcAhycPg,3256,3
VavmGBO-qAYXPg2qVdndRw,2700,179
O6sUHcC7svPkZWCIO6PuZA,1515,90
_M8zRZ6XlArtpAl83smYPA,2813,7
sfEwBOXYrQl0lfsA8oAgBQ,2632,7
BSVhKREQQyP7rDqg3xFi7Q,2713,13
r2z60824s1jGhcDQ0EbYtg,1348,19
Z4r_C7gGzu0Yf8ZRv7eqRA,2601,123
jVpIprQQTCxrzkoFamTfZA,1089,6
JsKrkv1arYqy8Sq4CcL7_w,1569,7
UQZRvyZ4fRhZ4LD9YKbOng,3656,13
zNGi7JAxt4WFqFqQ6Ncz6A,2254,5
xOulLGa-5mRQArgA_3KqYQ,3333,45
teOtpzV8iMJZ24zx2TwuQQ,2883,32
42z18vA55UhmcfM1lDDTpw,1016,6
kNKY4O6CLUl7ABh9nke58Q,2514,9
jgLA8HnJOlpR6PQ_VldaeQ,2749,13
s1BUFKSAullsBbTeE29Ayw,3489,6
8kSj_nUrDxQgq1cBktZSaQ,2440,10
gA8Wnz1yZ-SHaH7mriXNwA,2683,2
eT3fQmFGFZcilL5a9II1lA,2461,5
aHyLcldzh8MsGVjzztWe7A,1588,3
LIPDO9UkRdAUUmxPuaJjJA,2256,4
NFYtj12Fxr9iVDuz8rUmIQ,3215,29
feXta-Lc_pjNT1wFhZFIQA,1294,57
p1ArSLttiRi2ogha2lVRmQ,2491,8
0nwAQR0wzvgiW1dzy00rzg,3340,44
99UZKrSwa4sqHvSrlnHlWQ,943,15
mQOB8ar2ZfFH1yS0JD6uyg,1599,8
KdM0WeqGavL4Agml_fCWtQ,1748,13
phkona_lDm2J4iFtMs-VTQ,2297,6
3lltPF7JoSO559qz-opH4g,1607,14
Cq-hbPmOV1OdAjkigs7D4w,2393,146
C2qZx4uODHWws7lELjfiQQ,2926,3
3gIMfKHJxmvir54l6Ln6EA,1236,1
mN_osmpWPanyINWbqWwFiw,2110,227
fJ5Y2MSqnS9koR2FDp15AQ,1929,7
IFiacal46BTuEuRzuDF6NQ,2555,8
EeSQIF2AOYXqmOide-Hm7Q,2489,24
dZkLP9AcU0gZw-WXPtKyKw,2584,9
v35r6tj4TjIsON7Z1xE4yA,2461,67
ZXzcBbbg_QUzXN1TXe4YDg,3073,2
WON-Z-rWfihleEYrSDhwPw,1936,5
s_N-m67r2JfoEfAL1AVdQA,1817,9
zyCQ79zBjvY4XtKzuEEwYQ,1106,1
Kq5zTpRLcIHDGLJ989oyGg,1057,46
FjlEpecbgIxzwdCNeI9BdA,1501,7
AYHNfFLlKaXdT1IQ1Yp3sg,1774,13
7pWxLfpvECd203cCpHa-iA,1244,18
ajBLhvisisX6vBg99AMakg,542,15
31M0MMOx3vlTvDlJ3pinYw,2344,10
Op4WxK4oRfvmIg4sM08hGw,2271,9
hpP9yvtWJqWi5FwW4BvPYA,3049,14
d-mE3b7v2UsvKXnZxUc78Q,1235,9
4dgcXadfX2wNAAvBEGpesQ,2220,55
oW_WDGr5XrtabbEjiIq0gg,1080,42
NZ25LUytQli1cn8NE0lJqQ,912,32
z7WSk14gmnGRX8dFqilQRQ,1773,8
ggWgaQg9zgW394yfnwH3HA,2669,29
TBc_hjaz_b1dJg6VbtNy7Q,1901,12
w49aZwSd9X0bSP5C-Yuj0w,2858,153
9y0J3XNp6TMjVirtZRplkA,1365,12
v4zX5hj89K-gqXkSJgiCQw,2556,42
xh8fDYzRbvhq9DQY1sMW-Q,3119,14
vi-QrIMXf_-gN9cr1ny1jA,1682,3
JCGiOI_7nbd-lv5JIsxgUQ,2478,19
ZoopYAkX3KnvNu9Oe5YgIA,3520,25
4ZTEQSjEvL-ENWCO_zgsQw,2167,4
Z2ENAAwGXdWaQxXJdnmvKQ,3327,24
n90HdF26mxkZK8LvQ8iEpQ,2575,255
T0gIcmOteESLsYsbCodepw,3087,33
xOTipeTJlvOJWNC5L72Viw,2965,3
PPwSn3eYtbX7DnjmNDqjlg,1911,7
xbloSrvaDh37wH7nu9Qq7w,1785,4
6wGjjZkbAhcPnorLeh6INg,2677,270
N9WBinbnimoKR7XbJSu1sg,892,17
LSxlrclgjgbxmI4hHKQOmQ,1929,9
mDBh_xDbWJsLMcj6OGCOEQ,1992,21
cnx12uvbIOLrnU9KbaT2KQ,1631,8
h0cmQ6ttYcG-IVZPdYXX-g,1826,6
yzJTH08BocvMKL-jx66OXw,2302,2
Jr7PjdHlhlrn2yJR61MC_g,2733,13
4Fq-CO9A9bzaDs3gM5VVPQ,3381,46
ex22g7MbSnl9KRAxsEauGQ,1460,51
R5HohFelZgEr7qqzzGZHBQ,3883,21
NbgKRxUo1OdjuGijOl3t1w,1551,3
2CBGk0Yzp_jfsQvzIJXfJg,1563,24
kU0DSjZpjB7ss7tFbPptVA,2294,7
yLPYvMbhLkOYpkcElTF8SA,4330,72
RmptnMKhZ5RZxh_7NhIVjw,1679,117
iGxSUU0OZ8Kx-xx3ukyA2g,2954,22
qmNmPBmaux6w8TTY8kQyjg,2465,3
NXIjtHy-ErtDl0O2HrPSPw,2468,8
DgSl_9YlZ1pI3dG_VAeodw,2865,3
m1kfKa_a8dB0UHky4LCshQ,1906,16
5V4XDAzHjharYyXa3ZoApA,2068,24
diYF2ONbP-nP-zh4yDXDfA,2865,6
Y_vNKcq_fjM2g0ido4rnuA,2039,13
R4PoSCIi1I8zw7DwM8mnjg,3094,18
39prFoXnJAXyeyMb2mOzgA,3133,4
2jyvf0BM2oG0XrtPOF9uHw,2336,14
6u4jsxAIxfPd1VlBF67pIw,2428,14
sC43VSYc5UkrUx0aOYNQ0w,1918,11
f6YrJv1RV-vTQ0CGJdL7OQ,3477,55
7oibhOUYDkQNOfe8Pz7hqQ,3251,7
G0klAD-yTvC2v6U0i0kbnw,2270,6
qNebiCqW6ZwFzg9gLwt61g,2615,24
5Er796kYbukDQAjUmPvVVQ,2549,1
iWN_fj37QRVH0qSsFQXhHA,1096,1
E7X_mnieCctkRoVzwm07eA,1228,1
qtc2ZEirg1Ecpbqm9jCrVA,1640,10
SfHkuob2XRzDVerPfUqcDA,2995,8
MXRfgKG0HD3G1xc7q2-cYA,1283,6
pvNXuTVMe9zZkB1RYdFadA,1336,6
3HRzCsCgTigR9qaxUJHZWA,2171,40
YREn4E_o-DTrrX0nV7Y5fw,2388,3
M8w2O9VfPUmpTZcYAW16cw,1291,3
97o1QHXHvhtQ7aIml6fKVQ,1972,10
T-3U3UIs1XQ_Ij8C3UgRfw,2172,5
xNt2v5M914zc_g1RziD5qQ,2491,6
alaPtGTlMOyAx9LDLE9pzQ,3987,13
MjCKUt0vvPAayh8FufwZnw,3797,33
4tOBn7ZVXGiagqv7I5aPVg,2378,7
rEV6Ks9N_VpAGfHKG5vzNA,1441,4
jgzHS6cIdul2Rfuyo5RDbw,2371,17
N-TtiAEdwsA01G9b26_Sag,3225,6
iYjZple0fDaPgxnyMcnQwg,1901,3
vGD1oSAAskemeb_3hz2sTQ,2837,31
Lz2a8oQMJ76Yw8dG79p76A,1507,15
cx4NqAQiiicva20PE2VIAw,715,1
mNyP0kxH4VRMGKJgsCP3wA,2543,6
ZT37Cj4oNN-WmtdAc_6F7g,2350,1
DmaueHk-UC0RLumEJBn5Vg,863,10
IcRp6GzYvIoWovG5TPpdIQ,548,3
1Ec0Xdpot0zvlmAKGHT33Q,1962,8
1jWv9mB3RHmCjR-zq09Dog,674,4
779as293LJjBpnkl87bMWw,2524,6
7PcR1PqiTOKDt2nkK-V9ZA,3590,127
FX-DiGl4YIIMUMuij5RpyA,2692,14
BJo6Ke5nnljR_50jlviYCg,2493,7
UxfYdK6SyGypy8si8CAVCw,2188,9
j9Za7U5VKXdbADJozfA2OQ,1240,10
vPT9T-scKknHk1ha60xO_A,1486,8
EcOpGUnuwoAv4LXEp6Bwrw,2088,11
ac3WJpqxN_hYFmjECn021g,2257,52
hq6Q77HBi_7eGLSxsH7B-g,908,1
iCkYJhcSnA2IFn8kLME_pA,3190,9
26SLKSYNJW_8DrbhQfAqOQ,2530,3
9hFsYiPPqqmhr8rrclGb7A,1647,17
5DxqjWo9bJxtuowYs88KZQ,2007,12
bZgqlpAh1Fiw_s1GHw5R2w,2227,4
5un7kNN8ilWhM7ILMBr5xg,2184,11
s8RS8uexFOLY9WTQH4Hi0A,1949,13
vCa3aTSHaDq7_7-MsYobfw,2799,2
tH8z9d4N-3_4IFuNVsYmIg,1488,6
0b7R18iD3UkAdYUuU2_QIA,1703,5
6Jv5AxEsVtbEkZEL7Ui95g,1546,6
75AlqaOSgodHRWOJ0MB2ig,1815,13
N3xndZyl6BnDGtkHQujhjg,2478,10
ikQCQYTbc0ewKDUPhou3zw,1926,4
7qjiKhhPZ7bMKfItyTH4Vw,1348,13
wKLGcC7BlEX9lqEkIZ2AnA,2444,14
klU2K2BVTXix9jwAGr5YBg,2820,4
REzrYesgJJuLKvUi_zwvZA,1499,5
7DGJK-b6DLJlc0IaVys-yw,1761,2
UJQnYjUxGi0wY84N7AajoQ,1473,3
wzNcen0CGAWCEXJy8NpL2Q,3269,13
Jb8wrjCJCMZNDulPuMT64w,1958,8
jVeV7OArMCI4RonoUT043w,1480,1
HVX9cSOIVZ5AeKnnHN4b2g,3140,50
n-tsY_GE27GVu0ne1OoMWA,2651,1
a9-hV9Zl37Kc1dp0a7IlqA,2936,1
0abspy6GMqHNTKU-CZcTyg,2907,15
gJLUqj8XVhGSj0gqNsNuNg,1808,2
r4SkxSerkyk89tOhooFzeA,2449,26
T9n6RphkEqpG6Vkxb3CTAQ,1178,3
XVUPy70w6Z3X0DGSmIwfxw,1909,8
aJV1UH4cxeYBYCdJ5p67vA,1559,6
uH-IS-sD1dThHY3wGkIKig,1723,4
8vv5jHPkJrjVPOt9CKSfxQ,1962,8
NpwBPrijNnY60DBa452rUQ,721,3
tvbRMOe2dsnh0iOyt-9pjw,1761,9
5FarARxo_An2prJXsVz72g,703,3
dkgAAVTDm8SFHo5ia70fDA,1044,1
oZsGakm6NiSnp9DT94Je3Q,1582,4
aoBrPA3Wgo0-eeD74dgldA,1029,4
Ud84zWTQaim0Tj6QTYjlJw,2297,10
-2fuzz5NgendBLbd3JptyA,2537,22
QDFj7b0lEUMk0DMVEjkTsg,1381,2
6dBem08rOjK6F7Gy_Kot3Q,2117,26
ijE_zyWW2R_cTFPiCcHT8Q,3216,18
F5vaHuMTAYROSSxl_aYGpw,2476,14
s5XBn8gPkFyhS0Hz2SeuhQ,1574,9
XFaE0QlVwhZpNeQjfgVr6g,2106,22
Jgnnj6pycuAViCLBCFS00Q,2809,15
BnUejuVZ5P9PWUNv_lE7sA,1847,12
-B-NmNLqbbOZeGfX5c95OQ,3293,10
0pZkfZWeNpZjWi7PsKsB0Q,3615,71
doIStBnbiCRoBwLVmaTCVA,1425,8
Vmv64b73gPZSsVpdZ4k5Jg,1746,20
BALzPbMc6S0w5-NA7eBPLA,2341,1
a0WAzM_HlTWHE0kEz3AORw,1476,12
RbpsHWwTg-sy7kUQ_gC3qg,1246,7
AtiDW1C4TsmDNSLQ7cwC5g,1389,1
_Ji7yEnhoHrpyxbYrnE4fA,555,1
J9_zWUloLXo9ykgD4tbmvw,1493,2
XyE6NJgdtaxNdlM7LjhBgQ,1305,7
6161teFu8O9VeChjBA9tmQ,1639,3
67_eYgblGhD7nX913XdYpA,624,3
emMpl64uMZydv9TUOpKSPg,2455,8
5leB-jnDMahkU1Po3UzRbw,3097,3
KJeH56-TnIhvBckBhHvLCA,636,1
20jgmk-SYBSx8KB4dCzxOQ,727,3
elyvWgnY-oN7TfLMDt9o4Q,4859,186
d7D4dYzF6THtOx9imf-wPw,3679,758
3Riz13o5Iaip7ALJF7dT0g,2313,22
vn9ixvK7Fv0BQP7uA0N9MQ,2522,21
T9aisv9FFuEbO9hSgi-efw,2644,147
SlC1K2xuprUPBc2zAnezBg,2079,20
zhkIWXFZnFABEkkQLks6Kg,2584,3
iCZ_3ww8gF0aUdAWhZmeYw,614,2
lFpEKQtS6NjvJqy-7Rujug,4489,261
zEesYTtAxzj0CjlRlg9IJg,2897,14
4w8VZsyVuZzvYNhzeX3unA,2403,18
FPwK9KlvQ1HTlF2yUGFTHA,3401,235
TFsx01rAo2ycM7KgBWi90w,1159,8
kW_v_m374tuBh6KZmgowYg,3167,49
PHM24ljxhKRzkOP8jEhK_g,2262,120
UVUIi0q38pAvsfuEEppe0Q,2825,1982
IAOF2SF-tW9m6lU5HHU-jQ,878,4
c6RcMtbEuCv_5he6vP-DEA,1920,3
u8fKqrDc6RuIPCKOaTpv_A,1542,2
CJtx-wUnomctJROlZOKs0g,1503,3
4GZJpiiPJmCu-5PWlc1YSQ,2350,171
3Db5jv6OPQ67QmRSK_2XHg,2244,4
HqEgc_MuMXjKCqEUPPi8Iw,2597,1
yVthZJsvLN8ilJEEEh6v3Q,1097,4
ZB2sAgfj4l3NsXfZkc-Upg,2833,2
2AM5rVjQ8jibePd7aVtEhA,3821,11
aEXckyLJ7PRlhukh0U_ezA,1121,3
GxA62RSbMJwi979sMHL4AQ,1604,30
2EnO58-2ubwiyuPWlH4msg,1284,2
bdO2jkfX2FI8f1fB9-jNAg,3238,5
_q4YZilZGA1WDhYtfX7Suw,1156,2
z2nTyJx6IeO27l8a3ydkWA,1701,7
btf66Sx9LylBUe0tFmWn1g,1335,12
1aGWyEKtSCQrWc6ZydXHbg,911,1
Cq-Kq0ewASj8gi6PL7StqQ,1374,8
WwQ0_jvYsipBeGaMM1APYg,813,2
eE3iadNR93hsVDgIqtqK-w,3798,3
g453ktHodXHpSvS7FBD2cQ,2952,13
1jI4h6NWG4k20Hj_FJgOgw,3311,51
T13BGc1wmKidC0GTZJUzjw,791,1
zClufC7bNv5jKIaNysn0ZA,2865,17
wHvO5kK43yjqkcQ4HdtNAQ,3970,564
TVuD-W5XADOpp33reivHKQ,1178,3
squJW99-jXwyoOUUrW4Q5A,2135,2
rv2iRatF4SzUBvXoYnmXRw,2750,31
pJgAI8mHV25JP0HiFTwfTg,3261,41
D43-U7OrkCZ8Ktlnx-oOiQ,2499,33
z-a1JQWYDKDfwvloJDF26A,2936,45
Q_Ty2KK4zz7M1Fb4t8ONrw,3136,10
6Jt8aTwERte_VYYAPbAZ6A,1804,8
wh7_Oxsi1bdWDxYpRnEL_Q,1462,49
Ll2IDHZJ04eGJZdsJQY4-g,1187,3
l3a7aPwD2jaolwpuqKn1Tw,1337,4
iW3unv8aVw2luz25Xu7D8w,803,1
Pj-AH5p87QoRylh-RGWioQ,996,5
myguPkXfaPRMrOQLp4ucZA,2646,47
PjCYV3F5zGLLjjOCFqgWNw,882,4
5DC0arVqDaaOm7rtwtcl7A,1118,5
zUaExOvU8XgZlgri-6ZTBw,1647,4
gihxjQPR5OFocwY5QPFYAQ,3832,22
PzAtUUFbNdNVRq3heQrNdQ,1628,18
uU6fQWadr7Hx_MP0Vmy3kQ,3590,91
g4euFkzBO7p2xy3KJoYz2Q,1661,9
r9DUG1fOq6PIsC7rYEIXWA,2192,5
xu0T05zN0WXi8-fuvYBJeA,814,3
gS7o9o_vjzdlaubKrkRB_g,1441,64
PQDN1c-17IgldHlQKzVGXA,697,8
UnKgNsqgwH9jpEb0_Ge6og,2575,3
k6_uQa2DPBSGK6437tNFtA,2075,52
X9VDUojN13oTAamGuKy6Fw,1150,4
55-mTbNJRShorNXGwwGy8w,2288,38
A42Rgn-qiugIJQrdBqiRJQ,1704,7
0IGf14IV9B5WGPyzY9Rh2w,1083,9
EAvNpnB-8NdEXOaNELSdRA,3844,31
yKyv6jGE8NWFMcgBOoPBLQ,1536,6
Ay0MWAEHqW5r1qjs1ZYg1w,1059,5
e8qLbzBfAWOTTfpHIZj6pA,2670,4
_HhwpK-1ulf-boBnX-Jdeg,1187,5
i2XPrS-Bcdbiapl4hdaDWg,1954,146
XAw_ztLSIHwRCzavTe_Aiw,2877,51
XS6BZP7JwKUERqtXiWxxJw,2823,568
bq8ERtL1w4oPRa9dxirQYA,1715,2
9iij5HZSEp94lG31Rwu1iQ,2714,3
AZu0oc2JVX1pTjgvAU8NuQ,2691,9
WTVE0-bfqVK-5O9Jz0MScw,1392,5
jPuBN3EIixQLub0PCQ3BYw,2190,14
-JddT4csD2TxxV9sdd2BOg,1565,4
yhVW9Sv3cIbEKN0y6igGnA,1215,77
C7l7gOHKQzuEjIRB-yZQcg,1722,5
0hpLFCBG_9NKhQkEfuRzJw,3223,6
X0YgtJ4moI5ZXvxNmSF7pw,4018,22
uUuZ4-zISF8ouh7cCWAneg,1973,11
YvNXZBLiUOjc1IjpCqD36Q,2704,9
4YkfdJVFY47UQveu_GlqnA,1549,1
xvk00Z6KlNVyPytQjvWRvA,2043,10
Z6rGEkjTlGHjH9gr7BOI2w,2368,2
NKgwY7wn-uhsBBKAXtlP1w,760,1
TUiUTFIbYt9tbPcyu5nfSA,1728,9
kwRQrT9TbiDkBJOkAZUMlg,2600,6
fe2HaIdPp2872-p_An0EAw,1285,3
x13yoEggBL0pIE7-KMnhDQ,4179,307
bSulMuNaeK7rcRz9B_LKXg,1941,50
F9WugYWw8fVeKrxPOmMg-A,1277,5
KmBvsnhoR5u70kDD1XKxew,2100,33
20BB6rPnZqog5ID6R-_pYw,3951,157
vrhROFs3rmp_wZ74rLyZFQ,4068,8
JQSWTHsyHKVU-P0B6ax3tw,1726,28
kGt8ROEujnh1BoONVTxyMg,4461,36
Z1y_pGZeuDzk-Pggk2q7-Q,2874,11
8oE6Ey8oDq5r6JY1_nr8qw,3061,15
U32okiQHvdo8EkDxwTNn_A,2385,17
i5YitlHZpf0B3R0s_8NVuw,1611,18
xLMIjVesuL9go0qXIfOUUQ,3292,4
n1Bp3HdMzXTlT25K-eArIw,2041,11
SYd4IxhY--QsBlKbP4o9wg,3172,210
9FSjkpvWnSoUa94Kmh2XsQ,1130,3
_q-eT5lHrotEzJtsCsEuag,2278,5
Pqx6r-cj78XkazskCPAr6w,1351,4
xaj1-_dwygvr6TxV-LcOBw,823,16
f5CXj1rXFoPGe6DRPv3feg,1845,2
_9EIx0AMRspVvWds8PHsLw,4292,725
QSuw1uXMKqHcUlk4_hHa2w,1429,4
bQKeSabN45I0lvzxbEFpcA,1477,9
khB9_TNLXGu8csZkZ123Lw,1340,6
hVrtMGdso_eAaqv7svjDmg,1020,20
FfLxtp7nETQljkaqpF3lgg,4164,197
p4B9briUig_o5I7WvFya1Q,2683,12
qFZZjkquGGkIFn-JcAvz-g,1104,5
PKB3BxXlBz08bUpTBkrTJA,2075,11
o0Jsin3S6qtlgBGBB00oYg,1200,4
coyFHME0CHmVZfI3dtwxDw,2399,107
2v8G80HQ-1g1k2H_Ti96Pw,3126,142
hZYaH19h9RKAaWF06aVwzg,2354,347
guBMBz4uVsqo8uoJNzDTpg,2639,17
uHKekqSNtnQasoFw401ycw,2890,14
yhTbAHC_T6w2Jqzm-JbTvA,3397,125
EK6YJiey5K6hkKcbonY9lg,4111,182
kgnoey45lJCNgxAJOnAraw,4328,58
WdkPeHRV3RcSzuecOgcwfQ,1745,5
RlbV5sk2fYbrKhV_rQLOsA,1137,5
aQgyQ--sd2XmOO1KaIAfaw,880,3
Z3j6sdOJZ2bBo6FiccYS2g,1098,4
0P_jTBIwKLZkz-V_3CBtsw,1379,5
TPxk3VyWNQYF1L_D0CaEdA,2003,2
AK7Uzy5vfHDQQSpWxoa1hQ,1385,4
lRydbDo2juJvIF24-J6R8Q,1683,5
0gXDB9ypz1XPA1PM0ByJ4g,1933,11
oHKPdcf8-T3U3e9BBN9Fow,682,5
fe4PExdCuYtTDgTfUPS8lQ,3936,55
kWYI0Ucy9y2ONSOd4H_MlQ,1624,124
3gtLXe6MVJdUCUdqwX-zpw,3237,61
FKe1_5QSd6EYJcby_slVVw,2524,23
wLWFN9yF8MgiyMXlu7g2Mg,1221,4
eRIpOn5NMhXwUiH5zAYvJg,2457,23
Heqdd7j9esGRseffhkSlMQ,2543,7
_kfuG9C2RB0EGPfy7pEjtQ,643,1
SW55XItIUcFCSZAs3qOfnA,2477,11
XIbVa7Yn65gjzzhli0xmKw,1802,6
WMlId4fxyq_GdbXIlfwjhg,1098,6
B1prvPLE_b7Rm5nd0SnTDw,1039,4
sKexIMFNAlFeuXl2KW6rjw,1652,11
OY5KF8-yClPys9WG8gM3Jw,2328,14
xfHpJbHv1BuAygYITWYnwg,1648,7
PzQRZmWiiswfIsOqFTe2yQ,3079,10
1ZWoiuSniauE7N8gsorU_Q,2872,19
WbhnBczblNogscIcgEJZAw,1728,9
Pd1O3pdU_p1_wX2V0yGP2A,2722,6
xfLDMu0bKdj5S7WLulaDNQ,2687,8
tpukpHfxTv4uGH7VtCEPbw,3222,5
KfjSYNpzZKU9AC6yDsBpzA,3120,7
Urxr7iFhtAcf8IBLwH3rBA,1295,2
CyOODAEKcMH3aD0GK1ZOKw,2767,89
XDE50tEsRDBr46HqFMowQg,3253,7
IG4KICo4mx8Po8jGvNwKLA,2744,15
gwjeBOP7TorjYFfg1Nhz1g,1603,5
A8XOfFVe7WtpiYhq2GesYw,1181,4
K4Ut3Ytt4gk9k1xsaGnFuA,1755,18
b_DWfyMEpeqXYaDYycuisQ,2077,85
uob6SYgQX84YtL8yYIbuFg,2489,9
zShCWrrdslcI7PNIhUhzAA,3079,21
iTrDGJ6bDxGmjMPBFwG50g,2830,1
Ane76TPLwlb0hnFMvD4XDA,1622,9
kW-hJxx3pXQiq9bmu5PzsQ,2152,14
kO30XR2WeF6bla6dK1ZZLw,2700,565
YHnGrFq2e6Yn0QKbAB5rVA,1952,16
t8LT9mJog2TBeVxSHSpjBA,1085,10
wDkQnnh70j-3i9uqvFkxaw,2343,80
CL5OitxeF-G0HUp8SxwVvw,4749,57
IQF9Y3TH_ali3GxZTD8KnA,896,1
kmCnRklfaK_xe6KWyQckPA,612,1
PiYTKthQdHfnfJejyB1lAQ,1925,12
99r0FFSsQ0sGady5jEUOmQ,1754,7
CtJlMcH1pjehVJsthGi68g,1802,12
VFTMRE3rLMlxrF0de-bDew,2104,20
kWRpy_xw0L6TrLY44ZPd3A,1954,4
TMr5z8JDuGPc0I-5WfpBMQ,3008,276
LPfj5-UevdEz5Uvj6aElGg,2625,105
jOVcYOqVJXIYZBCuIyytww,2177,15
gQpasW7Xt7UzMCEAcJIy1g,1054,5
JYhDdXrO6lO_FOZpjujWLg,2254,4
Zc_DVWjAtfYGWCaPAIZO3A,537,2
XieuQ3d_tsiXUo7MNzvmJg,2134,3
t8bHP5KGJFgBSvoq3SxO2g,1243,2
ZveYZ3n1IOjP9H4HfFn3Yg,2488,232
Gxys7xCx5-xwPp9drqW6vg,3102,26
6IwcHQtIx8y9LXAkOSzM0Q,2809,5
nGxM8G0UV8KF8r_SQfjg4Q,3432,34
-MQ0ntJwVKC5VkGXsQUOfg,2771,6
EaMHg4u8SluDAK5TikvYTw,1715,16
vetkFSteCRqrJPGXy5ak5w,3019,34
AtV1ZzuKy1kkGNL9rbtb5w,2445,3
tAYIGGDNqijbAyXcjpbYvg,2975,95
eA59cNK8Ac0I5LXUJSeQww,2758,2
v1AMPYlLLwNtvcNG8yedLA,2884,4
mAFG8ngv83trz4Jj2rDbnQ,1635,7
5b1uxhsNCr_VhjKOhVkL0Q,1764,9
TAV_X0gbPs4JT3he50CtLg,3819,419
1nmIXJFvl0tI4gUMygKT2g,2779,32
iw6SoXuzRNzPEghq5uSQ9g,2636,17
Kc5DJ5hBl4ahbpuVJx19YA,3434,67
Lu7mKXifRIEHPMbQqwQxbA,1857,2
3-rr_iWYqqkMRfDkxXs1Eg,2176,25
0Ff6nBiHkphlL26k0s3-bQ,1465,3
Rl7oRAR7T4oLSozsP7xUGA,973,1
wehdLEYC33voRK0q9NKahQ,2727,13
0YgfFM_JR-gbYmC26fWdFg,1535,18
eBp5Pr7Gz2n0_b2eFzT0dw,4458,88
zml7tzxo7ePgVA4BXYNcKw,1328,18
0mrHpQdgs4BFv5nLh3D1sw,1713,15
1vxF6yUaXma9Zd0fNYRXWg,1623,38
ke6n1hflW5Xc4kL15qOh8Q,2714,74
BQDTXNY2AgH7K1CPdmfMog,1645,36
eEKEsqo5kHvCrvCdredElw,2947,10
yKBHljMnL-JcZUZVfU_Pbg,2130,6
CPeUuhbsnDcad8Kxt5jpmQ,1467,28
3oEAqFuY1Aqtn0ywZX6gLw,3499,59
b888MY_lYVVRXdLzcZkOsw,1028,1
3M8_O2me1zNQSdE0mzJakA,2391,3
ys1tt5t5eBZN1UDKWW7IdA,972,2
ey3xkEr0PO5mjZJQ77Lq8Q,1686,4
iulBbKzODeFMZlxBgosx4Q,2930,254
r8YmaqErvyJWveZ901jBZQ,3737,7
2pD_tSpW4tPkTKTHzHrwbQ,2155,4
TPgT7r8YzxUVH_vt4DSx2Q,948,7
MsD_qpUGsfrYrvSdyrJh7A,798,1
4m3kOoAlpqdSZZ_hr5f0Xg,2928,8
dH9Rv2n1WgDsrqOAilbEwA,1387,3
sN9wwwr_eB_cRoN5SF93VA,733,1
T7EqURCGRkRMj2myTjD3Zw,1977,11
iZUcPiachoqRsoqo-K7saA,2242,3
BRlHuRKQe6pH7BegzH4o4A,2196,23
7k0fq1M5pabq1a0vriE1fQ,1968,4
s94LYkY_wf9mHXcHtst1kg,628,1
dTUiBhcbs8ihlo8IZycBpg,731,6
fCszitvb0L3jzVqv7KxHNA,591,5
Vlesrf1907nPUD8q4Kjejw,2599,2
hTNcQmysQFU7J4QiKDXG8Q,2896,5
0BRzr85VW-CtsqCBI7spNQ,2547,10
7D0fP1OBx2Wz1XO3qPUdFQ,1505,4
C9IT47JsV-DtEpxkKfytzw,1694,14
M2r-XnvmBHdrk81GusCEIw,2973,3
3hEKYUbLhib-BlhEk5H5tg,3453,111
_Df66ouENs0rXabFSfWFdw,1286,2
eXvQzN5kG6elOpG5ceeHuw,1046,4
8YL0g7gpmyKfnqFfOXfyLg,2632,34
_g0YXVloxst4sTRTF3mM5g,642,1
1KLvRbz9rBRMzAE-pUYdBg,1675,5
zLLrbt42B2QaHsihybKqbA,799,5
XsRLNqKDfX0hNIxMQcwdMw,3127,41
btneD-JvSqZatYav_bCoWg,3535,7
1u6wI_O_3Ff65msvDPvO6w,2213,111
tBghv1RzcXTl73ugScle0g,2393,1
nSOoy5zUDsKjCY0uWhJm6g,1656,2
2EqWzm0_hECCUqugnLPVqw,2583,16
zPBjqm9b-95kie5K2k1r7w,1475,17
_nFFuNK6YnbssPUBKFU3OA,2261,12
4ZijuYNWmXSdM-7-vXOUJw,987,7
dOvCSbr9i2uP0tomCqUHbg,1670,3
Q7skDt-4-2fMZHgMO9MT5g,3856,116
79eklO5PG5Jsm396pu7s8w,1039,5
d4faDBXfsJ5Ax8oJOvHkgA,1087,7
Mo7k9mqc8fhTFw-c--j7Ew,3091,14
MeST-Qs0N7UZhPItGRXyCw,3167,62
mmOJZY1CBkg7auGE9CryVA,3474,31
nydpnN3nc8GRR-SbcWyl5g,3482,23
m5jWFZdjP6IYu5MXcuPz9Q,3436,13
Qco6eJS_9pMKMuMG9MXavA,3933,95
xhvjokMb59GXfrTs2mmExA,885,2
VUza3cSokXp5iPZGqdaw2g,3851,103
MmrA-3k9QhJbDElYnqw4MA,1370,9
SWpkdHvXPJrRBmFOPhzWSA,1888,3
UmuQ6gMtjXd7Iyoz9MWpFQ,1881,24
9Y8masM61yT6bF9VqcJm2Q,1701,6
v85lG0H5yoI52k3g10T3Mg,1619,15
Mvoeit56u5pKAVj6pLT1NQ,2851,14
ZYsN_B6oPsV2n0mhi2QE3A,1081,4
OniLiyqsK0qKv4kptqzipg,4355,435
d6PLYXuxzp6cQMUQHJdeQA,2368,26
rw-kbQ1l-EoUkauzR7W5sw,3052,9
v7uI0ymarNvvsaK0-Od-Ig,2428,84
DazYO6_ecL6seTvy_keTNw,2770,126
vfgZxeivZnR-0tSS1cxGOQ,1108,1
XvK1eTX19twfSCY8vLpeUA,3356,3
5OU8_6eKpueXtdCjsQQjZA,1016,34
oU7nX0fGJM_Wq4jHEt-SdA,1346,7
JwekheSH1xKzqEq0jB-6HQ,1989,8
37EEIrxbl6LnI4t_7gRKww,1432,1
h4bCCVDArwTMetrNl05CMQ,1938,8
a-klo35n7lGJp0HgaQRrPw,2098,4
6hHSodKW_uiRZwRU93aPVA,2181,5
eXZ8kYWvfCUebrnat1PsMg,2438,15
t9x3754pUOe5XNuoWVj5YQ,3076,8
RZsGOwCdkWJiqKQQQnNP2w,2106,8
IxxJCzeUasYGuJaoVb2GwQ,1983,2
kzDuqAUTaktqCic0uKGG_Q,2831,22
wyyhZhIx17KHyRj3UQhbEw,1746,6
zu9sJ5YiHNDuu78-BTRg7Q,3066,5
r70Zx10k-l8DR9Dczs0i7Q,1185,2
wnlm0k9cn98PHOdealv6Eg,2436,6
7L-DzX7sn7A-w9Ylzt4juw,3184,18
PGnurIujcDDQnhL28jgcng,3318,6
YRAYk-iGKLPqb8gJUFVyBw,1779,2
DCKSJAOpfeStxBg8XV-0yw,895,1
zO_J9qaw_URZXv1uyUPjag,2376,20
MiYkWW9RtaW1Njl_9t7DZQ,1989,1
ZH6QGYWHMsZNtdztX0tbTQ,1647,5
LG6h7eK2cE6MnZ_3ptY2Vw,1867,4
q6tpuT_-pE9sla8tU9QB6A,1049,1
z_PmE5NcY2BdonFyHj0tzA,4132,46
HflnO6prbfSJ50Eltkgi6g,3140,88
qVAtYFQSDbpqvO9L-uwRSA,1985,37
Av9AAMOgxUFCvAHHgfquqQ,2102,4
ryLdRyuBJxkvPXsbRxmbmw,3096,8
1EEu5H-mVDaTJzUNFAVEvg,1054,15
Kmsfd863_HxmjLAtbyg2ew,2293,4
DihyvcvFYiuaIke0_7TyDA,2434,4
l9tx9XXDEjSeObPlIVJ9gg,1832,8
PerQ3O_YeaxJ4cLiwGyqbw,1361,1
R4sWdNCxetQf6-4sMfTErQ,2329,5
GqajR6vAooD943LXNoHujg,3575,219
z4RpPl09kAzkSD6y2ZQnDA,2725,562
peiT9-mkkBKGichEPQSWHQ,1738,11
UmA9TWob-NqkTdt5UtOrtQ,2348,6
W2GrIlYNCwu_Zl26j9cCmw,922,5
ba9zpAZHHkUU9noMrGJPHw,1364,2
xRJDiwMl_mlTgykx6gEARw,4371,101
A_3A5YnQdsa4N4QsHFKJzw,1004,2
rClX85ZuNV9jmoN3WvloNg,2497,4
axQdYNFCPcxPFKw2f_M2Kw,2399,7
wDUFhrdOxTz5t-LqQZu7Mg,2934,1
Lc970F9FVzFqdxzszPNzeA,1127,16
433AR3QpsrQ1ncBOsZP6JQ,2414,7
zMM2uboOy4J_0z0ZiFwsWw,2074,8
chZn2T7LpXy3Z3qh1ZoSMA,3884,9
CQc7qUM-BCEa0yO8S9xZzg,904,2
XI8nSI1ukf6st8ON8ZTbkA,2758,11
DDIrUmGtcxdYqu1NwfwikQ,1629,18
siiwnJ2I_OHfFozeSdoqZg,2018,4
fB22I9aXT4Q6-539D3aE2A,1541,10
jC1JaUdi-hJFoBAYg10zxw,2589,10
-tW7tvwCXUGMwcsKBAeCuQ,3107,6
OzxUYG9hulibQm-J8EZMjQ,1177,3
oRwTDHnR4GD2GW0vY3Cb0Q,2414,6
KcjxRoE70toefA_D41iAkg,1723,9
py4ugmIsvMQsTo2clL_T9Q,2030,29
ZN9UENH7Fx2xaGPZyifzEw,2532,22
7CG_ar7HwfozusO7ameIBQ,3947,41
uqmpsO9nNztIfPz14MqXzw,3833,75
EoUcEflwGdF3cajGpZNLjQ,3223,8
nNT0NNj5Ro3njGA7RDEyXw,989,2
mlM4frxDcLktSr6LEK3XVA,2423,30
NxWGTxQsyE6GufyWhF6AJA,2257,16
H5meZUVOC6Wb2Iv4Fl-aRw,2597,1
oCnNJ8ktrDhLpRvjG5S2Mg,533,2
Pu9kiejL4ntLIdn3i5d1HQ,2918,23
Uv4qfW9EvpyIDZvRyK12hw,3116,3
WLL8ai1iuj6xAKtgdlDyMA,3826,63
_e07exHxVmkR-Hb3FKP2kQ,3198,6
OcDHcUILgB_512yajpypRQ,2781,1
c0xGMcgcg3_fdfz82UyDdA,1606,9
P9EDNlsArzR3HKFRPc-tlg,1518,34
DnL3hPstsTXp8uP43pu1Uw,1270,6
jjp2oTPXz1PwjjzOUr00_w,2648,14
D0gUCy0R1rOCD0uUrTsr5g,2440,2
G847k0tO-0iDLRM9m8Rgcw,3241,11
N8aLFf39o4wj8EsGZoNVjw,4041,94
rYtbNN-_fjj47P2cIF0K8Q,1877,5
6-bDP7wF29CpMUv7XSvQWA,1475,3
dyBUdvGPKcgwZ3KFGhPjdA,2953,10
GgsWOvSUbHrsnMD9BjcqEA,2872,11
frh-7Xf41UxrdDiHegTkmA,3291,10
HheZi0GuRZZbBLDwAju72Q,1904,13
VhAXfojZz0BgYbJ7zn0yww,1823,60
n4RMLXlgy4sJo6MQfXZ3_g,3556,471
Q_K5dfSQgK7t-ajI3tjk4A,2096,13
q_n4jPiA-7fmbVI7LpmiXw,2743,2
nc7IILC0glUieiJOgUu0Xg,1486,3
M-Q5zHIbd3_eKQHLqeM8Aw,1829,9
ePJcwzaoXZ0YbAgn0pGvpw,2277,6
xV0zwASagIV-5wqMZZF_XQ,3698,124
a4Cl5mk6LcUlZHjq9ZqHdg,1721,5
nhB8sDD5wMI8ySo2eLza7g,1725,12
5S3-Com2gGk6ewL19vpYoQ,1186,3
3K_hsAQ_LyRjlWBZN89S-w,2209,4
_QbDHo7GgicXEjZaHBLtxQ,2415,2
Jm5v645PGS63FiTM-7owoQ,3076,15
Vu6Uot9GqiIVkD0mD2Q0qQ,2239,3
axe0rwLs6tesxsSDGl_BSw,914,6
UvXc0WsbF37FVLwyCUmzZA,2747,2
aOikAgvca_ALpRHsryo3SA,1393,6
rt0uMM64Iq4xh65ahNzFEg,1866,10
Nz4gRAgYVGfLoCzJadFzWg,1537,6
TjCq1PmfvBKrOEkhQgEq2g,954,6
3wwPvmiZHsR7bAPEkADhTw,1618,4
5FVoz0EwJ1DJ0FAzo5RdRg,1612,3
5BsvmfxkW_FEhveLd4k9MQ,665,2
qVIjvhzUdEUh-wnSqUAemg,1448,7
p6Lk8-_QxRnqMiH59NHviQ,2026,1
kMgiIVS81wcQhPO3WchXnw,529,1
_gNPmzxULinR0Ubsuiz2hQ,1257,6
hxmCQVsWfp8YUeIwW88fhQ,2473,3
JMY37Kxhb8LUMcI3bNGRVg,1862,26
xFSVzGZwlu41FXfy1JexYg,1434,3
wNTmVcn5qYngpIWrFwIhig,1412,4
nVFDseftmN16uDWPW2bIVA,1661,14
2SHkpI4aGLXS5RvkQIba2g,1355,1
48zPjm2fvc2MmlCi5XrkOQ,935,6
dO0GXhtSfHUIHcbxlxyrsw,2799,26
rWpNe1bNUona2a4bMTVCKQ,896,3
1m_gQ4JcdWYXOKLSH5Qo4g,3611,3
wQA9ABCRTLqRMRGEL4mkcQ,2202,1
atIylPJOpcOyNDEnG3zD_A,4149,351
RMFtoQ2Hjzxcq9AoFt3FxA,3202,22
kFqFjrJcwci9N3sSCWm7gg,558,1
Y86AvY58v9d_uVJYnGZhXw,3928,147
_D7Eb3CNM0m-q8nXskeSyw,2344,119
bHxmRsZStJPCKk9MIV_AKw,3192,4
scxRpx2q8N3_QnvbpScaTQ,1170,3
jABO_TqZymUts1Yl6icgGg,2333,14
iUifR-IiYw4Cl01kybUIBA,2443,6
AqiQctizeuAzb6AkbVex_Q,2434,78
vSwBxkNSJS1rYg_Nb3jr3w,3130,132
SFbXfJn-LnKJc_1S8YAgyg,3352,11
meWcBpaPB4xQJ0YShu_kkA,2308,3
Ry0aypKVXzm3os37pwuCXg,2589,4
LFvkBD3sOQbCFdjUxivQqQ,1522,1
kx88P1pmem232dKsfYiKZg,2083,69
wZG2xlICfUkJiY1NdPJH2A,3502,1759
sPQZ8i6LQilZzfycNVSuZw,2550,3
H7t4UXDMX9uYVI3SygaeBQ,2707,2
y9G44YldkW2vL6mvwLXCMA,2026,43
Fc6FDMULHzh2gh7hLHiqgg,1704,23
vFkhTYRSQ6Hd67e7RITBRg,3121,25
wJz2e9fgHgCb2QEO7otirQ,3589,26
Cxmhq3aXNKzXFfnhMr-YOQ,654,6
m8tuSBjDsMSEdI55383Brw,3579,21
1LtjnEh396audrPffosyqQ,2770,16
kiY-EgKyEsba8PTmYeZ01A,1311,4
-cnqwTgXUfoesyzNKrVeVQ,1164,9
Dq93QBbMi3dkRS5YYeH9Sw,1149,6
m2gOhyXHos3hPZZPBIY-Xw,2765,1
yhomITVX4FlclfkaAdH-4g,1336,1
Dt1oB_ANpJbZMToyrrZ__Q,2751,289
E8EHbvLNJy-uagTsaqnj6A,2367,5
7Nj3ROtGKteyPc3IblUw5Q,2082,8
CwbdBHhVFMS6Y7pEdIPc3w,1612,2
6J84BxfZyD6uTF1VO3yJWw,2281,6
nLwEBsT-U5-49XZ6XsYu0A,2499,3
nK58bW6Gmh2-J2IJEzr7uA,2823,203
ZqKymsPLD2xdQbk0QAvuBg,1491,7
kkxQmhr6k_4fL1yY6QWHtQ,1515,11
oQ6q2QblXyIcsAFfRuLCBw,2138,5
aQHljVY9_SsdzWDa9TvdTg,2176,173
o6qkKxiJXVFUiRcLAmSaig,3432,233
yB_lqKMg1HLe9S7FoFUbuA,3513,5
HuV79O1Y-xGScM-EEnvILw,1350,11
YVSwljwOF00opGQzoJ6UCA,1599,8
MXTOZfb7pYyEYhfl4I7A3A,1596,4
wNIczOR-3aYPYQ2v4SISPA,2747,50
GghhuyfKoByJBWNkQIbybg,2452,2
xmGxbnjLiIlxhuKck6SdEQ,2559,20
rnRAa_AQMrpYds3ph3fIEg,2641,22
u-xhmBtF09vYOvN0Ev6pKQ,2377,2
O0Yb62qhA9QHjoSZtUtL0w,907,3
hrel0o71Ilo2bIzc0o6xSg,2074,23
wTOuQNq9cx4N_3ZsRjzFLw,1392,20
8hB2zaMiyNQAM1Fn3cfYeQ,3079,50
Nle2uPiKDEUW2DluekO3Hg,1718,2
j-lVpx-UdQSah9kkCMbWLA,2296,2
59GNftLbfcqHwMXEG6L0JQ,1231,5
6WaLGZiPTWB1E0g1lC468A,1342,12
xCwcm7GsZ99WrxKEoTF55g,3477,11
_7-VFY-jC7YT_s5LFYK3jA,2680,68
Bhg46qJLg5bDN7wvQzWyKw,2189,5
VFnN91Kxw4DayZSnLywRkw,1877,3
6U3VMoDWxo1WHeYZR4p9sg,1235,11
cTLB5moTAVcgPmK1hB1QgQ,2490,145
352fF1zm7TbTThTUGoNK9A,2479,11
tFAfFEBpYc8Qw11x8iL9cg,1173,6
YKJN5QM6IqFdb-jOHxMAKg,2364,19
bZfY6RNNh6Zb36qgOtn1qA,2641,9
mSmkeOLEydZwWUwmGi3LOg,3524,4
-xthxZiBDm3D9xa1zqtnCA,932,3
Uk0VoBZIccJ1lt1HnPtuGw,2927,1
A-JQl45tZwBfoxZB0fChQg,2715,6
KbNXLrgFKP1A1fO1369NRA,915,12
CH52nyc4Dx-_oT2ZuGXvJQ,2907,13
c0NYnMyEcklM9903jNJrEw,1265,7
DQ8DC1CwgrtThQ-kbfPvmw,674,2
Up8ZgyCQKFW68Q6QyRpzog,2588,10
5BnrTavCXV3QVR1S5Ydzww,1620,1
ZNLbTdx3_vaxAYRB5n-gLQ,2794,32
FcLHamK8F3YA6D35BccbCg,2794,3
2LWbhEYjPIGRmVezbm0Okw,3483,69
7X-ks1zJeurJlE53LqipMA,1283,120
3vznLocofG4Q-kzaQvw3lw,1251,10
JO9CidYXJsgfqhoooD1wfQ,2714,18
LyC21p1Wkuejzddu__v3hw,1507,14
BIcU-_nSKsW7-ttjLDYv_w,2178,48
3XDgHXyCmieVrmH2MzX5_A,1795,44
akUTDSLbnw8V4U62pc4w7w,2999,15
PcBBDxGj9KryKU--w3jvmg,901,1
oZyUej8gFs5B8_WKPEx85w,2680,1
w83G4nvDwxXiGQViAHemIQ,1895,6
tdH_wrt6FY8hwje9jPXdGQ,2811,23
OETOqCDsHS2vSHRGrL0HXA,3299,113
s-n_7mjLqJdE4Ccu9Q4Cvw,1292,17
0nInZvD3zXiQF_nSRx3_TA,1174,43
2GBCCvamLwCGDLbmoB9FJQ,2131,21
GZAF6urvbxFezJCsEWXBFg,4417,91
QLu9OKdNadHmxB0pK7mYkQ,1643,5
zO1q59VWsAzY4qJewVhNxQ,1000,2
yc1XkeGbLgg-40vMBSD0iw,1742,2
sIAMPOlKmAbAsv_kAXIdfQ,1780,3
t6q3pyKhIR7ChqFeOjSzgQ,1453,7
hOUxJIp6Ouhj2z6Tdggimw,2528,2
4psyJz1oa1J9K1tM3IUxpw,1084,5
WpWybMcx9d6wRYFwyDyMFA,1017,20
7C_p_Jx1uvSxQ1e9N9v9Gw,1092,13
1XAJ7iFmIcsiH8irvY5cRQ,1333,58
sW874eqmbbsxBIR-IUiuSA,2012,2
vl88-TWM2OpSFrTNeTXNOw,1927,5
IROnnbeM4S3Iwtf3qi02qQ,2172,7
stKkFY5j3rmklSNBbwUHUg,3738,108
hASSquV9XyOJY-JLNkGP5A,1287,5
8OPziQzRUbCsHand2SDtFA,893,8
SQ4daYu_QztSS8wyKSYHDA,2497,3
j0y0g1OGckhRRcKzwW7Nww,2860,70
0HFaDISiAilcFUKkBqf-YQ,2879,2
aW_7V6cdmjJC-DoDRbHOsg,2112,27
9eqKJukbzUNU1mLOdARKxw,1357,8
gCD0pAQAtbd3eyJCXBi_DQ,2713,10
7JESa3O7we6-AgXZo53s_w,930,6
SceADw4QFy7oCmToRS5W_A,2846,131
OtAVENW66CjpxLN2jRvhpw,1183,2
EJbmxn3OF3f4x_u7OL77Gw,1613,9
34ynn8xEsuB7rcvgkc1NRg,1097,17
6DdNdCOjX-BYHgf-LqFx2w,3098,17
Er2dqRIyo0reWSlMdUuKlA,2625,8
O_RSN7-3mCFoRGUmcaQUnw,1558,11
ftdfs8pQAB5g1p_P7Lqc3Q,1770,129
VFGPtPdbG1inEzPbfyMS4g,3098,25
WMPMG8yV0brYYuOkDOPTUA,2433,39
nbN0e3dpXZRtxqiDbpFbog,2780,31
LeTHT4GI6E6qIloxbviJjg,739,5
uAJfZ2G1GGZ6q1_imIh1vQ,3354,101
7qpj1EgSDoDYjfLZIFe7GQ,2851,5
qzPPEjDylHI_j_Eh9Sgk0Q,1856,16
51zaiSymLEKdWVchAdBaRw,2066,18
Fs3ZroWxDCRaZgox1842vQ,2446,5
Mln0Jyyj_yYaT4aVkL35bg,1530,26
MwVXptxC7_4GpOg9sPvLWA,2615,2
f-62kya34p4GAjP5hkuGWA,2272,8
Oie56HVUw-pXED3jsO_9OA,3501,31
FB43cK7M_zkRcxrvdx3hhg,2498,30
URO5fE9ZaS0DPff-fp_7Pg,2467,1
9K424U9iBPTp8AAUzL_32w,2432,7
58T7yyMIJDKVOaPTzK4pnw,2499,2
QCFdN8bwv804q3TSvFo05Q,995,4
0Wk83KLNEUS17myTRkZtMg,2368,3
mni6heVRx0-lYmET8JhyCQ,2193,88
LvRj8gOBHICjBZlW_waYPg,1420,12
qMMUBzhArKwN34VxlAqwHQ,2446,566
-uUGrqEKtiXJLz4akiwhog,2878,66
QS53eFQBPc7mlPg25uEagA,3447,39
T0OEvs3Q-cHUPdveVakDtg,1423,14
UjNOxZ_KrsaDOsbCU1glUQ,3354,7
oR9cQuEnSONdpobbAaikKQ,2256,2
ZiZ6D5LCI5WCgzN6dRbKZg,3008,5
v2z5z4iUgFfuRiqR_2nCXQ,3100,2
ynq_3GcrLTMl-oBfnDdE7w,551,1
Dba3ZHqMxTTmnG8HshdAfQ,1614,3
Fp757umKJP-priPJ5elbeQ,1990,4
ZXTxX-bCeACxrF0AweiDYQ,1828,3
oe3UeITbuR97mv7DG7LLSA,2053,3
IrmD_dWcj_GS5h4pwXbY8A,1522,10
42XZNMnktSgJnowEHOYPuQ,1978,14
l4yyW3GOK75Ur3p0SySw9Q,2175,1
qKXODYbKDyqP7yZ-AuyCOg,1871,8
XWy_zhy_cKsrwzVEoiMa6g,845,8
e_dLhnm97i6uiyuwml2siQ,2234,47
510H8fuECLfjgn1hPBYIKA,2685,3
DHJOn24LR2tJBdydJRsnaA,1231,6
_17JXFfih_8LCoEbj1u1oA,1028,1
NcdcDqY2d1fzY2gO0Iw1Kw,1998,1
ZpYqnYsTfGjnIFLvt5CPiw,1065,6
LqZkvWjJsKRK5UK7Ee69Lw,1526,8
W6ZxDgSQmahubcPe9fXfjQ,2743,55
OFZc6TPdpH2B8YWnlowfkQ,2077,2
I3PwZzAIqIAEYNWtuEIJQQ,2623,9
1JEKHK4nj7MtX6Cvypnx1w,1876,8
nWHB7VvMlACi1yGhTVrsLg,2398,2
QMjEu2jMgxDmXh3f6u02mQ,1626,1
RHA_M9-1HO6TvWsy3XbW8Q,1227,7
8-F6hZx2crz365PIYgYBGw,2327,23
HrWou1qiYEXTyXhqqB_SWw,1457,5
OSWc_ISfiF2L3waNsz3Ncg,1625,12
eLdvIoQ9gVSKr2rsAJMM5w,1711,5
YHSDo0AAZE8L27-ZpRj3_w,1307,3
q7-e8sy9M_8mO3d4Q6DiNA,2380,30
bnpUcIovW1UW_zpnxEmxsQ,1213,7
4DJTtaDLHrOa_svRIAwnMg,909,8
wLBLFKvxEfZlEM1mbAv7_Q,1511,10
pV9xAWuJU8UZh80951yvRA,2613,6
gWMcqUo54MxUFB8dyTIxOg,1634,10
mvY2TCltiVdEdkjxkXCMQA,2715,1
SuukWNKBnjVWy-5YyjmtvA,740,8
3xWGsunIabzXy1Ln-sNMQg,1099,3
gh7zogUa4mFPhGlb0h6aCw,2609,8
YNIjPMe95A3GW9UzN1MRwg,1617,1
aDtXecpNhBJPJX_Xs3LNPQ,3123,13
H4onr7hv8fpzWo9Ffazbhw,3261,9
Dgs5Ths3byXvwIQHmHF3hw,1718,21
rcAXb6e80heLs1_URB_HOg,1425,1
-Y3OU0Nbkk50gCBzoB6AmQ,1509,7
c_DYP6GTxa_U7QFQ-pqM6g,908,21
Aj3ZJH_pCslPJdmhugG_1A,2631,31
taJyNLl_U5jXx9TPSfbXPA,2433,14
GuoxUNNe7PaL4WPHTRazFQ,1709,6
rrCjO7R3kOrFjcOtC176pg,2221,5
mObd1rJEjfuf9USlzv72wg,1433,4
52oOEYuoOKfvCamfeosPtQ,2011,2
Lvd_3mAKyipmtUfUU8sZIg,2013,4
ai_twqe9NyK9z46vfZw24Q,1313,5
TeFI3dCh5ZhG202P8ou_QQ,617,2
LE2eV91r3qFbn5S2LH4GRg,948,12
Zl9FPKKqumE5D4EtBC7lpg,941,14
yKV3IKV1_h4-IT0h33BIjg,1417,2
3z_a26HdFrjOi-QCDx5t4A,2521,15
hk0tvM8mU7b3bvHpMq0WDg,2219,12
z9O4oJNFkvJbuevbkCBgjg,1655,10
7cxy2aMi0gEF1Ht6nKwP0Q,3969,106
25lmTNVk5op_O_Mb0oGIJg,2952,3
clZOMvBm2YTnfGQwUj5z_w,3090,1
RUvbBVYnFxFzt2qlVqatRw,1971,5
bIMjVFsESNIjgjRe1la1DQ,1171,2
uClPJm_23QDHjw5KZfcNcA,2769,33
Aw7xc6zct-PgDOwRzwRhdw,2832,10
toTBsd8WeZhsSMAEALOiOQ,3444,3
CCQbKpp6cUUML9XLnL4uPQ,4269,261
zSwxWdqm7vfQOcedaPEQOA,2250,10
ztqrB_tGHCTeSMuWYnErdQ,1326,1
K2-3RC_rW_9M3FK5HPymIQ,1535,5
qM2VYd87zdtXZuP4_DjPlQ,1255,11
TqzRrJeWVBe1kR6jrFmlaQ,973,14
NJSeFRIZEZITyc9XbI7ejA,1257,5
9ZGsV7zTj-N1qvS6bix9UA,2834,3
sXS_mzy_wP0dphKywnjSSQ,1368,5
uyMVpCHP__YYK13uD8hyqA,2947,1
RnJVVMFtt5nO6BnV3IJlQA,1778,7
pp9h7nlAVV8tJQQpKaYXGg,2495,182
J8e9TjKFuja5V9a8NRck0Q,2037,8
EVyJ9TaA0PRbPKUq9_SlHQ,1993,27
nyWgWiOzgrB8Ix7B2SCBYw,1750,3
v7QewCNGO-F0wW9saO9Tnw,1599,4
D2Kbm13QOlWwit0T8JfP7g,1706,2
Lau_7oiyxj2D7FUjQB0r9Q,1813,7
s2Kx6WOONDHbYsDVPaICUw,2293,5
-IA4YrVOd7_mz-2sZgYR2Q,1268,4
33TsWo2kakYyGQrT5cCOBg,2724,1
BIJAhQ2CMkoMuqlI6OKVbQ,1429,1
A-mTPqFolrCHum1YG7zbRQ,1787,4
qLKagmVan7BVEOSJwQYmPg,3434,9
VRvmA4CP2zZzqo3il62GGw,2665,3
rHkk16Ap87JfKIcbOi47lw,1472,28
PHZJ_yIi7uPNfA0doDY6Lg,2899,6
RpSq59-_gey7WoygLtoNuA,1403,1
4bmhPSp40NUHqMJwbTZsRw,1101,2
cdBXrfXgOTZuS6wmUp1V-A,2867,48
U6GoFj7lmxOqXOmxGmQm3g,2404,86
6AjDticsrHFZoYoHEfDVWg,2676,64
RTBWoGAwFnUdUdtQK5QCNQ,3522,37
wnOnjiuZyt-8aI9ucWX_2g,1357,32
MAJFNNa_NdBnKcI06hOm5Q,2168,4
oj1aceA3GIM1LO_jsgPNbw,2648,44
09oZq_l7M9LAD0CFxgkZyw,1517,5
JKxTcPcBE4sGd9O3HCVLKA,2884,52
TMCIm7SWIJWJS8Qvw1YlmA,1342,2
HERikSr4mVlS5SKsLXe2OQ,741,3
AuPpdQzOu17xHh5A9Uf8DQ,1858,1
aF0_nwJjuxpzto_c8uh42w,1328,5
Ci7JiHp1eYWKfGm2AYzNow,2594,7
o7b_c9TWX3X1x4zIP5bsKw,1426,16
qvgQfM7lgU_HR9-nKVK7NA,1005,3
uaELboVeCAd2qHInqpeTHg,4086,225
vPUkqRcQkxkNOkMEBqc4TQ,1690,6
Nlsn35Mfnq7_dHrIEdtuwQ,2726,1
0E9P2e0idfkCcbOv0aWhxA,3414,12
DVDLRYt37TdPXtluovM33A,3487,60
Arkac4u48eZJg4FKxP6EEA,2838,3
naa1KkKZijI60lVW9pJXtA,2018,28
A17P_HOqkLCvxeUToCfCng,2401,40
2MpaC2GgsZEGytwv2rb2qQ,2030,7
6d64oK62BMcj06HIVtdf0g,1932,2
6SB1XDuNgCRGkQblZrXX4Q,1748,3
XhiZOeBhmJdK_-hE_M1ECQ,1900,6
fMeEsfK9mynaSrO3eRqB7w,3414,92
5vqhNcoa-ulTQ2E8_euLrw,2744,25
dcesxvsyHmcvRq6SDJXSEA,1111,3
SFqi48lQocoNjsob3BLDsg,2582,16
KAbBpY6DG-iKx27CBJBmgw,2318,61
9tJS2M3B6F2aOWCsAg9xhg,680,2
ePK8fP7FKfXxDjAwR7Z4Lg,2525,8
tnbNDUewLvCop2eC8AzXpQ,634,1
ye75vMnQfQZt9Sr-0ECKFQ,1604,2
ng2lcVxm61QTt9KDnsYQyw,3075,43
c_UQCGDxEWxZtV8xF0M9ng,1386,27
XJlRr7NwSCepuxpC4yco7A,1683,4
burF9SkWbE5NUlshL0x9xQ,2774,7
kFRUKZ3xhNhYkOWzIZcnfQ,3550,49
0qNZUwDm4540p0SZ6VXUgA,2379,37
XOu84-luW79KFPlq_zn3KA,1439,2
nKXlSJMEQzdqUQm385kJZQ,649,10
VqWMjF_-0fAd5tc5U3YuEA,3359,5
d7Zi6nRWH9jfcL4Dwi7djQ,1035,8
rQ8ar6MH6kKeSAtDNRjetw,793,1
uCaLtksW3GyNO1a1Qta45w,1369,4
0dGgPs9VqZmzOfz7ajuaRQ,3092,3
cFyz3JV_kDg66ioa6kodbw,1163,1
idV-imzQMFFPEAzGDjDv-Q,1235,2
imYuB5c34aJh2etjvNeyZA,1800,1
ohu6PpQIWkOLZodn1pVAyw,1271,9
J7T4pAvZYNlBq8KHjUQgEQ,2109,8
kna4ZrGE6hiNNSbMIOy90Q,2185,8
04eF9qbwJ1DSKf5abfmssA,2557,1
sYJg3fStVQ0WAdije5lPCQ,2117,24
vALWV650mw7B__Q92paPDA,2165,20
3_Wczd_M8MbFKNnaMvuQSg,2866,24
9qXKz0X_354LnYX9sijHJw,2936,27
xoTI-cQrO1U7vTPHEwrveA,3204,27
Tc9AtxUmS_fb4Jwz9YBh1g,2681,77
r0mkvG0-nYMe7Qncs65ItA,1960,6
DbSxN0yslRY5AKBFvNVrGw,2241,3
XvhfJnFLZK498DhW7phO6A,1374,7
CvXRoteMJTCczqtOGCzvTQ,2545,3
fOZSIgKXpxEgMnHlL65_nw,1672,4
MAWUrcd3p15b7COSEQDRuQ,1785,13
SZCV6KcHAFb6xpLaRbEUsQ,3088,9
sS7gpHeRCDNBcZN1jwTBuQ,3428,13
31NLC_H_rzFVVGNc4lNc-g,3561,20
0K_LdGYRf82R-VEBv_krKw,1424,6
ETUM-AVlSdc7eVlT4Rfd9g,1634,38
fCdDPz5_e-LeQ5Qkn6YTkA,1606,4
9MmapqDOzW-eUuVxM9GM3g,3139,3
xTlFrj0fe6U2dS4wSrIQLg,2280,5
OkdHKNPnmAJRjBRwDduqvQ,3146,7
Bo4ORHrmh-7A9Z4nnlOoUw,3411,15
RHPC4O7dNZtcHN0eyzTY5Q,1270,13
Gh6Ust3qbPoPTGrITLSnlg,2308,5
fwzo0Ry72jD4zrw1SJDnXw,1777,5
lyqSAuMP8gC4ITYieUpPZA,1986,3
K0XNT8hij3qj49gOpptgPQ,1389,1
9_huZyLv13Ljr7nXTJjVmA,2650,42
uxgdKX5Ma60sPzH8u_dhkQ,2039,4
ZTcbe9YLQS0cgA_DDYivEA,1300,1
McsXHIpo_4a_PkJx7YJ49A,2999,17
6FMMutsA-ThZ_RGjo0r8OA,2043,4
D6ErcUnFALnCQN4b1W_TlA,4346,118
w00CVxUrk-s7e1V7r0QJvA,2894,136
q5g6Wu3PsKRiIobPjgMjZA,1322,12
bjZxJZQkeYLx_yYJYfDT7g,1522,38
qBLyuv66tFIypV6uPg8Gvg,2690,32
nM_Zt8r2Nb9Mlp3YnKM-Ew,2447,10
esWoLzBRsBy57eLPVbxtSw,2058,1
g5aWBsk7gcG1tibq4eOkUQ,3219,213
_NzdfJB_w-9EsxrMataPjQ,3373,5
rg_xHeitBLkel72SEyfD8w,2728,107
psjni1f4Ibx21ENIVGQ5Lg,3326,61
agPMXC9mz4kwH-4lZmTU2A,2332,3
ZC70JnhjsC6ERFnmFzCOxA,1161,2
ry5g6XjQ7k9ZT57Woxabqg,2826,14
BceBAi4nnMWiUsKALGMg3A,2969,29
Irh0Uhq5t2Kiq8I0CugVbA,656,31
516N7PjeDB75EDwiK0wUQg,1110,3
ggZEPU0lmhP047ZU8f6oSw,2219,153
i2KFj2IJ42EwgksmHlOTzQ,1673,13
oA1KcJVKUYv3fAqLXyS_RQ,3102,14
VzF4VA9vSmE8jY3n0zr8qA,2398,42
ccFlWHc-a5rdyd_tqYN7_g,1719,6
Ti41k4_KdAJL_BjhsGvChQ,3370,104
8RF30rpFauyk2JZyoEdtWw,2578,2
tsRkDFPlHpu1KRUReMXdLA,1307,11
BFRASDHjo09-yXR_QglCHQ,2577,2
j_AIJ5ZHjYf-yGS4JypEcA,1437,4
zmR9sN6WuemYz-eL7mS-tw,2870,3
Bg6TWL8xGOlJpjwAG8rDBg,1971,4
dj9kcZe3UyzRtlWyva7KpQ,3711,254
jVpPDsTpLb_hZu-vzwrkvw,1097,15
9sMTfiforTdzdJN9nuYL4Q,3237,17
W4ZR1mP7JAOotAhvYLfKxg,1983,4
0rW5uQkD8Bqceau3jYpCqQ,2574,78
_TWLi6dK-dVFMfLUQ7zSuA,2131,6
HUebdVaPn3v-LEDY2Pg72Q,1990,3
5H4u9OfcumSc4qF3Zli1uQ,1590,8
tkJSjh2JqhyRMllFgDXUrQ,1369,2
oAayG494yFPSuiX8fXJOGg,1896,10
viie1tjrIhOOG62mNEyCsA,1545,4
EOvNxbLMrW730Q1tU-jj9g,3057,15
rkzoc4PEpPyJW6Z_MmpcbA,1984,69
WbTUhWt3lwWGQTzS3qIkJQ,3133,13
jkfbN_RxqhLxz9nad1VrAg,2019,3
DWXot-Vr537w9XwJUdQlhA,2047,7
gh-UGK5K6B_KtGnAksUYFw,2613,31
HNBzAgL0pM3SmpoPqpqzOg,1430,11
FgM56JPP9tHwMnVDLiIqGA,2447,8
vGcyM1owYj630Rep5Gw9bQ,3745,33
QqnwUr-eCHE51Apo45LUsA,2894,11
rT-aKz47HaJDiAwLytXz8A,564,4
b5XzZLpGb-5B0ZuLqJaLRA,877,3
ARnipoACNjCL6QOGcAvosA,1247,5
8mr2dSiChy41mHVCGFRb6w,643,5
OCXF1-0nJ904SAuCDQFJDw,2932,30
m4EKwKafwMAsZkisy3dtnA,2457,25
DmGN60bdczJ7429ffFiBeQ,1126,31
AMJw_5jTLUl8Oryfkh4f0g,3239,25
iMEnK__am-1oAPDGAO1_IQ,2344,13
zsB1L0kR0YzaBmMuKsZbjQ,2851,16
_uY_U5oA6VQxH7iSrywjeg,1605,4
lBVjwbM9QLuluj5cT0KXuw,1929,13
uGx3FgknIoPv9VrKpjr34g,2183,7
TEJ5gA3ud2KH7HAJIPa4KA,1372,4
XVqZRRzQvl1rpFuGsZ1x_A,1326,8
dWuKF9DQREMlh0tNYpt6Lw,4212,8
htCQZAC9m1-di_s7QIF63g,2312,6
j0SXJX0ap9daRMWb71yfwg,1895,13
N43rc5D8p2Wf39_8Ma1hqQ,2955,2
hxDUcZvlc4fyQgdyFxTcig,1830,9
Iu8JmXdqjCY1KT-8Fhj8kg,1346,15
gG9zMBsPWlYYqvAgTQRTlg,3326,25
iJefKc8zqAYIE1XGI_9Uag,2773,25
Ut2jkVDBb1M2mDTxkeByFw,1333,4
WCX92ONCqvES7LL8o9RW7w,2429,4
d-Bj1R3HWVGzWM9FztkKcQ,1181,1
yqewcYI1HW8jCVijhBUgVw,2665,3
zoBHWd2pU8WJpP-gsK77jw,1081,3
QLbp8VzD22MWK6V0BQYmEg,2019,3
JgmkJlwV2JSEhud62fNpkg,1801,3
7ouP4UL7i7Xoq8X1dG3kLw,1972,8
pZ9rkar0h_xqZraIQxY4iw,2369,16
imu2v6D3lG933Mv0AKRXfA,2011,7
ujC06ihBsUohBA82fcSMmQ,1364,15
M-S9awu89RwExcbMm5RqiQ,737,5
85pj1Wk42xOx6RkUwv0g7A,3756,13
muIth53OKpUHD8hZ3h0-Zw,1698,3
kvcf5cLy5DlBBkJIioia1g,2970,4
0TKgubcXz-HCnSBi4RVp-Q,1314,2
VMkrF6BokAe_3kb3Cl8QSQ,3637,8
aeRJxUF3Xpdy1e9_T4HMZg,1196,7
Ggxw50sRVg00u8tMBjzUEA,750,1
ihtd6Xt9uXg1kIkcYgWXFA,905,5
U_l5peneeZEnCr2VYR4IhQ,2353,27
erOt-YXq7DFfkkPkg9F5eg,2828,8
pB6ZegxQmg6gfpz70OTeJg,1834,8
_dxek11flNDj9Z9eKjxZlQ,2090,9
1gdaDa9XSoD3XYG8QrQ_6A,1393,5
33yS3cd5z24xcuvMNbP74w,1657,19
VkxEN0QlRhyU2KwnFqr1dw,2589,7
Dln9H9qc9EbKaC-c0FCFFA,1162,10
r3SQUbJ01Lpfci_7Sjemyw,1825,5
ERCTqVG4tCEhPwBjTswi-Q,1795,1
6aKtR8_faekcwbhBudwJQg,1603,14
n9dpnpwxkc6CAuQVGF2-OQ,2739,10
jEnbhGmVaF6eln1cfMFUpg,2089,1
HbawNx0nhm9SpYdXXMrGhw,1258,11
4cfXc1meTdKclL-4z9Ngsg,3180,5
hsZj-KbijKR8r4ytP-iiRQ,1013,21
mIMkqpZVo_vsX5IEsui0bw,805,3
ObG3pV_jc3gFTX4YLSXvZA,1000,3
3xmnxxr1NPX9fcOAexU_nw,1344,13
NPW2IA6ibjfPC6s0d_oDSw,1378,1
auzaMkos0gVj-RzscGAmXg,1462,3
Dhssc8usl7HfdQj5wFbTow,1957,16
GB3bnpayfC5npBlv3xOAfA,1766,2
cK3ol54WWjzz4WHGtMAy0Q,1729,10
C2ZzyzYbb3PNI0J_FkZfIA,1070,3
AOEbrTfhA8ObK25q0pm0TA,1408,6
T9CvNxB2YIj6_qmcbrrSsg,1052,2
mhbKeUbYK20d70Y2uTgl5w,1399,9
m_DKr-SpW-5-XIDTInfq5w,1050,11
hZwFu7yD-D69ggu8bPIaOQ,2193,11
Kbc-qE7XHo5D6Pj3z4d4dw,1137,7
lXPXgNC3-amY8K4fvebblQ,1018,7
5OjlfSnHlLAaGP4XgzeL9g,1274,11
sm_rNay9-9qsqVFoQGBVcg,1066,1
QIa05-A6g1WpTzdfqi5axg,1250,17
pQFml0nG4-pzCFMweGIXNQ,2442,37
nTAWrwz5qiYPG0i_ddg2Rw,2102,12
4X0-3S7Ysszfkz82YWv4Vg,1962,5
7RMf7MrAQ8D37ZKqgfm87w,962,3
KXRNQB_hnPus4qCFz-jqNA,1795,3
7vRskm52XXEmh_TKwsax5w,1584,1
qZhUbYHPF4OA0BSLJtnGXw,721,2
KdIQh78MbsbZ2Aq0pqZv9Q,2503,67
P8q0tWSf81cPZPxOXAdKhg,2018,17
LZWflNJXDQUX2WTAIB-DDA,2912,8
-kpgUtNS6Q2npq-c-1C7Yw,1241,15
AP0XoZjyKfQN2ERVJo6dhQ,1490,2
gKyjpST4PliiPe-fTwga-g,1690,8
qaUGCnhxovQcBchahxS1mQ,1130,1
l4Hb9PxFgIFwLpwK1Eww-w,2038,2
rfkYGKoJ0a7PC3GYY-xexQ,1059,15
jNfr0BGvqgJ5l3mdVykg7w,2452,3
n5ataEy6AeYsG2dJFwwtyQ,1923,3
DywTahqRrTIpvpwhrqukWQ,1789,6
tT6yIWZYJn1P-TvU4mmShQ,1931,8
cEfjB8-63EsX2pG2E7Cdtg,2309,5
ovoBSKppAZgPvc0zydUl7w,920,1
_9CzH_rzOL1bWbA4NfuEKA,4278,56
jo81c5ZGZBCX-ywBD8BCZA,1047,3
GxxDAOx4N6-83g0N-qO8Ng,1100,2
Q7UPQCWW50Liz26Dss2HRQ,3412,4
PwENceUobfkCLi34V95Ziw,1907,3
idldLbtZmFrW_DFeqeP8nA,2138,7
IPHnaG7cksU5abR8s_zKoQ,1447,7
fASVdTeh3X3mikS5zDRJ_A,1369,56
HDPJuQdSjrc_Po-7zVgZ-w,1333,5
BjtyWCXrqaonKJabSv4Pyg,2383,2
yzBmJ8N147C2wRWx4bLZgw,3568,3
KWfaqqj1BcyzuCwxc2PQwA,1375,13
NF0RMtzzvVzml1f4uvsKig,1097,10
GinRxAegBbvZ-qdrcWBUaA,597,1
5x75TdTPv6wtAGJ90kM5mw,2536,34
ZF83aSAy0N5Q0kxWHmfhXQ,1372,3
jh2dtABiwTi8vI9S8WOl1Q,2618,14
qkcmiJGyoWC2tcawV-1TaQ,1095,10
RaO5qp1VTZRW8ZlIWKEVRg,1943,3
VYoX74hRWldrbbyxd9HZSQ,2858,5
YFNVC7sZ0AG2_d8JDY2Wiw,3245,1
7oHnP5-99sO-l7Zw-DbK0Q,804,11
VSvVRo5UT16exYXuVYZHlQ,1959,3
cV8WwLY_4LUqLV5cx3veRQ,2507,6
wiorbs7nt8kIz9NFzo9Flw,1235,5
cyB7DPDLx7TBGcGed0cB4A,1447,1
ZPUpEOc_SWJk_1mMqCNdPw,1132,2
4qSo3bJXG744lUk41bT2bg,834,1
RXvGPk6bVlYCFJ1yPZOiFg,1440,7
alG97HY_cJsiiteo3XFPwg,2977,3
d-OvmHiZxhROYwrLH2C4yA,2933,3
RnvVuAEE9Zito9YcOf5AVA,1040,7
1oBkRAVyEvqUG19NeJGo-Q,896,1
ZDeBMRPnI95dZ-EQ9eV7HQ,1170,8
MU8NYqHeB0hmGRNcWSGGmA,2325,36
iM_mE1oYx6RzbAhSkxZ8mw,1682,8
QpCagGtfvUDCHm59NncL8g,876,1
lYFIyXfT7qx9-h_GCt6YZQ,4253,35
8Ypx1PrMXA_xDRtzi7PfWw,2277,24
HeVOsf5HyHT4I0YI67AANw,3672,47
EfCuN2O6LHmxUleYT1_JeQ,2111,424
4Qijwb2RDiUGc4SBjA2lJg,3025,228
YZ7WPYfqGLq_og5jMV2XUQ,2206,23
sb8cvl0bNak4lBLjL5RngA,1287,2
yYQRiWUomyMDL4IBQusxdg,2692,194
-w_E2hJisr5bwbefMnAjNQ,1155,2
XWGOECipzPW9703MKgP5oA,2360,21
ZOP2RS2N-HcXsR1JsPyPdw,1473,2
RnmX0OAv6fcrV9Rp5Up05A,1325,7
zNUIxR-yKpiQg47zcElsmQ,1863,2
xXcCk6vyJaPNOZl7q4yltw,2559,11
2fN8mN7uUjOw-QqtcgYqXQ,3747,982
65_kTuAxCe4-ReMpTy_Z2Q,887,2
tEKwifwioOKuInhmn4o01A,3388,16
M-xyh96u-BhM90x6NZnqSQ,941,4
Rk7jjyko0244ke9I9vmz4A,1989,61
hFLeGUGZkFpciz4I0MvRZw,2480,62
LC-Up0TDhAYxELIDkdzRTw,1556,4
cVwwO3N3LhuI_5C_7_WSVA,1455,57
pUYye7rGeGIX6zLxZx0U6A,1251,45
k9EsJ3u3Ov3u2awnvsd6bQ,3091,7
jOiAyk7Y1SFU0bPTzQLLwA,1470,5
ThOUIhYFfM9VeyIDkF9GQA,3883,103
39dROf_ozYIyznbfc8bMlQ,1743,6
0o5-TajLtrM_OVbO5g5xxQ,1707,15
NzuDME9rvxawzXfv74Mguw,2203,2
9AseL_KAhWjnqtNXfPRGwg,3480,24
rGRj62MgpghTkMUVjZ_Iog,3135,4
aglj36vZF4yToayO6ccAkA,2506,15
ttNYVIFY2AOzC1YnGbWiSw,3221,20
HZFKvjYLxZC4ki6wAPbk3A,1004,3
poJdAmSgyqp7uiTVgS-k3Q,1542,2
9t2ZkwyfiYlOv3tr1GXHsA,2210,1
wCJfkv1OJC5iwH06DWreOA,1205,2
wLyG83DIr-RDuv2DUPJ_NQ,1157,5
Njji9W9v6a0oFJgLjfU_4w,973,3
Top64DHvKOdgo_e9sNbtgg,2561,56
YrDnHGo2lxtzwVZkDdRW_g,1994,8
yZ3pKfxCAgpXMaAdgduDlA,1865,88
_N05n-f-KiXqr-ZWSkuP6A,1163,2
_-QZrHCiQkOPTXWzLnyxdg,2078,2
x3Ul0Wxmf5Wh7809WYcskQ,2567,14
M61kuyV0snAsZYWCiGjlZg,1141,95
gL1ASefklu30ENtldQg2OA,2452,15
P7d6ctPEjNaP6m_I_THHCw,2338,54
UhcKLLQS9I1qYfzm4rJtyA,3235,212
2EeetOqMZPS9nQv_E1yjXQ,3537,15
FUe96nh_igQ1-4XlJxFSrA,2515,172
d6G0w_e3GaA90NSQeovShA,2467,6
4JjXNTQim714vzKs81OCjQ,1547,119
Ei4vRUBKR1jXVkT1frPjDQ,1621,1
Y_sTLMS5X_ajNPvqKvFDLg,2724,6
py2ShbZzNoWSdSxoSINz1g,2290,102
0rFuVNAIBt13ld4oZTnJvA,1142,6
trGiQWWedQv70yaNr3mORQ,1624,16
UGgC2BAEglNl0H-NxQY9Yw,3178,13
FGzaN2q6wHxWOPcnVQ8B0w,3305,11
1kbPD4O-OQr5gMgSZEJqjA,1233,1
Bla4CIPFN8UTfdrVaZBYig,3125,424
3YSm003GKfE_li_Sc5h9Nw,3610,382
8P-9-N3bJD8_qT4dBBad4Q,2381,5
0WkwmWIfIzE83EwHIo0qWw,2346,123
cO6Nvjpcjern9t-br9Ml_g,2116,7
qILsWWp46DyVMOgsqa3rUg,1131,2
LmoHf7B6BwOyMjexocc02Q,2683,13
WhFCohxhEeLcVMHHCB9ndA,2471,45
Rv4HmycuQBCiSroIT-sybQ,3111,3
htBkmVsnjfqfDURhF9cHbQ,1564,5
xJU1hRzYB9uQIfCg3j4H_w,3834,18
aj6bkQTIqnc2W7cMH_GCAQ,3002,54
w19i9moH9ziHPJHuuzAMCw,598,1
KtAxpEl9KJ9P7ZYnMHCTqg,1186,2
93GVUQC0PHEoTLRZRVXJPA,1314,3
NaCaKMV8cgHa2jl-CWVt2Q,1613,19
MmPUq9mWRHtBskfa0BNttw,1490,2
UhIiXzzE4RIsFdnLoLCEpQ,2090,9
SGYekSwCi5nq_-eyas4X5w,1280,15
eAxUkcx72pncwSLb6XkQUg,1003,12
p4Tgb8vhcsasRWw21iaY6Q,4281,34
QfiGLMgWN4SNoSAKV0DWXA,4301,258
9RVMVa-jur0ZrAIScX1TrQ,821,17
41oEllJ1J4BhR9R3YENAjA,1754,4
xA2gCk4V15kZdjMOXZNDCg,1371,2
WUhesSTU89k_f6HihUXCBQ,1949,2
nFi54JK3t-ranKUDoTTVFA,2700,4
QkWWQSDXX1HT05w9qhYIZw,3257,17
KOU-oJxhECRLY6RCrm_FqA,3322,82
b-IwTtqOxKJespZV35bn-Q,2649,22
0k4ZY5M55ceFdbw74AS_kA,1888,8
JntXB2etSzXAO2AD5lYieQ,663,4
debagx87CqpvHYmo3_dIVg,1760,3
FrHZxjKWB1_4KIREnoRS3w,1137,1
GXQlVRXfz2AdsxtQOH0IZw,2235,3
9MabhcyQuwuG-hhRBoJ5BA,1776,1
hgE1rG5Mt8277ywSPFuACA,1637,13
gjnyxg6cIcJ0cWDKhNm8Ng,2154,2
0Wza1bI6_ALOXPuHmHBsLA,1951,3
xk_ZZ54S374PhA7uOWM3uA,4026,244
CNxKbkt-DeTa2bZBhn-isA,2602,109
E7kMKq9JKBU513MtDS8hJA,2681,16
StyRL27Qj1Cy-yRBFuLSAQ,2687,217
DCN1KUMuKjYQynAj5VL-Zg,2658,362
CCycnfTo33mlESNGoTmPvg,2477,1
6jXRyTg-xKCmxs9xz4N5IA,1947,4
yKTQl3a_YVTaLj18ufMkmA,2438,6
8qKFTeH3e-qrxY9gi83eAw,1637,37
VsXUJKndrrdHa_9u6-oLaw,2658,12
T2LcS3dZm4YDnHczRyoFsg,3064,14
bnMFZrFQcUFG3gJ5gV7KgQ,1534,6
jF7X0CHBcfa9BQEe3rvcOA,3523,78
-DrY4zShd5TOrQD69-nxaQ,4109,95
2K_-DFpCQAJVrl-eO-zkVA,3442,188
DCLb-N1t9PFW7cZ7I9OrFg,3310,14
xvBXMMZgQxTzs0hpYvFbmQ,1867,11
Dnm6V8oiNmcPpjU5YbVi6w,2362,5
0Imi6Oo5r5hFOEqyGcS8hw,2716,82
uGdF7vMKOt5WP_Kp9ezhdg,3236,124
YYaDp9yfhXNvVBjEvOuu2w,2190,11
Bpz7zOmm4KGI4h-VF_Ixsg,3251,39
9Gn8SxT8igfgRXRl4ABg3A,1389,232
lM39in0u4CQ8ldx9sANKRg,686,1
VjaE9w0r3pqk3qoLlLoMOw,1054,10
xYxu-cDjDUVSwRBpnuHgOw,2365,62
T3_cudAxxhUtNCWgCXfnTg,2250,4
bMop5bO8tqRFgYs5GH4oAg,1057,5
v4-35HRgvuEZxnjDdXEB-w,2431,6
HXEkShPLc0FUnsPBYv_bKQ,2276,6
tCppJddXJ-IQ3BRatEmXsA,941,6
69gY5R0UjGwzWLDrTlCj-g,2933,21
psSWFzbJ2KWRkstjL7Qwzw,2019,31
s6UM6J4VnTvlPbmG_PHo8w,2064,145
582TxJfvXzKbc4EZwoE6iw,4005,27
9QhI6ZqdZNIlgLkFYu0LPg,1622,19
AzcmhFZ-kgfn2G8l0r6xlQ,4106,60
NK9O0w9dUOXrZZ_VHq3TXQ,3206,151
lthKnniTsGGkgw0UNeuN2A,3330,9
eF-wUiTCG_g8Kwf-WtXc_g,2267,15
cSCdOYc0eG6Kf5C9NQEEDQ,1502,9
NcUQtFjG7ROpypYli8e_1w,2843,50
rXRHYJ1A1EkJz4V3j0sFEw,3295,12
LJF0rPGfUavMKW-_8xfq5A,3292,94
GDS9zEIJhVvs6fx1KFiKQA,2165,19
12fhiTWy2EkMb9RTXvJReg,3160,220
Xds8mh6Iq1Pn8ru24S4_1A,1291,5
h-95tMo-HQedWWyyXbqJoA,1991,5
jt49xjEjQisu6wTTGn6B3A,3106,1303
kn917zvpUu510EfLNtEYYg,2550,11
xVnQBHLHsFQTUvinc2IS7w,2900,103
bYpBVsg6ubdJPy9kq4dBnQ,3170,20
Zx9Y8WPHvnoqWKm0eP5xSg,3991,296
T7hVZP54xtT5DcsgcStnqw,1913,2
-qDiotF8Qd0ThdLNEpg9Aw,4394,260
8dmpOHUiWWQiKSzeAQsyVg,2784,115
lqf3VwYvo2BbfvQoPaSofg,728,3
fpOUC5WEunBZk-4d7-0xUw,1986,23
7y9jr8Nm5fG_qLCFKkYfNQ,2889,11
__ngFXgsBc1_SVa1cuWCAQ,2077,4
0V1rn4vSajZxKYN7yVXLmQ,1568,53
WNVAIRkaRyoVa-awxMDz3A,2449,3
pofZywtaUGAb6WpBTv2fqA,2270,2
o-4TOD-NsU1JYoTCvLiBzg,914,1
VK4gp0niTZBw06CEMP0ZJg,2465,2
CFT6q9lF5lW1NzUixzuexA,1956,181
TxrZyzJ95dx8aifAt5WvnA,2656,26
4CMjmsVuJEMnY4eT5RErGg,1138,2
nUiyEotW8A95Krck_KZ10g,4578,132
d6wPbXtLr5xVLchzUZIkKw,2865,7
mspRhmGN9VYsRrQbrCQsEQ,2706,4
eEffSj3q4D-PmH9Ko3Xe5Q,2626,14
ARznNmjjn-d6cnjuzxLgpw,2238,2
IVQlRRuK-W0LxXqkWU1Ybg,3184,26
ojYMDZV56g5NeolSG1melw,2746,39
U5_5JhijUd5h5dOk_hC4Zw,3901,142
RncDnA51YTQReP7xUCSfEw,2707,4
ZAO0OTjgS2qtK165FZneEg,1991,14
8xMugyPyYypCadbPWWSCog,1198,264
loulO8Fwi4croFknuuuCaw,2814,10
mwPS8KhjTKTd9tOZKWv36g,3863,40
5IBb0oqGtQizMhy-VgXRww,563,4
oFeLPMJrtwBNpBbHE1-SWA,2691,26
X3iiQqo20DPKLbfbRfR3UQ,801,5
aca8j4f59jvdwnejQUwsxA,1450,7
UAasviZrUbr98RmAukU_9A,1863,193
u9EjIncMOKWH-8BeXND12g,2025,186
96RRFNQCDXtfgY9dCA6Zpw,1928,3
Dc43j8jCChaPZq8o3L5jQw,3341,222
w7YiOU5oZHFDOIzlhK3PJA,2746,31
x3OT0hXmYOtCRBiW4MdtcQ,2686,11
qeRiBJjCrHUGevQZ1lbD5g,1320,29
2EMNb3AUAvJzSy4Dsg0Rfw,3782,426
OTniw7FYNoSuQvQX0auV4Q,1797,2
E-E6yzp-yEk92IyT27FdhQ,2817,1
z187DlzY-pYgPubnrQ0WMw,2705,7
8ClTbcu3dBaG7Gt-LsQNEQ,2454,1
1hnlhhuo69FjyKL6fNt9dA,1891,3
yiqer1_gtt4hA5aAYpN1pQ,970,11
c1jjvPofU_jQhT3i9Rr1xQ,3734,171
qOBHXDGYyfCZbewtV8W6KQ,1934,12
0NNrJ5IZGlA2uzbwSxWcAw,1375,49
bLPoA4BGFG4h4EyhI6EI7Q,1899,18
Wq-kuDOj9dF5bJNlPKp8Mw,3245,45
Y1uszRCh10B468F3toXWvA,1629,7
taeH8jJWhrxN3yY_AKsmEQ,2097,50
XgYo-gXsuT_XITxAv8AtTQ,2991,9
pFvSbOTyj95uPgnaXircRQ,2951,14
lUauxBupCH0LCoH-_IqFBA,2627,106
10a6NtI2PA6P-g_88ckxcQ,2879,1
tH3HIlnKt-N9cLsJEwkt0g,1059,1
J7vqinU1KWf9VC5ifpTWyA,3607,228
AeZlLmJfQYoaNQToHpkzBw,3606,39
9TW8bZ2FdJ7IzFGBJZieXQ,2739,9
r1qoWeuYG_NWuE-yw-8hIQ,2936,8
F2XDQZWcRzgRW1lPwfZ61Q,2652,5
hHIaYWvJWIHp6vjym4Vyug,2935,23
jkf1rLwn1utCAEOeB4SB4g,1669,9
WvMUboW453CCOcxrZa9bKw,748,12
6US-UUyl_fFxBnIqAxY86A,4071,490
wjMq29E2AUp2cD3I6JRbxA,2733,1
udirkjahCU3d5vXp583_Og,1386,6
0znP8E_xf3RIl6qtS6lruA,3712,90
-aAZNC_d-6oPRMG-ZoCpXg,2689,14
n5sk1eN2tNduoGXLgjDoNg,1418,3
vmWE7532k7vDJibqme1t9w,992,11
Di7iSiTcpT5vz_RZLUlxBQ,980,4
3q4z6R1y4E6u_wyc0Celdw,1549,3
wPzaugsDY-TbKIW0tCv8Kw,1093,3
mDIfsLQnfud0uGXKi9lAIA,2664,17
xvvtpwlt6uD9MA15xjRa1A,3089,258
dfHYaIcoA8IwKZkPGka5CA,2900,201
3fpWyYMWlF9Z7uvdmRX0XQ,3260,47
PyCIK0U4pOfx4sbWHHhyBA,2367,422
9ygkdTe7stsMi6kvWrhjMg,1310,78
gFgELKQnuFjPsmITmO9ElA,2340,4
hYJfaLNIvPb4xhM747tLUQ,3393,14
29eJpg9lBOcD-zav84zFiQ,1894,6
dv-o_D_L1Oc3fzWVxKbm8A,1345,3
M8kFhNaYCMr-BYUeZaHbYQ,2967,13
pF7u-OTQ70mvJcgbfePdXA,2786,67
YGVx5aF6SwLZG3UFei3IcA,2865,41
Wt9NfU6yKziM_muMdYlwOA,3198,11
W9La9B6qD1FHuSo10-n5aw,2987,4
NStYMF3N6qSZ9XAeuZvhOA,1038,39
NnhCMdwA5LErrRH593PmRA,3694,41
bPEtBz-wN_TefchPq4arFA,1674,4
enUfCxtRRu3QvHIbXlY-Zw,2132,3
g2jN8OoUhMlbqOg5wF4-2A,1143,6
LXuRbeyW7-RwrLakWkSDlw,1184,9
kAK8uprELGaSKB7qA8zzEw,1151,8
H51e9tBIcm5NYVxDJiVEjw,2222,5
fcwkHUdu_0k-cCmCwqUTSQ,2227,4
wtKV74sECBwuI3fFr2QK0g,1864,1
oykPGjW2w2b8tyGUcaNaKA,2973,5
VuXdDd0bIykRGvTUFhJtHg,1049,1
8r5xtJdKqIs8A5wFjoHKwQ,3088,12
cEUfOLYMlynGCZ8_0G8J4w,853,3
dDOM-WN51A9L99rzj7PlLQ,1331,18
ld0m_NTQxO2p6Q3YyiTeoQ,2930,105
gJ5tAk7jqaIX0bFtGjATzw,1842,10
kbJSPbqkqmFEIDKaDOS0aA,3154,12
u21HDlhQkLTjyWrcozZKcg,1711,1
JWcf4Ek9oiv-qDZTRkzrgA,830,8
PD9FnMjI1AjRZft0hGwX-A,2384,9
dsO4U9t3NELNLBSyclE0lQ,1472,5
UT329Pl4UFNNWtjX5FDE5g,2671,1
mCpDPGed8tCfnxZljC2kiQ,1238,146
8AnoTyrN5Vv6wx7gLFi-kg,2640,3
xKmwF7pmwlVXmES0AXlhxw,2660,28
Q3ZGdsaxNwfFTrsRXgSZSw,3137,3
FG93vOuojUyh4Gg-0qJ_kQ,1637,8
CagQuExJMhcFl9Vxcnrzhg,2097,52
Cy4tBNn0qTTV3wLTEJ0v8w,2101,12
8moMG0I2ihAucpx0157-OA,3935,276
N7ewybgEO5W0Z2cvykkQdA,1389,86
FCvPXv1fh6SVuxS_NPIZfQ,2732,27
BWU8SXMNNWFKFhyvQnxDVw,2695,14
mQiOdLzL4O9mOkXmPBxIoA,1670,4
ElFHrElmKTV6mLQssvLxIw,525,1
V4eqdeg0fKHoU7PlrjO5_A,2285,44
poqp-149BhbfN8u45mCrTA,2919,12
hFUKoVnxEAgkhn5_I6tJ2A,3500,51
9cRz8HxFOwQIawU71BLz4A,2410,16
35cOznQiCo8pz_NBULvL_w,4358,122
OhyLnrkBlkm8AtcXnH47hQ,1657,7
XhM2A-zndfNiSbtOZVw4pQ,2138,96
OqiKbfIDW0OH0lKUd7riBA,3354,10
6d8yS77ZBGpKOiiFn9KrRw,2614,3
_kp3hr0ohALINduHTERs9Q,2032,87
bJVDloNnpgRpdIw8eFSrdw,1756,14
BnJdWda6l13xc0HCQWp1Og,2545,14
2JTqPLr8BvLrn88WSbPZjA,2690,50
nbjM2pJ52Pz7OHIc_YJ34w,1788,9
hAdia2S1ZBOaqKotlNkCzA,1683,43
J7Jqzqia66BeWTnmaaPBIw,1283,30
IUkocgGfUUBI3WJ21PcOzA,2127,139
M8mL1MmQhVLDXkNPzWFIrQ,798,10
3QWwdEtcreC2I_WfBUO2Lg,2148,11
3phhlqN5HGmKu9BWwXd0Zw,816,5
NOgDs1CqiTqKhccjg4IaLQ,2611,33
wXDs-7B3yOq2BpvIPUxoxg,1268,11
7WxpyqeX04kkFQGH7VmKIw,2444,7
zP7ruRiAbhUZwORCpQDK6w,2398,6
7KvOdaQNnD3Rmr3AoNX5hQ,1661,1
Eh17jI_pImKhDg1XFs4E-Q,2301,519
e2_UWFb14tT0cVWJ7CMGFg,3431,8
jM9KAKaMoSqdNt7Yfnm7Rg,2232,5
McbI3YmU7YjSOMjL5CIjbg,2974,9
_qiikjmZwa3Ksrpbg_R0vA,2434,18
uK510FI19aWo49nEpHCmHg,2430,47
dACIiz3C56ssohVzUaqbIg,3129,1
L_eMeNpDSljezQkyyLMFzA,2206,10
02lZFjn7S9ZQ7gFjjl_2Qg,3022,8
FXo3wDhgZlQov6-sxYE63g,2872,33
hIj3rL4dH3HAS2wxsz94Vw,940,4
DkTwcxYQAqCzkJ2QIQdwHg,2010,118
j_vNeRzW-kTcYQayrleqKA,999,1
61xeeQrsst4ISeH5_TT-tg,2326,9
xiWuxjWw2S683Syir425Xw,2450,32
fdVCBVz4VWLo2bMbPsco9Q,4985,283
11lnSde5FZskt3Kn_3xU3g,1492,138
iqf0mMeU9ZByE7OOXCRWWA,1226,65
qwHaWihdeWR0vk7N8vhJww,2793,18
DNN3S7l12N3eMOqZlkdILA,956,14
iYQJD0vmS_d6GkdbqDZbgg,1222,5
UKW0u_0xpKT6b90IlmCykQ,2622,14
ZpaDcVs73upcK7rVM_VJuA,2256,16
zpdV1Gyu0sY5mAEpyyw_Ug,3306,4
BtFcFud956dWeT7fCU6hcA,2882,4
iftmqDJihie7JYJkoxwsLA,1957,40
y_Q2BbD9loT2Iy7gx_7g_w,1926,33
lGCi8kaDiyh9sOfzs7Ogpg,1192,10
S4sG5HSODpNPKusgL-i3rQ,3105,32
BvPoCTSf8ubtCWan4CA0jw,2844,26
n4Em_TbkIMII_uMCii6rrw,2026,93
XmNpyVtkkFk-T-95x66Paw,3495,51
y27f7m0at-1Hgj2NSeJyYw,2726,7
GXoxdyCgoEeHaUYIkZLeZQ,1717,12
1RKrCvsdXkBs-9Qom4QI2g,2795,7
jsw22_lrRTY7NWoUgD2xvA,1065,1
Pmkl6U3mufKPrrqkD5DLCA,3216,3
Uhu7Nf15CuJBjhLM83qF3Q,1461,2
Mj5mLFirrr4_jSP-uFTL5A,1623,25
-o1R4zh6bjkFyLvW-2IALQ,2896,16
_f7HrAG4IGPMM22vjLMhnQ,3021,131
WkVXXH3tvd0BVIsSLL9aoQ,1172,6
u_Uc-CC-EVOiMdIUvbSqxQ,2712,12
cFdKmn2t1kpkekoQv0juCg,819,2
3-r-6ilxisfjAGRdvNrjPg,3439,82
oSqQHKIQJG88fbEN2h0PWw,2095,17
JYUprDG-SF8xt9u3WuksYA,2802,4
m2jl5ZYKX49onNMrV5l1jA,1951,17
2NrgUbl5Qm8e_6Se866TEg,2700,355
5-wgp5h6P_qiCzlhlKgrvw,1767,12
qUornmTP-sViiarhm-pZOw,2063,3
3_GkBZ9SnFu_zEKHUSUYIw,2868,15
Ne76dyma174tPu-HAvLSVw,1288,8
QSmGKrTcFWNuSFMjT2saDA,2367,19
5gdUw32Efed23heZPedPlA,3679,18
x_SCjcSU10TfUKtRlHBnvg,3243,31
TRdH2UkcIhqx8zcsoGAN3Q,3609,209
Eq1oSV9D4-_yAzzzFgPDnw,3668,43
4hj-rUKdY20Un_h37RptjQ,4150,532
FiCR7moMbwPHZOvuby9JHw,2373,23
sRa027GzPvW48XMNzN2oUA,3144,24
-s-fa1RzzgPi8_HS_BHAag,2488,15
7iZqkTAFRZPWlfewUp12nQ,3474,6
B9xhPAzVdKap98kwxDTwBA,2150,28
FI-z0Nm_BLToQ1G7nd9jqw,1419,3
YB31ZAUtbQwiIjpJW2Jhzg,3697,70
5Uz1SrE3PQEfmEaTSqRKUQ,2694,17
pO9sivTrlYRViT7g7-kEmg,2264,5
Sl0a24Mgg4fEVfBbcEuAag,2235,19
9fCNtB_WQAxXYarpaVYg8Q,1908,15
Y189wtEjusrbCtV2EPsg6w,2609,7
zDzZaS_C1DNWmvsriHKPEg,2548,20
YNG-M3Zjx43DxKnIw4eSig,1071,1
xYrJDMqro-b_IKjMAwkYag,1463,5
7I3xrMFZ9Ekvq2VVc1gj-w,1686,6
q3iDfHni1JFgFn8Mr40J2w,3072,6
NRTrjVs397spck0jR-1oxQ,1155,10
VjJU06CLLsF_FClIHB63pQ,1438,8
0rmdbQKgpIJrxr_2FVCN1Q,1712,83
2FySTvklt_DJjSNcGsAKKA,1243,4
y3fT03T7lm6kP2LJUT2New,2670,99
Tc-DY4HE7Wm8VTQbptZdXQ,1656,11
YoYsAZoFR27gnjyycw27NQ,1429,4
qKQvjQgacW_fuUJ4-jPGZg,1387,6
BkKKqYBJeYCoUTVjuZgVPA,1709,26
aTixRSQJm09VOx5_c2BS_w,1056,1
NohaZQjkK5NoPJiPcwjYWQ,1361,31
zRh5Co6Zbp41FTbUBBZtBg,1835,13
GVHutFLbFXttWOtttR1Cuw,3395,12
p-XIdNWYcjgKej-b6f891Q,1707,12
ETUJafSUn-B3CWu9_pu1Pg,2943,14
K_vkeJXfgGH66upyj2B_SA,1182,2
OxE0QBa6m1399S8BXigIsg,2098,180
VV3sUEU7idlOOgAs-t0HYQ,2846,6
zblUTBdYrrSTbkNdEfQz8w,2625,5
k2AkrAXsje2LbxtyB084BQ,1002,3
gaQJhjUy3mRAB8EjZPZFUg,2892,13
Kbskt7ASBaW6Q1FkVJcjIg,570,35
QPsTWMns6I-nMXAfPBPgdg,3321,264
fmMbVFUCIJLBDmP-BU_R0A,2286,3
KD2Yk15wxk0hAnzlR1eK4Q,3059,63
kSfthiWB4X4ngqwD9IF4Hw,2811,9
sTjv9vCrfJ9nNRtYS14ngg,2916,24
75uoSp-oifvWzcOo1zZdCg,3191,7
MGPQVLsODMm9ZtYQW-g_OA,4000,1776
d3VQ-2x1RoYnOkuSQ3jyjw,1094,10
cZl6MJvgUMHCQIrlR_S07A,2061,21
NPrp4Uqbt3bAPaNbkEtZRw,2802,3
H5puDWlTLPT8nSWlPv_Z8g,1018,3
wXUZejTxwrHdURLEHWR6iQ,2626,4
6k_pe4gmIW1qJExJjZRngg,2012,44
kMnnLUefUVr67YQivfzkCw,1042,5
vcfHYkIft7FsyPdtfaVaeQ,1904,11
_scuurszgovXEPxFQyGB0Q,2304,7
yER2xGSPDUP8IEKrqGm76A,877,16
smAJ_jyGI89ilY_tll_5JQ,1344,2
K5V5SmN0AIKs9n20ZoWUFA,3219,66
ncM7_21WkXKkm8Rky29S_A,1529,8
e-E09qqPQwH1qgwC3EaMeQ,1914,14
A2R1r10C_3skVE9XZOHC6w,2120,28
v1VF6My1u6PmaIX5vKcGmg,2509,4
cx_J2tf99mknI1_8ZUW0xg,1555,2
PE0OIUfvXtS4vJoOsStqnw,2395,15
C0CYjMaM97Z2_C1RARCsMw,3582,57
q-xAmrimGW_38PhS21eCaQ,2970,12
toZRCxoiA9bdb2Q8qioI2Q,1861,131
qysDRxJm9-rqMBqdDsrcKw,3188,16
pPZY1z_ffhhJu7oLAG7Tpg,1608,10
gE90kbSheRVz3LLF2Jvj4A,2400,9
OHK_ZCj7UFWhAd9TJDU9Bg,2318,12
pLO1nfL756QvZS4StnMelw,556,3
3_4KQYrNA0pJEbUeq2tSgA,2318,18
J4FT66pD2ZidFzeWC4noiw,2599,4
eEyaj8Qf9eoNVEgDuKWVhQ,3092,4
MHeoQW9gF3EM2pRtpjZeug,1495,3
QNBaGxjrQ33y77gQcSAuSg,993,2
GkH6PveI0_lUgxy0m7rSgQ,2256,4
90Xgj05L_3fR7pgBT18EUg,2790,232
6YhF1JamzMHW7WSvCW3Raw,1906,4
vO4Sz12y5vdcL_10AOx0PA,1291,121
GeLzrYUkE5yIKIJ3L8aEtA,1274,23
rdWqubsf5kLT4RtN3JW0Rw,2498,11
XJA2hQQfl2vDrTynwTBhkw,2741,64
UAJIG3kKAywmzO5cJUNi-Q,2075,21
QiU-jZSkPvqul2NLGp3_AA,1441,192
eIn5BCjZ-5mD2rM9A9mduQ,2830,7
AViOIiEg9n64l4JX3h1Rkg,3943,174
bFdWtHje6-ArMJhoxQLV5Q,2917,9
1utBxih_lpHyaIHuoy8upw,2812,28
UW-hwwYtdHD03H-hvgUaUw,3468,161
LzcTi3NTMe3n4s5EneXJtA,3664,188
pvc9VXBmG9g50eakTCjdXQ,2200,2
wMOKGkecxR8V2u9_r35McQ,3638,10
kbb3f7UtAC5yR0lAC0H5Lw,898,9
X1k5rhgQRVBlkSJcGLcmJQ,1361,6
PBT1V8oDRl9SmujJWVX-jw,1411,4
15HQIKBadXrteo7E4DbMHw,3044,14
8FiLOKmkLwhQIPVOGgBWJg,1866,2
o6ia7uYeWDlc-ZPQbgE2Eg,2615,5
TfmeVvNr5MiXaJDV9IdULA,1534,5
j7_n-dNYbbR8YaQYVd6LvA,1086,9
duyb4eeebye4MrjjnH4IVA,3092,8
ZMkn8pz1He3BYshNyIYBFw,881,10
nf9W_nJ8tQjuL1KIhufV2A,2442,123
O5yIzNBF5t_3TPAk6yulmg,2296,14
S5n56vnOvG3H4PWChjCMAg,1261,57
RbDlQNemjQ-T6-05GrF7hA,2678,11
ARHH-JvXMFvXbSIUsiNSRg,1972,8
sUns-7bt9y3tAOBoPmHHaA,2135,7
EA6wQVT5JKIjOwAuB6Ha6g,2081,2
SALqlWOaZ3gCWTNLi2AG0Q,1786,9
O2IzQaTXhQ_E8UzFPv4qVA,2816,2
HD06tTXMH0eAdihhrc9D7A,2834,17
a2ZnyU8iL7p3gNf8miP9yQ,3312,90
7ghO2YyrD3mh5l2V4Y591g,728,10
wYcH3HGiRVJDSHolK9BfbA,3767,20
thn-frUAGWTuy4KoidJoxg,740,12
kpaG71r8PchKdpsDZK8baw,1663,8
Jg8jo-X1-omwb3Le88H09Q,902,2
CRa0Q86OekOOk7K-i5mybA,2696,30
bkk0KIlAgD6y69xq-aCUJA,3268,19
1OSARXZ-t1RDY2JgbLY_oQ,4184,145
jZQDuRFCT-mP5DYjx0z8bw,3869,64
mxNqBFfZ3kCNEprUuASz_A,2745,83
fXOw24apvquyrFjpp_zZwQ,2590,71
V1JEkeAem05hps5ZCmMIgw,1656,3
rBpsiGYiS0kbdrdLsJc8sw,3057,6
yQt6y_MYxUi4dfEaEd6C8g,2113,5
v1CuhnaX8LUdalZ2yilWgw,2781,15
wjqOdj0XJUDOOtU9LjRlWQ,2470,31
t6SK8KKmyv2ju7tj8wh6Wg,3237,166
edwaqPPkB6NIFY81hCWCaA,2802,5
_WsSNRLmSywNlDO7T59J1A,2599,4
CTtIexa4VrTVY-pqBu9PmA,2473,49
P7M1wIJZqHOs2dS_UTmGwA,2000,2
06P7PYOjY5OYK3KuyKqlWg,1674,29
Zuop-axbyA7atet3p26T3g,2392,104
9_ec5JiIehDWEhFc3miz3g,1597,7
5f-AZiZaLgOhC3klA79umQ,2839,52
SuWpQ9nlBIte_JhaslZFHA,3000,13
l8uk7LME9L7uXISaDUX3Pw,609,1
-WUt1ZOttGvFsGwXViubcg,2770,21
uN6DVKq7PQNIEj1-sTqULQ,3445,119
SNhCOKBhwqTquh5dedjMZQ,2335,30
tQhF8UcrAZZ6OkXJ9I5rXw,1923,1
JO1rBjvdaXvzlRkyNJr65w,944,1
bXEGpyqbCHujEZobRGEpkg,4266,8
v_2R_WN3woH_f4qIyEns3g,1906,8
gXs8H4o1hjGiavz_YdbSzw,1951,7
pH1ltMiQZIaeN3QyubeXtg,1836,24
MzM-O_yTvwXnKj_j9IQ4vg,2490,4
RJk0mmrSTbJbAZ7WXXu2VA,3480,497
RIr-bfFrpbCBRI_3LZ7kKQ,3006,21
ici-qGlRBY4I3uhBlYID1Q,2791,20
1weOjCn-4pAymQUxc6mJPg,1440,3
mVi-Cvlq73lMmcbIM4mTuw,1384,27
xv1zIKqa4EFUcPWki0cmSw,1636,1
zVtqSiz6cOxWLlfAbNyRCA,1440,7
t53Pd4VnQir6qq6WCVovZA,4135,19
7TzT3HNHtgvf7mEOIwXDUg,1366,7
QG70nO4dBXZFWysTIp2a8g,2614,40
JVQ6GkhS7y7TTxwYnliVrQ,1699,13
-Ekl7Z-svUUVBf5w2zCClw,823,2
1CFo7FJBTJAlxwgIkpC3Pw,2389,66
M6U_wEv5oSH57fWhFQQxwA,2681,39
CKRs2LJNmxkJaUvCtYTZPw,2551,1
6-8v5WZS_EQSG4AJtPCMaw,1549,39
IYBxRb-UXO6ziPNvmuqdtA,2722,46
AZlSR_SYMVjIfFauQ_u0tw,929,5
Eqvbo3uAWAT-vd6a5P1pWw,1836,11
fqIBIYbQKssiVQMR-RIPSg,4146,30
MQO1P2FIAe6kKUMX02AR4Q,2136,5
aBrwSW-llFzuTrwmaXyetA,1826,3
e2arIGT6x9tAgsas2JEsoA,1278,1
YfpRLwMSbmwR755hHTkqMg,2480,26
0m6Cfsn8KAmzFD01wO_BuA,2061,5
CBha2X4bMUseRI2ySTeslw,1368,3
vBqjsEVrNgv4N3XnvyefhQ,2378,4
GS8zN4fQzz3AiVru9DhxWg,3682,2
vFqls4FrUeONTA-DoX866Q,813,5
kfQb75maGwxxtJD_4opouQ,2179,10
tzD43_Aogem1iHRnsBXQlg,1643,4
Gzy0-2I-DZqJ5OjDLH-deQ,1762,1
zhL3olhTNBEGXYBkLeq--A,2064,6
PxJQNhimpwc9Kk4z1nDRlg,2204,4
Ct8vEFpBWec4GGgVxRSKEQ,1754,3
q_tcQGhgrSjtXpDLtde5BA,2380,8
WkfYNk3Mwj6cMqgz82Rh6w,1311,13
fMbY95y3mejOk82G83Ze8w,722,2
eucYrlR3cPjMYrv10sO2XQ,2432,1
LenUkPfxgaAp-cMdSfssKw,2472,2
zRt8amRD2RA4yFHuylNVDQ,2275,3
O_MHGFRXzwKGfJ5Zg-3Bnw,3404,7
VrMOwecanAYmG62Gai01hQ,1903,3
Y2qcEKNDsN3JEm7nqiepvg,1403,3
xDl-e0dtT0GRNzQpkPNTHQ,1872,2
EZlTrFL7iyWm8qvlHd58Yg,2068,1
sbtADu--4xkhaCAiq7-yrA,1689,3
AMVhb-GrGN5f-Xtn-hLh3g,930,6
w2AD0RdON02etRxwIZfAHQ,1691,5
hmPru19kvORK2CmCKVkj3Q,3103,4
ONf7-LKZ84biqaYdDEPE9w,2231,8
cODfGEUncwmv8G_DPjOGWQ,2367,3
2pFsp0IiX0yrKtR1hn_lIw,1363,3
qARCOLiRzWEIgb-j87HX7w,1175,7
2_HjQCtFf7GJvwtWQ11FVA,1315,1
n79peLjI08N8CoZ6QhsqmQ,2345,4
EfeHFMoDYFI2qeFd-PVAkw,1758,7
TBSA6-ocZji8MtAuL_-ptQ,2035,9
ktpotweW8wvTyuORVyp07A,750,2
wrCNjIKPth6wml_70xH_tA,1287,6
o4eIGU70UinCBs71iFfJvw,1637,10
guJ896uWm7RMnK9L7D6pKA,3000,6
DmtdSkcTWSFHxdvV6i9GeA,2058,4
cabxGAuyctHSIalxLpdjmQ,2184,8
zVzLT2YPJYcUmWFSrcDHFg,1919,1
seb7WCPMgb7BtXHMA1ZUMQ,1807,6
a6KPJ99w179QTwmEeAlUZA,1548,1
8w8m2HR4H_a6FKxWmvBTiw,1592,7
PFWV0umk6ShN2i6MEqCzdQ,1659,6
0UcBbQPA8pvQKWm2qlH1YQ,2150,5
Z1AoR6uczY7TBIV7-fHKQw,2519,2
PgP4mqW77tL_yxenbcFBQw,2390,23
CJyhjEnj0UpyNXeZtPrCHQ,2823,5
9Hox-ll_EpNAgcow3QSmmA,3914,236
mztJemE4uvEcS9T-Iv2Y9w,1993,5
VuunWgrlEnO0u-MRbERsOg,1895,14
fsU53J6BjsVG-3Cok2KYyw,1184,4
TFNTLFIGjmsQCZ-kica7CQ,1541,9
FUS3xNZf9cjW42uoBCL0wA,2254,3
plPumb7tPRFKgm-fv1B5eQ,1119,7
z5SP4Yfef3NVc-qodI6tXw,2194,9
n1LHB3zXOdrY46Gf9Mi3Zg,2600,16
UETt98T9JKay99r9bBm9bg,1654,5
onSuLTFWm0SWtMhpefKxLg,1846,4
uWXAf7mG981tlkdmnpRruw,1822,3
JEJVkgWFRdvoHLqgyfU-ZA,876,2
kWNfayZIwQ07qgdU3MJ6SA,2990,2
A2R08H1acJBcKboX-OhzwQ,2543,6
9ev19ZNdsKGOxDUv7Pgshg,2987,8
rPWPCuXaniBaAqAguey3LA,2524,70
F6HUPRn989L4xEdsfHq5DQ,1694,2
L0HWu_i5iw_7wgHsV6iZZQ,903,2
-sD1xDGXDyhFx2_npQejDw,1229,6
VtD9DwgSihGfpZcoArb91A,3079,7
VDRVOpl-Cz8pTfF4yOkB6A,2828,9
zrokzAmtk5OAR6iR14fmrQ,2776,3
ZCF5gSVpaqTMKCrMIqFteA,2602,2
rNSndfBsZ0Y19h-9aGUNJQ,1475,4
7caL0X5JeiN8PF_8AjTbFg,1258,4
ttEijMXks9XcPpPILSuUXQ,1183,5
auJjygIZV1q15c2exxUZfw,2821,6
3nfHKbrFyrMYbDPjRHWSuw,1187,6
qXwx4zbbgLR6JvGE5R539A,3027,10
Z0Ld2L_P4wI7s7Suic4NHg,971,2
udvttGHFfYCSe1BHx7BsVg,2607,29
jkJpT1yZaMDBIibaK0yi2w,1470,5
jx4SgwSg-Xmyvun4wzphXA,2020,7
-14qTFhM3qDTqMbTpYxe3A,2353,24
zWz2L5gyzjVfxGl74THKHQ,2925,11
g5t6sAhJIPPk9mOYZ1QJBQ,1471,3
NKdJX9k6bojZLJv3R0LWlA,1141,1
kq9xN80Xr6fLdpAb_DiqQw,2060,4
4V-OylzA4dvtv2-PB0aVXw,2717,43
vWR71Ocn7TvLrJvjsP-nVQ,1109,5
Urq-3sd7mNY1zcdCtrrERA,1694,1
d2mueiWC3kdWPITVEYiQGg,1470,30
FeZozzBEuAa_ln1RuYuaGQ,1868,1
erX35DkcehQZ-jMfGd0u1w,556,2
tp_GITY_ms3MUOTf_S60Vw,1453,6
PbQDVQzCEwCZL9ECOIEgLQ,906,13
AN_XawVMTr7Dx9_viiDLpQ,2131,8
RUIWkEnJnM-1EazSr6ju_A,2827,1
SZb2-A5r72eV9BRxA53H0A,3001,33
Vf77IPUCTszU1bm6-afw5Q,3319,91
Ib_hbDlaEkZXZrrsZHwB7Q,2522,2
Uq2Kw1zIqrtlyfofGQhU3A,1707,8
jnxgeymWjNw0uXe_4qQy4g,2605,325
ScV92yb9rs1PucB4qpeqHw,1178,2
7QHcr_Z2nNGaejvctp_u3Q,2153,11
nKWU1DIajiFPf1IA52ZkTA,2235,18
86J5DwcFk4f4In1Vxe2TvA,2668,11
gOUgL-dYQz4Ln3H8TZCKKA,2350,18
FCkBgAAm5oeE0kLziMLAmQ,1805,22
wr4ZzxOboqV57R6ZGrSBfw,1840,1
KTFby73ip0AtbqXhKXE7iw,1493,5
xW1qhZI22PZeOGvXGQyWOg,1570,2
D0nW4rRuGJ612ZM7hqlbVg,2790,85
IH3f6BbJeJSZz38moG8cSg,2200,11
Q6N63fGNox9gQWVSgoWeag,3018,92
xUxDhgS8kUIJ2i_8ST75jw,1737,8
_dYGxDqBpsvUEIv1n7joSQ,1722,23
KvY0kpXmkf95JgQJ3XvWkA,1294,8
mtykupc8L6RoqBShXF1K9A,1586,13
q_VWRpC-_G-totl9BhVHfQ,2032,9
nzAFCF3NUKE0SEhLC6AvsQ,2277,49
IbGn-_LQFEkWM_cVtkwlEw,2469,11
VSnWfvOskTRGCr_S8ph84g,2232,10
oMmAbyO1cYSDyFZjJuRGlA,3136,4
OZxhvKVTJYlqq6QZRnm4IQ,1675,3
qgqihMUiM7mQjbm67ghPeg,2330,23
GFKDYW_gLA4pCbWiUqRfqg,1939,5
T_bmHdrWbNvadB8ofGZfvQ,1892,5
0o2fa45GZiTEPnN-ShxTbg,2277,3
yXeJVfyUGPlMc5LayGYvDw,1207,7
opU53Bs8sV5zf8lA3wgzVA,1923,6
JmnX8aNGBJYNTUT7qrJb3Q,2450,13
fmKARHGOF9xCArvNK6S04Q,1781,7
h4it6-P_TQ8Q3TEQ35mqoQ,1647,24
zR4ObHz_G8pX03R_mtMH6Q,3181,27
mWt7MXG7yKNQBeKt_kc4sg,2573,79
319MUWEZDh8eswWTVz-kFw,1680,11
muw3drmwTt-ziZd_WAXP7Q,1506,1
e6bDzm9zrpU--QUstjjGgA,2982,5
DgBD5_KQGJIZONOL0CVzXA,2729,7
V_qa_G_cp1z2bBqIUN7coA,2219,2
vWzi7gmb8b1DPv9vjNLD4Q,2173,3
TGHKFwLdI8Xxz_tS-MjSHA,2849,10
ixyVCtFEn3zCx2MGKdVWqQ,1768,31
WTsTlR59UVD3YsKyux3Q2g,1375,10
2gBkiUfgVROSYjyYXXZ6Rg,2729,2
WDezQODk-Kx3YKq61OJglA,1630,1
gs05FEf0IR91McHADpsXdg,1787,15
3NlNpLA-V6iNdI-y3PizBw,1255,9
_bKfiKat2Z3MhENNUSp06A,3845,8
0qnSeK8s1go8Z79epwTyhg,2049,4
MwHfdWbbuOLVVPTgRXg6cw,2455,83
CJK89ffpmuHyfBOcffyiCg,2825,20
edH-zrCcUBcl-Ip8J3A1cw,889,3
EFg4BJ-Kr5n8WZ59TFWh3A,1827,6
phBWTt2hSb8p3Gs-vq0sJQ,1721,4
u0odoGNpzHaDfGhHx0xKXA,2864,1
QZWyMhWJ1oqbwoeq7OlTvQ,2120,4
Bj46omEnZ87NJv8tyXZ8mQ,4169,10
Y4c2h_zci_MPXN8s6tr7_Q,3768,5
PcOC_uuTFMCcgbEW6hRfpg,1260,9
LjgJvyhdnRnGTSaim30ScA,2961,70
fOkstP5yJALGdk2xD9YUHA,2640,6
5OSlvWdmFiz1XpYxS_kSgA,1572,3
sLcwPLAqDDEFLU_L7kDYPw,3312,136
Gfo6f-n90Z1l_69LPAAB_Q,931,8
PkqmvcqqE1o_8jsvVmSDgA,1492,14
DV9qhvAhF2BBTZidoyJdog,3024,8
Dq0PEGeBA9in7JkZ1uqVig,1830,2
vpKlgBQeoKN7fcKx-D1oOw,4123,23
Ts8YSskM8k1dv5EH4feiWA,1658,3
k-YHcXev7-YzNjqGayk5XQ,2323,5
O_Mtpa5N9xyMjsHCoXscsA,1877,6
3pu1M0dXEk8cTx6FyyVemA,2901,25
X29y4Cgjlc-7WNKrgSEGxA,3087,6
xfHPqq69EbTLkPOdyPcyIA,1859,28
ION6Q4Q5yG7vqPXOZ05TYA,1420,34
u9VTX7IjxYdErqw4t50fQg,1895,1
E__3I0Cfva3uTYSDZKi3kA,2392,3
drAGrLAxz0ALM4z9zGvEWw,2471,124
zu6iX6iZCakegn7AL5zrUg,1314,9
ZqpNQAd5t9b1z7grPaNnWw,3123,1
hzpc7w1XRYJqzKBSY5wCHA,2000,1
lCbQSzE45H0nKgeV9WzGbA,2870,22
9WQSHF_wquF2otxxwTcIqw,1598,2
kGN5rU53pR1sasnqduQrOg,3878,13
-52vWj_NKngEeTlflRFzKA,1389,50
DHkezAwV414foGsAasvjFA,2211,2
3tSp7CJSPeZew_7fYCKBpg,1588,4
ylloT2wV3di15ED2-zowRA,3134,10
TamVJUoUmKwRWPmpffQPBQ,1038,8
y6syXRtmgvEsxrWfQACpPg,2614,1
zZT66AudNT4zjRbGgbXFNw,2272,22
-nIFJoSReKXZobp10qXl2g,2356,10
Vh6-luXiWwYgRLUJqOq0qg,2934,24
ieD7JnfradLKy3I1g7Ogiw,3498,6
EWFj6H8aQjFeJDjiLXRehg,3626,7
QKTCq-QXHu4KKxsyiGnMyg,1390,1
6HOzfHnQXhfMMnVafVsacg,1947,3
NsNTFy5AbZgRjtLnIT0Ykg,2391,5
hRrK4zvNHkQQNC91q2HlwA,1994,5
SqUbbT5J4UbjkJvx3tDoVg,3082,23
YfwhEMhBMd9FWJ6Tv8sv-g,1455,32
inhuSyBe_zyQmn0zThVGWw,2921,8
zShFRc2LfY6OiYOWPAt5DQ,2305,13
f_Tvh0nEJJ2TDQ2iJPXgPg,1344,1
3ukKQuQut85LTnZbbuYJCw,1353,4
lfXb9W0VhWWNd3Y5PGCpXw,1186,1
bH9mb3ih7TZDahuAYZprAQ,2137,5
BxYmqCRx14pvXWMGe3HeZQ,2828,7
wGE8AMCV9QvroY95yZkVyA,1811,4
0VUfknNw9KNcfdbyyBLNQQ,1982,25
eHXEWiL9nGtF4S6S3QcmsA,1368,6
9RrRQoViXSaSeOtq1jRvfA,1557,7
PvaSGHsbQUl-SiHeHshA2Q,1295,6
LZ1Juw4MNlPCEXcO-VNlnA,971,1
MKYGvSas87qYtQlG9uVDqQ,2658,12
KkOe-ANxKuxK_IHOP-6ESw,2233,4
rvPSEHpijJW_--5kp95E0g,2571,2
MUfhrYOsLlk4DYobFVyRmQ,2850,1
gJ_5rkORuotSm8rVt4UZOQ,2972,60
JWIcbC0UlQur2OMni14vRA,2911,6
GtlPe3y5kBLRYfKPO1l7bw,1454,3
1yPcliuuhANr5s8YBMLNRw,1778,5
KHptG5qb0B8wAYQeuSUMQg,1644,5
0q5jNRTFEiJRmS6reqlN1g,2800,10
bwowGaFtnXTWC0S0Mvz_yw,1188,11
AaFqyu-KdRIltbz_N-annA,2131,5
kKmueIiThe9ssf-rCyem3A,1021,1
yObZrENdfp_GlttZGa5dew,1901,4
GN2QBoold32SvRboADverg,1002,2
yUg74b1ULTPcnxyOVEamPw,2731,20
si5DI2xv9PQa3ahbososEA,2551,4
XA89yX5Cr7tEz9ZT-xz5Nw,601,10
9xJeVBHuuKOfisFN4zyYTQ,1914,115
SRGKV4Pp-JEWX-cwkQilTA,1514,10
i163OQVq-mR-TAAvn7rKcg,2736,8
pLtxOYb635NhtDoT0ykVNw,2715,2
uXYZC2mdlUosAZ_otcJfKg,1288,4
QL09gtbQHSv2vB2fIvoKLw,1190,29
NJqzBDVgWy1BDFmmLzaEuQ,2445,2
-L-QoI9kDTETRdYNc7ywSA,3230,5
z-eeDA8TUK1Vq2ReNGDSlQ,1401,1
YdND69n_l1a-qzr6YDFhSw,2558,2
GfIThsyu0UO-D5RgUCiiPg,2172,3
UcO_HfYTX-AxBasmIek9GQ,1144,2
fMJK0t3deK53QKL8bm1Nmw,1642,13
oZ9DzcLRTZ7VhNnv-auNtA,2655,3
Exh-1yQ4LlXQP2dRHTbTXQ,2264,20
Ik6AmQaJpj5F8K6qcIGf5w,1562,11
9M5YZdBIFcu5G4YpcWyryw,2760,5
vh_YaLGkzsvqvVn-WtlNSg,1363,7
Oh-UCjR-sCGf5H8AfKrmvA,3269,11
wNFAHogQ0ClPvEPGVfSZpg,1684,2
lGKw9Foy5gho_BKiwtrz9w,1114,17
x4H5GyEsxeoAXb9712wM2A,2482,17
3mnr1w5tZfLJmtUDE4Zo2Q,2228,2
eWdmuFf7LynaEW38B6raKA,1259,17
Zd0CKVG2yAaggqVgfkgTSw,2866,11
c7IPzWqdUNrZ-2tLQFseuw,1938,1
AXZQY4M9w9T49z4PHiSmjQ,2921,1
X1co-WtQpk7JpKkW9HeTCg,1185,11
dXP47PAWoXSrGBI8hwKgrQ,2834,3
En4ttfEiSwIZELbvAntVdA,2715,1
qcrL--HZezRUSUdSp4qnmA,2760,14
5usY4FfBhQ3Zbe4EM5cGLQ,2071,5
97ckT5lRwUlVtJarxCquKw,1475,1
Ag8JE0lZiKXIyQGaTXPaeQ,737,1
c2CWdYbij0yJ3Fp0G6h_jw,1577,4
ubrTi2Wn5vEnccQCQc6oyQ,2181,3
A1FNqG_XGwUO0iKk2XZhyg,1926,6
RlPOdoTgAU2odej2ihdhyA,3087,5
ieTl27aIeoAnc1yYo9nbpQ,2115,32
tKd7wKNymoTcsXc-HlTHxw,3054,61
Ry2nJNNuHqudCT86mPFiIw,2274,8
Q3iLmu_NkKMraeTzaj_8Bw,2564,12
F9RvPYKpyW-px7SbHCet4g,710,3
EUZkSE55AFg1MQNGp6nG5A,1950,7
eJmb_ObMgBjNbKvFNDwmkQ,1612,44
h8cADTSKR8GydCNoJdBM3Q,1197,2
-8bqxDKF_K2_z7vfr2npKg,729,6
DOLkKpELUv3WW2-RHoJoTw,2836,23
Ctcd72mjr7x-N8LL6iyYwA,2345,6
hYh0xnfryFU9a7zET6KLOQ,2723,31
azUXFp28jPa3LpzuiTE3oA,2121,30
o6q_qO0e52HUM8utlVSiVA,1934,5
Hu0tneUVhXisz1PRhg6Eug,3111,4
yfdLs71RkJy8qAme7mk5eg,2254,6
zWACI7NbaQ5yF1KP4ufICg,1064,3
wKCBhueXVBqEutv0CvkXxA,2073,20
1ql_MBH-LrcL59g3JTHmfw,3740,22
6zT_DrR0D-_fOC-SN7mIFA,2523,3
GeLeQgy_qYViklhy52Xksw,2272,2
L9468aUsLX-3PX6-Ip44Vw,2031,3
OOrv92OQtbj2S-G6CVKlQA,882,6
Kf6etjnEq9RofCdvDZg0pA,2502,6
wgQ39Zhu3CVost3kjTKgxA,2386,4
_MNfpVPCLOY79xJxH_p3gw,1325,3
Fs8aAYpZgG9YIbd30oeuBw,620,3
yaWXa5l2HiiEuiRiymgUPQ,2268,27
kJplF6x5ddZmmFBQHH4KVw,2012,20
tsocC98jASrnJI61U8tDCw,1025,7
-gJ3pEdwkEffHP_8tPCYMg,1280,2
Gz2gdLkfWx0bEmYkubD7Fg,945,9
q8JFG5qPwF3yFAuM_lrVBA,2660,8
i6jWV0HC8NK5MRDTZI93DA,2052,4
CrecgHJcXSLXuMfMb02qYQ,1663,4
Nnr2_WnHvbgR0hXQQktnUQ,2865,4
Rs55h06j4YmZmYpyHP83aA,3546,3
Z8jWpPTRd1gtVj_-mpwBjQ,1315,2
KZGzftA87cVWWglsO2FSuA,2000,2
AUEV1pW-ibnVfcRnynkGyA,929,7
9SIY4QHdDC_FI2ZpRQudZQ,2550,15
y_fLk15q33QKROS5OBCf_Q,1270,3
58cT8zatEDGU3geDsL-a6Q,2908,18
pMk0phYKpxwDMsZvkCxTKw,1625,3
PIknyGdSeaNR-9eyROuPow,809,9
0iEN_xbtHOsQMeiHiHTbLg,2263,4
clXja1m9_I9P8Ed0L1SKHA,1950,1
-K5-6hDN7gcNMJo_ChNtCg,1374,5
QVkE8q30xtiN6IZkOjtl8w,3485,8
zXlwPVOxvIBRk-s_-YQ83A,2830,2
kdBn3eSDHkHod1Sl7z_MXw,2165,2
4cDCkQAbtBzykfapSFzzcw,1543,4
pfXFFwz2fxF1CEPGyPPI3Q,1307,6
snmNDSvhU9IreN4RLP6bBA,986,9
xL5h0A5nGHucSg7jRlP2hw,2770,12
ly9gXTCx8l49bPuaaIDQjw,1186,10
RUnjpku3UOahkQal79zt7g,2318,6
Y0OedQlfbTvcn8PG4sTrzQ,2101,4
ke6q2sppHAY0cYnSWeoLhA,1465,2
Jhxl79UwxzchmLKG87oREQ,2420,10
Zv1vNf90BeRqZNmO3rBLeA,1570,3
a_bQH9p27YBQKCiaAqHlVg,2122,12
Y0NlbqQj2RoKHjpl6SmKaQ,1878,17
7sn1-Kn3AACdSvubR7QE_w,919,12
-DIKF7flUcPcB3zKAORsaw,1430,1
VIBox8Xg22QV-ZCNxTY72w,2391,10
uV52j1dcxsq3u_wValOahg,1605,2
pPTcQ408kllYuufh5pEwtA,891,10
cH1Lsl6LqrGoYMRYmUmFBg,1632,3
gCMBi1ac0c7TGy5aq3SlIQ,2239,5
WZz6Qjlf_rxr3wl63tCtbQ,1550,2
YtdwHASGIxSX8I5C0lSqWg,630,2
QnEsls7F9g_uBLHS1gAqHg,2787,20
mgzosnRqSm3TlXNu9WoKCg,2746,7
KyuNOeX7fn2GvfK4KkPdiw,2117,4
aIvUxaN6E8jddmoicX7Fog,1586,17
4bVPs0ISG7ysk_qy68so_Q,1354,5
1P2wRjxFFdVELWL5q8RWlg,1619,12
eOVJfmzfHsBHE9ac1S_7sA,3057,3
Lw2H4q2e2WLDvh_iGG8WbA,2027,3
sgNym6v4z462MSZ0rtSVjA,3139,10
POOCMy43mr1973w1oL1RsQ,1217,2
UeGwHlnUa_cqYx2_m6ovxw,2860,11
I5yrleymP6WlrRzmdqSjDQ,3415,27
tPE8gnQt3XW92dyLdEYOeA,1286,2
6LPhRVbHTF4xATgpdCZ29w,2172,3
vwWNf-0kJ8oJrNryCrYeqA,1954,4
pUmBA1JOfOMy_ymSov1b7A,2496,12
ja28eco5H_9bkrdXwUohjw,2155,2
ADAwaQAVrsR5ILG_x9LyoQ,2192,6
ki_t0fo7u65sYxyR6ztSCA,2122,7
sGF0ZnV6K6rWlaDK15-55Q,1012,8
wz5HCA2JWnnN3mzkFissKg,2836,13
VDdxKz79gWEpMm6jGXwcdg,982,1
UCQTuxoLD-Wa9rC-Uk0-Uw,1323,6
vKGAomUfIRKJcmzaK4tUAQ,2153,2
D8Coc1zObhx0eMUZq0qFOA,3518,2
GucM00Tww_AtYLzvCq5ZCw,1932,49
gYaQSg9PAgknUgLzT5kpCQ,619,2
AtwABfQyzcIj6lGNpQ8jJg,914,10
MrnHoXvtc0y9F-f_IldvRg,2160,3
FSSVgP_SDc-F3N6tlIoYJw,1587,6
1yg1wOlov4ji5AheQYbpBA,1005,5
DWSab_uKIAS9fdlvHAEH9A,2610,15
trQApe_k0wJlRsRbF-Q-Pw,1992,19
w1D_EiHCIZjY5lz6Hdc1jQ,2019,5
-7Awos7qPJ2XuZn9nI7l8A,2633,2
H8fVti3coi6jj0qNfErg7w,2775,9
YicG9T5IyPkXT_eCGtBJ7g,3008,2
5Pjr9XuMtFapdlm3nBEeJA,1614,1
se9rthQwP0gyxoCg03SWRA,998,2
UhSq1jvjj2QMLfcHraaW4A,2927,14
GhGjYVkGf-B_8Vi5YtY-cQ,2242,211
9un4-XYabTpNea6o23iihQ,3065,35
pzrzkSAhTh2Cl3CI67OsmA,1241,5
kPpIFFtVMLZoznVlImthIw,1803,8
P1tefrZr655ciDPLHEYWHQ,2005,12
vw5AeVzZk1W1HyaKYCpoKA,1337,7
vKJUNfjWFwS4x_ixsiXEcA,2393,9
MfcOrU_PGKSs6FNUR0IiGg,3466,11
HmZPxUoMMm5DsxZbC2dldQ,3034,10
65Vp2E1-E97BQQywM62w7Q,1526,8
YIcgYF2CkYUD6Lwp9vsZag,1488,8
4e5LpYZjWDsSLQiMXPfoTw,2563,1
TfDFJGw_wjJF8VjMf268tA,1707,6
8weJdgyMlNdkVqLXfhp-rg,1506,3
Jp_m_AqRECrHGmZ5KGcpGg,1628,7
rYAS2jb29bqNgyFEQXgeLg,1176,9
1NAXjOMeCqaj5jwz1eAa3g,2553,1
fMFMG-njgsTyTQpcF8meMQ,1610,12
LuWjYwEVeO4behsasFjRUw,1311,9
BCzfSEpInuJbETeNjCv6UQ,2690,8
IcsNNt6TZ5prgDe8F3ZDQw,1282,2
fflGQ9kk62h78uEb0_Ru2w,935,9
97LGD1Lx5xMiwI3z0OS5BA,2168,12
4zfZHqtEX_eGUE_Nnv1Z4A,1353,13
Xgh2h-OuAYkmNczpLCzy2A,1789,2
n1lCpnPJgkpdnmcVo54dpQ,872,1
rdLG_giKchHkH3hnGNDaWA,1466,6
ndYnGLb2lrJOH8NUQ6AvFQ,1726,9
kwiTdkhdAe88G8PIs-LzlQ,2440,17
NH0jtJPJaLvE4ZvK3JPuog,2823,73
FG5twLY43rsASwapmyLOdg,1732,7
VbHjk8onx_2eKHt_b75I6g,3273,125
IMoxl8wC_WTc58sHvDXVCw,2815,7
dYQNEXe_x1_XlHoA51bwlw,3414,29
8Ig4fLBCeagqZImJp0KNfQ,1429,3
inopNY-d6hUJBAuEtlFeEA,1801,5
UYRQJFC-v2JStqy0hT3FOA,3320,8
9z_2zb6rm9ZQOvpuz6KEig,3039,26
2yXlIn5VuQLo_7TC94YYgA,2543,23
nWh_3wqrXHkxZ6cw5FzIkw,2557,15
2wavLP4zhDknjaLixOa8GA,873,4
2V9oTSKU6j1BhOgJxmiJnA,4204,37
n3govfFtl7oZiFh4pBnz3w,2300,6
0IH6Zf5UcTyAWeUMlyql1g,1553,9
KB5J4D1bEIhr2IDE5oKWgg,1582,1
NHWKCKH0Y9XBYx28kZ4FmA,3995,155
MWE3MKRjnPAVBDALcnTWsw,2453,23
-JhiJ--Be6lpmiXcSeud6A,2168,6
d0vkI4TlfQwYf5DR-uRE2Q,1251,1
yAih0gGWeGOYd-8lpI6wWQ,1664,53
9w0yivUqkKcuTOiTnlOGKg,2251,25
HatyK1WutqNHNmuBTuvYWQ,2843,18
TsFEHXstdEdDgT9LYFtYvA,975,2
gKayjeej39D_BMUtB06ecg,1115,4
TLXqWV6ypj54bVmYUIFx3Q,2261,5
WNMqqO3jlkGrb9Ikf4V0lQ,2080,2
iqnuEIVEAHVyqp3-szgKBA,4403,194
E4aspBFRkAAfXsX1zAckFA,977,61
_YPzRg3du9ys2gVCUTjoBw,1031,7
hqAAhxjNhBTLb7ag4w5c0A,1199,4
fBV3nLi2x2sPe_BNEJGL7Q,685,1
zKCichFAkXX5BMu8rXtisA,1427,6
-Zaq3_beagWSzis9MxP88A,2370,36
DxDHi9GErQFeBEeb6XsSDw,3039,171
NAKaQBv0eBxtqjFUJKEwVA,2364,17
LEGudhGQU2sBvpyltEov1g,3889,788
kUFgqfZ1JkNzsdN4DuaYJw,2652,79
rwW4nu9N4Mr_pJBx9gqVlg,3138,18
t_YdjPy-3eR6AAUYWHjlog,2335,7
mM0_Y6w5CYydYj9rH2f74g,1751,8
jLTdF6W_rsnncfH3JNH_CA,2801,15
lJa29W7TElC73xAMsZPMfg,1087,4
m9aFZk1f8tSv248YErbpQA,2060,14
hYbKCWUX5aSJsS68a8u5_Q,1222,1
EGijZQs7GOzPeRzA4hgpfQ,3023,17
gYHeLzuOX95wRBAso1GKRw,1462,57
0sE_RUaeURAoYMTUPD5J3g,614,2
X72bBSiG9YMIzsaU32Ejig,2412,7
hGFtUnm7mNttUJ867YD_hA,1608,6
eT6VaR-4VxozZbDM4mOv_Q,2794,8
I_xnqAwdBIVg6pdO6NQgsg,1780,9
KfuV9a5luWIFoJxphLrQxQ,1558,212
GQOU0mLwrL2bj96fKfgOZA,1725,2
cWjLBX8jX2LoCbSBLy9lTw,3393,6
9BWnvAplqdHCZqAqWjK3Uw,2624,11
64EsQ82-nnHc9oZqcrFjaQ,2473,3
eaXshata7hP1zABa2RltPg,1715,28
iWtX2yfY1YadQDHqlpYKbQ,1603,6
AL45aG1FUVmjZt_S0w8glQ,4058,419
cExUWowmrk7zOKt7j-t03A,3098,27
M59wzBeYrmMn2Fljjn4pOw,1898,43
kGZOkcoHvz8KDtg2lM26KQ,1259,11
RdmRV6Yg02S_KlAd9hOvpg,1438,26
QJB54iUsuqIcXnJc5d3URA,2438,6
5PcQB58hvb5UmoGBZTN0ng,3118,224
aXLzJNf36s0gHlqUoC2Btg,1853,155
vLEJiCH68Qied7o1mMpJrA,2236,21
ECrYg1G-4W-6HQy-637c-w,1370,10
g0xXCENHGJkjl1T1hl7Y_Q,3855,52
hqvi-TM49jqejZAEZLkHDQ,3761,352
JuQjQ1e_Ekbb-_UrOPfIwg,2712,3
7-0NeZduznxpevUvLhm7PQ,4284,188
cTo_QwJuLJrjfehhAgxCuw,1160,20
GdQxGcJy4U_rkx3Xk8qw3Q,1194,4
k5LdONRIZLJpkkJ-xtOXyg,2898,250
LgCGPaO1bX_68QhZvXDLgw,1344,1
REntrSiIpm-l4xs9b1T_Rw,2430,12
9Ljui2-ahZgrPA6Og9LsNw,1388,2
wYiwnVjUsTyCGCtuvE5x8Q,1421,19
rwkchwv36Q7GMT4Ho_wF9w,2626,141
6jflc4-QZlVo0U_eghRwcg,2475,3
-Pj3uJJZrpC5jLLV6K0wPQ,2074,5
JA2rMTdrqnZKIWYc6Yd-xw,2733,18
n4SCNjVKI0qOZEbnPUzmZA,1011,1
8Gy1MJ4gCnOL8qiwD2ZGLQ,2725,239
rNhie1hm2n1Ay1Bw4yt8mQ,1675,11
trYT65RP8MW2FeNo9Q6NkA,1606,14
ByNP8667E0DCRfyf_FBhGw,1875,11
PC1TpLFn_EbEkxPUDZzqrw,2211,10
pjMsQX1aftCt9bql45KyHg,1638,6
p5lg8rGLtWF9ou69zffcag,1998,217
hA_oGerYhg_OVuEEbDnWGQ,1723,2
12HYYA7SKbz0raU6cU4tEA,3614,35
PcNvc65wfm2WueE8GfzgiQ,1534,4
KNR87thG6nU6WxMGqIzqzQ,2278,2
Tbpe-rItt35oq4UZFlCZ1g,2523,2
X7LknRBqZNpI2RKSc7ZEJQ,2848,28
W5xUlmEdM7oXMY-cG8Q2CA,1602,4
xuGOg_2ZHJesshnydB_sNg,2277,3
wCesRgXs-FGonYNgoLfSHQ,1707,210
I0D9ilEATJXJoPPxGX1zsQ,2848,172
hQGpKJQWvwsMd8_C4hopeg,1265,5
zuW__5g_637cH7rt3DVrsg,864,3
Mq2MwBS9fiEs1_sLYCM_-w,1010,1
g4CTUv6mVMCyjMPMOYaJRw,2232,19
WgkUFlXa6LC9snroOB7HNg,2218,29
QyKGgq83Lh4hZAwZAIUcFQ,2061,10
H1or0XXVw_f1A9tKoXGjPw,1003,13
Hn5ZhiS1Zk7z_d5d_W89gw,3590,20
fidIJQeyyX_-RslDAKXByQ,2316,4
A1mJ0kf_4UhFriEu0KkwNw,2783,155
oHpBPEl16yu5adL3CuThEw,3723,242
tjMTryQljaQeWODF4R0UgQ,2808,15
iVGQ1Db10BXZG97LcGX1yA,2263,11
RD2U0YKVBQa04OyYQm-SZA,2837,63
iLESYmh03wrKRvQlwLw-Uw,3291,7
8njlYgi--kx4Gj1-bn_LyA,3544,3
HGK1S6ddhXJZAVNmiv37bw,1101,8
vGC2syNVjuZl3NU5OYqa7A,4010,98
EKFmVaituKtkUHbd16_anQ,2628,24
8jHKi0ty0mOtP991cF4Ktg,1853,2
2DFtwcHqVk-OUED7QKJdEg,2759,1
vTe6XR5ueXXrQfvDqqAWWA,1157,1
Vht0vkl9IR54mR_UqP77aw,2426,3
TFIqzLaJCgY5ozE7LKLZbQ,2425,6
elT8cyMMXEeNpEGlDhvi6g,3087,31
JqC1OElvE2B-Dx_zIIic-Q,2800,9
4PR5tlSdzo4ShkFMYHmE0A,2353,14
DXkOwvfF5Z6C_S6jzfDsDw,2632,51
SvXzxrg6DV1yF8uf0pbFuw,2508,118
UMMt4n-TXTuNHG4PbjYEgw,2790,171
uPW_OooiYwckTehvyXmV_Q,2052,60
12dFIhJlD5kMLIWAcYGjqQ,2774,3
OlJ9vcVFB1iEKcZO-MS3cQ,4687,347
uf8C5xqwDuyGPGjnWiYd6Q,1352,3
-efxPoRAGMFwr1GIObwclA,1581,3
2vyQUvaxz7Srn1RgkHVsRA,1567,4
wvldx_9A-amq0n2JonWvxg,1714,5
Fu1NDMSCnL1ytC4b8Sk8nQ,2309,2
ZrTjPRJNin3gdp4-pwWE0A,1676,4
1mC-Yo0iVJEEc0DvBag1mw,912,4
1r_v3WrPdidkxeZIsoWKmQ,1302,34
JKvjhh78WU77syOb3FhuXg,1949,11
yLOPI49yiwGy5P0bHCAWug,2593,8
mbf_okI3JLQu9ddZnUQplA,3167,13
CRQIO6c3WspRKikfYc8bKg,2508,4
e1E55pOcV2TDtZJMZyA6aA,1838,131
i_6bzRUhSazLiH4drnimkA,1556,4
m8kQCmkcHsUxqo6luiq9oQ,2758,4
g5gBAV-t5Y2tiJddDjrmCA,2639,1
l9NaFidm1fzPLnJttyI_Dg,1464,63
lFM0YIrp8uwjcrqWhfkeJg,1387,5
iXllMJ8ZTAApxe7u9JAIdA,1585,20
lUZIf57UHBg3rd22UT_kmw,1432,1
n2OfcB88kL2eMKKuuBOB-w,3417,10
cce3OG0O16bJMJq7v44Vzg,1165,6
fkdxuGhe2rYQ5z0b3EeXMg,2227,2
mkGzZZbRNJ8CQZn1lOHLKQ,2933,11
ws70aDDNKUw8ygAp2TX0iA,2644,16
UZChqNZCl0CkvQxvd9rC7A,1038,7
pNbjtcqOb4wr2GFXhb9DJg,2074,47
UeG4cTQ3reZZ4nJvgT7C1A,1501,1
cBiO7kI-mpehb5s-QYqATQ,1489,2
F7XcX7mexOjWBMd5Rh_pAQ,1117,4
mHyz1EaOftszMmDGpejHKA,2631,23
Zw_USyp31n217BJwLpkyYg,1969,10
Wc81AfkqWcNWhxzZD-TErw,1612,4
osIgGky2wb9hPpLiTFlkbg,1776,3
TgS08gKW_yArGK49sOyCIw,1161,1
N-AQn62JXnbnhhead2imeg,2868,9
jZSRB1AnbLrWtM8Q0Wx5nQ,2886,45
WaiEJt_8t_dH-4DBYjF8GA,2881,6
s_lC-C6-atPwYiIBWhJeeA,2743,3
W6xXU6QvnIwPFlzwDL6JiQ,2700,5
kRPJfW9cq7vAWYX2zj77Hw,3063,36
njJjEOLRTo03Fwp4jg_Jpg,3568,690
zkQi7B9b-yFbF8k2XSnDHQ,1587,195
2DoIjC179I6v_8ReCc9shA,2963,4
4aaYyLeoI8U-bs_A7XlDdg,3172,106
PUB1mNxtFe8lz5uwhpy0Fg,2509,10
A5PgY1wM1-yowcYDJP7ZHA,945,1
OYqPX59sBYX7L1HBT5eZNQ,1461,1
V01rG5EgHngIa7aCRboTlg,2247,6
vLN8x-Q--rsQ9HPE5DGidA,1248,17
_Jnn46pjqXEvUybeiBN9Vw,2829,19
dLsClA2rXu-Od5ESWZ4bvg,2616,2
XP5hqB6A9rvXlH_LHtzUgA,2993,322
p936rcaF5gaeoUabv7fn2A,2381,9
jVTHS2cpgR0Bfh2kI7LyJQ,1156,2
yizhc552vNxVaUkR1wM9IQ,1746,1
F0DfyJ2DITp6TRYoiHJE4A,2979,1
IODlZ-i3BwgJbhnBT06q-w,1351,6
lftQ4IN6gbYN-W8CB5X4aw,1462,1
lHeUA4o8FhtgeRjleFq_zw,1052,2
dB8b53rrvBMOQGdoLAJIlQ,1584,1
2r-N53bNu4CJ-oGf_2DeeA,1178,11
w-nAZP5Psd3NKefufdYH2w,2811,4
vVgCNQJUbJ5vioON4ajQjA,609,3
3x-ix8kZ58XgW4tLXGvnPg,2352,3
PWikX5MKXXacU5y9RM3RSw,2032,15
PxcRuNkA9zm2kVe2fIM-lg,2970,10
a80kJ-cVcDUs_ytGlKBy4Q,1101,4
wvIlsncCV5sKbmcG21uNFw,1003,4
L-EKpJpZRxaagml3Xj0W1g,1729,2
h5fBgKY3baOLLsDNSmrg-g,1146,6
QZtDUC0PD894xxf8rg2ZFw,1433,2
xhOtC2Jc44ROZBABRO-8cQ,2806,65
fV-8sZg1xrSqKrNLiFwBiQ,1924,21
8s9Ly9uUVmqHiMBJmMdXyQ,3643,7
KKkgSGMHopZ-Qx1__OBydQ,3435,3
HWYyLETt7pr9BkbrFmR71w,1470,19
1yJnG1mbbCzR0UpyKxykIg,1875,9
T7vLImKUKocaMRxfQY3zTw,2783,1
WE7l8vojS73Nlj0Nf6DhyQ,2068,6
WDJZVF3cOMNcW5FLqBaXpQ,1960,1
gxftE88uKlBalXhzGZRKzA,2477,33
OB4xuL91P3maVh5WrB2eOQ,1431,4
eTo0K-F54154ESZtMtFrBw,2294,8
OYSHFA2QDWw6EsqYrkIP1g,1693,7
r5oGLXnftBZEW2Sy18Hq_g,1074,2
YFlJwXr9NqimuoYKiv4H2A,3481,9
VD1ZuXRiGP98fYgcGdba2Q,3115,4
JzKpagnpqc783LZkyp5AUA,2135,11
u8tXbqca5ofvEs57lJ7K6w,2165,1
X2S5Cq8MEsLn63-6CnkASw,717,8
25NgVJ4Rx0pMLwUnHk7xoQ,1261,4
2kXn4HWgmS0uUoOFI4jF_A,604,2
GO7aCA5Fdi_4A6044Gbnew,2429,259
ZnHSUmrKBgUSdX9sZwu2qg,3194,22
RxWAxCi31OmA1-Tgp-c2Qg,2065,27
7jynaRd-e3PfWnNKvbsXgw,1561,4
gNEztnh9MsyWc0raBBEE_w,1873,1
kqKAaqrYbi8GbwgZZML2Kg,764,3
DLnBymkZfyjeGY1h4OaIYw,1058,22
oxVTF6M6S4fUSFQYI14pCA,1758,14
m0IamYLuWyvx66XDORJ9EQ,2519,219
0pZ6lmuMrvVY2xuQM4kUVA,3439,23
YCzF-BNwFDwNZeFVNlITDw,2988,7
ux0ubCjMSczuvBA9Tqwi3Q,1287,3
2aPS6Cw_rHGqGZINC0va5A,1899,7
lWDDigE6aeCUrHs-MwIPog,1241,7
-tGhDZ-oRns2Ufal7QF3uA,2704,22
wiBrQoeG2MVxfpqqnWdqFA,1533,5
suU9qUBBpIZft7ELYKAPMg,915,1
-XhvJ2xOVJky4TWua0IoeQ,2685,5
T-k5uCzttowAtyFbX8809A,3814,6
wmqsehbFirZPlAluJUakeQ,3291,404
VoZymNPwQtIjW4U0cDmXtw,1621,3
U3pG-qSHMfqlPSIyQJ2T2g,2395,28
UOGIj82Cs_3r_SWBOLYD_g,4497,18
yrBr9yD2-ADULC4NRe5bRg,944,3
HTlf0kHxgregqb3uopNw1w,1105,2
CHbw0_10zEnBChpD5XU44Q,1277,1
biOjv3COMB2BMY-mUbDqnQ,1835,7
U6of8IXkQNXrLavwyF_wuw,1341,13
LiKyC4XsynYwZRDefBsORQ,1113,3
MKboeWbIkFzXpnKwDc595w,1172,1
oC4A1X9LLWje2O5bIy5yEw,2972,38
EXcjsQ7TZ-FchTfR9jOkBg,2223,7
xAwcgL0skB4zfiw-TR2r7g,2092,4
7cNx0b_2hagvAZIFulCnBg,2780,17
yg6ourYapFhJq_4TEOzxHw,1501,9
1xNsSOqSFgDFwqO09KJMKQ,999,3
q4-jmW9ZJv04Jt_k54BRvw,3453,21
60_W8KE_T9VTwk-HaPUMGA,2265,45
6PZslNqIMeA7PMmaZgmyzQ,1726,4
nx46YMdOnmVYWRC7tW1FdA,2622,33
SbHjSvwd_SpD7wRVde4xRg,3238,49
VWK9LAmuPIwaadYonaCOoA,1500,8
SzHQYCPxQhH9YkbWdG6gGg,4298,79
Gyj0MBhgNprYl0Lw18NwZQ,912,20
P8DiM7Tdomjdx4cRCXi5RA,1626,27
JdW1lLixFW72OzM0EOdCuQ,4718,105
EVNw-gf8gKuqnfb7OI3l4A,2752,10
ZBHXfX3vK-ck52UBEofV2w,2790,80
Cr8ZzH7BcidwaScmroBScA,1032,3
WeEEMfsMErLH5K-30jILpQ,1129,1
g8l9xP5WDnPYu0N-zfsepg,1352,7
bS8HNq9bzOpYNjEp7Aiywg,2695,138
JKMZpvMxJqb4UP5tVyxyDg,3407,15
fTL8jO_gDqICgtRA2HAFFA,3501,107
_1gnCcpBGJQ6ya_7YZ2rsw,1184,60
h58ps9_AapJ1OtXIh3dJBg,3549,75
f9mashQqu4S9UNxIFNicow,2961,277
pnBHtM035sc6glswBDLIxA,3411,6
0wO2Owl1LOsr4dEyW4VjfA,1975,28
ZVMgPbeHMadZhFL5_nDk2g,2336,13
VGU9VeM8y_rUXa94UXPHww,2410,11
iXGOY5usMX4lQAlo7I_egg,1711,75
Bty9sCE2cW0fgTN4neAIPQ,2380,11
DQtw-rxD_XMcl2j0_4hV_w,3418,14
tBRb4_mItkItpb4hchJcjg,3083,187
uDZlH83CD9j9zSSiu5Lu9w,2332,41
YKaV0ckSlBEQ8gJmhz_VvA,2935,9
n9RLVjXNyJ55O2W20_sSAg,2671,18
6TiYVx_DtPpsVHROXc8UCg,1593,2
nNXNIHJD_Yx2QKSYZAdEnQ,1098,2
d8oOy4u_VXc8Snu7VkSlLQ,1672,12
nkIgELT4cmBH2DQD_-jPHg,2732,4
MXz7VM_d0Ph-56uKelmxmg,812,11
Ptij0-tuDk8--TEJDBBcRQ,3834,141
NW-aeVDWRv7gNAGbZqnLUQ,3171,278
Y7eDGEwSIUVBBqQGnhFOOA,1998,132
Rm1igbdjwmhdS-pi6h0p4A,4086,48
Q--JwCfxsSuJYqym7f2s2w,2827,10
UcLkGnRvRmwWs9SDn6EgWg,677,1
Su_fRNARFgKS5-tcXLVkTQ,2084,4
0cTnc4Rb4iRWbZZkQ7XK6A,2460,12
IOmTDlwtwkbvs_6n8TetWA,2900,11
ospQhV6LMX_E7zxLxJ_OTg,2726,328
g7b9C1MC1VBMA3lCBBlhdw,2694,26
RTpTQBagNlTYJE6KzFiqgw,2716,4
Uq-r_sZmhJF794FtlpsnHA,1298,12
cmc2e3Kkp7WN4GBcxkf-zg,2381,7
VwbJIQA8j63tXQJvKfemxg,3522,2
6-gEsoXdJ4eHFZVoS4x5iw,2082,27
SayDpJdS174oMwINEijUnw,1349,2
r0YalXuBziHEdQVxHqbySg,1151,2
Uk6wgBO_QZ1dqmZhzcRV_w,2009,14
tubrKfkJN_933EmMH3K4hA,1546,19
4P4xAlez6AKhuK-S_RBcAA,1300,6
r18uV-yN8YYml6-uWMDKKQ,2412,6
Q_3HJrbSaYxXPkEvftOa_g,2105,38
3yly2fuwWxBmMJN4BDBbsw,1814,14
fJ8VAC3EuN4OEoh-WzL2Og,3096,247
Q_IjLaB8AfWNcvWVQgJd3A,3404,44
DJOGFZDcc8lbvEi_1q1scA,3401,4
a79_UG6X0giXWdsduwGhRQ,3510,72
s37Xr3A_VYG8MGyr5ooRDA,845,2
_og3g0PLL4eMPBWW82fRBw,3192,31
7PWQotiGnDTJaagKBh_qFw,2366,6
J2_BM_srtuf39wDbyM8Muw,893,4
4jdrab9gKSOVjPUTOJNXRg,2622,8
Hb_zrUw0VFoefyT9SZf-ag,2620,3
gw-d-mEnh9iVFdCYkNEvEQ,1934,3
SCBW2s7-xiwXlYN1fkBsYQ,2429,3
u6yDqafTA9Ere_P2rzbqkg,1933,21
slG_TLpF6zJwDBt8oG8XDw,1197,2
cWC4E8QCPn9MjsOVdoejGA,1064,4
FDpkd7bEuChA_KQffB9X-A,3313,11
LAahqvYsfCHppRz9fr7uJg,2494,36
cNLHTwCk-S4OrMy14qK6rw,1067,2
vs3oIF6mdMMVKnZPizypDw,805,1
DSZR4HMClc-m3dK4cddntw,991,1
TO-Ci4v0jTUmXujVssI6FQ,1087,5
LH2Ql3N7wdqjEvkGbMwq5Q,1232,1
O5ewsxFnXwOgbCJzVyfPxQ,1262,2
hipUUP0E-IGIV2UH7XxTXw,899,4
iXJbJlAa8GDrQy_fDPZ9Gg,1157,4
R1aC7bae0TlXhdon-qYeaA,1258,3
NQsRFCRrgnk1U_ugJT8qpA,2622,9
PWOipmrxpPBRxdMAgnjxbg,2544,3
zRAkxiAtRZbi4YfqBMW3Ew,3507,12
qDUnMZDlMKOPOvbSEDfx2w,1668,5
1L5vA_aeVUvUSoBPUjfIZA,1644,22
E7MkSclVcjIUoNcOTse7RQ,4575,19
r3UyndgDJhcPsnqA0-7KHQ,2906,70
qLdaHR8V5Fcodr2ioytSjg,3089,692
blcuhQMlFbHG7Fb2qsyEgQ,2769,98
mpeKvuCshAwWvgW2Ow4Nzg,2817,12
3Uk4Qnw69uo5iI_XKbA1WA,1567,42
ey5bJJkvu_j7TXMvgSC1Kw,2642,6
oJBXuWtDctzwlk2VB25VSg,3057,14
kGYzU9QUxpAf0QFVN8vPVw,1538,7
hIlQOXn094Q205B_vu7Sjw,3402,846
ltLaVwM-QTDgLBoYD-1UhA,1173,15
otfca78sbDCuXkn-TdcCnQ,968,2
7CUwEZmlynZFVMzbNMCf6Q,1367,19
csoPEyzZM3Jf1MV6-01gyw,2397,5
XpuUSF1HOrDgTTLdbKeGbA,1766,13
JWkZIuRAVxGPiZ005iQzyQ,2622,1
C15XYx-JBRDm7VTOftfJdg,2454,21
nB68rwKtk2m46oSLOrbn4A,3398,5
ezkFkuKborqjCzdF2JMviQ,2150,11
Wu2es23J77TdGBDx0ulEuw,3766,1
kdF6COxXFsSxNSddXhlyqw,1314,18
out2npV7XjGOp6EbkuowtA,2377,17
UhzXB68xHDrDx3dqr8NyCg,1227,10
HlWaxC-xz5d5MopNaU3Llw,610,1
VaDIWoPgaLeynGa_dGeH7A,4496,121
_wdiHLYvjy7GN3EDXq2tBg,2104,10
Rad8OnbKfYBpsccmFIch1w,3664,1
UtHsBMUmFQKc7L2-iC0R3w,1089,8
StRx7PXlwCH0wFcAr-cExg,1982,7
1v1wgsZ5TOVUc0Gmgldgug,1151,3
xaqMe5ELiCfHBcRl1VA4Og,861,7
Bt3Aj9xd5Bmw4ZgE9wqHPw,1403,2
XRsaUdD-w9UtESDxwZ8Q8w,2913,16
siM9MmBRpwg9KU_C8TWbaQ,3670,45
4W1D-dUW7bC_CJYgslzUqA,2834,283
6Myrj3VPB31cpMl23DRnxw,2672,110
VWt-Fu_UVZKp1ZMXGqSihA,3358,39
7Q5BhwEAeKXxsNc6W85vPQ,1642,120
vYbOSXcW663GXLFqBPP4Ug,2769,6
doeVwdSEyqAbJ-fSIlhuag,2161,31
H2rtTW3g7TdC5R62lIvJ9A,3712,23
UtPjZQk8QObLTuzqkbIylA,2281,32
O9o_SGj_HPLnXrhAkMIKgA,2073,6
Q4bwPyE9Z-KeKd6BfLXeVA,2539,156
jeFesQFNlhSXVkbhK7fYag,2966,16
N3l3sN3fntBhy0WshWP7xw,3236,58
iVdMitJcQAdwbOtFJrA-Gw,854,9
BVgPAfTzuvsXlTMx1Ds5cQ,2232,11
gGHPsWj1nDSf-_jVKmth7w,1928,1
FPVGU1vLVqTYeKeaMqX9Qg,2141,2
-CPeply96ufvpnJeyCg2Ow,1746,8
tbTgoLtcRMeUQwbjPWAbAQ,2772,33
w_Fc_yLBTM8Ksx4nGQ7imA,2915,22
ZRgW6Pw64-IP3TDsAH5Wdw,3432,56
4TCcMDgT1chil4zUnrM7VA,2329,6
_DpMcBLaiSdQq1jTNn8htg,1901,18
eYeKvr0DjeVobd6ZwlsOoQ,3647,7
7rFv7wa8x5tgH4VCJ84nEw,3109,1
fN4P8GbWpdn9N8wIpXUetg,1331,5
HQw-8qJTyNa6sMUrR5QorQ,1334,3
gZ9dJfLNGhPM6dmbNfzzJQ,1959,30
6NEOejojdU9oBNyKhhE6ZQ,2881,38
fxJ9m1izVeZUbjb2kZQ7tA,3498,35
FR6LsDHs7toX4ywA1wI5Dg,2851,29
CachdUJYicETiufuOoJXnA,1672,79
2beEy8PpHT7nZmjpp9VeqQ,2215,5
BqWfr2wIOh_ARXG5Ja-EhA,684,1
TeBtLOSUkx_r_TCQHg6-hQ,2032,11
AbPvi8DjPVHwSsDL3Kp39A,873,5
nxy7WaF8oNqlctKzdi655w,1706,3
Jq7fwMDNrjYt7mZg31LziQ,3100,1
Ri807RADLH9D_pEZ3egb0w,1109,4
so5F5-bG0JIt0m14dfXNFg,616,5
nlR_UVWqO8VZIIgX2G5pjw,1708,2
4AdLSNJbTqtkg7rA1hjWWQ,2513,29
IUgY-_RqSanTKsumDl53-g,4071,1
G-ccM2cmzNok3RDcIShfZA,2062,4
s0VycB2avVHUdhivdVkNJA,1608,4
-1kZ1AjX3ycFVRllm7BCDg,1210,87
Eslree6hhEq1sCLioGOArQ,1715,30
iYmq4zLyJnZ6dErjWzZbgw,2301,5
uzaiI5TmJl1IDUanJgbTnA,1625,7
VF_0WC9tPw-58y_E_dk6Gg,2378,17
owrPwNy-mbmwrr4LRDBX6w,1073,2
417EDBu8_j_tqZEer5mJ-w,3366,63
9vFeUsx206CnE-sFJ_k_GA,2340,8
UdlSgj3dYrKQkNdIDAFzBg,1818,12
fvcDhwwReigYoSQlP5uNOA,1900,17
GnBKepNmn3nvvCdflktbig,1265,3
u-bAM3XYyH5s9IBWLRqmWQ,1615,6
QZ3RO8KHJUn_row5_ro7pQ,2934,10
_Vr0kJdUC3lAn7vtOVx3Ig,1453,3
1RmXOjsSYuJx473F4AhU9Q,2343,14
_79v5OQtTsD_ejfX90KKpA,904,6
Pijx38q2BkenUNEPwOJPgw,1930,1
WSqUScnQVPdI5HgwMN5ySw,1324,18
MSI416ZZIHGXAOIiouxnRQ,1686,21
Vv-2LzCt0eZKfK_vcDSfKg,705,6
Ju9xa2lRbncCNk5wPDVT0w,565,2
0-iuxBNnuqlC2YiEDyF_pQ,2095,1
GvBqxHdMDw4p2nE-ecMMpQ,1558,2
9iW8hOFjuo0rAmP7qoYxVQ,1814,1
bHalwUZkcjHFa2TeeHJdLA,1963,1
APHHCE5Br8hULi_chFZBBw,1709,5
d_hf6T59MzTzLljqEGMSWQ,3009,4
eauxMe49x-qf7tPBHVdQBQ,1779,11
MUPesSsp0YydqsvVguRmkQ,1538,1
IljRMyMDMi2PAYgQYklOlQ,2628,3
iFEA8rXEefDujYIAwIA_jg,2327,7
PqqVfVgSChDI7w3spXS7pA,1150,9
vcwYHTBAxft4maX59CmCaw,1255,1
GMgh81umQ4ERS08akA5V0w,988,3
VAh3X1XRa3KqgcPxF-GN9A,3684,31
fyEWLOCj3XGdIAJCYetRaQ,2439,1
opIqZ_BrbkjXaqgNxgiYfA,914,1
cLlRdQYh5ZOFbpmIPCDoGA,2170,72
xGMVFIsBJ3PnVff-SyDXFg,1365,11
M_qnD83Q2TDKj9rYde44IA,1845,3
AxNBJoteBQLQud5JyDuW6g,988,3
t1T9Oltsxdy_l_LUsgABTw,2346,33
2bL5dFSOjif4HR2TjgQ4ig,2990,4
2cwH8D5k7vBDcoWfSsIHnQ,1013,1
3AvYMk13v3YXvHMf9CgLVg,1885,7
cfNY_z5QsbLijPUnx2DK6w,1281,10
zOYVn8fzLMEwGCpyyGYWdA,2728,11
BVzACKX-pIuG9K_p0SYPbQ,4036,20
_uzAOg9RkEp-Zszs5L3A3Q,1686,25
y0HcbEs-nRWWpS7WMkbEyw,2993,9
I6zEAeUmdt552BSDxjHCoQ,1260,9
_ss8k7TzRix06dBcTc31JQ,1388,3
_eon5rnS9LN8gH0NkQHVVA,2874,54
bl6MnWvpCr-kOqdaiofxSA,2972,7
r6uy9Zvyyfmzy4vuSK8vNw,1381,1
ArvppIzkQJepUQ2w2BgKRQ,2791,22
UxseWmmn3ZjKwKkJIGcfHg,2926,15
8oYdEp12cKPxWU0oRsF76w,2467,9
fNlIqxUhHowIqR-uPb6dPg,1826,4
WWua7DOw1vhuroDIfoPbxw,1862,116
8qxpGIA8uOYE2JUyRrgymg,2257,28
K9gc-amI--Qe4cEttaFh6w,787,6
L9KPTENskJRKsW7v9X5dBQ,3456,8
EaGOGWDqK5qFNBCmmN01SQ,3344,107
JCS2wuo8fsLKIPVfzlvsbA,1904,20
lGlQmvyw2X7R43bxwyT7tQ,1759,3
r1sLj85JPwZ_KM2eviuLVg,3682,724
Ov4QEksm4YLv_7iVW-8a3w,1640,5
jzyL_NlJ0CGiaeydj_qbDg,673,3
eNDeIhX8iFgOrsQXTE3CXw,1417,1
m_s8swc3VS-p-JEEeeSDFA,1101,4
Rz8V7qi9N6mRAFC-ftA3yg,1269,5
aFkSOEiN5xcECYP-2RSmDA,1873,10
zAGf0cANDI0SKJ9OMjNiiQ,2326,89
lEcCwTs6AARFmUVaPpJnsw,1946,2
NREqQrwRsplIG9eqzcRSwQ,3339,14
z8mhpoqWUKskvWGmdtphHQ,1676,12
fI_EiPquofBjdAAm3x9PZA,1202,4
uqaD9G-iyUly9M11uEX-Xw,1544,2
ZHl0Vl6PFZ4UAPBQj5YXEA,979,3
pxz-AdYfzp5vYQJpLXUY4A,2219,11
flQzVwMqb2opnlR_ZrT6Ow,1923,29
TSnxuaIXkhUjDJoqVWFtlg,1261,2
jNSJjbIw7CZ9SWGYSLfIgw,2417,28
laMrYvM5EHvTJFPbtSgRpQ,1534,2
rl5o7c4zXbPVx3jXYgHjXQ,1938,1
3IisYmTo1gJ5BuVxrRA4_w,2204,4
HStFfZrBsjCBbLtjtheYDw,2480,3
nMqznmLkEX5W-yLhErXsOg,3081,4
WmgzMsa-kKxqqRMRNPWvVg,3118,143
RGjNUsIQJ9XsnC7PEUyXgg,2026,12
na6iVX3SE5bCDQTX-I41xA,2037,11
7RrdgatTDDAKTbikUnKu0Q,1835,3
EEByIUq7mtCDHiibWtIp8w,3372,17
EPGxF6J8XZvBtjWRfLmBsQ,2140,8
wuhNDCKQDmfDiAGkgKna9A,1669,10
_IiT-MsQ_7j4IzU_Qf-btQ,3878,281
AG3FMROtv6nCdbng-u6wNg,1614,12
bRSvrG1pYJX12LwIM4lGIQ,3281,177
HVZfjLLI84pLw0R65qBy4Q,3225,2
9MDrYFjhnXOyGrTD2M9nZQ,1131,7
zbHZprXBNa4aLhT_UTYeEg,1406,3
rcSrGLHvWwUxTFc5A_1Kpw,1922,13
CCynXdzALKls5cDR2tCpbQ,2406,75
Fa5-NSl3zctXkHz0KtwNUg,3641,120
BpBpB_V4VtHvaStXcqyUjA,2779,31
JL5yt3AyHFUVgcIXOOf_ZQ,2634,13
Frnoix4c7jjeXONtA4eEfA,1638,4
zJEsLV-RV1Y24YZqN3Mvgg,2193,55
ob5Yj5WDVFLdmidkhX3aRA,2605,25
djtgPGGWQTuRh1kmRd5H3g,2640,62
umGgt2X3U0JH2VJi8N05OA,1501,6
n_ktatZng_XX2mGEl4-KRQ,2013,14
YBcNfGnP_tEJmbiUN_neqQ,1375,59
U5RbXqh7WkAcRrsJd1_WGA,2728,50
XdiU6ETCA4AoNbbo5JnWrQ,3269,5
L_KtVn5sjFsLDoaNgUIn8A,1858,6
rISqZ8mxvkZUZ6FCeHx7vw,1916,22
eP6ucqfol05NdFhqjdU2Qg,2180,5
m9qw-HUto2ckdigcuKlYgQ,1587,3
AoBNXDKbTnq1DOKryoiZhw,2761,75
EIyCJEAwa7Yj3Ovhy0L93w,1517,6
_bLc9c_t3nbAhmLJ2nB7ng,1376,1
OLuk8MhdTfR4BP5dJQsarQ,1188,5
I5cx3DH28RHruCrnuJpTGg,2226,4
CSD0P42M-zdLBpQV4wLSgQ,1687,6
X1s0zGMXu01SyBdUozP6nQ,1056,1
FNyuKKGkoW8uIaKI6eSFKQ,2235,30
M43_9alBCN-hpQ9t_zyRBQ,3132,10
SbJeDxDsv-S-qJr2vks0Tw,2199,1
51TcmQXCmru8Q7OTAEUVhw,1966,26
Qxu3mQMgjRuDmyRxA38CsQ,964,4
GIieKHW-eeWivY7nd8k6pw,812,5
hH1vWqtttOJkUh3ra77sjw,2730,1
tfq08-7X4-Vc3fBskBzr7A,1563,5
vebkTcO7U1mVTF5OPJEchg,3107,12
vknxnaUzRwbM8XVACZgqUg,1997,18
3rPxGofP9kISTXy5bc0-OQ,1575,9
0N8Hn8hJFquxXU2hKpXL6Q,2195,12
nKeQVY_DgoGkkaFKuPmloQ,3093,8
ch0CAG0uyh0lROyWoiCXdw,2173,23
vfGAum9sN4WEXInNe5Wvog,930,7
csqqdxHvaMJCTXc_2QscqA,2863,12
vYFyVW9Q4bIFSr6BYh11Lg,2415,5
ygGmW5Q7dpleBNXgSLhOTA,3854,12
pxecIoHQMHyUcNmlnhuJvQ,3878,85
ecisUaZAHPl8jNklpza_FA,2433,4
Rc8KDD40VoDBJeSFT7arHA,1404,5
HvsHSXEGwQoajHq8FnBETQ,1712,6
rC5atTlLzqgno1-I2_MO0w,4487,126
4Cel-PPvb-rTOFrroaAMBQ,2105,15
W5YuDjD4J7gbijk7KeReOw,2845,2
q3KzJTuT1L_QhS-xFzyxGg,2962,4
_uIsByhdLCfguMuXYMS3_w,3123,17
vVjv_vQBC4pL7WW0BhciHg,2909,3
RP-p9YkSR7tBo20Hxevqcw,3775,22
EkrqrkzbpUN0xgcMhiDsHQ,3103,155
3qB-Pdt1S5cliX_3mUewOg,2625,2
_20Jh1Fphrc0UA5FLEUKDw,1900,188
LgTcPsr937asjXyLe1buQA,1657,6
DVReVnqIq-XD3IIVpP3ctA,2273,15
6B0XBS2p74emnrtMjyGjcA,1659,14
LCCNuJ2oBQDRbxSBpVDB2g,1964,82
wqtRgffu60SZQEbCrkOmQQ,3152,11
OR54MvFdrpSHVj5LAGf58w,2613,2
5YE1MWUL0lkq9hYy3-hdsA,3278,94
A7-pDvsflEhum-L3SjRLFg,3741,389
khUm2TWOF_dYTTRsAjSWUw,4183,50
5khJNGPH-469Qngw5w4VDQ,2544,24
UYe8HYif_zQcyT_wIfpFiA,2373,5
5vT2SQtCkiorPZPY9twYLA,1402,5
rZ9byars2seJsmxCu_vj-A,2824,2
TmBtv6p-pHVVVneFXamXYA,3256,117
5maoQsF8bNFUMJx-8S-TBw,2534,5
Z1O-ct3m_MDkslm9sjXACw,2187,8
sbj78dZQn3JhtstTMWMKpA,2766,6
eix086Perekiqm48coD5Cw,2483,8
2rJqrFLxCcVJlglODjkp4A,3405,8
jNZvOPsom2ImpxEeEm9G4Q,1531,4
fmaDR8B7J1sKWKWpJXQtig,612,1
XtmG7m0VsXaXAIbLTDij8g,1972,10
4sBNtKpdR2ZZGeW9fbihTA,1849,23
28pNV9Kf-MoE44t87MAi_g,1559,2
Yt54Kwp6lXw18Eq761nMMQ,924,2
pdGPg_8hE0qA1nOVUXH1AA,1521,2
LrcLU6QNMxTV1z8DgUMm7Q,2599,213
H5xs7s1SanG5B1DNt-qXzg,1974,5
KiK8ShJ1KDZ2gM1o6Fon9A,1402,7
fcUmSn2bRVmju_GT34oPsA,610,1
DoZG9yjFc4GAHgx2uaSK1g,1831,3
hBIWL3kCB7gb-FHDQJiFcw,1835,2
u2TmoB1qweBlq7obw06C7w,1483,12
VZM4I0atakBmbgZn4wWUyg,2954,3
jdKoL7Yd0BxcQ68Z1BWSaQ,1661,3
jvNm-DV_BLuYtfjppx_2vA,2647,19
-YnSCbpizyDVKNqAnwBGpA,773,1
5lPr0Lbf61qgDYryFScmXg,1019,11
Y7Mez5KW4WiRIxYuHMBdMA,3659,16
38DzzfIFMpqV2gGto3C1IQ,2333,7
0wq-wyc8NfkZmOeVyQjYHg,1279,25
EBa-0-6AKoy6jziNexDJtg,2691,168
SfhsitCkR8PZj03CS18ftQ,2610,53
hfLmbDRuQ-9jqgEc_7mJzA,2183,6
4o7Ot5SjHyQNsVVNqJF_9A,2570,36
Bx-JNvhV7XobFQFf_rIRVw,1832,2
MGweyfKdWfONr8OKebW0jQ,1395,3
K5DUAT8elvIT3f0qIwAzwA,2392,8
eakuTj-ipkk25meVrR6biQ,3165,2
WRatc4EPT1lJTHqyi5d-tQ,1514,3
X02F7mxSwe_LrRO9hTTjKw,1892,3
K72vOCvBNXPcIibTp2V3Rw,1105,8
ywGAQ1aw8J3YvSJY67vTtA,2055,2
TKUH3kQjZlZP2eyJfrxx0A,1678,1
themZlvSjX2wlUrZXhfI9A,2214,5
agch10_BgcDc7g9qxawVwA,1224,5
onNooMaaS_KBrQ09Fst7tg,1707,8
8c_tdrkmhuY4_svAd54Wwg,1299,5
W-q9izVdjj20PNeo15TbIA,3922,9
mjS46QR4b81Gq3knsd7Ieg,2301,124
KFOgEh4atf2A2odkCpp4Tw,3413,92
Pp_6JMlLK1e1-MHQxwxgYQ,3760,17
2Ce2jUZ8ARDkV-ZSz2xh9g,3189,1
gE8XDHGQGiuvoPhlIdgPGQ,1527,9
bawIop5nyiX2a3vgs7H6Yw,2126,12
h7JJ-RT7kJHiI6dF78rrrQ,2981,29
NPHKvJMIz8iAQJ7QwapyFA,1779,40
XDAdTeqx2Uowrl8qoLAs7w,2879,4
TPRnMaeeiPjEKMb8U84wbA,1517,12
ahLKyuqqhBqrFUSbjohvcA,1483,1
8NDLqoj_5-gDImTd12XUGg,1262,1
PVLsu9xLZAscxKx8fEuWaQ,3022,7
TEM9SyLKLq8yJzNAqbZ6Zw,2885,8
47kYyKJmoKSCyC9iTXvSsA,1513,10
cvj1kzILZO4br7OMhKSk4g,1484,2
KxQsC4S6XQ5PCjJVtIF-RA,2857,3
fgsNMqLUK-eFh0hOQkcwyw,2089,2
c_B5r_bXh-4ZiE05fiPvng,3424,13
XjMAz2W9gwpIWgEvrXEFkA,2012,3
AtAyEvLF23zBzIputVZ58g,1701,12
iLXLqZXGVLfKwe3TFqUlDg,1098,2
S5M8eTMT9YUdE_-GXQB43w,1553,5
NLKPad-RY4FBmAsc1Uw5ZQ,2277,3
-4fn7E9Ym0w0JV63cc086A,4382,337
fGb-SjznMOLVx14DzyYkVw,951,1
SM_KxOUNu_RkDERH6c-bOQ,2130,14
nmjghV_0VVgD3PddH6DGow,1509,2
hYJ-I-vPb6nn52gIPJSo0g,2000,25
aZca4UOnrxVGVvBKhlE_nQ,3409,64
X2uV0yjOt_sHOUrfB7fZTQ,3021,4
VPQe1vCB_aAMwq5wmdPGoA,1194,5
fTuZaZkQmGRpZ7svpMHBOA,2138,25
xXXb5Tww9Cjec1Z8iUWFaQ,1049,9
I0QpKyVRKynMBRtCrsbvEQ,862,7
XQlwDhi1pjdplYCi4wWW7A,2716,9
Go7HAysrb_ixFXiXuyV3Cw,1074,14
D72plveORooGm-Mr8rki5g,2283,1
mjUHD3cApmQMOab-Oi_apA,1111,1
7LlEI3Qmn4AnFVUsa1pcDw,2678,5
MNhijmadTjTAUhv7urbk8g,3451,115
UVuVarrOqtil_-UA8EBUOQ,2241,8
On_LaRma5SD0zk98RQmdFA,1485,4
ZT476_eLisIRZSatby4C-A,2799,19
R-GQVuynbjvR6MfPlOEDhw,3861,52
ERfSrF9qv_LINeVlhv7UWw,1769,24
jZgl5ftePRjFPVHkhBivEw,2389,6
93-kCf4JFhGexoT-QhTKTg,1838,19
-48K3nAC-p-IW41B_H1G8Q,1211,3
29GNM04CCZUGD2q0RFJ3rQ,617,5
VF4KvTDAG-p4umFt28vlQg,1754,2
yLdHtxxzxAiScTfRWdxjPQ,1307,4
C51FBu5A8s13p_kkO5wEFQ,2444,13
eJXqOGPN7IWwrpPWxLTi9w,1724,6
_tkFXtl47NaVAvOhRREgCQ,2873,161
NRBswt7EbjH8DKr132yq6Q,2356,4
7560PBI4r1cDM_YdwDKrvA,1334,1
GBlbpQSApdyO0w23WKCynw,2742,8
1k4FGjJK5giNYIAHiDgFiA,2966,3
GappGPhqNF7E-sxdJ1giyw,1975,2
KnjuXdUISm101HLR7kF7tw,1472,4
u26Q8wbn1n4bJHHwcH9Qhg,2052,6
_-h9F6htt2Sxe-zvoJbPGw,704,3
509hQYU3zqe0z9BIEm_PJg,3783,29
soFbbnxw7sOw8Z6ZYoIeiQ,2779,9
DI9YEXo_b4P2KMsjdfvNwQ,1742,9
R2Jk_1U-thzXgxWGakOeKg,2475,4
BZvrdzYl1dAOYrlX9nG_4g,1460,20
2uX8u-aBzbNYOIIS0sbwYw,1482,1
XzwA4Itn22_QNVT-Htyp9Q,1857,9
M9OqXG1Xta59W1ovsyHGzg,2737,12
0utx69Ahi9cPuFvKogApFQ,3111,4
Do1IEo7aCuyprm2ASD3Dbw,2561,7
hl4p1bop_G1RP6e_DlPMxg,2563,10
txc-VzwKH9IPdI-dchW9Ug,2851,71
_EVPeLqez6UHkDTSZ6AfCQ,1262,1
A5vZEyW0c_sev27GcqZuQQ,3568,3
9vZv-Xx0YLFOpwUIFeVekw,1605,7
EDA4JQ8g_-Pn8DOisD-RQA,3088,4
_4Rk-sl4gZKXb7ACMEcZLg,695,7
x0DNYaRTVBKwhee21F3akg,2407,139
O-_lfpR6r3_oTpOYPet1zQ,1864,12
70qbgIW84_M1sbMTEbPEpQ,1069,2
NNu3e_j-bz910UVz-gkrfw,1402,3
stOQ1we2TTdAx5sJ1iXXJA,1186,2
1CltopEmf5OQs1XUytNNbA,1737,3
lmI7ExxzQsXGEb8vkwoxMw,954,2
WkE_Dukxwo8JZX2sXU4pUA,3321,99
EDCFlb6-P822-yHXCNXdpg,2253,14
Ddiyll_Mvl75I_CoxOOomA,2491,3
cmkzwldzGhmEK85uV9M1Uw,2782,17
oJLAwJRRtw98g49JmaujqQ,2544,6
6bhmlv6_PaNwmT8M7LuIJQ,1486,1
W7ikEnH-cKU_Y9avP2kYsw,3103,92
bbfHBh3r__IISgYj-o8KPA,2415,3
3DocHe95sKkko4g6k_y1JA,1117,23
CRFj_MCehoNFo0lKZUvwmw,3013,136
Pfml0K-HfzhNlprZIPMBkg,2198,9
QUKdi0a-uO2A4maCRctslg,1691,28
na935v6RNx5BCYbdvjmhCg,1462,4
TVkJPxkgyxXMTcmMu6ByJw,1654,3
GTFFLqHzQ7-0QDkqME2xEA,1991,1
KlJV2JxxendaWOpQDDzcNg,2153,9
1r8JqV0GgRAsy6epoOtc0w,2341,5
pMf7ybLSBGrR7ABPzv2bag,1734,46
v78iq2db0io43IfBriyH5Q,1207,3
0U90yQ1XO21ORmJUAEgoGA,1459,10
h69tEQkG6c9JmcIcHv0_qA,2483,2
Wdgr3vXVWfVEZaf6uMbexw,1540,55
8L2Z9qnLzMbos1jv9kKoDA,1418,1
hU8p8dkmJjwBvHnTRCeH3g,1945,3
Hhz1anvTAD_v8o2YO7rRLg,2481,8
bgtGBENrNH7eOjS4o0EPJg,610,30
juQ57gxYHViDcXvQgxm1bQ,2451,6
Y16S1J-HpiEjJwRFHuZfSQ,2497,11
o9J5INNqw2sj7huRKk-3Ag,1339,3
QHB-mL_oDLy16-grqh8RAQ,2584,68
_2jRHPxie2gJGoUVpBxpxQ,1924,1
qCnf1TRywwlz9uSgkYbreg,2265,14
0cTX02jr_pcxteWdH7DVBw,2030,50
-Cm7bsntN54lYfuYrCm9UQ,1920,6
enmbveBcG4h4BZQmt6ov_w,2901,156
r-jCkNytQCGK1nsM_FXyGw,3011,20
yc7n3gmEijz6qVP-VPldbw,2215,3
HrSNowgi23JVY-cxRUURDw,2042,8
rc7e8nrpi8X-FRj-W5Dg6g,866,2
SZOggQXDry3eTo4ukMqG-A,1455,10
54i3j60Vym1_bdIMY9H-Dg,2557,13
sOE5T5po5NiWr_kQjqSFcA,1763,1
Wtm3d5pM0pzWcOE6EmnWiA,1687,8
AjvG4OgHAo-FnAegw1yGog,3023,27
o4RhvTfXVMzrld-XsCYmlg,2118,13
Xz6achh5wpWKRB39-I9OyA,1723,341
AKBUVn7gFn9syFQU2gsbmg,1320,29
8zZX2NKrIuaQm7mtISz9Cg,1612,62
Y3q4_O6f-4bdlBd5ZByNWQ,2810,105
-DLVCiMg_uM0ihm8PcHWcw,2697,37
6hgO0jcO7MPATRMRs6h3Tw,1627,6
aVrDixv4CojCy83b6jx7hQ,3317,10
UgUNra-5v3C_meRZQbVNFw,1481,2
JNVGChHwcoVEL1cEd2wWtw,1285,64
AJTw86ClAb8nsYV6rvT1-w,3606,10
dBAE7QpBJp5V9ZP_aWGBjQ,1715,5
y2QowKdepHz-Wb2-1M8Vaw,1517,7
7x9gIndrPSUw7JAJesfPrg,2230,2
lBYjvERPGGOrnFM5VkwRyA,1877,4
xd8TH_9R5L7Tb1Ad6y1gAA,2391,10
Pn3qS3RywA3OP8wJwRF8_Q,2542,72
biKPA5fNulI586Ea6oV2Wg,2774,3
47SIxSzlWp3_CDSveh3wvA,3276,3
wab8WrRZBkhM1Y83mHiu0g,3436,10
hvNxrH5zbQLbA-m119qRDg,952,1
K8gS1wP7pNw0OD3m_hFCow,2078,4
GqMSDMcjEg4fDdW7gNRlwg,3739,4
UT6uQVnNcaRxtWSDPvKKAg,3586,2
sUVlToT-h1rwe4_K2TV62Q,2148,2
dgJk5D-IRRipR7f1Xe7Z8Q,2333,11
1kM5GXnT-czKqwsALnegGA,2930,5
b3AKDKxABUeatTg7LdLPqw,1620,8
Gdmn0kNDfdzVYntuBpyVBA,3174,24
eXtKGue3__zj4eBKdeCvFQ,1671,3
Z15xk-4QTFbXM3E-x21KPA,2952,7
mVrw7FiAkGMZiHzFQNC5dQ,2390,22
zt8eRfKH3nsFf5mMcMdyjA,2159,2
vwzTwRGjn84zFYQvM0pHGQ,1668,15
m9HoSPyAUCgG_83_j1cB0w,2771,137
Lzp0XMifXuZO2Tcv0PL9PA,2493,5
qMs8GFZobuWSzhZlW7-XdQ,2414,12
nGRF-bH7UJ34u96baNeN3w,2142,2
yxbFjvHeX2QrJQ3NJzCkOw,2285,5
JBGEnzWNWRBGL3AZKN6UTA,2776,5
X3mZ68DYJesYojnNkvvhdw,1096,3
SxkvxTH1pzF9Bg10VdQPQQ,2284,1
5Rw4Av1g95P-tq6X617fOQ,2724,7
SC9MNdDjJhrFbaQLaLQxPQ,1710,6
ApJ9YgYU-AhS4a-F5oTGHw,3633,492
Qj7AZNFZNMNAleZSZgBMcA,2698,35
KOWTNUorHCw6Rz_k67TN4g,1257,2
-wi8wKKfBporH5MNjEbxng,1982,13
BQh67fh9PxSdPk8eCBmaSA,2114,6
aJbTrOFx7MEyAJODn7gFOg,2266,24
2vdMpVKw5_D39q2KFhdJQQ,2199,13
-Dp8VO2F7UZ4pxdqTrUquQ,2301,5
Ki2bKoAkesnMlKARCg3C2A,2313,16
Atm4FnnMtnzmF0a-m969hg,1672,43
O5U882sx9llECoa1yn35Nw,1073,3
IrKzwY1qM_0TIIE1MrW_TA,1304,25
7lz57qImz_ZSLSSYr2eLIA,1656,6
RibptWqVnuXzGdIvTkkFBg,822,1
GibdHRrW1CFz9ukTCL30Hg,1446,3
DgepkOPI53qmBrX2ZjepAg,2334,26
76Jn88C-psACV5GopI_mKA,2712,17
t_kj3WrraFId6fFW-1aWFQ,2357,21
KN4CrzWYdoE2sDvHtAoWDA,1537,3
Fnkd3Ncg9nU7hOCNLSdVjw,1311,1
o0eflYacmP-7FM4g-uOLfg,3231,17
lDxWATNAAVfKtETNEJXJuw,1823,22
qyVlmvXbZpTkfVA2NMQZXg,1430,7
xYu3sjCYF-GWGTIZuS2UpQ,2877,17
TH9Hw2ac1wZgR0NJBLyI0Q,2538,1
0SHgYK_hIUllm9GpbIwsWg,1253,37
XrYLgEb3S1sHWcY2O3wl9A,1436,8
SKrEpGnf08-qoRLIP6hxtA,1188,7
LDeLJOdvAE3gxvoQKCnzkA,1371,12
GXvUFH3PUh4q1uXE1oSlsA,2810,5
-kXhJtF8VT5DNX2QK_wR3w,2047,1
SZQGJKEQgP9lq8RY7vhMWQ,2287,4
jQ95LpObnJGxSspZslo67Q,2015,17
O_hbmyOrCVsouIH8TsT5FQ,2428,7
i12yH70ya9_XazyGCitJfw,1379,2
l3FZeW5sM7dcvgjKBYZvaQ,1984,17
_5L8kOoiZTfVGridgkAt3Q,1962,5
PpUtP6-vALzUkDEHg6jd7Q,1245,6
eTLSKA5HK98Klklkv6E2Uw,1880,3
R4YsM8Oz9v30Pj3rvw5IpA,869,2
O3p9w4JVaFwH5o3xphJSlQ,1998,2
APZvtz9l-AM1ERCffXqQZQ,1316,2
Xa6yDoGND5mGCf23MZtoLg,1661,4
cHsg2Z4L98bdh3ACRgHlAg,1645,2
etIjT59SGnWDxx_stqGRVw,2203,37
whqbF3JR31pZ5RgK8e7iMQ,2762,5
bGljcpiKZfCD0rmTtPm1Qg,2618,1
wZYoiTMFQ1tNB3OmyZlsww,1486,2
Mc--R394VrnXPQf7s45Qaw,1889,2
tCkxZszhlsatTNI9nUTv0Q,1853,5
lejT_avlydb8Rz_kNgV9zA,2106,3
QMlDFsPszN_B0I8YGFjeig,2224,30
5yZeJcnfD9AR8eizQFNoHw,2039,5
uggQbY2fg50Oq0vaQQ1E4A,1629,34
yIdV6EfTJFk5DKfjAlZqlQ,2851,7
8FOUAEfQrGdIlggmURL1Bw,1918,18
yS_O7shulY2pfvZKdrZ0mQ,3318,1
N4rXJZo5GkNv4VzKi_n4Jg,2251,2
6lXd3RjyRcrl-j7yDVTNyQ,820,32
hUJAmmYLr-VdLLagLXld2g,1312,2
2zavrE-fl4ZHoUjNvr4NVg,3224,2
e7bvTxx11qL0HMC0FYvxhg,1945,9
sqcW_qGKhBrpdbgNsffhFw,1707,4
JUj1W1KtdBceeGv3R_PhkQ,2391,1
cTDmk_fCFyi7T6g0JRfkIA,3994,3
ltEGqIVx-x0R9ApApi8WJw,2085,14
Kx53uTaTbf0hAb9eE7ZZqA,2798,14
_qjr8BXCJRsdX8jkOKNBpA,2586,30
TUjOfpdrKeLeYVPQHmCn4w,1917,7
GGiLxTrOwVW20MNpS3SnGQ,2080,17
DxgGlpL63iq2p9vj26Lutw,527,1
ZYQJ-M_TdzQIxdGUW5t_rA,2040,2
0IC1fduU-N4s4rxjeEaTDQ,1846,3
tljjt6dgQ5LdXqacC1W3hw,2747,23
uZRvll31nWilPWRm5tYRcw,2135,1
8RlfWgh-p9kciM6k_nopTA,1462,1
qbLN4G3YYIGezTraEWRiMg,3074,5
3HuDfPfzZjGg94-0JUJ3mg,1733,15
o-If75jLqJ-eAEqo2QQddQ,2860,17
dFBUUoG_kd1k004q-RPupQ,2157,11
EFL_Xh74qnr8wJeaY3giYQ,2321,17
lZ_QlkS_Eg-Go_fw3V6cxw,2242,6
CAuEFDhJj_CYWoEr407WwA,2185,3
p6vfOJvC7ZqkzDCS195yww,1907,9
z64X-wRQ1OAWHUaBAkx0iw,2647,4
awXlreqpD9MQs_bk9RPKDw,1431,25
OSHX-jr2HvCW3NpiIHXpug,1865,11
QdSktPfa1OwQfUe9dGadTA,1247,10
oIYtKlW9mSRxNC4KcMeTkQ,2917,28
BQWJpSE9KXipjBpE4wpAtQ,1353,27
Ve4wBIA9iZasb-q8AWplag,1801,5
7mQa9sXu2tQCP0vqR6_YQg,2505,4
xvxlXmCntB-1_L0fPOKhew,2399,3
_kP32LOsS2Tp4E0jK4hDYQ,1104,2
qSZW_h8mIQW1_2iv53AMpQ,1776,8
CJl4cJG35n1RD32KBGooTg,1180,8
mHX-R6Cyhm7ZYaVZ0F3uLA,1375,1
3TW8MQXDH-RpTfFhL-iZjQ,1514,52
YbhLw6_8sMDmRo_j1O-8tQ,2263,11
0q2hKEOESV0Qmve8pDnA8Q,2220,1
3KtMDa29G0H6d_U-3s5wTg,2755,7
7pbFf7NSixsUElR3bZc6rg,1475,10
wu3hB8c6crmJaZa696QE8Q,1382,22
AnbNEdi4ELpIg5BJjh5Ywg,1955,7
zkyzP7qR5YxOVAHrzW3unA,1976,7
DAG0_KuM_uLLg3U1eNgRHw,1531,4
vqr2_huBMFWRrh8LezXS9A,1740,6
Zy-m7HALmSHxstOJzp84gg,2612,13
cqNT9kYfl_eY32sDkrf-Tw,2033,33
NqpqzTdGg6YzaRNIauj7MA,1035,3
8zbeah017_e4sn1c77bHHw,2795,12
NSCleblTK-X1Hc4Rzc2QXw,835,1
lwWYJh6czp36pyb0hCuvHw,2423,4
1KU1bATqx7f5MDsZ-mQl-g,1158,5
tdZhMSI586st1xdLeghj7Q,2513,4
426wGCezk-ovGdlZGWNagA,1557,2
lvKJt3NIgeIexgwuAE7aEg,777,4
bZVU0w4oGCrAvKexpK_CAQ,2764,2
ZrkStUBMinPBVvJgHph1Vw,948,4
oPd8LDoG1vKSzDZwDX3RwQ,3927,7
NKaxtRSy3YZWi63KRYBb0Q,3761,4
yuOPJIOUyYYt9lDhc_CsIw,1335,8
jHf5ythPxCM3w-ruIt5Tvw,2027,2
bHBnC47RA-rtJUK735Rl1g,1571,4
wvz_cZoGO8zD2PRsm7VlkA,2331,3
GH_4Z_O4P9ozG5LmMiAsBg,2371,25
s7sqJMhBtBjd8AmUF-aCtQ,1445,9
YsoA5kn72-sl475ESlKH7w,2687,5
jeNvYs5_HjNOjQTugzAYiw,2487,8
UtiT-hjIm6gomHLptrJqRg,1667,1
LvYylxzFpXz83rcOoPTzVg,2427,5
WZjLzJ1hWPqQa86uIPGjoA,2747,2
AjqHp9HxQaMNM1jDFKMh1g,1181,3
JDP8dZ_esf4brsq7fK9YCA,1264,11
YVB_MkbA0XqLXnfBk1LCfw,1235,7
NnSczz_889Ejm3hXrquy-Q,3744,590
5LLenW22-BZ9o2vw1E4Vhg,1608,63
1lQN3Qyre9PkeHN3gd3oOg,3089,130
GUbfBespQfgYmu-e1OW4ZQ,796,5
A53SY1auNJfyUjTumho-fA,1049,4
yRlwAEewq8SGXsO6ywyw_w,3224,32
qlUqGSinLk6JPGJpbl3-xA,1017,6
dfPShbB0EOQkPMTTHje02A,912,1
hYkutSgEg3EocBukx3fLgg,1458,8
b7sNusTvuzsdz4HiKEgYOg,997,11
5XwMciMQJuqVA-4lTYPjdQ,1987,30
wsKReG9vEUOLWXkbt0R-4Q,3361,3
Y_PP05RRdzbKRYfDCCfh8w,1184,49
uagWIxhH3tgqw77thS4cow,1143,3
XTwRQzRY_ZdWLcGiJHw_bw,3006,25
-s46wL3tdAjbgvNku69bbw,2512,4
vJrF_UelCT2dHSDUXUMciQ,2686,1
yk9wx31bfMEe_IXB8Q-ylA,1741,26
JICZvWml1lLxJOcpglmViQ,2795,70
QQUE-g1cklNGETmb_JGMwg,1105,21
TEPd-wezKjJuUbxTLeKzAw,3730,162
yvozPqI4S1IRnErtTF7wnw,2371,10
SOOGVQHnTBuc02O8_GJqkQ,3472,69
mlBm1xWB1l3ar2mSoSH2RQ,2787,7
Y_XWKP8RX482ZRhkMQbPJQ,1417,1
BYCPgfjI2tEpSRegHTUcgg,2162,2
yApfpuLJmEYcXt_lpz_e8w,4008,21
1orO4t6Ufs5YnR65Yb1DtA,2471,4
SM6lR9YfcIUyMPfI2OcPDw,1200,3
NAYvXYAqinQ-AJVY-HpSKw,1603,46
pyFWPV1rfbJO3SyDmp6dVQ,782,6
RSRhkcltPh274vfipYCBfg,2598,4
owurdlmu2cL6WGAFDDmm0w,1430,2
xww3DNKRkooeA6_FpcSICg,1175,2
jFKFtLq426rY3M8HJ_oQWw,3200,112
3ScTG2o_0tOuOQwTe1i4Kw,2338,57
SG3c5ltKy73d0_vzyHL1oQ,2466,3
2QF4NBbQSRfEzw6r-9s9zw,1181,12
ayjb0_ReywDYUklNM4OnzQ,3515,145
eYt0pxxR58xmwyeTWfvFpw,1809,4
Tt6TW1DSq0lz5C2K3DQCRg,2629,36
dB2GwHm8MrOh-qrTgofE0Q,3224,4
IzG-AA9U8yzreklcChRUeA,2891,4
bbTK-YnKPl5qozd8D9Vh6w,2100,29
1dy8RPyXx7Rsf2Az140r8A,1677,13
v0X206QzPx0N9aqQO5iDBw,1332,2
IR_lB4e6fSUwvTDXPWVFrQ,2701,5
cTN0gb8Uqq25FYy6_4QKaw,2418,6
Z5-fq5D6B03YN-l09cbGzg,1061,2
eCJOVur8w0Cw1WF9Mq7m6Q,2481,4
-uo84bu3wMBmGCp78kw2Aw,861,5
g5n_IYuKhE9QywD1UhABJw,1788,10
-Fbuf4AnoCqT-tF6d4o6pg,1147,7
gz12Y3XxxYI5yhLihrajiQ,1193,3
2_uqiqKjIjeRsj97ZMsvfw,2152,19
IYxgTCV-6iSosTkMaoWrmg,1316,25
s5s8PJB9SYvmnzZYS8i8tw,1549,5
Db0yLjxzLkcVn5TU8QRM6A,2002,3
GI7McyKxppIp5nwUAy-x-g,1786,36
t14ARWBygLIok45nJFg2cA,801,13
gfqcsGhIcucJNIQB8SsXyQ,1441,1
x7vbm6SDkElRcQ_tGROcZQ,2414,3
b8hpsQAh7f54xcY5MIWI3Q,3818,156
YQ1vkHZEFQz2EbN9kwznIw,1052,12
Mnx40gQZXMqMg5NsSuV02Q,3510,212
Rp6ISH2u7v6jD9pptNkYqw,2606,3
4Ga7h02mQ8tXqxER5FrWgw,2392,37
KEOfF1lMtCQOI8D12VymuA,1509,9
BldDqmU3lq7j2KSqywOcIg,1506,37
wTfHxouau3eflK2uwnu_KQ,1880,26
A3oBSpt41Fc3IV_Efc65Mg,2389,15
F1HfiEmsUFsDIawKRFNwLQ,1476,11
kdua3pLdlnWg330j3_IzUw,1452,30
is_p_QbExKeRxBVrFmyr9Q,1966,8
2XT1cjILzZePFavikJ5fXg,2858,22
zasqWqO3iLWkn5waZeZ8UA,676,3
fedF39t6arqo9vUV2_MMxQ,1438,240
icarDcF2RB7bPG9XJugIfg,2144,4
Ocr-0m7zKjay-7VBLRMXww,2656,17
OJW0JM-X3Q656Djecrt0FQ,1925,10
X0aG-acaVbHw3wXwBjFieQ,1006,6
n52XxPC_sjHJfDcsWv3-nQ,1548,20
9f95i8ZeJiE9H2Ec8Cz4Uw,2348,47
-1pN_zl0_VBDY-Nn70X6VQ,2683,1
ZxkExq0oT3SkoqW2RBy6IQ,2286,21
8ouLtbbN-Mh2RgBJQIOu1w,2672,6
IxAt29M74pXZlmoSEeUdVA,1251,13
WZxqBE1DmK1iS9qz_yi6-w,1762,3
6lTiEO_doxue-iLOpCCcmQ,1400,2
_KsZp4DA4rIEFT2sEqlxdw,3933,14
-4H6fFP7t-JAqQVeJ1nQxA,2251,26
aNFcuopda-IC8XGjyK-QwA,3581,3
M-olRl-ULhyLxJeDjms7-Q,2883,4
pweWkv_hLnpMlF6Q_ZeABg,1527,4
gbdDS7LvOYJbCcZjJgnBxg,2016,5
1yy6M-iQL6H4qkSgzDGugA,2253,22
neqVunZ8LQjnpFr8y4LNuQ,1913,2
cOC38Xi7Du4yx4jEeGjVhg,2906,14
xEe97fR01QURu629Rcc7RQ,1112,2
beZY9CPj86wrtPxVQ4A_fg,818,5
L6dlidPFPbuPNnBCaq3UOQ,1900,10
eQDDjhIDABFXW8OS-DZT-g,1777,21
X2-6fyQ7xjZr3WSUuSC8qg,1730,9
YP23TFo0DaKqunonI1hPiQ,3093,141
BdNZYGNPa1SD6Y4Sa9xElw,1243,2
2FZph9JZxJzFgbtLlBQBSw,2374,23
bW_wq3npg-qOa3pdRR9Hlw,891,1
tFKpHrW_Y5c6QAmjhhXO6g,1653,13
lsN_hloasLwSurCrqJFXNw,3080,21
H9B1J6JmaQCQI3Co5pzGDQ,2601,14
Me4BFvAwqrKnXoCQgpl7qA,3548,60
-PzYm0XoCGVo1JnVTpP1uQ,1607,6
kHguUPxlF1BE9T2HhfhGSw,1177,1
J8LgT5ZKzUJJNwWUP5IxbQ,2184,159
JKfPPeKgI_QzY44JTH_e3A,1005,3
sbl08foIIbDFMcmJw9AhhA,2631,3
C4hnUUarOQwvLDRtWYH4cw,1599,38
tuYMK1U_uUtf8TgpJ0c9dQ,3603,499
sHYr7sybS0pBEPHU89tqig,1320,3
wJLaWm-c_J0BbFa2Y_At9w,3449,295
ylIrzAqBzN1TLf4-ZNvBcA,3615,11
6UL-JNJEvBaq4jCqaIPNNg,2247,122
c6Vqx5uKSt7MQhvrcUXCeQ,1221,16
YPEWjzxh1chKDC_s68ONrA,1267,2
id5USDDrCUcfbVz5VzoIsw,2535,4
mf0sv73GCm5m8XvoHCLNUA,591,1
UERI1RavpWQxgWTbLH8FFg,1724,9
59S6l1i-t2lm6GzvO17Prw,2049,3
K4aslVsTHghA7UrhEtpyKw,1437,9
7-ylXPqLdax4V71Yq-qQ1w,2480,2
GHicXG2gwdyj_0MDZSMFhg,1014,1
epEFxMMuSvf9yg2DsdvNWQ,1014,3
QNYs-GshFka7wPKnjhVorw,936,4
W1OC9Sbyp7ICTAtGvAjjqA,2548,1
_e0FqXqTvApj-5v_VDNY8Q,2748,7
f0y_iJecHXqSCK3kjtJ4fw,1016,2
g8m0vn5ozCBjAIxlJr7Gzg,2371,23
z8TBYaVJurlTQ02BUZ3Low,2506,15
Gn88PjIZbkdagpj6BvXL7A,2700,19
a6GqvUsJpc3SGEEmIO76XA,1849,9
ROCWJoszLUX8JsFlNyigUw,1650,4
bL-Oad96Nb1wAgsdbEeKSQ,3030,1
cfqLcKcnHBTDM3yN-2xZnA,973,2
gi6NzT13tybEItZaTPIftQ,1164,13
icoGcmgienFR34VxIS-RWA,1809,3
93YaRtXzjBLSQ8lJJMLzGA,2206,2
VsD1hqwAfKsT17cXX4WO5Q,3561,40
Dx7rrDRP8S9S6pqx0iOtXw,2270,8
3H6v6-9ZZWkXlC8iBXTtag,2550,3
a1PYtXgO_A6rm1kic4zZuw,2147,2
XWnx5Io6NdKlOL4H_nG9xQ,1263,3
ALTSDhoy0YQ2W5twn7Rlqg,2425,10
PeMSF_IaKSVlSWIZg7ntnQ,2219,16
kTaa0-C1VV8yk7FJ5jC2vA,2833,3
noH7lsKckocidukldYkWxw,1962,6
MmahfsbPel_1Qk_rWTFTOw,2635,22
EUNYl7w4jMFWsQND32ZlaA,1035,60
IPtKOACCGwJUbJsut1HNMg,1092,146
bWW91076IyatC7iR4_cnSQ,1465,1
0pRejWNJEydMbq1BX0p6GQ,2614,112
3BGNDaQweTM4NFh8qHBKPg,1219,9
VNpOZw975GFPt74myYwnzw,1274,75
ztcNHvleigpjR6snP7a8sw,3191,156
_42w8abK1KRQlxYb7dV9wA,1759,2
9tI5zygHAbuYe-Cu6W_d4Q,1453,7
Wtzzj0zbJk55mJiQZwewVQ,639,1
xhoP9hbyCrlM4eOnJZ0s7Q,2169,5
_LETIxt5f8HTq4dhwsI8RQ,1325,51
EohLvLo87M2GNbYGL-AlUA,2554,65
sCITS4e179loufXpBvQWOw,1866,2
LJjPlWqFd8LWN5fI8gffRg,3009,75
qtNpUMwLUt4-xJrSFTartg,1647,3
8vO8tkkqpYxEWPNXKz2e3g,1062,2
gHvs-QMu8megAZKDKN11dA,726,9
zTR6jfpffdS-Z7nQyQp4aQ,1082,5
zqR8sPXL06jobYrPHrjqdA,1173,3
pwVBv5rC3w5Fp2XVLMiwNA,2250,2
cBg0y--_BLlB-xrMYDPj5w,2851,108
Byhi7-mu1SaAUCoST9_-Ng,2481,5
wO7sjIiB8h0RAKPgrh__9w,3629,47
q_umfvqrTG-ms52qoPpCAg,938,2
2fkREXHCIB_BVucEb8O1ng,2534,5
mN84t9j9G9PVhVvk9u86BQ,815,1
x-EZC8qEE0bhhngG5Dn6og,3731,28
4819VEVOq0NNJsNviAx97g,1580,1
eQPSsuOfaCi9Z4JTSkeTWQ,1209,120
RgDoVZ4Q3JFcJZUFXRnO0A,1004,5
g0_x4kVvJAYuk96oCcbOmw,3548,411
9rVpCPrZZfxbtBtfIT8UsQ,3119,6
7Bim8P5ZyUEmbqXqS88Fww,1547,1
BijbnFguWz09QQxA5B_dGw,4186,9
ZmSHVuv14UDYE9k1GriceA,1668,19
b_dHTaX3YPBBiH0KBxlq6g,2400,3
2c4QAP1d-8R74s00ifbEuw,2563,102
uzfCwPRQgVEvNG4ETTxhSw,2803,3
YLaAyKbRLQIGCWH3qJ8juw,3006,3
MKCA4ealV7k03cpQEgGSEw,1034,3
gCsRZIsh2pGdSwyTRcIRWA,2803,14
miTT_WiST_zmZrb-Iuzy2w,3484,74
ikPSODj5DdalDdOSVs62AQ,1130,2
q-LikZWl146BXycRkOsCIA,3077,29
nOryu-wTNnNu2wXZUvx7mQ,2131,25
G8Nr6wCGpVk5N1n5mQJ2Nw,3055,33
UzzAlCv9yfuyrBulb7cUAw,1080,8
cgKa-0XMeL3J5GB3i28MvA,3905,267
C-xUfmnOZn09EmMK6Ye2lw,2434,6
9GiuozTpqEsG3BTbhL590Q,1907,132
he01H5pGYudx-7hpYsfvyA,3109,2
kAWm1tiUoWA-ey43uWl6Vw,3404,20
UllAtcsNeiFp2cD30Dn7rA,2919,7
1oW5Wou0sURXmsch3OU_Bw,2129,30
uGf95bpRwGob12ReTa7tZg,2467,6
DGO7tn6Xy9dWvghKJSmubw,2341,26
BEmCDkhFYs9bDmVvH_nTzA,1307,6
QhYeFSaRJH1AUtAjpBFq4A,2901,4
f4UKg8POi8jCmwaUIIqGxA,3433,263
3523-niV_porzWucM-dNng,1658,5
Bvz-5-rzwv0La5dFACHVUQ,1317,11
mbHs-WureRKgXYMKAtt4LA,1683,10
-C8BrAozoua02QwHe84QKA,1639,13
d3pDDfxuWF7Zz7rEttzkmQ,3566,72
r0YQhP1Z8xiPNebQ20Hu-g,4265,274
m7GRN5cLjXTNCUWfYmtwoQ,2584,8
sdTfQbfvhGO1hHO04AGyZw,1758,1
w7mU0zFUejvq2HGK8AboQQ,2235,19
28eo1bSzvrg2PFVPlT3EDA,2189,5
DveN1xZzDBL2Z3BsL2ZEdw,2374,48
VqxTFZ_6vN9H51KkBtTkjA,2666,19
vRTXo1H6dXHq97zknld_fg,1466,9
WiWxBf1nB6fWgsKxf8dp9A,1031,3
o-654v9T5AEsHZI1bG7Xmg,1433,21
CrQ4y8CWTi3dSaIz_AMEyw,2396,15
aSWNILxQxqe-fCi7V9NmRA,1118,11
2oldYNybQu3OjRX-w9Z0Ww,920,4
fmt6uMWssnM6UsgJG52uqA,1993,11
P-tLNfb0lFRvG_7D42EqrA,2340,9
4MOifZwyzVb9bMO7mCvBQA,3541,25
qfk7kikPZmSc4D1lmQgMmA,1370,62
mNawbRj8QSXoESqCSViOKQ,2251,3
TbV5WPlWeBXldeQE6j9SXQ,2087,4
Wn-d9CO4ka0M1lXsmsv6gg,855,4
JXT8f58xpJmKV6FzaBEaAQ,3526,14
hqp-UAn5cyLAShRacUJ68g,2744,122
6_F6vZYCgVIXLH1-OJb6Uw,1152,8
_Ac-IrlgSeoMObmxeGZ4tg,2219,3
ex_xQWEyJK5yLGiwMGoP6Q,2699,1
E0yALzRS6K5WfSVJ_P8rHg,2145,3
ZvtxnemL8qQJnqPjQXO19g,2242,11
8uq_umBLZYef6GAd-XdjBg,789,4
rNX6sZK_dfM6xZrM15PhkQ,2271,64
329smbcP1Xy5SS59N1qysw,2730,51
DkWpdb4x_X9ztIh1IJYREw,2904,48
mYANueoyWaDfOm6DThqFdQ,1894,4
jTkkVs-OIlynjrTNmoIkAQ,2555,16
PMSQfGX0pC9N0lCVPOdydA,1740,2
YeYH78XH5IuPJMEooSG7xA,2027,53
ovQNqWXHYaM9NPbZSvMRDw,2317,15
afnHvil1YFeJ0JgjttDeWQ,2040,5
szt4Wg_YLt86Ww289pLLwg,2559,111
Fury3Xmfyo-sTuNmdh3dOQ,1125,3
s3HQ3WV3RUppDTofeapGKw,1752,5
LYOvyedhKD3eqs4dJrp6yQ,2593,556
wcejH_IBvmQhrm6Owlijew,1865,3
NFXJu16gKtlo9bhHxq1yAQ,1958,2
reWTeEuYV7iR1Hkm_yBXtQ,2451,6
-FMSIHEmk0m-5Fi99V3XiQ,2360,15
pCBnpB0XGvLhOO3KnTAfcA,1514,4
pOYmiY-uoHM2F1sPLwdGaw,1639,1
uzl6SIlCL2Tq_790NEyMxg,1639,3
SM2ki4inI2iLAwAXHEGCKw,2705,11
9ymE8xCCIg3uq5lGISANJw,1895,4
XNqjZ_Yg_Mi1w6qBJ_Rsow,2740,7
0lXULDfGX4LCYGSXpIoIkQ,1129,4
QPtkjTm7I8nsv2LHNyL2pw,2721,40
mE-SGyK6hl_WHD-VlKhy5A,2141,2
KKqG5HR6hYqyJgkXXU73-w,2383,137
8-5WGzKVj15G1dcJdci2mA,3257,5
HlqJkTmHnPukLXgb11tGJQ,2654,9
Uhy3ODzTMv6NMiIHj2_Rdw,1355,64
_eJDBSi-wsht9iUd9uXM4Q,1349,18
_yC7LFeaiR84R7P7QfR_AA,1767,10
N5NwG9iw2sxifxLcHtBOKQ,1599,36
Z3Y7I16TSPcXN3PLWHbR1Q,2078,3
Z9rKgtv0RD-Jy3wSJtCV7w,1526,1
-mBI9aBoAdCde0IAPgQGcQ,848,8
QdQAyxX0E-uS2NVcUtxMRw,3262,3
CM9p7abgOHLmLvSyc4970w,1095,1
e6eHAfOy_jqXxC0H8lX7HQ,1819,3
FLNW_kYWh8_K1_c_srlenw,2599,8
HiTNlRkEqb7gN9UuThgPhA,2431,1
juj6nZxQCgwLAfI4NH-S7A,1268,5
hKJWJbxMunSZnE95hLBcLw,1251,1
raKTZCAlFaAr0l0qrmD7bA,949,6
4DkZUJdCV5HeJyn0t-LI7w,1239,5
_liiI__PpltIAGNBYOr0vw,2879,3
7_3axYabSWtBHYpPof-EZg,1683,5
k2ZT93sZm-yKuQnmNowfVw,2846,6
SgJb2os54oeGP8bbgB_EXQ,1855,16
Et5ePPpt40sjv0xfsx4tGw,3454,2
hPkaCMk_8wLKEW-_G1pnRg,1104,3
GdrAwgz6IsfrqOEowysmbA,2680,6
_fGXLmBSAVPc1D_k91WkHg,2127,3
lLkrj99BJl2biExhw46AVg,2017,3
szHQY3KaADgswK_t_hOomQ,1913,8
TuBRsTVq1AjLgMhi9ssXrA,1145,2
59-VtRsRXyVE3v071YKWOw,1244,1
b_BUb_iqUgyJamtD72u_cQ,3214,17
vYuL2mDpUC2PLuy39NgxLQ,3062,106
36gv0-gKSuPV0TV2TxbW7Q,3424,123
pk912FQjLQwf-C1nYU8C6Q,2633,81
jJBSQrzAKXU-D8V6kv-vnQ,1424,4
FfJdwjEMLwG0ugp-Kt0HVg,1972,1
CnrTadh4MKZvJRbD2NY_sg,530,1
88UNV_UljSiUc2ZuhR9IYA,2083,4
_YPtTO-ajZhgvrIZ_eMrzw,1701,125
dEfTKXZ2XjVRE44YcqhEZA,1724,2
A1C6l4F_N2ickXe-dLdOfA,2984,14
4EtHKNhHm71JaVHLeauZ4w,3084,69
eGTMCRZc1-XC1ZwgGaZ7tA,2750,12
Xf31kMkLhCq3XB4eQ7tCqA,840,2
X-nFurbTmOb_idgKnDBrBg,618,1
jTwGGYF67PR859LWLCXs4g,1228,1
meMisW09TRRa8gl8srmh6A,1534,3
LVhWEqGNnk8VQI1hw_zV0A,4320,558
uGHzVw1aaZX0U_xJplI5Hw,4207,312
ORWOqotU3kGQKE7MUzstqA,1800,5
pHyc2ct38PNLXvvUDyFP7w,1506,5
eP92aP00TSWE_HCU1iaoZg,1305,2
4Ntk0_HjhKtu7qXS8M8OGQ,1498,11
u80SeGQw9i7YbYntzNstkQ,2558,4
YPXYzUeei3KjViL0JMgccA,1541,9
6LNe30dk4Fwws8YRQKlfcQ,2213,13
Uu1TkfBxJ5FUbYKHcQwloQ,2604,7
6Ix1XPmiaPDvd-ewPoSeMQ,1467,2
vqutCDfMA3NsNycwvVT2yA,1138,5
iH9XiJ8mYobuSxrYbBQKGQ,1217,3
WXRrkwr_MFSXdXMmIKWh4Q,550,5
wMWC-CY82mxR2IsEfsiaMg,2608,70
MloEtsoD1I3VFjdGSxNRDg,2492,51
zjrZPV_8hjdwC2d_V6xlWw,2005,142
Rl-cvHD1cHxE10MzY0S6hw,3063,32
fLvgbiwXtkRldHYoum4IcA,1153,3
TlHoMUe1-xdl3R08uoAFUg,1951,11
jONrvK_tQaAdPbktHYpC2g,1525,1
gu_jPN4CBI0sUcYmgdwA9w,3113,5
-iqPueHtJW9i1enold1cbw,1154,2
wpqu3DpLQo27KSygRI3r3g,2222,5
e1CeGzp0rZxgHfFl7W_D6A,3009,2
64VXnOtrqVSi6gXnNXY8Sw,677,4
Yy27KpSMOYTjbt_J6v3WDA,2735,8
MRwA4-yL9D5FPETO4g3SGA,2722,8
0uiio_YH9hh3CxSaocs4ew,2033,77
kWyoS1TiBimWElqPEY81Ng,3367,9
4bBykMUjvQU64TLkanMwXA,2463,1
wML8YiFzB1JuCfyhPptiSg,1249,21
vPXrHWwRGfrHP8nMxNTQ4Q,2798,4
DnlqAsydc2WOryo3ri78Qg,1615,7
IrTUuCAXgVqEIZqNqWstEQ,950,10
G-B1i7569zY5OTrJNJpySg,990,4
SyZx1N29rBqvJUHfFTYeYA,1736,3
w5LT3dJkoj6hejsyRpv3xw,1930,2
037IvdYjxAtpdNgiKkqBfw,917,1
nZ5HofHXdJQRCdUHRqV0rw,1759,15
-T-ewf0mRgl2ZKvgwoOYkA,2033,3
misnwdvS7KGCYhe_YE2eIQ,2201,8
2F85YAdjgc8B_4I8QR2ZPw,3064,30
X99tl9G_bfWZH89rmyJO0A,2286,17
GNqyCJqbpWslOpj-mx_YjQ,1242,8
3mwDKPB6gTe_a3V0SDzc9Q,2970,197
XAH4G8bYjNHteNzYhTIF4w,2458,49
8lD10On5esLarC5EvvKQPw,2496,10
WmrKhBTYFWHVLMM723kWLg,1953,1
SC0nl3Vesw-Kd077gT6OJA,1782,4
4XJ_SsTqWFrtQKxafwij7g,2131,9
wHePeAGFnQxvONClEyryEA,2598,23
Nr4lFrA2sMPH2GDwISK3sw,1098,1
jLHrCQjpqWBPg14gxC5fJQ,3588,8
4yb-VjPA-ybNbfXGIQVF4g,3503,15
zC9hOKxA8rAyNuOw8v8kcw,1461,1
V_BqvWYf0KfMiuBLcCv1Aw,2371,2
5AURQrlbL06uEB7UNVJI-Q,2811,8
MnsoE--A6UkYnnWaC78A_g,1564,6
O55lRmPBH5XhyM6iSozlOA,1857,33
cD39rjJz5KvQCXzqQd6O8Q,1858,6
P9QFx4wIE7cx4ltTwlEtLQ,1143,23
bEC9boXP09ibTIZoawV-lg,1954,2
tEV2ZzNfv_kvbYCv4ewlkQ,1651,20
zAzeWGYRot3Ciu3CWfo_XQ,1815,3
gJCkurT8bsH6wYd3Z5rvnw,3132,92
cnxgm2WkWLl_7uob7k_71w,2385,11
U03McOXAo26VERmYg5eMZQ,1807,57
gyqmJkL-eIicp5Atg4zNgQ,3100,10
rTEXWD-cohXjZTFTfA6J0A,2905,177
mLfp5kXb_oNaIQgpWa7TxA,2537,41
a4XPSx4PA_gmGgZgONyhlw,1543,6
D-yIcfGpfnWEJfni_jT0KQ,1755,7
Tq6eoIbMEVzsCHfAL29ppA,3800,68
c7t-pTBpb-fIXcEt1BYQfA,2795,48
_XjNjglAcbMy9nYOasXf_Q,1160,9
mc58_eNTdOPwdlJKj_ZVGw,2350,19
z90XsHafm2qxPJUtZNcwRg,1487,1
6JvltvF-GlQAqxHppOrYWA,1176,3
Vgm26RP9ADN68FFhW8Lpbg,2581,15
th2jVqXhtGAq0ejfw3g5mA,1737,3
tL2lJ1g-PAkf7b0is7q0YQ,1451,7
_ULV491b1wRkLByYCj-mRg,2940,29
NJMkkwk73wcOjBkH2mGBBQ,2249,1
lgShZoAXG1-X5vYbK77C0g,1636,6
53KKnUExrGrRRvjgheLOKA,2408,9
4rCHWTVefnFHFLh1FK3U4w,1595,6
Vf8NBJTLz3KAtLpqYjGEKw,3109,7
stUk5egIvLwFfd0LS8OXpA,664,3
6iieAVzrM8OkvXbBpywYMA,2060,4
A1llo6Odz4b7sI1zfFEL5Q,1536,2
5IVfiIu9qP0AWoYwgM-TGQ,2515,6
zcewPMEnG4Ltj9vZPhlGuw,1873,7
3A1O9M6BaOW0aztJyz70Kg,914,1
dAhxrgQqrldiJ0sUndGJjQ,1351,13
-kivXFVsNxFqXBE6UeVcCw,2136,29
uPbvt9ksefv9z24Uz-PcgQ,863,2
kQeFN8BmYnLLzeBBBjEI-Q,1184,7
jEo3l7wh9TmhjWO4HaNhOA,2313,30
D9AM5L7JBoCq8SOXwJnIng,2870,9
8eZ_2g9AI0p2MzPEgKWOPg,3029,2
ry9r6LDxTxvqfAyMwQ3MIw,1486,186
K9gOZI_ZdTsmMuWKAfC2YQ,3537,12
o99n86mgCJ_kbhMbE45CyQ,3526,52
VyITda6KMGFu5pLsIfqEdA,1157,1
dsCqipTwVUU-7Ewmy-5kSQ,766,3
lu31yKwkzPmO_MgCKhGBNA,3607,183
CKTcCQKu7VMvrfy2tvyzrA,2130,31
tZo22YQydmh8JQzoJ8Hntw,3299,26
qvVsERle-sO2YgnG0Hb1kw,3091,11
31fLj96jbHGbCtn33dZMBw,2226,7
rzogkr0IdZ3kMsjtCFnNTQ,4135,28
JPNMEG9VqZyb68QTchDikw,825,17
Rz8KIK8Gtri7lNaEaj7cZQ,1952,7
BpPG64iwHfDqoTfxAeNrEA,1461,2
wirH1PNKUa1McPcTy4qkLw,1112,6
S_9_9TPxID0s1gsqGSinrw,3605,147
JDt8qXCoS_4M_foCZPry3g,3186,362
A5IKvIUE40qsewBvY-ayNA,2557,2
9lE9fnrJgPviFE9U892InA,2887,6
IgpUW6cxr1ljHOsyvR1Mew,1069,2
vFJvBg9oeY8ufZhD0GdqpQ,1676,19
ktarkH9V2s8h4xxFtn85Jg,1095,7
wIjBMO5c4Iq0goVubZGLsg,1925,7
cdo0IPcMvGkvVtrn1pgKbg,1660,3
FjXsx1OK_4g-Z05z1qcx7Q,2370,6
9BlfCP8UE741JivjeBIkyA,2284,23
JYxJF6Nqyxb2w5uFVGqWRA,1688,2
nFlfNXfH4Aqv3Q4FEZdBBQ,1787,1
wLSpp3j4EQQ7Kz6ixYrMgA,986,11
tRzXLrOWfbatYtvStR_G0w,1557,32
xifqrEKm7zk3zbiP86_3eQ,2701,113
9JjiJHjdo0VEIpmcqBxazA,2868,14
O7q30MVJfD6_WtFPCGK_RQ,2736,105
1NPxaJk-1R3D1qLZ0JXjyw,1711,1
5VkB1Lqat7aqoGthFN_H0g,2403,3
ALqYCPO0TiQMr5PaqbOSCg,2215,2
zn-NOWCU7B3NEOmvw-PdbQ,1886,2
WsA60WT3J5WBSG_cqFav3A,2707,2
6zJKjw9Z3-QX4f1jaE2xRg,1559,7
qTkxZrzpkCVTJXK7VPc-4A,1632,4
59Vraqc0DW3VkzqK1cUpNg,2934,6
GGXIJPz-UPTNA7tWqcebEg,1369,17
NIcmtzlO9OwwMXTSf-7LiA,2926,78
iYC12ycjC9m7vlCFmS5jHg,1747,5
OOmdTmLaRQELeYH8Hdtn4w,3212,19
qWwFXOUweC4as4cvYEfhfw,1809,11
7VtmYA4UzJFiTfjh8pYQ6g,1883,4
nyTVFLyAvC8PN1d52Y1i7g,2613,75
O5kDMh3m8SdBQj0XPcgtfA,1838,34
CsMfEiYdyTFgyEeV_-F6kA,1969,2
XA11q8LN9DWPVPYnRAN9Hw,2269,78
3nec_DkmCEXAGFLcBHrKsA,1448,7
DL0iUYa3wvkQlcrSOfJpFg,2772,7
1wlD0vGZPSl0dPpEOKPJpA,3603,57
9WLJdMsPE2Du7RYg0fiESQ,1276,3
YYMBhtLtE0HL7cSNP5H_XA,2879,4
PaGuiQJDmo5V8fTvM7lAxw,3398,23
-MGPNimXk0IIfP1XpGaDFw,2388,24
1UPk3Y4lDtebeG2wlhmbDQ,1521,8
37O4BfXygNsGStq4qb8U1g,1275,2
Q5dKZw-5NEbxOuX2daxyOQ,2436,14
PNQH7gsjsQCS52hJ-v_WHw,1884,79
PhzoAMSlbmcROgP6qxOzIA,1240,2
HU0_3hAnEL9KPiJ430PrFw,1771,3
A-fdUZeTdD9fpSVRg7nAPg,2004,6
YCtHRwnCOfHNHjJIYyQ0sg,3442,14
8W9ywURsiKpnif8ssaQ1rg,1549,106
ET8n-r7glWYqZhuR6GcdNw,3931,1711
7WJIMHxLvTSJPg9HKmbm0g,1779,8
1T7Q8ji2eHbbi7gW_Jy0uQ,2814,4
6aeLrIoxaNySIhgt0p36EQ,3430,86
ENdnmmfd6qzHACeIujgU7Q,2168,6
KS_Zk9eYwBFwq5J_8p5QDw,1939,1
4QwJrusZjdYUiAsYzKW8SQ,547,1
7cMBQFPcfegqb-g_3LgADw,1240,3
rj14v6hSYNsluPFbjJvhsQ,1079,2
ZKrJpvk06o9wyuULWPA2Tw,3103,42
Obm8g-uwvFpQQpGvIvSzhA,1760,6
Ni5WyJml4ng2yS8Yagr2mA,2187,15
A56_flEwt5IZzf34ZtBM-A,2585,4
ObixSjFbZokL38LkKFNFiQ,2770,9
UJT7Ud8RmZKvf5BeHs7DCA,1562,1
6d25hRt6Hz4SPc9Ih327gw,3322,8
CcKENXK53ivTMqJrV393gw,3372,23
HmNIxeRMAVt0xqtoRcCSQg,777,2
0b0ynNL75KQweLQwYY8CiA,1177,31
-Lc6IMrIzJKe71S4MUbdXw,1947,2
bVzAEzdlqPzZflP87PspLg,2770,7
5jy_kLr5Qhek7QTH_CCzpw,3146,10
rjryynwsr_YwxgmW4WRDyA,3577,21
278wzZxGjzooolhllin-wA,931,14
U0yG9PGNnuVXoJZ4M0ylAA,1177,14
e9xMhXq1je8WhR4nubOKww,1749,3
rx7GWvOWQXgXotpaX8guUg,3521,16
f7vbS585Y4xaxDEHOHVqzQ,1814,2
zI3q3ZGOjSQLsad_Pc1OwA,2047,4
eijgaHSjMhvAR2KmPL8qhA,4533,144
z4wHtC3Aa75ZmMEzpZAJrA,763,3
UlYXVV0Ls5UwJzUqt_m7mQ,3153,47
2R_4_Fvx8VECPDswtIV-fQ,2681,64
JtYRk23nNHn2ijzgK57wwg,2817,40
fatxkPFQdTozJN6o7gOpIQ,3695,15
zjY_Ml1E3ub7JOvXXTZIWA,1781,1
Pvvi_GOQ86wr7wsL8JcvZA,587,3
sbCeL0AR-yo14LO3Yf_nVA,2365,10
rr6mbiDUyLj-Akj_LwKUsQ,1513,8
r0V36kpPusEdixZ_v301xA,3079,20
IeVqZdCQhle7Vvnvyygl-w,2472,6
jNTWkQJVnejFAhMUWzsoIA,2568,4
LeWClRCsJc0rNqlPlrGYbQ,1000,23
dGop5L0sI_KhHlm-iUnARQ,2857,65
8i0uJZAJtPwiyTyZ58Ux9g,2371,1
d0ENFjY-7eHzXqZutNo_Ug,2828,35
bcgvvvi3bYtjmG9AdbosdA,906,13
RU1tCIW2X-yCTfCvxHupHw,3458,11
1qcJw831N3Ml_xdPhwdUWA,2239,33
GZ-wFJTCJ-4kFSd3vVYUTA,2496,16
L22q_jYIjVfkMMOBOs8Jtw,2460,8
KOv1fgh33thUmvPfmC0DUQ,3643,76
TJMlxU9DhxYy3Ro_nt6pIw,1146,6
1J0LqMnHb_T8zSJGDaBOKg,1572,4
hO9jhQQxOSgSGe71Bu0oCA,1229,1
kOprMK0a2f13QvNZNMXSYA,2265,3
uo6UaN4RaYb2JUbjLeN_sg,3447,9
TMzafCSwg7aYAqu42zN6UA,1648,5
jzW3EhLl16TFapyQl8KYIA,1887,29
Z4xssTNtIWj8EZBHT8OMCQ,2844,3
EkFVo_mgM9etMxQYE1WBaQ,1564,16
s5PsQiBTgGzA4OTPHN2DoA,2561,1
WCN5fiJ34_pWq0cv23I_ag,3512,145
Iini4XOvFlgXJ9eX9eoQtQ,2539,3
CV0penl0gnQQFo83p5Z9lQ,2495,403
623AKW8g_DH4cWTq3DUmZw,1053,3
RclPvq7yA-zq1UowrLqj8g,3005,290
yJKCMOV8Bo0WYhYfd3koJw,1407,1
tdWl-kx65vw9v947Jt2G1A,2137,6
87FoToeal0LWhoRJFuJJ4A,874,1
Z_a762Fv_w27zcmBNlWZ-A,2897,25
XEaxa0wymVadSqIVlQXfXw,3271,41
RCg7BK-bl7Z5fXblUlRmBA,2778,3
zeZifS-75M7HSL_-1yVR5w,1915,21
rlYki6VlrNpJ9ShwDQCPZg,1006,1
vaXKzn0JE-XglNJa8Wg1oA,1241,6
hU1qgZBaB9lx0HzSm_3dpg,1208,7
AjS6Ix7BcQ4vkcpidaFtKA,3221,3
xhGLg_mJFngH7GM97Ku3IA,1476,4
HqJ0J1VfiehRCyyl23Ms8Q,1953,2
pWsadE5WlYBYuzIYVzrRZw,3220,6
4rV7DlKg2b7mTBwl4VFOwg,1236,4
V0l1qUOVAHt6UwRt6UThuw,3192,16
qvgyJBU_1gUUuzlvsg7afA,1414,3
Uv2Q0sFFVmFrUTkIZMkU4A,1628,23
XbMvZ0B2zH2QDacJJKFXmw,1996,63
io8ifLSa0qTlrTsNhQwc9Q,3093,1
Ue1reXQVrerasxZTzoJDJg,2696,7
4GCvlBqX22ZHcZoqPxdaYg,1704,2
BTA6XcfFYtO011ggtL64IQ,1752,3
0Op1u08YZ5vbBe7Aq4QntA,1443,12
WElKyFcGTUj7M4O__KlYUw,1164,3
B4yW02cUl7FyaxBPFhEmyg,3168,48
lsBr1OrSQoB86qlpcXdbTQ,1029,2
yYQnPRxWqo67cVI6R5xo8Q,2419,7
ULa_A4SAiOzAyyG7eiJncQ,1624,1
ZXoZIvfSIDsVx0zr-C27rg,641,2
Y3f5Ht0PbtYBS_PHFp_acw,1167,1
9byWuwtDgzQ13-ib9F4W4g,2122,1
ZcgHNMGUKp-J9hRqgoDx6A,2006,2
9j1BFrvjnruVZtLnWBKFlg,1032,4
TdPO4dG9Fqco7qjieCoIag,2738,7
HhJhKAyF00VmdaJPvJHxYg,2093,9
Ab2FZUG6_ArUjBhZSzE36A,2281,7
Rn2xelm_yRolaa6RrZ9BQA,1752,15
Scxd6aR2_CUckUFgsjR-1Q,1872,46
8CDowDPOI8807CDaBG_OqQ,2959,49
mE9NkaJ2rw7dKQJNBjNyaw,940,5
iQ48lHDmVxwYFhZRLobw1w,1709,4
39fuPdkiKLlR4uUy-oY3BA,2478,12
gmdm1K5ovpWoh-jeo6LoeQ,1756,32
0nqTiHoH21BuY3AgaIKkdQ,1983,2
onGU7HQ9XXpMj3M3U097Eg,2232,6
j4bfRuPlgSVmIZsu3BDLoQ,2103,8
IDAwBx6vwo-K14urvkgH0g,623,5
YlhCs7Ue036P582EQ1eHfA,2094,6
I7v0WSPZGiRTn6uV63gcZA,2146,13
IMXfMn54ufL__OhSrjn2tA,2975,16
MR2iFojctpClAJGXEnsgCQ,2788,5
NGy_4fepvMmQ8qiaFKOeow,1758,5
7vCxuAId0gs0TpArAE5zaA,2381,27
xoHJZQohO3QYf2Cr11-rAQ,1533,1
Avm_YEjUUJoal7PD8t7qiQ,2323,9
6cfyydNfjp1wd_FdQ4VYbw,2720,9
5i9JG-ET5SkFOy0Ryo-gSQ,1504,3
_Sp-y03VAbzLgsUmbb_wxA,1542,2
CfpU1B9hxt0rdc7ezh_TSw,1095,4
nNjaWd2seeh5pbAj5GFbRQ,2339,20
8Sq9D3xY4bdYR8qSwiXjPQ,1945,2
aODXICEfViJUui-Cn9XjkA,1361,1
QQ8KFIMyPm5tujJPLS_94w,2875,11
noiMKtqMQB6y_TJlCqKVOQ,1663,15
v-chnUeJn8wfMmEaX2ifcw,1829,13
Ek1YI_xFvjv_bYdGDwNudQ,1366,1
CbQH-6ln_dTAjU2yzvhguw,1318,2
IWCDtuHnBaKnPg8aYylsXg,2030,4
1XJcTmFJ0aPIfG_MA4wy8g,1143,5
FpsQ0neRm41RkmgrD2Tj9Q,1501,6
5P7FpQUGwiJkscWc8KjMrA,1697,4
fFjmsxl53b2GjY8eNvIihA,2238,32
0VtK4gUFnxoUKOBv-EatbA,2454,2
0g76-7Dk_huPyxAWj3yXzw,1685,4
tOM0UFbmvuBlWLuH6uM3mA,2074,17
K21fQGcK3ycYtM-AQamrNw,2300,3
eis-VT12fVqsHdUH0MV1pQ,1931,12
bkbS1q9IQBE7PsRBD2UaLw,1183,10
E9oHBu1TwIX9JgvH83Di8w,2010,6
WXC7taezxVQ1u2hdc4DJSQ,2441,8
HRBskcbATMNU5XNtqnQJtQ,1383,13
d_3hog70qJvjcZM5EdDBSQ,1444,4
9O2XIUhuGHZdUyOtB9zw3Q,1801,12
m1OD1w55XNNoTIVYiwAPow,1861,11
8UL0D_G6dwfNcNrs58CS5g,2095,1
OhH5Q4n6MiWxXvCtiGMXSg,1514,10
b7Ccygf1MDJ3IbEBeXWhYw,1857,1
QE2Kmhgi9RR8uqe9ULk0Xw,2685,12
Vi-yiWJ8nMwOlbaPaG4QJQ,1425,6
dHhDhBGX5q9VWCK5_eBvSA,1646,3
JdlbGgUWscLsG0wYus6cvg,1901,1
VL1ZwUP95Z2REIc3ULUt3Q,1828,2
2G_NsdL1_dsTZQilnwl5xg,2523,3
gTTbWkJPUw6H_6VStJguRg,1247,13
dg5Ub1hBhYpx6Lgi84yMPQ,2848,7
3l2Q9n6ZFcfr1bKO6qRNqg,1034,1
8oCEqwIWz4anPBB7d4zr9A,1325,58
XjW43qIZHdEK9P_sVBv5sg,2224,5
k3K-Fange1QrIGcc1nfikQ,1200,9
KAo3lAYbmflWaONLf_wHig,2370,4
DcY0J9SAHJugRQrGvkH87A,2480,12
Ku6r1s6So3lvHyGmJQeBNA,2207,9
daEGMnivajzpTvxv34rLTw,1725,12
Q2nKEnECcW-mwf8xuxZC9A,1488,7
MYaX19e7CCzaXlR6WxRRTw,2505,7
fygZVJlpbil5gPlnnVzUaQ,2090,3
chkyx1ufPVug_HfuUSViwQ,2558,6
0lp6NaGxRE1fHRRBwENjtw,3506,3
P2L9nZxZX23jXRWoi481FA,1998,2
IrWMQV8e99QKk3V-IOJDfw,2166,1
NRlbSCqSnZWDskNm8xg0Yg,1641,4
4-5anymfSP2wm0xcOpanVA,2290,12
sl0Ep6Tw51-L932HFffDWw,2047,6
Kw2ebFAFicLBSTh9StHRog,2514,15
ZlcPClSyeSWhbjEqluhZew,2889,7
qFhuybhaURNIoK4hjBQM2Q,2528,21
QO2SFZ_t0J5gxihZjHNXpg,2783,1
6hYhhcQhhiGxp_T3XEdd7A,2174,1
VWHx6ZtjQowJ5PefTQO48w,1799,16
435WSxOwSMLVvflMsIDy3A,1805,3
RpDat-1J4yw0S02mnhHS6Q,953,4
elt2mWF7egNtZjRKee_hwA,3080,90
143OTdOZy2ZToK7zNI8vrA,1048,10
FvHghAKuR0VDKQwzOzMKJA,1760,2
hSzDEVosW3hTN3DjsGeBVA,2955,5
3YPWwVVV2yV-mJY0oazlTA,2488,4
aocP50REvUUV6RJVyT5dqA,1289,4
GCURIv921l-TB3hChbKL1Q,2325,4
jtub6CkWH0pU4iIKGQqMPQ,2845,23
65G62FjOGQvRbtmaNYVjiA,3591,72
afcZTRglQgiS_CxknbiS1A,2845,3
DUATiY46NaFVSND2b9csNw,2054,1
pNUoAqCEULIM3j-yfeAAQA,2374,17
yPQ9QLIr7vZ_y65iiN-IhA,2297,141
9cdlQeGMHz3NcR49-BI75g,2593,5
YU9z6RBQTOg-ZuM9ADPwFw,1544,13
rccNk6qj1GgTSqUVEr6KRA,1480,10
omX8yy0m_dZCnv3GJfYiSA,3219,9
rF5bl9QxQdDCmKptIB-AkA,1427,4
iEhkZXZook05Mv3Sjvl4Zg,1716,6
5_IHipcJv6SjM55t_w3dWQ,823,4
GUHi78t5aNHCIfP1IdTUFg,3347,232
rJgUe1_e2xYFk9ZnISQwBA,661,25
mMd7zkNPUiIpmpqSBKnMSw,1660,10
FY-Cn5rGnzf_TxGg0akIBA,1648,4
5o0eEVQFvC8ywbL_luZgMQ,1615,7
qwz5MKay_tvCbs1f9a4Qrw,2550,18
uxjlqF0cAeHZDeGIXpECPA,2200,57
HcO1gHO7cKLJH2O9gdilrw,2729,17
y0OAeOAkh-KBFt3-lurUMA,2878,27
TZDEH5M1NW0MCThd5pK7gw,4501,7
UO5zF-_vXZcpUwDNZpRmAQ,1344,4
jJtmCES8kaRonwhZrFmzHA,2258,2
eSusKw1vVyDdL0vhiyyccA,1780,6
397Uw0p7bROqz_A2mMxzLA,1243,8
AA3zeABq9_8zvMmjeClzYQ,2664,14
mjNDmxd_dUiUYz3zaVe4hA,1578,8
gIxsxYRjMKv-nqTahzihjQ,2126,12
v7R66YvIzzVW6cNaaElrxw,2681,2
hJDO9t-0MN1CoaVPcbxD4Q,2333,53
nKxfBqcZ9LrUz4MDfIUNBw,2037,9
OHu929t3VuTr02byWSMMKg,1084,4
2Yn20FRqlFund3VX9Hfhuw,4104,20
t5MfZYo0H7WHk26qyfUVcA,3484,3
VX80f5_E2K3MFFmTq46T-g,974,2
HEloEAhFKeyoY5-9T2eDIA,2061,15
wsds8F4WdoIKsko8NW7DVA,3398,72
409f95rq6cR6jLxhKjjV5A,3765,54
mDpjjXtIwNnhQXg2JLukoA,2915,22
cJ-XEX2gw8B9iVhy67R9FQ,1944,3
jM15UpH-nMyHza0QZ8lBWA,3034,60
8jcgmAcEUFoarupY2aQQZQ,1648,15
QpVuWq-d5Z4N4yJMCQ-Vvw,1136,2
0VELkLA9ujEAa3exO7grSQ,2304,216
lv2b_skQZ9FnutJl2Rk7rA,2538,3
u7dHVfXqkk4_u8cVxU7ujg,3598,20
0GHRKDwTzy0bR1oR31U8sQ,2642,3
Gc2KTNwPtyGZHbnufRe_aA,2628,4
m7jVGrkviTTAdKY261s2bQ,1943,75
hl49zswmb_2d0firVoH9kg,2797,13
Zub2HLqkbZIDndoj2O25Hw,1996,29
60i_pNHzd1HhOZksEqpyaw,1968,8
WruuOGqpMXjAfq399_L5Cg,2448,20
S1hTpH4BupTFKMp4l4bRZg,2575,2
qhYMp7KJGiwJ_r2wl1VdBg,3396,16
sBLw_lnOe8KqrL0ntIAtEw,892,14
LK1LOOqwJBAPF85e5p2cQg,2905,383
-sOyxckKTwFgn8bIXY7qlA,2145,7
_7cEVzZvjjcFYDz_A3w1fQ,1626,9
qDrtDHdKCqdIXM19SXt5Hg,4404,48
HNtWwrAZsjaqam-afuK-Vw,1825,3
e1Kb64MVTuEid5fz_FqPmQ,1829,5
mQnkVx9-DjTxYGseNU32Ig,3181,9
SGkebUemKoOzhlkDIGscJQ,709,4
XTmN_Oi2PW4vFCzuS_dJvg,2612,68
BuVltJ-G9sPWVnEgolSHLw,2293,101
1RQPJgWzRJQEsCVjixrPSQ,3148,4
Upd8t6n9DcxG6i1F4xAqsg,2772,12
IzXb4bXc4sQNi_SCkhkMSQ,1019,2
3lwthK70XNCz83EWQlTaig,793,2
QqWW8bbco1PO-kXvdnQeZg,2788,27
vRjIeXF0s9iBx_CxCrr2tQ,3439,33
ulvG3vLzEWRVR4mqMuaddg,1013,21
QzbE39M2vyuwG63c8PDkyQ,1142,4
LMf082Hx6MGPfdgNRJgEcQ,2629,74
4uR_iRamhRe7DwcnxvdNhg,2206,4
HuCzXkjzWDdpM86V_Xni4w,2143,3
EKN4CBp5b7vt-5SALOacVw,1706,20
GlbTAy7g0DCkOHVyNbcNaQ,3239,4
JpiR9u9niZzw9Ag7Cv2pog,2504,2
y2_-nVR4AfXJ-rbH4fMnGw,3003,54
S_WcRJzmGBZEHrepE-BL6Q,2754,3
4eQMJ-xU2Q6Kn8gxnIMF-A,1256,10
HFo3d_O2XLHOkq7G_sQ5aA,1594,13
MXKcw1Owu3gTZH2gfoGhTg,3245,10
7EdGNYqRMjl_yAyRiVrLXA,1749,53
RHrlVuwNU36r_fdWR9dxCg,3427,23
zmsdzNrI23eeFfkYqbW-2Q,1653,6
lPrvgbNKFHoWQRc_nka3cg,2394,4
O-1zjC00YmRwEivH7I3Z6A,3521,44
-h1vI-NbbHWTi3VKZUfeiQ,1812,12
acHV0kAIoyB2gFo0jO5rnw,3123,3
_oKFI1AZsvO4_-7PmqSL1g,1767,8
o929SpqQEPFeBAPXOubQMg,2638,11
ZeoDyEVnDiQH4N7Kv0XqYQ,3124,40
DO_J6Bl0pYN9mB4tzNpOmQ,3016,17
FMnQVa71Zk2QX-27ba1KxA,3413,3
bXt62LZk_nHdA1hbIuXJAA,2665,1
hQJhviKEMIY0OyOxDNVkZw,2655,5
QajQNRqOaTsX1mZkqk7xYQ,1638,23
Sh_vTq-l1F0UPqTd-bWGLg,3199,328
D18_rggcRn2cne0hOMepHA,1836,1
UeFbmM-Lbd_X_BCUuJePAQ,2854,2
YlMem7zskdt9Y9arqTg4GQ,1175,5
UDGBCJidSlm21N2jvzGiqw,3466,23
Gq18ui6PlE7nzr8tTA9YBA,3597,88
y0j_yjDJoNA8VgT1zxUkSA,2466,4
BmhZMU2COr4X-2DJ6Z2pVw,3699,36
6YbitCpPg_Dc4Do2DEo-6A,2035,6
5ARpzsEmrSDhTiDwg6dGAA,1307,35
0wvKkHp6e594Ag3ip8zIgA,1599,6
y_XynWk9HRGEG34qD3R5Rg,3334,4
CYUoikE_AKHE6HSTNcfwGg,2064,2
3iAJwKvujVdCMuffQQZUMw,5037,20
PTzbXkcHQuuJdqkH7x1xzg,2450,4
UZTJanfR7o36w9cA0ASyIw,1753,13
8Kgzka0HelW3ADuk9MhvOg,1567,16
vp-8ccCKU7IJDE5aNmAvtA,2872,38
5Q0o7V-7aMhmdW8XWGhlnA,2234,5
s5vANofQxUFZSixmbBE9bg,1009,4
3ELg3Gd9fraJBa2Cya9ZxA,3024,8
lZC8C2dk6hHbEfShwUDvPg,1116,13
P9yC7gW4trOeWZtK_3Roeg,688,1
GLq95NJGJCaK7Da2Qz744A,2152,3
PLHHW-PbaUEz0NtLBBnedQ,2396,6
jCc9ebL_csJwEAF58BgeDg,3087,1
194TMtnNKLGbtsSpY7c5CQ,1494,3
WzbRYk6zhPwadHlEAM8l4Q,3124,10
cJLR4iT6Sh53xFzFFPLLJA,2269,22
-ZCik2a8ufQ65a-7t0Lg5A,2352,6
-qVY0vZVNGe_m9_ylG64Hw,1295,1
d405WdOOJaTQMX4ANDimfA,2130,3
9GxLauKJMP02HvQoFdolvg,2847,16
qlKLcuQEZhepXoxCYyoa7w,1414,5
HInN0-9U6A_azEiaj5DrOA,1150,3
tR1oJ1d1xeQDH2mUY_CB9A,2059,4
Sbe5RJoSPHlqsdVZTag5kg,2697,23
fQEm0LwvLYsJ0Ne3AG0ULA,1462,1
rHwS4LQ7c7CLdR03o3tLdQ,1991,8
-Y3tP4tLvZ93CGE2P83XvA,1813,12
zHYFA4y1uWiM1-QrJ53BaQ,1396,1
rD2P0NDI1KKiTpfO_5jGZg,2248,7
OI5WGxKdN0QijRQyVOVRWA,1648,3
fVMHR8TC5nHv1YQhzuPKLw,1863,16
G22RQL7b50cjjCKqRUyonw,2893,4
x-IchiF6rofyH8C2hBXQjg,1074,1
hkTi3lxwA5BQ7NrAnkgNiw,2277,6
oV53FgyPDjFNvBDCuIlpMQ,2758,26
520BsNu9vf9EqF8kAB7pkg,1104,1
yC55jd8izw-abvOBbmkeng,1767,10
DSjqp7a8fFZkY4BK3CDCAw,1651,2
rMK5PZzA9aL0n0VpwJHNFA,2162,3
FOmQE609NeRxScai3jTv3w,2452,5
ocoJiM7VWkGpnph1WuB2OQ,1576,9
GBtL0rdo5lMhBThOWFa4uA,693,6
G57shflfN18ojjUc2NywlQ,2764,3
FrqfMTcW7F4B_JwGdulW1g,1394,1
tpTLPwpwtUyyXIhHv0ztUw,982,1
9DF1h5tfdTE8lBTFnaeP-A,2359,26
OOJAG2Z4lyQhs-I26oA4eg,1265,1
sWMW7KUxWqTUV99dGVXsqw,2872,3
IULuWMS2OrvTyelfVhKDvw,3363,5
FUA_Sa7fE0VO_h4ZGna_9Q,1965,1
7PaNPanWXeByd7HzWGty0g,2763,3
8LeJQuIIhE5s2gd_i3Y0sQ,1750,18
abMJXNyyp-IFCpUZZKqBOQ,1230,4
ZWfRq5u8sQdSxaaXZLU-1A,2216,4
XUmJcDYRc-eMH13zufKthQ,1176,1
J-gaDImpuNN6KbbkIzWdKw,1848,4
WbI6DnOz-yTvE128G1aXZA,2173,2
7Dasj3uUVwX9aQusC7LYmQ,1538,3
elKr4sYMOUwMYUt4gFTKEg,971,3
x82o30zgWN4XHwYFfSTbLQ,1669,15
eePBz6geMzkD-1RcXnDo9g,2666,10
HYG69csNcr9ely4qNqKztQ,1999,91
5yOJfFw6WW6lD9FnK6fTeQ,1564,5
ADPixMf5ANcKm9aZVTKKeA,1359,11
lpvdTN7qbN5vwb-NaiQ22A,1557,1
5g6fuXPwYTI7lXs9oPh83Q,1499,2
BYDMPQIlDuPnR39pk7BiWg,2414,2
snScyTc9SR02ijdUJEfZkQ,3582,2
5oVzxyf2tzRSVB6z40ciEw,1741,1
VIK4QXDdY7y9VKXUrAVuBQ,3956,3
c4iSz3w9e9yCRrj5omg5yQ,2364,3
xHnTVZOHdrcgAiwrgvA3yw,1437,17
EexXQlExhCdCeiFm3uoO7g,2121,5
7Z2_9yK7-edfQLd4FYHBVw,2942,2
aQxhgT7VeALx5BR794Wg_Q,902,2
a-jrG0EnMKAHRvSPrSSWsA,2417,3
7N3dEjmQ77yRnhKqbwkUiQ,1209,16
ykeIROZQTBmwbEnBwOhILQ,1311,5
lSAlm0vB194RiFnOVx8HNQ,1458,6
w9C8UnZV7xETAw4GXj6kFA,2706,6
C2q1mbqRAtd-ysM_BxmFoA,1291,14
Z6fKyD1GFOGkQOPXn5MhOg,1082,12
aLUtRHkEFP2bmI8st4qLQg,948,3
KYTshmU1fZyoiTtKvA5LuQ,2205,5
YlETa7E0uB4RhkAC458icQ,1183,4
Z70ZCEUYFK0H1iMKxB6MBQ,1579,3
AFmKv3GkD-dcXFkpUoZJHQ,3285,22
tATQ_xAvftZiVfsrVg6Qvw,1366,1
XJAPFyYj-OBJBzHsuwZFvw,1845,5
9xBlV-XDm6atEgX9UycLjg,3605,3
KbbZu9-ACN0CcIfiUM6Tiw,2625,1
7TI20b9c8jIUDpvUTZ7MZA,1200,3
4DiJ1VfXQMaXvJGjmpC_BA,2063,9
-nguCP8V2XIdB6XzAeQbUw,987,4
bbiy-C56RPL2lv6zLckWcw,1407,7
BZpmidbscMiYriFiPU-GrA,1808,5
ZhzIP7k4G44dn5iWdseKmw,884,3
LOyP84bVleTZJl4jY9_pow,2704,3
HP82H9z4ZROeinTXg8fhQg,2132,5
nn3jqJhvwwhXKpTPMxrYFQ,898,1
-uNFo2rNWRh8YpAYG8bfbw,2831,7
d_7NWihGJv_1Um6LFLtKQw,1812,3
LGWzDJahjZS1DaOYxryIEw,2695,24
zezbkj3nLWwjoLJ-_K9Z3w,2884,10
I9MPcqk3tisQ8bFQUEHzKA,1940,5
acyxY2pchdX6P3qXh2MUxw,3603,21
lgUjORaI2XMV-NYmBCmMPA,1601,4
GhpNPP4dHWXtlYgDomVklA,2499,12
gsTUNSKfCPXwCxcMxuLVRw,2392,9
IuAtyefMqeiuUrcJioD64w,1505,10
_UYuijLZDF4R4mlmjob2Dg,1574,1
KjEcxpe2jKO0RYzdYsuI8Q,1751,9
_3DF33-_rFXkpP2kzj-jFQ,1523,7
6LnNpQMDz4TWG-AmY8kY6A,2069,2
DmrjConrnVyjleqnye4LGw,1640,1
bKxreOU2rpYlL_Tl3BFLRQ,784,4
ptjqlP-jmL_T2dE3bLnQyg,1445,11
Erd_L3YiQWXSNO4OL5521A,1563,6
vT4AFBtOteMXnQ5VO8ABQg,3205,20
TYOJ53xnnMW9mfG0up6XaQ,1873,7
_9Ndt4kt_LTnubss5lMFjQ,2130,10
JWzdEHkBkOfdhZh-K4gpKQ,2461,11
gjRt0Ns-PVUnR7TDLn9fcw,1332,2
jNtAfJGeb7mIFaHLwZv-8Q,2586,2
_p3ruuRwW_qxr0StM1i1ng,1045,4
lauK9E8JNdoc9j4_A84Sqw,1689,2
-9lJZb4i0HewM4M6j2zAXQ,956,2
uk8m77Z6KBZA5LWXe1pTag,2145,2
XgyP0UObRLxliPr_mn-7aA,1780,9
_JwD6cahOK7sYeRJFlIX1A,3205,10
KG9LfGq2KuDI5Z4dn3XhZA,1232,5
jAHtRgyngdRXQl01EL3UVw,1436,2
-E2TGPMvths1A44V5RHE5g,2289,9
WqHr-yBVr4lKr4xl30YEqA,1478,4
Hh5Zvu-q3ENki4QSqSJ2tQ,1133,1
MMPedoBkC55sRgra4aYSXA,1693,16
f8gjI0pgZlfUBXa0hiX2jQ,3091,0
-UPoJA_oT2Tz1ggSAUNTOw,1733,3
v1soN5ppgQsDtbUVIRlZbw,2145,10
pRaQmpBlzLtftmY3j0QeHA,1467,1
OQ7jq-EdZbfgxwK0vMRDJg,1818,17
qxzT_pk3gYrt3pLKiQnusQ,2803,18
lRgQJ-1ljYZjTze_A_xD-g,1768,3
AymCUsIyYFV7L5q-gbTpXQ,1374,1
OFPlh5cShJkWiDrttivtnA,1234,4
Te9HQVhOFUx0Wbz8NQUILg,1673,10
U9bblU4r-ze7UXQBWs-asw,2722,2
eyGQrgYJhWcCZJwqMR6xjA,2307,25
GVko4__84F9p7igjX3DOuA,1466,4
nfOFaaR0HSIFI-zw43XMpA,2613,1
TM4_RljHxrqoFrDxfSeSOA,1690,8
uNsNi2rz4VQ2c8FhQCqJAQ,2389,85
bpLDRW7sBP42B5inf7LM0w,1596,4
suCjcXErWoDYgnBVxzEEwQ,2165,5
7ZbnMdo2yIwmjXZg0VlW6A,2585,5
mArxI5gobu7hmNblzhX2Gg,2754,15
aUsCUZp9lqZybh67M_oSLw,858,2
zLGpi3U1UMznswWYIOKBPw,1389,1
o6UVxmnWOf0MDow7N5WjEQ,2058,13
-xI7p98naQRwBxtLhf5KTw,3589,62
8tLh6G3DZSkKjrIzti78VA,1765,3
1K0JOjQEFj3j_w38kgq7Mw,1159,4
2AB0PWakRHsncT0hae5HBw,2637,5
7x6V7-DmubWnAbRZeMjbRA,1599,29
RN91GWULNi9OISZpUDjIww,1426,4
AfKiTL7jvMOWlSqfDjkZ_A,3999,280
E8enig4peTkDvarH8tIiKg,1825,4
-IIbNx1AvlsmHyUZII-qDw,1563,38
luiljhT_0MIYfe1zM2bKZg,2339,17
Mxc20wFc86HJNEMRnpZJZw,2531,24
uUdhVCKpphKIetmBc2ekjg,1992,8
xCm7kWlrEJO_wGelZ6liCw,2261,152
-2SzFdggGxJKY9KcfLtIUQ,1954,21
6q7xOm0v6-Mddk68TvnDYQ,1773,2
xylY0Xj3ZZNM-7xourksUg,2939,10
jWVud8zeSGeI2sdrHsAI-A,3515,27
ArJFlkeF3BXYJwEE7KLx2w,1258,6
kRq4opjl7NO8UQf7xqBJuw,1101,10
_Q7TgDiq9z2YdpT68galfg,2132,11
f2B0T_KgQg_O584GrldPGQ,2845,3
9irXqq4ltH33ayfZxccymA,995,4
yQQ41CK_P7bnJur2uCqiuQ,3421,124
kvjfcHu01m57u70ohH8jSQ,1267,6
4KD27EfE-i64FdzPSX3Y7A,2105,37
dGN6vk8d2tNiMHP_frlvlA,2051,3
UNb6GSTIgHS-_VIO4EpAAg,1540,1
9i1fqv3QTGQePxezkEWh-w,3314,4
NCiL-h4Dw31_ribeaQav8A,1517,1
cKrzeBPpSL9WNGWi2ibzDA,1339,4
jAMct7ZekNwkwY2vY_aAMA,2219,3
phYD-fxT-us7FRd9BS2d5g,1278,1
n0hzVICMpEXBCxE0Ws3Ayw,1407,2
UseBXa6v-8YDmTZFdn-aEg,3094,125
G5PClD0ma3b-5pBp4TUR4A,634,4
epAhbTwnVNXqFKwHDlgpBQ,3070,59
6Q-hX_6_sqF3_OGooZK-JA,2015,3
msKQEUpAxSIdxPX2crzZsA,2381,8
hFpj4kuW63-E8GqztuL9jw,2629,23
OVOwS2ctIhmy59Omf7W_XQ,1174,3
hNa62wLCumbFC8Va-TcdMg,1984,16
TQUJqQwLoRwLLuet5cFgtg,2172,7
_Y1Ig4pQfYAdLgf04Kxa4Q,1423,1
65lMbZUcQ6j11G64XPEEZQ,1403,58
evn-kD3XCUJJve5ZlUJcow,3547,6
4FNWNizqwp4cc9p4z4bkWQ,1084,2
omXfjw9TwvE74NAVBDNohg,2543,4
Vdh7XXM_Plwgz2HnPst4kw,2144,1
9WMopFuxOCeRMdKwTXBgRQ,3119,22
Tmy1c89GuYurLIoOg4gydQ,3844,278
6Z8aT1YqJXaU26vpl01o3A,3226,164
8-d761_thqPIS8b25bX5Hw,4132,17
Bn5i_vQJ2yp5fc0w1gXRvg,4191,80
XIBdjWXQGXlwojs6vSwTwg,2704,19
rfKNudopCK4IrRoShwSz5w,1098,15
pTz9Z_CjHlFzRNGchnhi6g,3229,361
eo7IlJYenama1YEXl7WkkA,2311,7
_R8qqgDz_ExG-JEIvCucpg,3537,1
mnGPMHN4YrPVGcRp4tj27Q,3396,177
GuvKfY-d2l0f2bIdhoeF1g,3534,6
yocTGF_itsQa1OEvxQbyCQ,2136,61
cnidbDwCM_JC3tMX_BF2dw,1273,2
mEdC-Nc4keccxTlNy6enlw,1305,9
dsjsCIIknSNWt8QjdDPcmw,2292,2
7buEtXmIfr9Q_s_Ba8vbkw,1818,20
kDZzu2-KmSdz0hOMMzAkzw,2763,9
vWNqhuTN5YM0q1uHKtvRKg,3241,3
IES6SCROhTVQ0b0s-X0ZrQ,993,2
FsV6TTLny64DLGN6RAOF_w,3410,8
k9xsHF0yfrAFYSdgjyYg2w,1685,2
SQV7v0TJJ2qiUpoSQhXElA,1283,2
MK-wAOgenXQyvMcbIS1Wbw,1906,3
etxLLhMvyMiNEInXdJKMPg,2070,2
KKAUzHp-mzeBKBHCv29_Hw,2532,4
6qgHMZRwTmdfI_vu4PHPIw,2145,21
7uPyBDyZc3OFd5qAojtXgQ,1370,1
rnSwuEfoncsw9ES6U2gP8g,2790,4
5T2paMcR_DRrprJkKfDmyg,1278,4
fLuBOgcSFfbeB4vvz87uPA,1828,6
zeiKdNjBbtBx-EWnFS5wdw,1588,23
TrmhMwwONMl8p6aOv_J7Zg,1304,3
5L6EfyJlJM_oa85hb3JCxw,1099,8
ZVv6K7-yKEUc1h0CwVDU3A,2863,19
gJRd0khkx072NHK9jSsweQ,3318,52
FAW8QuZyDL0cEDwQb3Q95g,3487,95
G_RhVPLDvHh40Y7FqLw88A,3557,19
jE1K1ImsPTr72HfJG1ZMKA,2807,3
YPuqj40fiBpLphzGWfJ6Sw,2615,2
PCgMg4SjuOQFzkvD-3upoA,1948,16
IC8ff96UnZLegRVUWdNLmw,3450,62
YsirhiQT1ZK1Un0acKl6Tg,2824,17
CkWEWV0e8753kSWbKRWiFA,2012,1
xW9jImmvYzYjtBQInf1zoQ,2676,22
_CpaHaRLqldZ_IGdsOPKOg,3015,1
JyFroHDVPSBw0wLaPjsxtw,2418,8
2FM5sgi26MzIUfuTutx9IA,1451,8
IUY8lkZrFZTWXQf7z9kPYA,3018,7
lETKZSNWNFHfhkpL_VoCLA,2855,279
qMXmp-ZpvxtsMC499QbVOg,2790,73
Go_g0O-s83T3qgz-JzrGjQ,2917,78
SBy5bRIbkla7v9VwvJbGbA,2989,2
9fTynvkkGMg_0qHTeHL2Lg,1819,1
iYfaiGZI8QqIMI1s9etrXQ,2693,4
pbqi_Inp_dfCzGIf42Wj4Q,2353,9
xofAf61-mbTMXL8xQ6UY7w,4089,9
kqUzRMly8W-1BglnXGCRzg,1255,2
dRJbnB-oiaEZuMkWXtIadA,3321,10
aiT6HUAzW5eCPiWpdlYLYg,3178,68
9GZjNbVdPgkMy5MKHB0tBQ,1648,73
xz2JLG8ciN8AjL1JrymcFQ,2711,5
p1HrZ9rN08eBohIwTh2UiA,2182,157
XG3jCe8cmCYSZ9QXT935zA,2537,5
h4Wp2m9OUidBAAjpbh4I-g,2683,2
wVyz2lL2ALmJ71dsYZ-c9Q,2292,6
Zvi0z5_nks-VSbN2ha4IMg,588,6
78DKKTSU90BWefNlCw943Q,2513,100
V0yWQQn515LgQ9ZuuETwUA,1518,2
-ZdYhAgOvV547khXC92U7Q,1876,18
GcpWmixumssOmEsSZ5pnHQ,1830,6
NAsdV_sU9IZoWfpuwLuW2w,1991,5
kv8Ru9qMs9XzbRr3tQYkwQ,2064,5
oH_A7fiu6PKKhSn04s7ObA,730,4
PeIFSmI0I1ILYjUjjUSZdA,2564,221
SKu4Cl1pAwpyBIuhdiU_3Q,2878,17
Mku4ecOhtp_q1kNCwlG9EQ,1422,5
AEcruzRHcwkVxKZvgh0tjQ,2526,1
T3BjS1OZr9_4KSlNMit0_g,2819,10
NjBbyIIgpN8lHolFh4nUOw,2928,16
HfrK9yyPqzG9a348D7QM5Q,2146,4
VHu28ZkaI_XZMg7lX47g2g,1054,4
_ICOZCMLKpfsAeQyVxvNrA,1877,8
Paemmly7z_tgN-vTJs3RYQ,1598,7
0fm95WkKTYFSDG-G3umqAw,2333,5
RNYUUrtD0n745bn2ofe8xA,2303,5
b9VBZ8yseJTZWAy_aVJzZA,4107,12
vzgqnbh8orvZplalfJzUsA,2929,8
fZwo0y-xyiIl_Lw4-KC0vg,2921,50
Emj8TMKtH9ehQL_HT_f7eg,1584,8
tBpyi-tXOYQlkjtQKPd5aw,1453,1
JyWfYMCIFkUaA4Hs_V2E6g,3336,2
Q8jDnCFPmsgf_eHQD6DQKw,2878,12
onWDQwgQNKp5CAUlMWVu1w,3339,227
dUBem3LVa37X56BNnHBKPg,2457,8
cIDl0ChwaO2qypgm7kKfNg,3191,26
fVyqfuToEHvlt8cknFqi5Q,3953,110
Rk4cD0xZZpIyUosCDq5gYA,2550,3
h3p6aeVL7vrafSOM50SsCg,1064,2
nb1d-NjtZefAP9b0z53eew,1248,4
aTmDh2aGyBwTGBkuEy3y9w,2833,99
meDKvFq86JM5cr8STwac5w,1921,35
xQ5s4N3qQMuVKvZFu9cG5w,3138,4
zBazejxmhTS2bONmMrgVSg,2181,3
0pN2f1b8fy7rfc65AsfJxA,1258,4
4sac7BhGZCTq8LTyF03DTw,1697,1
id1pZqzHSyP4uZeMbwrk8g,1169,3
KUcvq0r5wzihgHuepEzrsQ,978,2
OQbejjGmzVyZfXAuUWWQ6A,959,8
gxRDTaBeXJJY8G0LvWDldg,2733,17
IJSw8gCjaKMOzvwLh8s8TA,1063,5
AguUVvTduxOtPlMD4EZqww,1346,3
QhFv2w_nQXBExSnq3tV7lA,1852,2
lM8LtPD_Q-QHFOFdcou3Pw,2221,1
z-x8YE4GBt_gshzZZppfRA,3282,3
H76TE7LFsSPHnODNCI55MQ,1993,3
-hqbVvApts-Ewgtp3okAfQ,1523,1
JFQCquHJeZljkCNtpPQi1w,2124,7
jXrFBr1QNii31cEfx6b_3A,2544,1
NoF-dKaxLCbMFPzLy5VjzQ,3196,17
JXWANQc9OxGqOfJQQyPR5A,2353,5
2DiK6t76ptzefTExC3EaXw,2901,49
JT13MUe8Ix5B3GDixkgkXQ,1514,5
c6tr6kAATCXOFu309t2UnA,931,7
KSv80z2tNYgJ1sTY6dWBcw,1556,13
T6sz0mz8yUGzTQaXTvH7nA,2101,7
QmlCKRm1Hw7lIUrtvKSHeQ,3410,333
5UOyipFeRA2B39R8cOhf3A,3529,209
igycmuDfTjstFFATqteD-A,1104,3
EkQxlTfbVOp21NJdStx_1A,1651,5
l_xUQLqpm3s1KRXSCc65JQ,2761,20
zs9s1DSc1B211NvvnteE0Q,593,2
_nYgyVun7rXdPs2IkSKf0g,1340,1
FT_nCLYNw-SQFjAiugM63A,2259,16
92rxHlzsDGT4TGMpBZvjiQ,1398,6
CtzNU-gEpCKRdulTIj-UEg,1015,51
dT-2rjOCMhIsb9DASidfcA,3010,185
XzdrpR4fJiryzSUU-kP4ww,3080,60
TcyFN24xFNZhZzx3LhpwRw,2689,48
TEGEj1ONLh33Ublh2v2AEg,3117,7
CIyNtUX6XfEqXKYDg5sKGA,1583,3
yXYoi_lh23Tf4rMby8h4Kw,1574,2
mBvbuDvBvytSHZcCu-gUKg,3079,6
4u84eoK76yoENZuri4ajXQ,3752,31
vuNwLGT3N1aL_w5lZ2iGxw,1809,8
XntE4me5lJVTQJVpwywGNg,943,4
wcALpfTBnkE5hnWeb4Z5Pg,3097,182
gfXXVxfG1ZpoDfzaD6PVhg,3883,211
gPZlfN-JKEC46D2ToaLk6w,1067,2
ZjVNVZKMgj-4eTY-ngEVbg,2107,3
jo35h3IehcZ1di2W2oSlpQ,1908,6
TNcVJTiGqQ6MM2R01lQuzA,1384,6
SEgdRP0Zx5bhfUMddxihTg,1645,3
Iy-5utoux3SWKWbK85ay8Q,2847,12
jjv0nG0X-81C4Lq0QEiFfA,1705,5
eCtqm-diyKnQktw-bj3ntA,2119,16
dKBCNJrxu7CZmaapqu793Q,3172,117
HReffEJLx7dnQhyyorqwnQ,1466,80
zfDn20aScPK8P6mCawGUUA,2440,3
vdoOwyxr7D-5KWtQHALI-A,1634,3
jvA3aZE17P9ihATynogNog,1713,14
c413CHugKnvnauAW0lbAWw,1759,2
hK0IJqHZJEZ0XOQEnVaGSA,778,3
A8DQtAfrkYbiigGL45c-ig,4753,167
Fj7JCPvdW9x_sFutJptfnw,1619,2
uvTZA5iwHSQMqnIqUB0OCw,852,2
1krGuBVeuJPkcF15y_QMZw,1259,9
pkx0LbX4m0DqZe6l62TylQ,3474,31
LBU_zzSSL35sWmRrOepFvg,1648,7
hNTPp3VPow8ZUOwNkJzzgA,1008,5
v5lmkbWdqCh6kK6nOqlgoQ,1819,4
9QlP-NjXqYd8QNllZ6Zw4g,2095,19
NWZiY8LA0R9YbADPL7o6zA,2185,5
ZXod8cCIKLQdwuGrHn4FdQ,3102,2
ahMLHsa9zlI_ltQo_SiUFA,1391,4
odtY2y8HKRKJ7mpePJAqOA,2022,13
7lj5Ppv5rN3rvC7GVB8UCg,1377,9
07rhPnwX1faFmHAk5Ffcng,1182,1
NtKMJdSUQf8yYy6SgC4EdA,2726,90
QJinqpQZv0hbvdT9kEL-Mw,611,7
brZ5WaScPtH8wzezowW30g,2740,103
y6BAfr-q-WOm6lXWp76LQQ,2555,15
g-dgQe3hpzymwpcuoa64dA,991,13
6BV5bvDIf8V7dNaVfSrw1g,1331,8
gDq9MSf4AIVZhiLlZvcIFA,2334,3
UQil_dZzufiCAllSrRy93A,2379,25
_iV7YiqHtDUXbDhxZd_5FQ,2324,20
uI4sni6PJ8g0CeAdcQ3HiA,2016,2
-at64Jyim-H_Yr9C4rxGIA,2779,3
wsarSgDuD6AIrZsJ4ZnUNQ,945,5
JZDIMMnl9WPpOrbY3rAb2w,2428,9
TVcGNUWzEJJiyU_UjdFaRg,1149,3
MscwMSqruEGbkMUjP_CIbA,2415,74
EyZFA39wwkHkk2GG6lqCnA,2882,8
fTjhW4WwkqGfTV8CXwKQJA,2592,10
ykrZFAyJEzDeuZ6gIC4UBw,2292,61
D4bIfyiBG2EoxTkPMiF6AA,2909,4
2WuJy0fJckCVuVXImBle1w,3874,226
JyKHbm-9VHadl5aqhGSEpw,1921,18
JVNmkH3pmmwgPLe7jInf_g,548,4
s2R7iG9SXGn2N-gdh1jgHg,2022,5
PgTGz8LCxfO_m2bk3K6Mrg,3874,146
cazp7seOivh64WHFfX0Anw,1827,72
YsUfNYXF5w7vXquy5Kb6Nw,1346,188
URJ-VIiKG7-jx2y92mB5RQ,2789,1
8ZoAu9AUImxL5mYpIyu2CA,3407,7
ekgGp-fI3AdP0r7wCGHJIw,2622,4
bh3Fa3FfILxQyw0uC4MwBA,3065,1
dZWIafudCZQ5hpWWyJHYrg,1934,1
2Ym2oItRvjkUb53vDxYdiA,2556,3
zSvpiHZOCxLJJGZyx2ZSMQ,3260,131
jv99eaR1-5e7th4QxUO7nQ,3376,4
pMivwwQYce_mB1fPdXDCpw,1651,4
6on8zPqdwUdWzRGQXAqVQQ,1134,4
GupSpqLS_MWh2AuDX-2d9g,967,11
1iwgnsFvaYX_PRHuO2u19Q,3215,12
sxFt_ZVyJd6uy2stG3Y-iQ,2820,30
AQwczgFhqZqrnSCvMaqdvg,1201,8
QGVaCtWhCtvEpADC8VBSew,1078,1
i__Tr1kjrVX4YSxMG1YFdw,2102,4
6Rd-Oz0Iqns4_9NIhG9blw,2222,21
0LMJZPNQOCrTSOEnYcmp0g,3066,7
e1dN_XW1VSR8iqIQzI91hA,3324,82
xpuZalaI9r2ac4-0UE634g,3369,7
B9As4KC6U1mWAk3fZHsCAA,1572,37
dchZJoKWQ6ffRjpPz8jDpw,1879,3
DkrfjBeDoMLiPpILrsdQJw,1704,15
63Zzq8kfYV7CLxoXLzOp7A,1732,8
GTNWMTWIWqAq3k6jo4Ww0g,1273,23
Do2piaWKgWZTPEfps78JNw,2530,50
V_NhdGNoVFbX3Wb02WUYmQ,1051,1
tFv5QV9pbhsniAFmuC46zA,950,11
eVhZBeveacmJw_hChGrw5Q,3132,6
i7NtjV2ovTZ9jQHBT-O9Qw,3119,21
vtwHoNMq8fSdUiSsZZ5f1A,1807,20
sXY3BmT1dOMU8k3Plj73kg,2966,6
Ty2ZuT8-K9MNaJKBdUrJXg,3265,14
Jhp2NMiRMAKaa9ELrESX2Q,3135,25
OohQ7EyTw3bAsw7eZ2c8MQ,3075,10
WMzTM0y6FGFbQDzmM38dNQ,2112,27
gQghmjRaWIDO10TKAcRjOw,4282,55
BHW6-xNdtFEVAd0FEcZHjg,1421,5
iEL0SBmgr8YGrz3jjsLhoQ,1099,4
FcBXr5q0Hytm0Xpg7e5E4A,1655,95
68v_tKZ2rvK0SL1Lqqa4gg,2405,2
tYOVruBJ3egcqoObR2k9gQ,2469,14
IPZ3URgzKAhmASp3bIrfRg,878,4
kIUZ9Rn4gGKbpvOpAfQVog,2333,47
YLJ5cRO2raj5870UFScxoA,1257,4
dmoyB8pvUa0NZBkK-FXbIg,1496,3
1tf16Z1OE0lAKUdP4emwAg,2393,4
p3J5eprW-Qe9WEdxbSOxzA,1857,2
2Iu52F8vpFf7WKtwi8hwJA,1996,12
5fS6pxF0whfrNGqhN2V28Q,3452,13
n1rvxZn1ynX9g7kesNOHIw,4575,851
AFsd4EAw3LpTfjk_5ku2jA,2516,7
SHnP2oSXV8CO82GwrxsdRw,3767,15
zloJlB7C1jBWNLAENiT0Ig,556,1
iN3dvL2LpYx0-C9DXdQGwA,2472,2
VxrrvtytUwcXmZFkm-KV6Q,1200,4
-xxtkHcItI6UPRqfSmrvZQ,2180,7
BmAMEllTe5j3M8utmhTx1Q,1549,4
SpC3YC2J4HNKntJlmSIZPg,1250,9
hA7M2bXUrOSOxIve-rzJTA,2624,20
D72xrqJCykVKEQgpBg0eKw,1263,2
VgDQr03wNvomlZQ6k73a-Q,2708,27
WbuToTLimC8qKAoW832M6A,1715,3
wrTwwkRyUVMxI3cAr5MV2A,2107,350
iNy1jluUBdQFm8dyWotxqQ,1347,8
zPKzzwJhk9y094YdV1PZ-w,1789,14
HwcjEqA1V3bKtb07JKGIKQ,4608,321
ZeCXruDBWDj0dJfdqvsWXA,2161,20
_GqbXZdc15KGUQmyP13oXw,1301,3
63-tJBGmimW-NYFhaMBi3g,1198,15
FT4oAnJ0iPo9r2gbaLD5Pg,1101,3
v2CYheltdRQN1WW6CYrujw,3438,2
GnS4h01q6Dl6WWsdlnylNg,1503,2
Omjl_VQzOaqtnrhdGCZtPw,2586,82
QQHXIcCOsPs_eh4ru5bWtw,902,3
0PIpUDTNJBGkB397KCMRig,1054,4
3hhxC0f-tIIgMxFS1yBhBw,1056,2
qc0xmy3VuP4KQYFfM5tM-g,1444,1
UrJIQEV01K8O6IpEmnQiWQ,780,4
RO3Qi15h_DlFXx5h9pX70A,3271,20
GUpE-sxvcbIp5YiVLpUkMg,1522,1
hAamhm8N39KyFQdSJkS6FA,1168,1
3jhMIvdKIhPRLx7CoKQtzA,2978,11
KTGCigxJxTMT5yLCmZTAQg,3305,4
TC_-t9Gjygs6aV_6id81RQ,2556,2
b2e7PjlBWjbOG0b3Q4SzKQ,2486,9
y_zgLUap6KMmwwXhU_nHlw,1795,5
xBpG8OJSz6KXbwREhgUJ2g,1287,59
Xa2XLYhHm6TwFT0HMXpdRA,3715,23
bgPyDc5P3J1odVW0dp3KmQ,1707,16
DrLC8wDMIxYisFeVCA8FSA,2183,61
LnrOYCxrrNPgIb9ln9LlKA,2410,1
mHhAZcln-6grC6uDjyNmPA,3370,24
3cpUqoYly3-L8-qeWgaNXQ,2069,2
ye91LBMS0DhmCSznsOgQLQ,3954,215
Rf0W4HY5rusiXXe41x-8WA,3226,21
Lzu5wxnOO3zjNtRkdjgUqA,1551,2
38rGW0HFuQXXYk5KDUfbVA,2872,15
LMEVXbS11dz5fk1obWSbQA,2874,160
vdFgwp4iPJ50MCcjqrNy6g,939,2
pamrPZVIJuIhiRhOSZMH6g,2688,27
ZqYkc8dYbB-oqu8vMs9i6w,1520,5
F8QIuP_pD2yIoS8lMZA-TA,1068,3
hIz9nLr6_fd0zpPZKI-Q9Q,2929,1
yKpde1fJH2onIArKUmx_IQ,1785,9
JUAWHf6s6F3EaQ24EWJcpA,2101,13
6744uk65rzzvcYQkqVro2A,1982,4
iQ7GiyL9BOHqJRuUhtijsw,2682,74
NawmtSLmh3Hx7givtem05g,3557,89
sl413LsQjr9phYw4181SwQ,1105,25
1t5SLR0D092jSVB_DHMSOQ,1463,38
k9uE5RSx79WDSDUvLxxQ8w,1442,3
ZUWMM-CHsRbNiNDTulliOw,2914,53
RBuCkGiieKIsBjPmAS8uaw,1282,5
3qJaqwV__gxyHWcUuFU4kA,1500,2
EJZA1aVBQD0YzbdbX-UYAQ,3101,64
x22gBQnE73gW4NQWNI1ryw,1974,5
QiKrQ0AmZq-dWZpHjDoIxg,3374,9
sZTxJMS0co1D1k8aZCukBg,2348,148
1gu1wXxPopJR1dYxRojQnA,910,3
I4TegAinoOtpeRkYKuRyWQ,2003,14
I5NJRmhBYNvehVc9KopDng,1978,29
5U03wOXQAxuFVXnJ6VZfLg,1080,7
EWBCHAwyG7Ex1mRDuZiVGw,3406,16
BqcfwPZ73z62jNrtHoo_7A,2657,114
DxNX4NkvWpZCL_1Uv92YGQ,2074,13
mrSFqWogmwBOcbqcbQusKw,2128,3
q7n4qscROJhigB31glcCMg,3009,2
2hlSNtuL2n6OKjF3TC9-_w,856,7
3_j7g7-4X4w9sW2IPG_-Lg,1165,1
EEx56AWrPBamzxqnqU12xA,721,4
jxvaJ7pHaccFRZqEvt3obQ,2987,9
1mASkhiijsTiQi3S5Cji8w,2848,22
ULTy0ylZzsiPdldmvx9fAw,1684,9
cgiWWxZdSCzuhbsYnxslSQ,1213,1
We4KInG1XFIzYtjJ0Pbjug,3961,7
uMj0avAHxLhUIQV0a_lViA,2886,56
29qPRoT-ulsrQDPnlgdeow,1847,4
Lqu0cCbTauq3-aLKBiwEaA,2154,15
TQBfYJJxj4SOVbfIBOMaXA,2510,4
B8wRIKOClDXEYhaM4HLjBg,1633,10
v39qhjPSkFHfOrY4h6Wwbw,2858,5
smwlZNx3gXahaeCKGazhUg,1269,4
hoJOTlbcQW55ggOrY-y-zw,3153,3
2MHOVMs94pwG5yBzr1G94g,2674,9
vDFZnVJerujR8UG12qHrRg,2592,5
OK3kVvF5bdsE-p4PD2snnQ,1647,19
yEK8tChimvQgJuRiIQjWWQ,2016,31
cmg5UZfbFiZ4O-HiMbWKFg,1056,5
fQZdFgyZmE9hTzIFUEGReg,969,4
1xdn_tl-rrEeiH3s_K37XQ,1996,23
rob31eXhvRtGDDb9xnJ4Dw,1338,14
pQuGBcNZb9xZhDIdIt98fg,1836,5
c-g33Z2insw3RiHj17JLsA,1461,8
sLhQ0aHz0OnYv3XHCgAoMQ,2742,11
2PcwwZsZAdW6tyUHMTbHoA,2345,5
HqINHcD4CKmAZqogW2dQbA,1442,6
4oyQG2EE1HtLc5mcXCZ1XA,1139,3
0JKIspd5tWb_drvbLkab8g,537,1
5QpDhBKybSRb0ULt-BIbqQ,2227,4
kpTbkNyndX9_5ugU0kIFng,2697,4
EJszEuYW8Iphw4b88SwWHw,1354,48
qeaDh7CO5btSDVcX9nzpxg,2088,38
tvMAGgi3AOXvFAD_N9EHPw,3484,34
5PzO5r8NELGCB69ncr0jnQ,2107,9
LyNrNicpj5CQjcp8bU0nkQ,1188,5
KRdX1_qs6aJbjhJTjGXDQg,850,6
PVFLpEZCtH5Z_G74hLd_ew,2015,2
8Fesgi_s3MS62aMHZmRPCA,2050,1
86W946DZTMS7ar3rGR2STg,1739,2
DHHF35Rhof3KiftnL4K7sw,1685,4
qkS6aV08ivYikQiZuCowRg,3665,127
9sNv_HzUO4nM3mtYV2G-BA,2102,2
llbDsUVj4tIGvPmOnuoLvA,1272,8
Gm4SGJ1rg6AebLYI8g9k2w,3424,8
bemKzhm5xFIgYRpK7nmang,3378,1
adxnAKluQ1OmMFPmxMqpWw,2711,14
ZKWQ6SMN3riOveF84Upv5Q,2529,4
OQijLhM_GhuizFlVixqdaQ,2724,34
jH-MzgVy5vVSflk9ZW4pEQ,1971,35
2Gnz0KBgeu-aS6VR-piVzw,2280,8
7WZd4mX6sNkrQtpfoqaQsA,3125,33
GBQ4DriOGoWIuqpJeY2XRA,933,1
izpwaMawp4n85FYXoPP0RA,1328,3
J-_iwVr-O-3xSzCe2vm-0w,3039,398
zQSiunA7C4i4oiNmekiy4g,2122,173
0JNLu2UfUwsV96wm2A3kJQ,2606,25
KqT8yqVI-xnqYfJElN2EyA,2907,2
1u2M2m81yuy3VAkFgRDnCA,3510,1
kjoHtlUx9cH9PDhP70LF_A,924,10
hQhwmWK4PlqkDMDk1NKqAg,3620,89
-RsatI7wL8WlWlGkA-FX3A,2270,8
BiLu-9SxKR68vOYI9th_kA,990,2
nzrVgdM-C9uCbLC_cofZoA,2640,1
Q8O6jjtfM9aJLySpW9hOtw,852,8
huayr-WjhExgJPIZcRhZIQ,4146,428
rILdvUC9VTvFGU7m-y1o1A,1376,3
zVWnVBbpF0dc_2V4T35FeQ,1486,2
PMqgo5BPUoJxQuQVbG_iVQ,1633,6
UmMT4OYa011mmzujwTFWHw,1923,27
4jpK6iRf-YKJ2yeRYbw5rg,1667,6
J_wfK8N7yUH1PupaBMPteQ,1020,5
2pmJSlFR3_Kq4bCJmPZJRA,1580,4
gQZJ-50LuAW78e4htlvb9g,3216,7
fMhIfIU3G6-trprDiZXryQ,2088,18
y31opx8WWoftEiYYHecLdg,2069,3
92y-DGqHosjcrSq5LTdAyw,1462,3
v-TzwB4-3vVHZjHQYYR2Rg,2285,4
i6KYRuZIFAKv56GmuRhxaQ,1959,12
LRL9ox64-4YD0i0bgAaneA,3270,7
tsTIPBHVMplbuHgoPC_ufw,1524,1
DNhmhiHso8t4nX8U_uZ4nw,751,1
AEZ18gF1023swWouK9gCHQ,562,6
h16FdU1vVy_3QJc_sE0fiw,1515,2
h4mgoCHhZgrVtvzQKGeidw,1400,6
CFtatymZmZP1CpI-IC6uBg,3492,7
NHHDPWtoaxQETg5DPYu9Gg,3081,12
tS-JQ8yXyV43LQk1jZKyvw,3604,36
8fZ-kM7MlEjSH6Dmvomsbg,2152,2
ag8kj8TlntW3RdcwuHIFBg,1164,2
NLjBTGqwjwCWlTLYDVOzpQ,1339,5
RsGwObbWtv565ed3WBga4w,1522,16
YwIysOmnHnrXZYfydK-8Tg,2435,10
TXyV_t_joQfOh_RxkIQt0g,1283,6
rb1Zj4XldhW7lrQVw4Fdtw,4482,61
wqaZ2A1UdI3XgQKLPWFduA,2538,4
6gyPXZVUz7epWywn9EkmaA,2627,1
N30lUfWLp0bdT1X8DOlxtA,2899,9
IE9rPVLcM6H9ZqJIYxXYIQ,924,3
1kJoLic9-u9cE7IyxwNqiQ,1701,6
tdNuN9xvgIdIimSk2gFESg,1231,5
jFGWa8zozo5edNyII5sncw,1889,5
eDpJkAhHzldXa-kcPAnCpQ,1739,13
a3YmqHWcs7Rz1qQOYfyIGw,3814,26
nU7MuL-MaNTTYTjqnGBtlQ,1620,2
4desOzxBZnBrpWRc5UUECw,1964,1
C7mMivtq3-sRfiUKuwuF4w,2940,8
SH7cknRyWOByMwp94RUEQQ,1298,5
D_8HJMhPJctbwVaMcAp4Sg,2740,9
w8of3RWeSqczmgHy-ftnJw,2270,7
89dLM6ulZEhjmynniUoLsA,2302,3
DGlXTZxKPcyYk7bVTQllIg,2607,40
ZMk2gU8TxydT5mUcKBLymw,2350,6
eVyIwqgaAVu9IMGzXyesVA,1286,2
jFcYqZTnpfLTpyU2F8YKRw,1969,15
bqQXSJ9Kv2JhP9O3jmSE3Q,1359,9
oVvWh8iz15MkZvP6gO2E5g,3309,26
Hwd7xZnh7tnX26T15bBJ4Q,1676,5
hBXafUfvIOPca1P7MhoHyQ,1668,2
5YhlSB6XcdV4PAcNevTeSg,2081,10
qy8Q229WNOWYkWHird48iA,2530,22
xsnXgae84WANFBHfAEVQnw,860,2
PAZnPbRswj2J4dw1ntI8Ag,1265,1
i8im98SJLX3UBzveRCfyuw,2649,152
4Aqi1uvOy3EtEhPnvMtizQ,2194,15
O5pBGASzySaKn88o8UVU8g,1811,1
T2c1txEOV1jU4UIEjHVJnA,2347,3
MRXBaqKKU-4E-DJ3k6Od_w,3206,94
q-VFEnlT_GZwNjCfaUYjPQ,2763,4
fKtk0Z_qk2PG5MGfx1rw4w,3392,12
eKapEaH8pGynYWh1bdLqxg,1710,9
M3CmW8esv6mFUOF4v8t4yg,1667,21
ZFePVmGf33bHfPY--gD8hg,2834,2
HHoOhZDsLqLviEGzqg20zw,1414,4
W09aaA6aRbsmHHaNP3rWTg,2573,9
BT1Tbn2VZ16Wxbl_k9eBWw,1839,12
FlN0uDyaYuvuR710t56_DA,1234,1
lWAQHb34BeBY7rXpSYIwrw,2534,129
vm6bvU3ttsVz75_5ovSG1g,2298,1
SsN6inoELN7YhkLKZ8C0AA,2088,5
5fGyzbM10GZHGunSOtCitg,1618,1
XOYjE851ljEGnvePHBmpag,2104,4
h0U5rjWjzM5nDFF24hfztw,2387,44
wDCYA_emd-2RmYIBCUVefw,1946,7
ggaa6xekyuSlwTILizM24Q,2777,9
K9Uprpxp9moVU262WPsUgw,1161,11
B7HCUJOSaluboTE39ohV3Q,1349,5
w0XAdc5pIQVUhkUxFX8B9A,1528,1
_QxeWevmEqXRTuplCDoP9g,1955,197
pUWm4CnQj17nvLhQ-ZuCqQ,1737,1
s5aI73NXfd-kPLeTeXJhng,3028,150
Py74b6Tif8_EKRp6qlJxBA,3168,72
Xr7zgZ7idWW6FINGmh8J9Q,1473,4
h8PBh_U-hRbBr4BpLRMocQ,2389,2
X8-hTtzJwraXRgxlVl1lew,1211,8
3_w1GU8NjAs9fAi4huQRlQ,1628,3
DRccgkQ-0_9K5ZXoSXjL9A,2603,8
hGi41004nKGXMBXWT850fA,1594,6
dsLqhmqy7ON0c35yxWy5oA,2475,14
tnQiUVo0iN5yODsHhzBfGQ,3109,28
cSX6jISOotTBOBK7cw5f0A,2952,7
UY-cpUpvvAgmpPJPF-TboA,2091,4
6x3vrPQt1KVe15vFMrFp2g,1333,2
fgSGEkQaLG-wOtPYbd_bWA,3038,9
FPnZouJsDHyf6HF90cGYWw,1541,18
MhvXkymhVr3TgYoD0dIVbw,3466,5
mqifBX10HkN3PA9DmaaiJw,2000,2
SZPAwqCcsdy2wiGfGwGBWg,853,6
fZGbRNMmkRlkssszw-f4Uw,1343,10
Mszt0XmlJaYo2I1ATq71sA,2429,56
pSA-2Yz_z1v_LQOInVS5rA,1705,1
HXBYndr4Wli_-I6L15c1DQ,1059,12
pmyTTE1iHC-gZIP-1V3FKA,2002,4
qWW4BjwInCa7OWLS_LREBQ,2220,12
rVLvFBtGCQGviYG1WO7QtQ,1632,6
zmyFLHdufnsLRqyMoc7erA,776,1
Qk63CfpIpkguEH36kA_Urg,1031,35
nYfEMaPhKGMMqFZpf7lvhA,611,3
hD93cviV1yOo_cEnM_tZHw,2697,10
tX-ugDzVV-qBcXT92pw8CA,1960,4
a_OXKYuxdhbeLn9Wy-uwhA,2667,3
wsCjxr7RF0Y-42bZ0elS1Q,2082,4
-WW714PluTp8ebqJaxUUlQ,1437,1
7dwD3HuzR4sEN9P97-2hhg,2801,93
mPJ8pEDhRRfj1eNh6MFmOw,1564,4
F2jM6CjhDznpJGPEaEPvFQ,2173,54
pzDJBxbat9VwgAVunkWuDg,887,3
8hlFaRJqLx5qSPzPSh2Hgw,1251,4
1NghUrMOdStpFGbdMz-s0w,1077,8
aqXyf_yqj_xH6ZqHNI8VPQ,1113,14
oOSJ9zM6KFAoxEKmlFjUoQ,2245,1
sL-KmtUe_YxHKgM2pmnDgw,2310,3
XEyoLY9sf4hADTVU3ppBzA,1816,8
9qAtaNdAXA4pqUtzg_5rTA,2847,1
UvSHO7u_JbNtxFfx52X5jw,1131,13
tV7lM4pMqs9l1XuJtPAESQ,3306,25
GyPpPb_hEYfDJyZnS5gVuQ,2007,8
6M-6Ct1n2_qp-KQqLHAb6g,2573,2
fqpt0uIGLPYZRAzMiBH7Sg,1074,7
EAoY3EhOF_OrAtTZ_MsGsw,1630,42
OBZEaItll9opoNUjcW47jQ,1164,4
GM6Li0_y5hf03WY3nPtZbA,2666,6
4BdkWYxNXIjmmi-icZ64vg,1312,42
M3ctVWa2X4osJ_wbnWJoXw,2935,32
bQ9wdE2ywcIuDdmd4Ku5Hw,2338,2
UetPp9vghZuhb85UOJeG2Q,658,1
Jv8Lxz7dYFzluQFL82dTNQ,871,3
uRP-ugNXRPc8JtjofKY0lw,1799,7
ktqxGdn1rg5QlUzQTmVPpA,1194,3
HlnZ68E2_0z98Uhqfzc9Lw,922,4
CJ1EiDdxvM8mldlt0mZNZw,3879,104
9for4BruDgc5er8XcPdxCA,2743,4
SW2P2pp6e_4s46GoJ7gPzQ,1889,6
Q882umvG-iIuZ1evm9EKrw,960,7
Q0YyEAU1W2NQu0nsPPHhNA,2737,5
gfEK_KIshQUSqiYqolOUvQ,3089,1
bI_esKpKwn-4GviwmEKa1g,2123,1
IyTBI7li0LpqEqyWbrqhqw,3230,35
vkuXkmwzAOd1s1s-3dS4jw,1371,34
Pj3U_bBFDKDnKaYK82U5pw,2245,15
jKu8IWD897HMYgKzgmrcVA,1553,89
5LJG76agaKQWhCV1kerqUg,2682,23
thIhm_Abc4ufAmvhYwCnmA,2317,9
d30OBEhRpsv3siREx49Z-Q,2927,4
rnx68MhEk7GO3WtkSG_A5w,2788,5
xDkqKvzV8SXh_L9-xU3WTQ,1886,2
gkWUszC2y_nAENZwmA0vFg,3468,10
qqm5zWjHq2qHJc-T-lrwCw,2308,2
-oSQUw8f-D3J_pP8-Tw16A,1997,7
sPffw6HTLPFTue0opERo2w,1266,10
MzqaSaSn6wXGwc7RwkA4AQ,1795,4
fFnxXeCpWhHjilewW9WZCQ,915,1
7hOSWrwhh7fyQo2_NE0E1w,1324,13
8RP-swaO2T9FTGxjAS0Wlw,1912,50
0R3oBwBUtrBkjcqAzxdYBQ,1156,34
kSYh_cNw0v6oSmBpWFcYWA,2346,73
PxI64CdSK9p2v637lzuHLQ,1765,17
ehhzLRHrNez0S7y0XlWZdg,2786,14
UGjHRND0-88ipdp2BdaWsg,3624,75
pVtT3NMVkliOiwz1t9Jv-g,4343,55
PoO4Mm44d8SDcztRlwNw5A,2081,4
rmRhJB_flrcApPE_q22z7A,789,5
UbQOkwKpB-0AVxO8wgLPLg,2887,5
ENWz4KktBM14E8chw4KgOA,1976,2
qmOKzAeH5irOQ1znZZzRew,3285,2
tJDyTXQU7OjWI33R0k4gTw,1477,9
LYbI7oLsjI603Fr9DvnrTA,2600,19
uRJ7Wz9fsQqnhe-7Bt3N-g,2751,1
LN-vP5C1evG0jN7uXFenuw,1841,6
jROtteSSSRXK2scqY1yiTQ,1521,5
ecfLsfh4ipNu9D_VOXhhyw,3062,7
gRd3Qb8YvVxwJDrMa5CHbg,3054,1
fq0GUrvODRtJiHrTrtf0nQ,3454,36
Bppg16xOGyQS1v7_zN6GZA,1258,10
bcAa7ighpKgS4JOvSNTNIA,2614,28
SomQbmDH6IjYwCCvxnjL1g,1903,1
aHa7v-6O_1xgzc-cvswsHQ,2111,9
CL8OJF3JcTFwNxQRjJURnA,1263,2
0URNx18WR8_ZJIKrKTBfzA,1812,4
YWnZybkW9PsNwzvy2FyIzA,1362,4
krF6h9G2aFkLDtRWELOEWw,1288,5
AW_0OeHObYv59s6y8D7jYg,594,5
nonVtv-UD4RdWPSjEK_JTQ,3180,4
IguLyP7lofOeeAO4j2IlDg,2453,14
tswSAgVp6QqhAFRky0ctTQ,912,6
G6rjHXJjZmXnM22408OEZg,1225,7
bQU95E7OlnEnrOhVXo5ZXg,1487,4
hhA4wqN9PkGYHRThS9wunw,1912,4
vKc7iUbMttDk5-rx_iZQjg,3048,11
-KTDtyU4PGfFZ4Ad1lPk_A,1527,4
WPZcC5KEE356O9XUGezdew,3054,12
9QNcyaVUag4Ce00UEtei7Q,1199,4
J4TQ5rhyimvd2BfBvbrDHQ,1063,3
sIOX6WItLA4RX6_RonXU2g,775,4
ol9K0Ai05lWyOwIxBhg0bw,1301,5
g9Dg_c5Z1RHihu3eSwte7g,2992,4
d6FOw9IftaKzBEBkm6UE-w,2173,33
3_2TAebWA_WP7IWpSGTGlg,2717,21
1TKMF-uZ1c2v6ijMvpIzzA,1081,2
e4M_A3kPN6RwNG9Ffi3Iig,1119,2
a40oVdJuNWNxe3YZhFzwSg,2089,50
X08QT_VzKArcT9mEe2uAmw,2087,16
eOkD6wVbSTy9HVzEuFh8-w,3789,340
h83UPXoQdBRAQo8ZEuNVAw,2130,1
K0qOfT_M-TL2SAU1NWMSEw,1195,4
RLolp4qBJcmi-yXOSRdbGA,2142,2
IYiiBfTlZ_uaIibkXA64SA,2540,1
F48fEwLN2mJLOluUn29srA,3426,3
xC7_-IIcqQ1DUh4yN-7x4Q,2229,5
es8oJdrXpTacNUNZ8A7QZw,1591,1
rLvjN46lcBlMGNKnUM3fZg,2371,24
krz6KPtOMU4Z0cMCGaacCA,3265,1078
aGFMclKiRIzmTcn9G0Bt6g,2025,31
S5fKr1hKbjBB-b8DrT-ZDQ,2878,29
i50A5NfElMMjZoU3CmPOsg,3030,10
V9D5eeUtYRku6-0hizbyww,2367,133
-cMO2YwC5FCsZIFPysOsPg,2568,9
eWTXRrsM-oQaft_JIOTkKw,2180,3
W2CegSakrq4j_gOegMb7Fw,1443,9
u10BYZ2Vf3STajDM4_yXsA,3053,2
jbaflZ6cOjvT7ZNgxL4K7A,3293,7
PgXwO5o8cVjlv4EcwxXikg,2317,13
yJ_SRlTpFOyed_9ZZDNf-g,2249,1
YWVXRTuzljAceO41f7HRkg,1360,31
jOsrLY-iRWSouKZBU-ZlKQ,3238,1
uCbRyrhCF5lDO8bzwPpOHA,846,3
PNd4hj-W377tmL3GuRXd-A,1408,8
YJNVCiO8du1QUEvCD-qh-A,1832,1
qFDN9jKTiLsLT7e005c19g,2674,30
Yupx42L3jGhiplxk634jMg,2820,18
UMJXuLZZgiqy3ETO4O25_g,2113,6
PXw5FvkpjhIpJwrslRlvLg,2360,2
Bf5kIZ2BLkIwlMpNsudKmg,1311,3
3oE7M1tf_AnGVeRYlMDy8A,2222,5
M_D7et6QFzgEQKFY7cQL7w,1405,1
y3p12qtnM0BwXm2h_Qib5A,1350,2
4gDy5GXoGjpIorJmYB6sew,1039,1
qewz6iOGjEziNhXw6YczRQ,3282,92
Y0JOuBXnULjWbATOGW5jTg,1578,3
8HtV4Zb8FZwXYv-dpkCnDw,3736,16
NTm-DOzbQb0ZFCrfM9etCw,2261,7
p-L2k8CwQf3MotvRFm3BVw,2193,3
sLpmmgEk-d75frTK-H3Qxw,1353,28
qYwE84mIJ9lVP51nPQJD1g,1617,7
SPRX_NEG4RF1oThxuywy7w,2869,5
_EyNzuxAnUn2L1xQExIH-A,4530,6
gZ5AEObhqtx-yAR3wyz2Ew,1782,4
ZluKCGLmcNP5wDS2g8hHow,1250,57
WrHCEpls59Uu4XNXNaK7fw,2880,762
WvziqpkMewwGzvO2J4e-Ig,2253,7
FU06mny7ZYnaq0J090kYbg,2478,17
uvC0ejmMnCEi-TmsF7aJew,2454,4
gIdqmVkvxoUSnoyXqcv-kA,1105,2
X0dVX5OPH1tDRZXeJs-yOQ,3872,84
-TLXQfY2lZ6DVWQj4BosxQ,2543,385
7nlNDeg_q8bI_q0tJ1zEpA,1700,21
sEtEuJWqD7dWSYYKLCmi4g,3432,3
yPdPATvZ95l366Pp8nVzLQ,2983,375
6kEY0hRum5u0-zIHz5k1_g,2345,5
AGlvLYhaBpvaTLaugcr9Fg,1233,106
Q482h5aNViTxnDXuf7F8jw,3540,23
32-pF8rNcWvAyQ3tvJEUgQ,2272,19
05h2Nco0eTNBwPSkt3g6Jw,2433,23
Vm3mW0sCvB13QOmZRaSwrQ,2444,210
1v5OiUHZz9DGoJU5F33aKA,565,1
CwZ8pPU9sYuQM6gUF1L5Pg,3861,40
Q6WQbL1YVrV3L0NrdjQUMQ,3392,29
T6vM_JAwlJZWsq32CkZqYw,2845,19
xZ8qew2IZWg4ZtwnOUfllA,1708,10
UUo7JxMbYtWHdNmeehd7IQ,1614,4
fqHovweq-gSQFznfGSitqw,1918,5
BZcj-Ni3HAM0nYU__r6dbw,2563,87
gdMw6duJA7Wk5_f8WDs_GQ,3117,3
8vf9xNC-qTWRcHiIHWJoIg,1759,7
ADukGTgLDyVYGgZV3-XbvQ,4199,52
5oqqEMwc1guutGfqQ_Zf5w,2886,106
8oLsyyTYzSAGV8AnqdU5ew,2723,24
cVghqqpbNIs2bmgWgycosg,1052,1
9-UiZ7DA4ir00Xbq-JDy3A,2302,2
Vwsw0OnsxOTAfRNrvBLvDw,2795,2
GYkWg6Jwn881Y9tWQkENCQ,2547,12
1LkkzZ_SlF3BJIhzJX59fw,2879,176
OASCAoHsTWBoxMKWiX_RxA,884,2
dLu15HzebbRqe_ov70A46g,2012,54
nmNj9SJt0xhamHcS6ZKUKQ,2495,110
CjFZJeHOzIsz2cN3dj3R5Q,1580,3
mFVquza1UThhCVD70Ohp4g,1613,10
T2ijMotUb7qros_816hucA,3056,16
0WFlEUGN9_VOTeuCy2qGpg,3680,52
Chk7Z1UxoC-Y-Skae9VsKQ,2527,73
cPlXnPo3tWavKJ-0XIdJoQ,3294,5
zZJdICzrc-gLf7ZEH-34Ig,2466,4
8J0GsWxP6S61TIEa9-2kug,1505,17
m5q8ZHyOy57e7ru2NmdSkQ,3147,275
-VTOmZ0A5m4i5cxdeKxSjA,3507,16
mErxRvpioiozq8z_OSFnVA,3087,32
8jFbfw6MUrskrjBao2INLA,2032,2
AxkVueedag4iwmKjBfxNKw,2346,9
6cCSgtPWnDUuHOZwU5XeFQ,3086,99
IOkabhCrEUlssOsz17muoA,2873,1
3JCM30y7zGrsodkQ1UF52Q,2731,9
ieiyc7PjZMvsdld0rTwE9A,1757,5
VPf-237zncDxFRwNgVhlBg,2863,10
f039HfqMODzjlWtwf88dEQ,2710,45
xJjQzaOrufuvKwLuIF6VNA,3366,4
LsU_6qUMeyfsbbURgNJ4_g,972,9
-35xtBSrepGU1XaNRfZtWA,4206,34
9r_v_-gHcrFoxUCiCw8bUQ,1611,4
FEexR3PnEcsVsZL-hsf0Kw,1957,16
3rZYSJNRmE7Qn3KqolRoVg,3087,10
z9z6YOpVUo-26bRQRSz9zQ,2298,15
51Me78-xiKnOcOiSw3lV6A,2389,11
W_UtZqJA7ht0gIzGZiwDLQ,3401,2
FYyVdAQekbNbEC9fot1nIA,1289,10
WTmP50WdTF_8tVJjyF00lg,3125,5
NQ0I-KBYKL7AOJXNJsaJxQ,1774,177
2krISz1nRcf_4vud_l65iw,2756,8
AZR6kjk5i7_49OKytNfXXg,2615,9
NXD68SU-ppavUND22VEqeQ,2841,8
GS1RirAOWxXdcHkOtcXsfA,818,5
10-BfrY9mD-3uynso6kmIg,2034,13
Clg5-xMMudETaYJDASicrw,3079,48
2Y1aSf3h6sjzvS5so85_Rg,1898,3
W6RceTtXscCF9I78naNhwg,1815,5
SFoptNoDQ0q9KsDjAt4lJQ,1824,1
7cqjm3zlRiuVEtwXkYO8tw,2868,43
KMlopuaULxnsBrfOtqNFzQ,1893,5
5ujfaIs8x-5ZF9LLbfZ_JQ,1626,1
MxEmUFtu1bBRJ966Qu5h_g,1152,3
m_6Y-iGaWpKnKcvwtoj0jw,1436,32
cUgGCGZ2hTPhY6lva2MQ_A,3095,164
JweUXCCINBLPg-s-512sBA,1753,16
lziGoI-kawWG0__FVDQuwQ,2991,13
XTvpGltYaoa9bpzYt20vrg,2869,17
b6XYd2-xYtRny3oSbisipw,3054,3
XfDLbJLx0aIgxFMmcF7Ycw,2638,43
l9yTMa6JoN3I6uhFtC_WiQ,3249,4
krrdUed2RB_BCayF2Wk-8g,2257,3
DM3DfFotIE-MmpLcXzII1A,1519,6
GwRZ9jBHvn34HUs0E9aqKQ,3152,4
ghrX_kHkaK9jYHu9TMHKBQ,1361,3
56W0k0YOy_lA68rm3CO5fg,1292,3
pdXVyXQ8MLPdPenN8JSZ3A,1982,111
q8rq8eTTCb9UmU9szGM0IQ,2537,10
3ShY2O7kvOKWnP6nA4KzVQ,3215,3
Z4JsVIlLIAVhI_fLtJlBXA,1375,16
B6z7v9j2zR1Kian94gmx9Q,1974,17
GYVf9jesE2TbgTGoJ3SN4w,2710,1
V79KUNwXRmUorjbgmERGNA,2037,6
eJmpTUoHt_GbU-qJRQWDYg,1346,6
8TAhxekVc9rcldmi0S_l1Q,1947,3
6anJ1J1QVicrRWtF4Z1p1A,2853,9
si4ESFGoqzLK78azPWgyew,1268,9
sZYpdFN1zAMOUMZX8kfnOQ,1517,7
b-bswRXsg9IUk5s0VlCZCg,2774,64
CyMzuHsWVJOUDE1LZz0nBQ,2932,4
XEfmDkW7gT7ULD2nVH4pLA,3719,167
aV_A8RFd3ncHz96WfmIVsw,1926,10
6Zye6K55j-kiyYyJ5lvSwg,1740,12
n1KGF6lUbrbfCEeaFQp7xw,2620,29
oEdA7uBPWdQnAJkgC9N-6Q,2214,8
wV-zAB1wYQU-x-akrPwgyA,2714,30
vntkFCDhUBX9dKw7eAUgpQ,2593,12
wLG6gAIg2BJhunV2GpNqNg,2883,2
rSDhFxftoD-mK699X7p7TQ,2858,22
wqq8IU7YEeQAZTMwf5xTMA,1276,3
mr5Sox9UxzT2TpGENFgSBg,1711,137
SmqM3k5EZDWelo2StjY8lg,1447,10
0NTkYuFRRad0Sk9lMZ8LjQ,1593,1
WOWHY72HQXMkFLcE6WpbGQ,3145,21
GYSRtts3xoqgx7Cmfxa4oQ,1591,6
ZqUtUTCRWw9fwCvCXqW9Nw,2189,54
PBIS1RCKqPtX1RnSsAFP5g,2313,4
Y_mfjxqDgEmZzlwqBeRSbA,1376,3
_RMCwffFI3YgqpuvKyKU4g,1365,24
zUShJkyyrn-4WzDClyOSNQ,2844,9
mlXPUsquyaqpgqfRm2b9EQ,2743,5
pit0NQzq_TcrlVgIjW4azg,3194,16
GD5D1GIr3hAdUUaL0mtHLw,2003,7
HqN7CRsqGTh4FSXioAhZ3g,2099,42
7MQY6fdaqJY-cLNLJKBQ4A,3753,12
iJhiOsjwseT9QpuiLDA0LQ,2184,1
P2qNlbtfhjIeOsvF__wUtg,2811,3
XfrEmXy0kQd5u2NuWl88CQ,2588,14
d6IGgjH7aykGhp0cH7OzZA,2978,3
s2o1WsmtwwQ0n0Y8uyEKpA,1820,6
S7ibEjnAMD-K4Sjfc0m4uA,2076,3
5joqvh8f9gRERMi79h83tQ,1281,1
_y327tq8HCujG73Dcrnr5g,1500,3
_YcyPNyNz9_HCFeeiMBEQQ,2733,3
-obiPpt_83Y3aA84qlEgBA,1142,8
aVuQBnJjXNYSWG6K3NZAvw,1876,3
Z_U27sxz4CuqW2kIbhD-6A,1495,5
fyk7JrWNlozJZzcylqsyCw,1890,14
8AavdW2N_ra_eOXke0hGEg,3247,6
zkMBQE9VO2lywWNzZ_ndMQ,3051,13
JWHmTf-riQ3aCixKvo6stA,1508,1
ptKPNpcEnNlNKSJcispkEg,2357,18
a0f1RxdTyqnmO9yUYfofPg,759,1
_RsCOvHUtEPaqOqXCgcWWw,2760,5
l7U07mY9kDug22_XPe55Sw,1707,5
9LetdklTpcKWXAy-mYWCaQ,1915,7
wbkmEjkffcQCsApSPXH__w,1130,22
55vQ6NINFjTQC6df0kr6rg,2439,9
5XuSsEsN_RfLyDz-yVYGOw,1223,4
CpQRM50bmOytDIeaUBPlaA,1920,29
rSe6dSKAX37dL8OcWF8A4Q,1821,4
kLIIo74HGW6xc6JnmdM7dw,1689,7
dvMZhS7x-JQHim-7SYnwfA,1755,6
Lz6VeSPx1vGW1zFQGVoLCg,2252,3
MAcaok0-5iJWngMYoo3IcQ,1460,3
ndyQmD_d4sbaLWAItnMtUg,1511,4
in2xZTnyEuFK7EjS7eP7jQ,3265,50
WU4ANc3v6rzv4ojRlGfeTA,1554,1
I0SAltgYd6lwZt1yIsuapw,1616,45
elmYTM0OplWXT5uZUoKrjw,971,4
fLbXt0UAPVYUuSaWQgw6wg,1584,9
hHYphhRMjxmeBB6GVshUoQ,3060,16
CMGCSYeu1wr4ls3tmzzA6Q,827,1
gqNGFHl-DE-zka34z6Jz4g,1072,1
stiI0Uob68223WrbjyIySw,1003,2
cB7QWJkpk-eBj-OqdC74yA,1075,1
APBmVrm7jkU4x4TqIOnoxA,2501,4
gyBK_iZYpRTnlQTCjH_1OA,715,4
_HDf073sVH1uEYwzb-TnQQ,1602,5
d4gPpqhnePuZGLX09tGIDw,2114,2
3l56wwJ3ZHw5DFJbJZHh-A,1671,5
2vfWvm2VzD3jELH2RyP-aw,1251,2
GmLhsP_sekWEt1icPsLPIQ,2022,4
AMOQdQtfGisU9aNfk7s2Sg,2437,9
WhzOkmPfjtTYow-UmmH7_A,2256,4
6tUqdj2yS2jadl1VmsaQ5g,525,1
cNEu6xYNmbQUnomcA8S1jg,1460,34
dzextuMkdxyH42TZH1-2Og,1774,20
x2kiLKZCwEP4Zzm1CxWrOg,1362,4
ZCKDtlxVqGYOpvJ7tYyhaQ,2605,7
3zyyw-xv85WuGBhZHkCMmw,1641,3
si4cu5KA-Oddu7tWSgBzJg,1640,2
QpaJTFkDNKYRrkdMO0whIQ,2648,5
SpRYPxXZtgZ9mNVUr9VSMA,2898,4
yO9zrTDDhKOi0D7wOdv_fA,1612,6
nFSW6cNTbxYAKL4GceVeAQ,779,1
IOYiSg7ZMLYjNXOgGY_HbA,1958,2
YoCa2OFEEB0Av_ZiIQAL_Q,1521,16
RSJzZohTaZXaxSfXA627TA,666,6
aNjl6hhK0mgwOj7iXpNtgw,1060,1
y6p2nd5cGberywW-xo7Orw,1936,5
hpb0TCdUFTmgJrVYbbaPAw,2819,8
XMQEtvikb3P-Qr8Yk_L3fA,1361,3
VwuktJ_dxHZwZKb-xNpe0A,3037,1
61cKGmAUNDNOtAdb-KUGAQ,2285,1
G7e48ApaL2ANMJ4XJ9tzjg,1185,1
Qok594q6j_o-5Gq4HvedRA,617,2
gcQVeOy2wdbZg56On6vsww,2271,10
xa_kWrpAsA1u84Ml1aH5Zg,945,2
zAg-ni4a-PbQRvEADAUVHw,1542,5
xkka5Ae3X3fjLRL1nOq1cw,2004,8
rgIWurVesI-rcVCUjJwgaA,1645,2
gXFTI-o_X5gzezBDieeCiw,688,1
AiCBK-zGK9uRxH7mZjaySA,1371,1
5JvP5irmhZAO0AxKz-IKXw,3516,2
8evIubb9QZucM1hiYYRdHg,1731,2
NAlO--U3ezhMO4l36YMudA,1647,8
Q8eb4avjStmuWj6VvuzBnw,1540,5
WQg5LWwqcS9VsJe-CWJi9Q,1950,3
grSZCpMjEW9Ibt6z8NIw6Q,1620,10
pfHOWL8E9ismdguJqAa5QA,1624,8
OBfptUZChmjIvz11md2cUQ,1431,2
fGyzPhfx4M2fzwOv5nJapw,2978,2
THRwRsfPWREHJjPG7IAHew,2252,8
KfO-y38r5Z6_-8KILyZuQw,1204,9
SyVQ7qb__DQTq0yALLcCTw,2206,2
NoXAYvFtPhrGw9OATLZuRA,2094,8
ziZKS-3us97tzKi6VDs1ww,2086,9
YIs7MZMbaMicJegoB49R5g,841,6
Jugv_BPZndLTYlP6XMU1zw,2639,3
rNy8bS5ViyS6REHARswmzg,1877,28
28YMHGdnOLYxJOySeMGaow,1270,3
f-wc8RlUxlvpfDUaDk9IPg,2103,1
fYquPhAv2OxwzySzhSBumQ,1119,2
J5xBIfTVm_mkKRn3fzWkyg,1908,7
16fVnwoyJ28Fd1-MHegPmQ,1070,9
k5OMQKjTBmvPiAVIWv7zbA,2370,5
1dX2A69T2LkGnOD1H3DkRQ,1178,3
vHtBBqTbVUKKWOlX_HMDpw,1372,4
Gd_EqrOg73oDLbtyq09GkA,2208,4
rg2rXsWNkcN8glTYXsJhOw,2040,1
omzih7v6kz-MaJ9CbvvwSg,1188,1
M6LZ1A6eDopVwaPkh0_7KQ,2549,3
b3BgFW0tEzcx-yo7XxTkpg,1267,8
v8k20Z-epksr6iEUXhnjZQ,1066,10
FbGfVVgLD8lzCfOD1yVjKg,1817,1
UPw1J35aPNPYk59TiSeUmA,1449,1
F0_LPYDU9g9tYMxt_RRPWA,1043,4
rsW0PezEkQIF6LEAJlU7ew,2596,4
QtrUH3bpjHbKSK-b3_iRDQ,1739,1
vT2cQkDEJ_fOOd97H3uzug,2737,2
FwA84rHbvESlbbDggYuuzQ,1959,9
5kTCafP281eRxi49P-hCjQ,2162,4
hZ4aWLGOmBc8ylaK05qaNg,2752,5
7D0eUbqMRdP3uDNJwaeAhg,2019,3
b8SThp6oMO0pmlKTDr9Kvg,1675,5
NqULPrkKaoOND5OLutPSEQ,1899,7
J2gQzi6Pqy_LKb6O3oubAQ,1886,10
ReJuqwpY3QhvDrOFKCTNsQ,2777,5
53czPTegBYk7lyeIzI2Gow,3237,28
wfoO59EuM4X6TAh6L3ZrkQ,2837,5
hkrvBfkiTTVeBOqfZbnKkQ,2554,11
XmlpNrmj6jo8xTRAXa670g,1952,2
0lquBlQ36yWIFwiDlPw4lA,2413,5
dor-KdfYc0FYAeWceDnjcA,2718,3
WfiKf8rlaksKUZbsa4kX2Q,1632,86
C4Qrxc2Qf2H3pUo7VlE6Aw,3145,7
2FvLETSSBOTsyuQmAsQrxQ,1280,108
ILOCl_PJXk_DE1enPkvL8Q,2997,61
54wFAWXdrJ8ppF8vDSQXAA,2242,2
jcjJQgR6VTA8ojwpFEncSw,1801,33
8ctQ2eXaOuq65ohi9G6p1g,2735,4
nJsGzjSzu8vaUPunFCgX1Q,1931,187
kQu66t-5HmbyNuRfF-lVyw,1310,7
1Eq7XYoysWWBjxVRfMCuXg,1137,4
zTXLrkFzpBmZ3OwCwutEtQ,3740,102
Z20nnbZTLbK55B_MlX8BMg,1926,5
HwFzobuFGeWC2MQ2C6cEpA,3943,80
WWgkYna9Ggo3wWv8jFwwqA,3126,38
_3zxV24BtEywZJHIUx4AHg,1569,15
hb6AOwkVyvtu8bPu7TFAaw,2367,57
dntOwTAWG_Y6QSP-aT8ouQ,2566,14
EHEBTG9NS6yMmmQLeF9o5Q,3363,151
Q-ykgc13jHPrQxlnw-ezDQ,1198,5
N7T5THIHRQKWXiG_B5epPw,2001,29
h4qVd4rVZzRaHkaPWK7r1w,3374,106
UIE3352cgGD_hOweEo1mIQ,3277,30
VoSVp1TB7CzwqADYZwVWOA,2797,3
_ZoGU7nCKVgrpe_R8CF3Ug,1520,7
xfqLZGbLAVNab_bI3LRpug,2918,10
PUGTgcIIwL0Xnnjj6xh5wA,2789,99
0MwshjMokBvektWcjaYTrw,2495,14
Y-ivlRBvMYOBKreWjFv9bQ,953,4
kqg2cL9Q3HeEPRX_5c2jPA,1934,11
ePEhGXg0l5nR_XNyKnbdhA,2293,9
cztvF2q4qzqHRRxOnnRfBw,2864,14
3LtUgVTLMJm-Cnl7Oc0Sbw,1778,3
OdZtgY2OyFg3Y-XIAAp_sQ,3244,21
4GjgVLv86XSLjg8xgxkASg,2703,5
SbdPAMSFczxj9USeV_zYsA,2308,292
fwdJ5dqsB4nsVDzR6x9h6Q,2873,6
Cs45TuiLDA4XOtL4r5NGQQ,3819,30
JgKGTHI69xoJUTQbx5iSOQ,2042,4
82b9RZmDxsZXAqCx5ctalg,1967,5
5AHBGQCH4yvkQizOsx4lQg,729,12
t0P-xAmCBOvK8aVAujGdCA,2336,17
os2ThFehfBxMCGazDObj2g,1390,4
yCC_BxfjgEKderuM0OEuYQ,2705,46
Vm6fuToRPTk-Xc7sljz_yw,1815,2
wbbEvFLuLC1p_hevY08X4w,1309,11
AaTdioDYRtE0v_biQWnYkw,1844,7
IKXPjQ7OqWCqMFEPtb8lrA,1177,7
EO91IrYZSGCpydzAUTGw4A,2285,10
bXZmj89hXLYb1y8O7d-0sQ,3760,58
4FSylMzSZWnuAXZY8E_oqQ,731,2
Fck-5c82SnJ94DqP020iHw,3306,32
s85yPKahlSxz-DD0p0SEFQ,3158,3
A90Owgzdh9kfBSV6rjnMMA,1929,2
E_OLS--mcEgGbWOuljytiA,2018,1
jLCc-grOWX0h8nmGD6QXFg,2287,9
2sw7sJNCiXn-9rOBelx70Q,4005,149
fZ46o1TFFUvDm7alUcmYMQ,1867,8
dPuS3Q5n-6RzVevA9JaM-Q,3197,109
n1RAg2CvoEGFIZANlBBY-w,804,155
8QAp_mmizdwLtizEjWMcDw,1870,35
IG6KP7WSvRwX6d7F7Z8oCw,1672,2
9752WlIuWpSO1hDKD_pVNA,715,4
uFMbmo-lZsw_9OUYKIemAg,1570,10
QGVY_gNEDO06EsUOUEo70g,1996,13
6PL38uc1SmdQBr4LYBWA0A,2196,3
h47AiQFKslzb-lddoKk3kw,1173,1
6lsiZm7rLBi8kuC2dvNoVA,1577,5
8YZossqXTCQSROWpgHBn4g,1018,4
DpNwjw3lg5Kz7fvqgng5yw,1618,2
R_4_Qb6fWInx5mt7wGs3qw,1589,1
boboIv_NbaWXBMcxU1p84Q,2466,6
ZSMCw9H86F36-ux57OTWhA,2057,3
dwbB12qfkFKE62zCNCNtsA,1012,6
mJQZpATtJlz5huIvXypNaw,2400,2
RBHL9GKUOU-JwbZMAuh4FA,2009,12
IZNRza7nHP5g-iALhH14Mw,1620,20
OaqbNJo6wBVikflEqL6ZGQ,2547,8
W9HFjhfDsDs-dv-vsgYn5g,1884,6
A-0lViC4CnLb6-j63SQfPw,1477,3
Ocu8TUOFYeJaRUnF7fj7lw,1983,2
3_fV45ssqTJi_K1e-Nv_Iw,3210,5
9ROo4u46cWLD8gqcmvXSZQ,2284,5
AyFEAX9aZwWL3dnC6lgpKg,1335,5
QrN7AqK0IIGxWPGs3W5_8w,1036,4
_XbEA4BCCAK6ALCtjQqcNQ,756,1
lg8uPZAgNduH5L8q-djyZQ,1150,2
LLevg6kVBsfEi-3jl3CYJQ,1973,17
IipANauztNLegVLBhTskUQ,980,7
prsicNRkXYRRm8EP93Ytdg,1630,11
Exue8Tno8rwF7eWqxr5_8g,3650,278
qJAvewEiuo-cIzlH8movnQ,2817,73
Luups34-fRl3yye048XPNQ,1270,2
G90lJmRyVIAza2IF82nvzQ,1440,4
3R0ulhNBFr3n8QDhki4H8g,937,2
0GcTd9WJgGPKtZ17f1jaqg,2034,1
gkpmZw1uIkBUBED9KNt1Nw,3276,11
vFGwcIb5ivhTDaQRW1DYyw,2185,8
dwgJPP1Fa0D0HnqJ_zgNpQ,2962,4
90tDcs6Bj2to-344Ia5oZA,2394,3
qnoMRV4Hl5GEVBBkca7njQ,2888,43
lM0KbMLUsv4rwtuRnH8P0Q,1056,1
rCc0cQ49AAvhty54rXs2VA,2194,13
OtUEpZ9RpRMRZNr1ayDCIQ,955,1
EDKcqFYu8KQ8mC8jkOrbCw,1848,3
puUP7otIJotqTI-MCt3xWg,3400,161
fVcuJSdoMpNIleXEgp6-Sw,2138,4
hGeQlBvBMIjEuLU1Lt6DOg,2645,38
BBXGGuqWfOhLQ7NiknuplQ,1663,2
ZoN0JDM_tNglIwhcU-saAA,2966,15
s-7vxVHZLnvjHh7czMHJiA,2554,2
rPrelYyB0JgeI1CmxqFvIA,2561,5
2BheMPnW6IoCSzNz3uAcig,2523,3
GMa_AMQ9iamAR1hZREJRzA,2776,2
ZsA67NVjlLCUHzqix10wUg,1382,2
DBjAdWmOmDN1GNVjFKvNPA,2685,7
wFXu3bZCSH6AdVsoSaELoA,1258,7
tQI6XwBJS5MvOVD_Z4-yFA,1228,5
ai9RNdgAMB6DLQMjg2kr4w,1347,1
1sVkhTooNr_YnOfX637bDA,2104,1
uQUXsfqdx25MLvx8MI_BoQ,2863,3
0Gs7V6j0l4Y6WFS854R76w,2731,1
hXoXxIUwY2bawB99sPeIPg,922,5
xuSMJflTGbo-jHN8VSjxBg,2545,15
hOTApEh6skRLReKjrtFjIQ,2776,7
9sKejh-UNckv2QKCM66Wgw,2679,2
LNyPqyt3Zie5W4fwGCvM6g,2134,3
1U1Co0aDXVMbwUnVxewjAw,1346,53
eQ-H0077rP1EFJ5onugdTQ,2544,14
NijUU0epRUuG09GJv0hqHw,3188,1
sv2Za5RaJCSebbbl3KgiTw,2663,11
H8Zj-veRmyHeD50TSNcu3A,1007,4
P89J061tNsN3-cPewKl_AA,4326,66
oJvUwicwqBeDeazWnUiNWQ,3483,81
BTqYUjjYSCGuKgN_qb4Yhw,1624,2
ab4Gk7OPDsng7vXdpFVo7w,1602,3
s93SI8HqyjJ-h6W_fO0fKw,1467,1
VRCCZmrCtyAn128zWaXMhg,1860,3
248CqQWtUbF3YRdNFtnvog,1604,2
wli6rimAcQ0Ws89jyYaVhA,2228,9
j7h_iTzNeFRqSDI27n3Aqg,2147,3
GmOuuHg4OYLVAefB9e0r6w,2685,6
fsYPEz2qvisNusawTStXXQ,2099,12
pgsxRpY_JsVC9lUWOmTGiw,1186,1
OiwmDrWEIGKoLoQR_N2fmg,1183,1
ez20KHSuXvB-EZ4k3BUuOw,2016,30
r1kW9dsJliZ9BZvcTQHeQQ,1942,11
we1NBOAaUzvwFbp5H4PcPw,2507,4
hpsSzoiNy8bb_fnG9I0vxQ,2440,1
72uAj9rrymjquizZEWt5AA,2530,12
MMB30rRLs9jgQThNLRJNYw,2912,19
ofSwAoXnEzr1by2wWK_9oA,2193,2
HwZZKieHAo0RzY4Zz9mpig,2675,2
0T2yQymYn4Oa0bUqQ0yPaw,2531,17
ONvu-VYRjZQl0T3B5UiM0A,1357,18
ksQhp5yQnze6mSdcXB1WSw,3096,4
4FY8_RPUxX06ZYipdXJu_w,2558,3
6OKdGFIUiQ5MZysw9Sudhw,2563,6
GvSUxxIgkZb59LGVyAjgTw,2370,1
whrRiC6fbw6iDNIkUM9Zeg,3121,21
EVbKfyENZow_fWoOhs9WcQ,1992,4
ulB_IiKg8K9dPqJC9S6Vhg,2249,17
0SXSGOks1fmN5jeQ6AHg8g,1829,3
tS4E4w58Bt9O0xG1S4WV5w,1325,8
_RxDTujdMAl1iD4CoRhcdQ,737,8
vRRmKGv8BaNOq1TQCL9UKg,1739,204
Fb3F5qf2DrcTnzrydY7TOw,3533,74
NqDGf9V9yMuVkwdiFJc9Ww,1563,3
9R54p-NCIs4OkQaUoqx0Zw,3469,18
AViHcvYKz_44sjo-eVh3Jg,651,2
Ai2co79NYVA907lE3DkCgA,2569,129
v_QM5ErK7xc9jSq29UBQuw,3416,12
uClSgFkL4-h4mVsnKGqlDA,3955,9
yj_Sd3peO1n3L-q8yyd3ZA,3095,10
4OVyj0HfMsw-Jd-hwiJNmQ,1462,6
b2kw6Ah8Z0dmaYKguYoMvw,2380,17
rvLuyAHzAHqDWSahOw5sHg,3201,27
6ldDhQsX3C_aXDBZ9xlT1A,1368,2
oxkQy6RGM-9tIPZbYk5gbw,1504,5
aLQ61cx-yJ1MqU1es4RqVg,1190,15
pCj5vFO-uMv1O_qyIWUrBw,1662,8
hngkIY_qYn0IBgIpFjigZA,1736,68
8Q-J_K2ilyNcQBIGY9-jbQ,3113,75
UxHMQ8Lg_g8kk9Q5IAWuGA,977,6
w5eJ0K3XXZaIKAdUkGb1eA,3533,34
Ko3qIt6t-7Sb6SDVs0XxPQ,3402,56
qEHLQgRhe0gOdHvdIWLSIA,1328,4
XD90MBVmZCK7j1DojHrEXg,2550,2
ZMGCRvb8TRE4N7FBooo-3g,2057,2
J-J-GDxwfkWIt6kgPfOlMQ,1637,6
tcRiszdMXyiXv1fOWR0lTA,761,4
PPDAxbe6ejApA5vvwmGBZw,2734,2
6hu7ETa6PsSw7245Mce_zQ,2044,5
CQgQO6AzGrBlARtoRVyirA,2090,27
hubD7j8yxJ3LP8VrrP0H3Q,954,1
aujkcCUUYa4kcqPlHEIB2Q,792,1
4SsBXaA6yOiyw78iLdlMoA,2062,2
W-9sGSp5dTiFLLFg5MSm8g,2376,45
e4CL4rUo8qwiIfWWRKsrNg,2479,112
ZrgqNJOHY07focYSAaMgPQ,3357,106
IKWgShzVhlcjgUEE412IbA,1040,3
T_LM6k_GLWbCZit5S9T6Vg,2645,2
5TTMDwasiXXA29SJP1d0-g,2386,98
GklCdN3ZVPcABecBWw-RlA,2808,2
h_E_MgHj4Zm_glj-WCJiGw,1054,7
yxc0vZnyCgayZSAhf1v_-Q,2880,29
7dA7fYQ1n6Jjl8q2EbabDQ,2135,10
VdsbuuVwF_GgNvOIfXI4tQ,1671,2
Ixr1eaYa64Mffb-nBjOOug,2748,12
sfk9ppEhl16UirYDqaJw6Q,2166,16
sg5HDCW3sxRZR07dN5r0uQ,1463,5
c7YDyGF5gNNn94qi1B7rVw,1675,6
QXW5bzKGgiJHItBjE9-A7A,1664,2
NMytjlrQZzcgaK4b6snldA,1343,2
-YQN4HnuRDEUfPxqVaU2pg,2641,8
nBwQz6UHrHzFbyqtZAwICg,1550,6
-5fuQrZnBtzcY_NsnpFfMA,2576,1
I5hrSwxkzOr6fiSrC2dUqQ,2181,7
4r8AMy9casua0bwraN0v2g,3594,50
lG5kfxnBzjIhRyWvHoxSaQ,2664,7
xBLEDdfaZ5XehZGRNdduJQ,4204,306
mLvxiYhoUTOMnslmFHl4Qg,1562,1
RRC0i3Q3jeZ2O6c9zkXzkw,1800,4
yN8T0UY6-G8tHEDTCqOXmg,2610,22
ET8KJ4oVNw-wAsGr89OylQ,1256,18
mKrN1RWhpmgLSbXNUFVpzA,3557,585
t42-6-hcaszgUGMK_KnVtw,2421,5
FcnmhZ4s0lP7-LpULq3CJw,2741,347
msFN_tVd06Afaxz56YMkrQ,2066,7
j_pNf9UPXHL505Icnpf4CA,1375,1
ToYcLIIZTf_nOkUnixi_9g,2805,28
KRF-yttpXqbhQtm8zyFxKA,2600,5
Ex-FphjZL-yv2yQ-NCAfLg,1985,9
b00JrVkepqdox1vkWXj2xA,3906,62
JR31dHCwBovVdIogM8Dkrg,3523,179
VOaVLMwPAVUCEJsrXaSwBg,1990,13
n7k5EEK3RZm0GzR7Ic-Xwg,1707,6
6D945Nefefupp7U3ofH1Tw,842,1
YkRfpvMOj7F8gMD7-XX8fg,2024,3
MfpN7hkv6GGNCpMGkg7vUg,2789,9
k-XCM5aqYoZ3Bo-CBkH6VQ,2698,21
BqiMBLUH7Ia1a_xskYUsgQ,3608,73
xnU-69TfWESbOApDXJbdag,2959,44
AdAoaP6TtGNz73zoOQMB6w,2677,24
uFvumu7ZL3MWvt5-t0o11w,3296,194
Nwo1kIJv3-8fB5bSuK7MGA,3116,7
G8gLuuQazniIgSFG_dKmGA,2838,2
YVfIsgZc5hrvqhvnHkDt0Q,1387,5
g3NnFZuRfbJtlgmDwSFGjw,2127,9
dS1NBTu4-LLqqho08NmaiA,2039,67
rNlZQvNuB2MUA6IE2GdnwA,2844,8
PLqOFXiSIt_9R7MqQDyztw,4129,35
FRKqZwXnJqPSdtGW-7nwpw,760,1
zMZdQtOXKSiH1ouA2bL_Ew,3099,2
C_wbC-js00JQ1oSp_DDYew,982,29
u0JVnF9Na8VrU5mdPU7MUg,2088,9
hvorOECjPKx802qAwDpTng,1872,12
_WzeRETAHHa1DTrpHvL_1w,785,7
7RN9fnrkGQ8yf9sdVsYsGQ,1300,16
L3a9jJ6AA3QlJSA5zPhNQA,1260,9
KMt6cDtzwavTfuW2z7ibTQ,2195,97
QMO90odKcDFjtyGmJdkAAQ,2885,65
wcfD6VY0Hl8WUGaisOYx_w,1890,24
JixeBwVEZM9olcHeVql2CA,2650,2
-dvgI3aqo4UkaZutMWIsiA,1491,1
4ugPaV9jel3cQoj2Euwk4g,1427,8
KWelR9jkWL7kvw7qYbuZHA,820,7
gIuFbfBHrfLmt6pNUjbbNA,2544,36
c9fO19FTenvJS0JBGY5x0w,1233,4
zY4dECZTGQP3_4I3e94kRQ,1627,1
JCCJYGWOj2NrJtaOcpw6Qw,860,4
IAfiGera4JA8wzjYDYlO7Q,702,3
xtNvDcO6D2pHZxLMHWzQcA,2013,4
9Jl--Qf7BPc2OtlYgMzOCQ,918,6
oGwfraoF9N6EDifHqGZM7Q,2198,13
1vGkly5BKpaFd2fbBMu5zg,3147,6
w5ixUGaYlTDEitXdj6eGfg,2662,15
VpbhuMOPeZ8DlWSgRxSzFg,1269,2
NrrOwM9QacpWXbDMBbtx-g,1538,6
GO3niEh62VA18hoQ0tAA1w,2782,3
bpiM4JyzMVwZACst1ECjkg,1094,1
1asokPgOTBsFC4n9sbqJOw,1563,128
E6G90YnWAg4abTUBL6C4eQ,3600,135
13cuWsxeHgHQFrPys4I8Gg,1179,2
H9C3Fm9Urcjrf77wxZiX7A,2276,5
9bGPGU6mkV5uE2OXWahdWQ,1212,5
pCXIxv3SEByZtoo2xoNnBA,2652,4
FxLI3yOMCnd6l41nR1KBDg,2525,3
YDighjxuj2Ohx6yfGk9tTA,1004,1
rjDF5XjfkrQBmtyWcxYnsw,3200,33
PpHJ9T1xKoFB-H8sxbdgLw,2528,23
yT_PYS0Wa7URUO2M-ag25g,1032,7
s07_h_LQIBAOgH-2ehc-Vg,1540,5
sgPSx20otKWEkO4o4wYTmw,2874,3
zAW7c4NBEpnTM6oVMs4Kkw,2557,42
CfXOMSk8LPbgj7QBkZ_2eQ,1229,3
6gikh9W1al87nIo9Cz3DLg,1251,15
YmqcVqwIMVZL8Ita_ahqSw,1679,8
W_ZhHUW2DKgegGFUXJR3lQ,1450,5
W_kF0YuEI-WstlhG0_BigQ,838,5
ZO8xZU8Oa-BbcpSeWlA8_w,1745,1
DLYmeWzQFrIZn0a5N5gk5Q,1102,7
_N0-VZetz__oAivUap-SmA,980,2
Vkzukw5bp2RDSTXUGbtLYw,1170,1
w_r7YjiDhXNwp9sa1mQJrg,2600,20
tWNGdzkXv_4-fBOmLaaSug,1934,6
iD-gzfvuqBnYTg452yIpwA,2985,16
2axWRGjdj_6l2hdGrJlJyQ,2674,16
UZ08AUTy1RT0_QtrEBUw9g,2833,124
rH6pSZVjWY552jvnOMOVFg,4639,71
RvWX82SO-FLs_Elkweyrow,2043,133
nhhjsunhtato2YpaCASeMA,1629,69
4crLB2oOOaa4DhmzyRUxrw,3269,88
0_d9NTOEy8sk9fJrFC4qjQ,2210,1
MEQOFlgT-7rmGD_iX4cQQg,2496,3
J0Ct4HxiqGDVnRwoVlPctQ,1213,1
lfOQ04UlwYsstkHqWMylSQ,1878,2
mLdRa4bg4ytq5edoWuz1Hg,3537,41
Wytpma47cdK-aoXPl6Dp1A,2487,18
fC6m-Mi46kEpUp1F8ysL5Q,1403,1
XJ-PsZUp_DGN0R9dMvJgOw,1987,13
knzPZda8oEyWryMMDATqxQ,2047,17
84d-FYcXk-z6h8ANh8OXgw,3413,22
Edvxz5AQ1FP8pLE-20gAtw,1824,6
-bfxyrPveHOWnBpd1MxDhQ,2162,18
StH6WA8Yj3tgsw4eZ9TGYQ,2194,12
KVSXD2GXnytHcMHnGDQSjQ,4032,53
JLFVs5GbtFJrrG5UVW0bOg,2702,6
-uxwDdPBBzrUjQY9uooJiA,3077,87
o-EWMoFEOcwDDuPa4tfncA,4636,24
NSQSY7j3RJ4RY-8SYbMGKA,1475,19
jNSSCPrKhbuoc8WhmhaJTg,994,50
gP8NxODPa193Uy9O0MjAqw,2243,27
zJWplDE8bt08KbMn-P132A,2470,1
AoLTDO3pwktQ9nWJNA2YyQ,1377,6
ZKEAP_Yvu2Cx-rkwAiQKQw,1363,25
giV4pFDmxiT00MMroyA-mQ,2629,6
CQIh0lFW-_Sxo1AVv2SSxA,1944,70
NABmNVNQWl6fz5EWj6fDcg,1154,3
gIMzOVpWnvzLnppsulTxyA,612,2
srHdMjv6Lf6qyv1SJOLR4Q,2103,70
fedVRm_5wzXSaBJzVRN5wA,1523,2
3Ry547Bbwmty208zwp-kzA,2672,4
ZRXWYrXwubKGbxI3BMmU-w,4191,17
fGohBJXpSJPD8L3kAJnaHQ,1025,1
SOnGTQRPumw2XlDyYbNaaA,1122,17
Yf3QvNr9JZMPXaIVlMxXfg,2666,9
4juilcllBvMhR6q4BPgI3w,1262,3
jASryF-O19GURZmsgyvwOA,3498,47
f1FS_9kWG22MMv95XTxshQ,2440,28
lAvUlY-LoAN32881kL65IQ,3429,19
OMVJc0myo1yCkWLueipUGQ,1788,1
Ptki7cFUYZ6GLsfEI3XW_A,2485,12
gJeTvGND9l9Zt3e2VxhmPQ,3154,4
Cj98HW_j_oIfOmbPcCy4Xw,2921,2
jpvMnToAIQtcw-dNi5EUkw,3447,251
XZ_59uUrFZQcYWiGf7SeYQ,1743,5
Fycc1_IPUq-s7beCNtbt9w,2177,2
DxjTw7ORoBJnoEZS5_INaQ,3037,33
ICvKnt-JIySt4OKtTMjEGw,2226,1
Z62HPdxj2c4N8QnFlGF9Cw,1613,1
YopnvlFMmbgLs_1X6Vk5lA,1343,1
Uizg723HHom0oyNrytHQlw,2773,32
BmHa5_W4PKs13Iv_1z0aLg,1711,2
eD9WiwOKnfefPz-GK6LYIQ,1681,1
v6Evtr6V4gUsIe_jHNg84A,1995,9
yHzAMaXIaweXJI4mqWGZpA,1737,10
Tp8x7xR4pMFLlr9SLKagew,2220,27
Fo-OJPgS0ZVScpgJ16GZfA,1286,6
vtcSj9_AjIN_GfFFdYsT-Q,2123,7
5c2lVwjS2kinBbYe8hTllw,1017,1
yFo8EmweKcZ3gUcEPqq6Ig,2775,7
eO3KwlBe8VuvgNs6dTEkVA,742,3
SficOimtY6sMW7LGQmlACg,1380,4
krHMZUmDJ4YKt2fH3AOrWQ,3029,27
FURkT3_APGp7C7JSfSQP9A,3940,28
nq1X0E-DnOQAjV7WpMRGqw,1681,9
KHwEPUffC2kyth9KLrukgQ,1578,5
OMkLbG38fxJc7nsB_BM6ug,1426,5
hkFclpBzBhldR7OlVGH7PA,2545,9
8GgsodKkbIxiLbOmJfWclg,1265,18
0mkSAUECWwwmhUCNt39ahQ,1162,20
kI-3GiYf4iB4v94neI1OKw,1290,1
XLy6vaU679WQ2Ds4aj1bUw,2747,3
KiQ4lhrQ3nygiINZkG62dw,3159,38
jXVDSpmKkMfdogRqucnbUQ,2263,5
nOz6d_yt6rawTCia5kcDkg,2243,6
-qcRaU3EvSC2vWyYh7ws2g,1677,15
O0viKsLIvnqDuX6kd1wIfA,732,1
XF9aTN6zzdIBlAi-4UkUqg,2762,11
x3LBOURLPxV2cDBqPQ8TqA,882,2
MS8Ycd6VxT375HXrbY5APQ,1413,9
Wxdymb0wCGT8ljZzEd10NQ,2369,4
thpyJN4syETExWqVoRmQaA,2352,2
V9NyPTUxMnk3uNvRTOEMjw,1540,1
V14HkEzvuGvlUeWm_ERRpA,2099,24
s-huEKEIAZvAElTq6_Ul7A,2858,10
-jnYH1lV9GIvKB9J7SBhQA,702,2
BhfChjxTLoqhkeOFVbt3tQ,2719,3
fbP3s5ds_rVlH-sK93hZpg,2648,9
rv1mFVfUlmbxMgScm3A6Gg,961,3
6ubD43cMo_oA02WRZ-vRcw,3183,31
zOypLBLXNl9hwsI7QYbSew,2126,16
h7pjqhp0VLEo2z3aXACykw,3202,88
94YID-stAYtsTSKPvWn0xA,2502,3
-sLHxBuxcLZKQtEXMkxM6w,3037,3
qEJ0FabHAUOwv_N-49ET9g,2711,4
_uVQugHRs-2K447PsX3WFQ,2836,105
tLXgdLiL67bQrEofhmfs0g,3139,27
CSXFL9ya1gY3cygUAkm55w,1554,13
suiQP4vkLLglq0AnJGv5KQ,3528,2
gPaSMKIDOwHKaGs3VrH6mA,1426,2
lzgDlQUmDz6uksT-cY3V5A,2328,2
gkVPOIRtE_vWXAELcZhdUA,2595,94
WjKgGcR29Oj8Zc7pAzS-CA,2389,1
VYrDRBoBuKgXeNJ-EiILdg,1541,10
QQlpmI14FIXW6_dUgxVHbw,653,2
VcjbFhwx248asgPokpOEsw,3078,18
f20_W9Paj8lVU2AG2FTpKw,1394,4
7Y2fZzo4Y8AFnez-o7etrA,1771,13
iGU47iQpewx7Em_eBNs3Gg,734,1
Jcc-pqi9vdV_VUVzfWBFEA,2111,2
A8IU9FxUx_2e1lzgOzAsjA,2668,40
RYbsmNkZobVJPmON_ml9Vg,1603,5
mXyWbijEQVJ1AlcChZnYXQ,1686,1
TtTAv3fu8GiYKryQfZU6fA,3308,15
t2o6sCKKTQqxd9pbbJXkSg,2809,37
sx0n9MAej4D2XrwEYhikaA,1564,10
heBtG5P9osE0RgeQr6qoiA,1413,4
oEgXuIvWnGaiptH3Kl05hg,3847,7
TtAUIi-7JvsDKWETJhZ2Kg,1346,1
hDSskc2p0Vh-xX41FWAvKQ,2248,787
eJg7P0RE6Al2imGZGM9oKQ,2751,4
5WPtUTw17tCuAB1YhTPzrw,1886,13
k3ff4_sp4gUQkTytauC7Jg,2849,95
bOKrwZo0ftSrpmuROrPjFg,1453,24
swWIsYkYVbfwod565kpZjA,1814,4
kRmDjybdkhzcXLIOABlrSQ,1567,6
LlL8tqgH5pugZkmkNe5RFg,1645,3
M9CiWV4aoxP-BnOcKGNVdA,608,1
ubhQEzdSH_1S4xHnUwtHDA,1912,16
kkAT4w9ZwulgOmNVge-F_g,1555,1
BMg2oMZMrRS_Ndixgrxmng,997,5
N6W34uQCdiLPYzTlXkAkhw,1527,4
mm9DoQDxezwBPXqvrmlnew,1181,3
DpLsquKdybS2SJKSVvQYEw,2771,4
jb7kmVs41ZKd4sM28EgogA,2453,8
lKxtH5SQtYUlMkFSwM2ASA,2653,5
xgaE5jSGfIsVrajcTdXrBw,3118,28
sCT2LF-U0nNyCOCEYk6JuQ,2129,5
OfBwu5DxrTCkZiHG_XrsrA,3009,30
VrsdMSlF6UkOFn07PAoD1A,1575,3
p-ItIexH2FE-NMMXrFYU0Q,2334,27
-ZPCoXMaRYEt3SNX2IxmgA,2267,6
5QpWwknARX_bTDoEjiu3vw,1904,3
TKkmt6JG-r5soPmlCuLamA,2267,248
J-Nrl3mChc7lAkq4VTHx9A,1183,31
wzXGUPiMKh596tYshAV3Sw,1246,3
hi_CB7hvuJQa-aSiGslzUQ,3558,18
SxgxftXEvYyzC7wMjj2iKQ,988,73
OjIdlfEDos5WHIcT6Peeww,2777,26
GUemWuYgugpFdpvJZSkHxg,769,32
-vrJTCcqq4fZmHY65_w4vw,1063,3
UOH1N52s9odtYo5zHpsy7w,2279,20
Bf56G4AFUfXyihx_fK5T6w,1042,8
4NfwqkMpvcTgTxopoRysOQ,3514,6
Uh5HP9f4mVmZgnC6fnHC0Q,2459,7
O73wUgjStJ5TyEaBshVh0Q,1784,4
NpaAaM2CK_ZhyESMBEOTew,1279,15
mefmMp7koJbgJXai_HMRng,2113,3
OKcqZS_X2S_Wjfvy9QqYQA,3119,152
Y6O3KIEKp2tiob8ojXgPAQ,1502,3
TG8gEE2Lcptb_6_tq8QU7w,1579,1
68rKllRFrCPvIRM-2FrG4w,1303,21
D9lY1fBYLYDBCBS1CxeABQ,2471,4
S0yLkzB9QHC3Q4BpfM_iCw,3979,320
B5knO9ISOdBberDO2OM3ZA,2219,15
bLlSoOpfhvy0RBSyN1GlRQ,1554,1
2w5N7KD3frp5rsTeexW8Qw,2789,10
liy6YLBxHdzYm4PpfRewHQ,2968,101
GgQzvaywbOF1YVCRc_Fj6Q,1505,1
0raGIgN9xN5nIHoShR-OUg,2945,2
uTfAtovuZKCdwj7XHb4zdg,3262,82
XIrY87iCJ1V77dIk9ClIjA,1646,5
W7qOJrQzTTeyANBZd2RreA,2544,2
JC99U5y-KAchZIjBhf_DiQ,3359,983
r3Jx0cQHedSOTv_orV7PUA,2174,142
wA7EVelMMrPKy61KFjBpMw,2175,4
AbbnhINyKBjyZTqGzMHiXw,1869,5
-GPFzI2VVB9YOJ8XFqQJQw,2864,1
EaQ7hz85JUi_HvK7_qg9lA,2079,2
NjqhGpqkTeKCY4dWQo6fxg,3380,3
D8xBKrKq3NpV4FJQWNo5bQ,3041,5
QiSYVWb837AwWQDV9mEnlA,945,3
CH_WjjtnwssaMmkPoJvVlg,2952,118
HjTJ8KbooDGOb_65lLJC3A,2633,77
uh1NT6mVVYWArqR0kCCJpA,1655,1
uJfL1gEsxumzLRLjxLJZoA,2577,17
cNGLIVMl5drcx1Hjbt41qA,2749,4
ztR1y7MkqdRCRwvZzx4_pw,1191,1
kpuZ8J_zoBxwUDf9DGwGEA,2289,6
9c6rtP4DOsWedFkrcCxoEw,1330,1
l8nzDIltqJ56MwFjuOKs6g,1397,2
TPriHEIXVBfhg4qQhvTjDg,632,2
ig1RF75Y0HCrcFmS-tTImg,1529,1
XQF_yCPbSqZw7smKrKf1mw,678,7
up9YH3OEbg7IS--En-CX9g,1152,3
KwIa8PbbBKoMMUnb_os3jQ,2316,73
bXX9aPZjMnG3jdLgoa0RmQ,1245,2
lUEQvzjlF55NCo4OrJRewA,1521,5
upSdY977fZtDibPCGdVTeA,714,2
XwAfdgOIcvLFzI6dX3FkaA,2505,8
5PWMJIng_2Uyfpldw58zaA,2090,4
jyHUtahsPhq1WC_lFNB_bA,1023,1
PWpsIk1fuc00DKysBYzxtA,2995,1
vGLSMGL6ZKiMcsLqQV0ejw,2808,7
454eOqd94l4dGPZtriNGTQ,3894,9
EIR3c_YZ0UTF6kDosmIIxA,1165,1
HXZe9ymrDUpMp3BLZlRYwg,2022,11
6wyL_GYG3Kr52_oPrbMImw,3776,13
1QJ2Yh6JU0-e0MK7p56XdQ,2391,4
Ua_PQ9twCC-ZlBwiYhzkqA,2578,1
MUU6tRxu9OvWx2sjkSlPRQ,1574,6
-vW2Xm7F8_MpmJCiN0YXGA,2874,7
O8jDM7u_i3-As2BLwKmIgA,2449,3
Qc4lbhITtrgfWXHm7UGA_Q,1872,2
x3heWhlzV7XZFT3c7aup6Q,1236,1
qehT3BOilR_OWR3P-G8v6A,1975,5
3NCysSrat8fFsp8oLLHGCQ,4227,26
lSP2Rootg5Gkmz_p4jpRFg,2316,32
tRb2hnE_2ST1SgtDUCa0lw,2626,8
pzmbgSMQTf7XRZgg75SE9A,828,8
YRt1P418LSxBxB-lGQGV-A,1906,1
MhrnIWW8zrnqq2T9eq1Jtg,2457,4
tqq2DeJhrASyvRl4Uml-Xg,1571,4
wowsIp9_KdLjcM88EI0ArA,1045,2
t9mwYppdM0KQD8BLVxnj4Q,3334,6
fwJ3rOd6TBaon0o2tUNtBg,2157,13
Zhbs-DEhClSKDH9qQlbKaw,1834,33
WVmOUNq9NDzUo2AbxiDTYg,2557,5
AVUQICNf64Z-2X-jUMLEWw,2033,6
5buH7-7A9JO5USRYXCNgtA,1248,2
maG_asX2xvBzIj9ShJ8M_w,1775,1
vq8w3LhTiSilxGjJNp4fWA,750,1
6vKHWuf4Hh9t5ViWM2gUxA,1501,3
DhWf01gqpqpsUEQSvYRhow,984,3
aJ5UXyfMwWZ4pSdP7HMyBA,2423,37
ELOc87d1PuvQZ8P8etdycQ,3250,2
KO3mjtugf_k8G3zN8dcsbg,891,3
aPvDkbigst2jE4j_UJFGNw,1922,1
qUxXVOH2UWEIGI0psg8qtg,1717,1
IX7qImBXPbW3myVDLb_AcA,1178,7
ischuic829rJ12eTTo32DQ,562,1
IRPY5hhpdMwgtsYEwFdGeg,1693,4
1cpyabTRtq8ONzsHUxJ-yA,2031,4
Qy7l-01LeA0vwa9ndFU-og,1378,3
D27Nfn1e6LjR0ZPAGZqDuA,2883,8
fC_WqM9H9FbkOoQOfOBvpA,1693,4
rgx8vNOP-pb0N7YrA4j7VA,3131,15
MQfEiJCMxR8PhRQj8qtcag,2034,2
iLc1C9XVRcwQMV2ZHXg_BA,2270,7
2mr3KmbQD3QfQaZg9f7qNw,1734,1
xYc-sjDd-6Jv6lVQa9nJDg,2291,6
yzEtt5fPlK-CAY1V7aQ0rg,2387,4
GVUHmquhb7ndIBmH42EjjA,1659,3
pjDOAQHhTB8lmeEJbQqT_g,1388,3
9wEG6iP53pD2a2TF37O2TA,1089,3
D0KfbQpycQaqQuDPXkFZ7A,1663,10
Y5xzu9PyCCZd_zH2EEGtRQ,1563,12
ltmv76X3z2uoi8wkSXR_uQ,2855,10
wmFYXTZZUG16NVBNa5a-ow,2438,2
ye-JMAAsh9k1ikZBMKwUIw,2681,17
7tWUnN59tvsdO3vci8FXmA,961,8
96LQe8a3liGSUJp0oYftgA,793,19
4y18Et4onS4Ma2-zmUVXbQ,1931,2
d6x7E6lcaSJgiaAQqGS9Zw,1358,4
XXUWb-HlIsdlrqw_1V1xXA,2819,56
YcPn7OWxPvKzlKUEq_YWyQ,2297,5
JUBC8opVHjGMxlbQl-tB8g,1254,4
JX04Yzy4a4uY4nLYehbNNw,1626,3
Qv31NjQoOSTdDeOQZ0to9w,1998,15
rXbVDrcIOHS474WgXdcCSw,3746,5
eKIMUnUCVA9JoZK9-6jVZA,3838,19
8La14S--Nt8kUo6r_l_m6w,4054,147
W3KrgoDV8c4IdkNhmqUgeg,1829,5
hGbyaN6fEeG6lcYiqvE2LA,2033,2
aFqDcBn8SEyFIvtiSsI3EQ,1556,3
jlihkdEYwc5IxHUe0ricsw,2350,6
nGWmiIuRp4w2EtovSCGW2A,929,1
jlrGasRbrCJPR7QsS_UBAw,2546,2
AgSkG4LKJnEZHrf3-IGGLw,1881,6
tgvXaPAtn0RkwK2UTMm-ew,2977,17
A6yXJyCdIrrFDCkwUIyRmA,1155,8
RSYv4_FRoLqtb-gXG0iH_Q,1116,3
LN5fVbF1sdDnOI3wc5_9JQ,3335,3
-_lle4SmhZmht57m81n2HA,1209,1
xGvjJGHELzCYTlkLIoqynQ,1831,20
sjfmkluhAjhUAQQhfhm7Dw,4179,6
TvEjgesvcgVFaQ80InQ5Ng,2096,15
QrHNp5oLoHIsoRdhIFiVQg,2035,8
SBzEhlyUeKGlx8Axg4rqdw,2361,2
X7u8qAlfM7ClzFomBEvIWA,2548,3
by1tN2gLhJ9rk3pBVAV-Mg,739,15
HO_gwlWUbCvDitkCEvMACw,1681,5
-zh3nZ3-yJ1oaJDNFhUz0g,2197,2
GGL0P06WZp0TfxDgBRNx8A,668,2
lR38QRbMf-N3hwEWT1QfnQ,1367,82
UUU0Brcgp0tLkBCdCf3-GA,2218,1
sr4DeGubw3qQonCYHyuuzQ,1742,20
lurVw8WAzlEYLYMm8dOOCw,3122,31
yQJjzHCyasybn9guWJUeNw,2360,3
k4AcDIRIKhwnw2CGxtGVEg,2884,2
6VyT52fJOsmFjkJzakyGSA,876,7
fdpzNeWNGquOggTIARZ5Sg,1613,3
KZXtuLI56JIDAy3TsbbNKA,2528,24
kSsuWzsOexM2Xss8PlF1iA,3603,4
O0kbrj0X9Tk45Rapf4rCtA,1024,43
ulH7DvM9Xeyd0bKiVHzeBg,1976,3
OIy-WtsxXYyuTQBy4FDy6Q,1592,12
GtIP1OQm96HP5BTpyksAdg,3703,24
AhEJBl31sGtpWNNAO9CqUA,2451,30
EhnSzRLm7mJ32lCR2N19eg,2006,28
w-ezwaO3RRivVk2QKpXEnw,1355,6
M049gf6QQvEDzKb-TBn9FQ,3044,58
EWdkhdy_-6pAB7d8Ckicrw,2325,25
tqgyXzuInmCdXGh1HrlsMA,2006,20
JtbMUWOUoS6yeh4VITz60Q,2846,31
9CRqK1hqtMXl0t7rqfwQpw,1397,3
L2KDW5nGQZ3BemLmzOD1VA,723,2
pqYG9GdGcQ6LezGPG7k4QA,1247,1
j0lQ-Vk_J5xGxLw4J2sL6A,1691,2
GFhe_Le6JM0HdwpYfI650Q,2284,4
2WW0cyOil6MpZqv9iltAgg,1251,2
YDe0DJ9zkrKOJtwKb48I0w,2802,2
0pIsZR2jC24KqtvbM53YCg,1709,3
-8vS_Ed15trCyHgb-EL5YA,2097,2
4A9izGT1_dsjzaaP-c7mug,2255,1
RlGhsFyeW4Yd10VunS4e-A,1607,3
lqqOGyNpF19O1xNDTg5L9w,3283,12
YM6Z2255UgCwKKskfIrP_A,2853,376
nZinaFmzOkmw9bAqZ62reQ,2281,19
fxnSKdtsYHhNHdF1JZljJQ,2476,15
TczCsnyz5tViw-WakzvOXA,2851,56
F_AeT58VntEcqRjFtUsKbQ,3967,32
jyOCGNLRa9sXfHR3cC0tCw,1094,14
s7LQyfnol8_X6bYUxpdxJQ,2874,11
wnLChahWj5HobcG73iJnLg,3800,12
FI8bGGpGIOuDXHvvfZyz4g,1256,3
Phit4xjp7xeCNeOvMVcDeQ,1447,2
05TjDZSXJHATGFDKINU3AA,2862,6
PbgPVoMr5DWeh-ID8s_hjg,2583,47
cpnhtHbD0nGhHNKvb4glXA,3014,5
0izo25Y-LC-9dzDte7d8xA,2610,12
jIkoQOqP4JQu4IZLWLAJAg,993,102
s7dKWKMj2Jj3-FHLZ18Sqg,1626,8
06r3ZCauqYZRjx4D_1YRtA,2704,8
3k8aJyylo6OWETc8GPiBww,2472,10
7kWarrv76o2HUQ9SUtVS6w,1450,2
94qaouZ9Km-v-2YNf8AohA,2898,3
Dh9jED5S6z195E25mUt3Kg,1722,17
aW_2oAi__hqF0US1FXOWsA,1627,4
qeNoFjx6EG7lRRybC8W77g,845,2
3fi_MDmPIOl6LjmTt5_RuA,2323,2
YdWn5vW4i4dpFTNZOsb59w,1625,2
NKniRE5FYY1Ag6Fwqd3MTA,1630,3
Rfqlu233CApRkpp6oB6aAw,1684,13
CdRCSrGy8CxJJu0EEKEt8g,1417,3
s0lo3mMgnFQMiWPHrvVumA,3331,5
CBSDGaBWigI2gq0WP2RyYQ,2919,16
e5utm-3rrK4CR0K5Oci6aA,2718,1
k3Ty3Osk4Xv_4ZdIQJgEDA,2691,5
iJea2Gw3GtoYWYOK7mG4AQ,1489,2
eLeRfzFajkVy1MUBw3Ysfg,1879,3
RxJEUU0MIhgmponzq0HnMg,1963,7
pslryjpneg6SJQku8YjGOw,3628,38
BxyzHItGpbb38GqpMlqJcw,1522,5
QfEQn2GwpgezkIQ5I4lAvw,1958,5
rDl7SdYf3IsfCbgADSHgZw,3019,11
bj-XaAdvX20rL8dGhXYj1Q,1767,8
Z9p5eGsUcQq_cVLw2poisA,2299,1
5_k46N_n7B95hf-DTw0yTw,2607,6
buKDkKEucdXSJhoXRTTuMQ,1430,4
-FrXdWR1V9ogdlzW8NGRpw,1599,8
trFeTSDkhjtCEOQh7inq8g,1970,6
VgmvW9fXzE40asydvogwsw,3179,4
Ouv9Nan2VH7357pAT5-zOQ,1542,5
H5rKx-w8wv7DQ20rARViFA,1430,4
gibT6YRasnAJa_xRUAB0KA,2732,8
Rst_jkyDKF6cCZFrXYCJrg,3582,82
8ByzKrpwt3EPj23LXmVILA,2874,2
WkAbT9tSNUPYk7iea7YYJA,1756,9
Gk6IR8Tk-XRrAsfIVffwNA,1675,2
HqoiBDhdex578-zzagOuhg,1899,13
5RaiJzdnX05ThBIimvjgQQ,2678,3
IO-Vc0jRNcGC5CL6cCGgkw,1582,3
Jjb0aLnUSet-_oIE34YFmA,2837,10
gYv5AMnOd6ctOYsDlu_kOw,996,6
0FIvPHc7yBJl6QwTvO0A-A,2752,11
mLJF3A5PwawHNPvgrPkt0w,2061,3
IskguPDaJ5fBPQ1wo4ZcRw,1009,1
MiWfiPtFMQfreCYHjXNgTw,2420,9
GStMWdY3k3oIjnweWPg44Q,2320,9
49QqB7Ri63ly_3S8XRPuyw,2403,3
04xwlutjprotcG7eZiYnog,2473,8
wanubdryzdOwSl2ecJCkPw,1241,6
8zeMiXXFL1O-ARnEHfyXtQ,1154,2
cekprjfdZiJkJ8jz-yi5jg,4009,9
Z_BErhQKAfWSQM6KACy3Pg,2445,3
jajonhLpOmGWLQ9M-4zuBQ,1501,10
pZLWiuOrasgth8Y58JHTNw,2767,4
bEPX_yWDhRsFpzSkFZoDWg,2683,6
DscOBgNvbJlnC5qTIjSCQQ,2439,17
BpcsJjTs0CPGYiIZmBp_Eg,1089,4
evuQZnx-CTCX-EeSV3HUFA,885,3
5D7-9NM-RbJ5tyKPiXjkzw,3393,41
jqwgB-ywirc-J9yjPiVLbw,1892,1
XMP1L_1mbuN-WoI9oZW4vg,2580,3
ipWNhk5Qn4usjxJOuaDf_Q,2661,18
78PXeqG9aYxDLuQqqwmglg,1891,51
gZuiRl2quA-sz2mZAIyMng,1834,9
VhoiLyFAY6Wh9PXTKd9HNQ,3414,2
NFyUjKOb-fmcqFuyKEAcow,3141,175
NJl-MHTEEATYkKYzUUtQNA,2405,35
yDjiGvt0r9V5vVxcEkYceQ,1646,3
iIL0P_1EavbZoA6jIM6r5A,3369,12
ODJJpvgu0USTP9Cf9ed9Ew,3913,66
JMAAxUC53UQuyxQsOKBO1Q,1885,7
J2attNQO3hVWJ5HZZREu2A,3079,2
SmkXxaoZ4_nxvmBO4dKAFA,1713,6
YtWALy_DBT7gOrdlodDLyw,2849,9
Mbg2-TtFAj0hgeEuxo4KmA,2087,45
kV6YTIJCKUNuVdfpf1OJFw,2576,19
d0rHonnTQYDzvOR6tmTwzg,1170,10
h6AqVEZ_m2QbAqm6dgHcOw,2675,6
IsuoEPUluLRq5xAWCQRRuw,1536,5
JVaTEgxgiWSWALu2s6Tw_A,1042,1
F9uH1Eib2Tpx1-FEBdMIcA,1647,1
peePphV7WhISq8_-3XrqEQ,2340,2
W41QDpgbmPQl5dMMjHk5fw,2468,3
iHZiOoRP-HTKsGSlj4SxDg,1248,3
rjW0_zhQhUn1LQBQ5oHWzA,1543,14
ifajLRJQjP-QVp6w8YHdJw,2986,13
Kn4bx4NK4Jpiwyc4MvTb9g,817,4
-Fb3o0B1OkVyX0KB6UzapA,1059,1
zm1ZkdQIYsc8Soh1LhWHhA,1152,33
uUdZOmU9jFjhTMVoH1_7RQ,4155,14
CeSjGsb9dT5XMIZcYVYQiA,1297,1
SNfp_Tgmz3alLYgUeBRmKA,1958,26
MvOGaxn5xduwO2gy0wYpvw,2786,4
J4LPR233xsPBimT-uGpWWA,1957,1
Zm9UVbn-ERMdYT_BEvmG-Q,1716,10
zSmVRQgyvddw6Lj1A9S1xg,3801,4
KuGsGdU76ZJkGnUzsqxP7A,848,3
r9iCs0o3GAASvfMUurcgQQ,812,1
oQoDJpzGvaNoF89q2TCnIA,2129,50
wl8d3ENA38nNe8VXDZggfA,1074,3
Q9imY0GdHss2I7asTPrfzw,2136,1
PHvI2KaU3mW2xbu_x-sFeQ,899,2
ARDVVg7dzOVXIrFc9gfywg,1991,3
xgFdYX0TyeoY2bq7sIyBMw,3192,62
YSpPMucbUD4-T8Enkej1og,961,1
kqnwmoI0TUN9OTJYH8yUzA,3921,29
4bVNp8dGyzQLi9FLPiF-Nw,2940,9
cTqi12hJVX55AbJc4c6a2A,1107,4
rp_s30ZXB8nQob8do9GiKQ,3666,10
aWvbBdTa2fstHYlsGwh8DQ,1291,4
TZ8dOQBaB9LXbFusEq-0WQ,2587,4
GSva0yOvKmPcmGKoLOy_Cg,1816,7
20FvobZrJi9VPCtDDnj1-w,2815,14
jZAleDgorDl8pE8k4CajxQ,1082,5
NJ4jaqOfSXkL7SqbXVNr8w,1370,3
K7839rDiWGeWs0agmxdikw,2367,10
02j4-D-i5BtnhKPAGjIRKA,797,2
BxOLklwFwoyOzBw0MrGGSQ,2039,4
JrBZyNY7QRXFcSCgzm7bJA,2985,2
dfYsGO6LpbMjE-LN89rkVA,2678,2
-UDgnR1kS_JePAi8tCrVGw,2752,3
5_8pIKF7A1JtLyvYiDzTaw,2777,21
fw4mNvTHMtYO2oHirV-fEQ,951,1
wlbJSTqDReqAVClXZzP_DA,673,11
WuQOzhJadQeY_7LiwisZTA,2473,3
_jJcuEJZWyr7hA1hxQr48w,1351,3
Bs34xvX5wea_9emCPiNxAQ,996,2
AOcdVIMQgJ5rBIX6107WPg,3362,9
Wj-kREyYAQ_lckXG77efmg,2257,2
M-XXZQ20E9Kiy3oaSr-eaA,2319,1
QPDHI-968llSxqQPyU6N_w,3345,34
Q5ObJf7c2zDsw7Y4qGWPXw,2438,3
JOwCZ57pzNBsT0WVfPUilQ,602,1
mXAsjRYn2-sOWeRf_22DEA,1164,4
0x675mB4Bpe5CRWPCJT6uQ,2138,4
LByYAKzR5aZdArpKth8NTg,2338,1
a4tRhx1tMDeIK8YaBjkg_w,1390,1
Qet20WIxDPeFs8a1D5RHGw,3109,6
cNNNAUT2cwTY6pCgRolipg,1801,11
WxvxEFV9zDx-ctXsam5yEg,1947,3
tMQ60gMglWtKmg7Ypaw0Lg,2290,15
JXjg-W6-5pXQGRECRpoOOw,994,4
0OuXGYx0htx25rKTavDo9Q,2748,4
6XmaVoRVl4C5gr2xG_1gYA,954,3
NkFyI5HU0HdMh6MDuZgy8A,2429,1
grLPP_5KVbUWKcP6LZaFkA,1235,19
a2SeAQWwduCEljiCVi_o4Q,937,11
YYizjfjw3Fqqo_EAJAzVvQ,2096,2
EG2u2asxplYW0khvRd0kuA,1536,1
nGCYfj62dyh-9mjkOppxeg,1129,3
2N8co1colQKYhhdRL214jw,1562,2
Iim5czMtGKgvKAB7e9uNcg,2162,3
Q1FJTCgCb3gykjDJ3pEnqA,2186,4
CF6kVX45KQhwFe54f1ycQg,2606,2
SZzbkeiv08qzh-_oazY0-A,2530,3
bmm-yDLFcBeKYB77p5gRkw,2197,17
vOgPFtLov3R96mDnc1eegw,2453,25
hTdfCeeOLdGWrRP2iEFKxQ,2676,14
c8Xc9isDJa5Y2MMjVvHO0w,1865,7
g4HiP1G-ME-x09_mkyF_Tw,1812,4
0G3adqcuNWoqcwjK8PxmGw,2151,8
a-v1hNo5Zqu56CG6lGvHBA,1279,8
qeosxuy2Z19s5KvYjLGvWA,2332,6
_UFoQQIeKEX9tf6-50rXfQ,1424,1
FqN55ZwAgaHES5-ey2JAcQ,1787,7
m8phjmcMVWMv6v2l8SYydA,939,1
KI94aNFhaNSI-MYkWMS1sA,2715,4
HwM_NxJGHkRnc_f6JXDcgA,1409,7
H4-xqb_WfTBjqFWe0ccbtw,1155,1
BdwiPcAv_53OkVy-dDGjmg,1535,2
vLegbLJ395ezWReXz65RTg,1761,12
GMzKo4IXF1GAG97EH4iQJA,1346,2
bWBn-jEXkT-q6JaSTIMeGw,1957,14
uNBBZtyLTqo8zTt8tOXJNA,1108,2
Yb60KMyCnPEpzlH1mFeS7A,679,1
ByEfWCbNHeIcdwbM392XOg,2171,1
U9X_HUOATvCpbsUp9nbk6A,1772,8
k3vIvaXpnCLMrpDthrtbrw,1326,9
vbDEaREIIX4PrfhTIW2t-A,2482,73
WGUEGeHDbdqmL-_gZ-QouQ,1561,1
1sPq-8V0a674fSJ0pgNt4w,1429,2
nfIBrLEHd-oPQNmV7cDPgw,1161,9
XtHIfNyqqN39Tof94qMrLA,2872,4
o3qd0lpovq-8OhUO7t2sIA,3939,8
n1dDZfXcqw2A3iNwU5xlzg,2592,314
Y5UltM9tVVrfKVrOkJfwQg,2642,71
voCPpGjrPccF8j9_31SmRw,3634,76
GIqpUqo6Q4OPRH1oU1js9w,2645,7
9Qpx-IetVs5u6nuLolli3A,3197,19
SlaGCrPPKQADYMJdy4aXqA,2581,49
I2u0m5OMS-OF1Fi_zU2Spg,3519,1
2DayLTXqCF5wOTG-Nah4EQ,3486,44
HTvta2MtqnJGhKrqAhCDsQ,3416,2
-NQ4M4bsk5KXBRz8Gtwl4Q,583,1
oP8H_bXyUbD7DjWWQyGoow,2635,7
4i5Tq9a1x6gvWuyy58_CdQ,1069,2
92z6pf1xCsi7fULtyT66KQ,2013,4
ah8PlBFA8sByyqR85NoxbQ,2324,6
F3iHPF4RRL05CyY4uY0zLg,2902,3
L7HKC3ZogrJpQoIwbzp5Nw,1949,14
FqowZYAcnVO8RWNPynAJZA,1280,1
VW1Dq30tLI6a8qZ03Zyuqw,2007,4
IhpHlV02R85CJ7S1HIo5bw,1055,2
BJIzO8wJjn4pDw1HvL6CMw,3132,2
89nOyubrnToKIAlWnNzw3Q,1303,4
4AgxpB78wriCyTdrmATY8w,1178,5
VSWkOSbJtYCT9fTKpBGyUg,1517,3
nnevN2T3v2pMdA4o8fbALg,2943,61
Hd167gnbVNudaxKOYTF3aw,1786,3
-Ui-HAMfctV1I2iWnXLTUw,1041,5
coKHCkXfiHJJ6Dn0JdIDiA,1349,3
v9HRa2abUrT3C7Ba5ahqGg,551,1
cG2BZ4WCORKDg3JepexI4A,3088,62
HydGa6bZq-YL5V5USAyepQ,2232,4
rP2wZCD-DnyxD1a5lkeAUA,2757,26
c4gOxXUup6PO5VwYuYbzGQ,2890,69
tn5T3mNseBjq6GmIO8nKDg,660,3
53ploAmqItR8pYLwN-FC3w,1563,5
Mrjv36He6wEFYOnwtNe7ww,2719,88
gPqjMev_Oe1Gs-YrF1K4RA,2341,1
ZeiLv41XNDZYjEIrmNSvhw,3386,16
R5usoAP87jKuaWtOZ4lC-g,2934,31
YzwOaSDokxrH7EBjFPvvaA,2052,12
vUXPpkEvLIhud320D-iTqw,2880,24
OL4V1RtykuK2zunXJUm9HQ,3241,8
9BYh9ZIVQKTxO3T9dNuKdA,3185,3
7Givk9jdC6MXN4tGoi8Plw,1196,4
PAQyPILZUUCdfK-fYlIy1w,1760,1
j-WhqJOBxo1H2RxBgT6Q2g,1429,7
okYVPanGgF1HOs0sygk1xA,2993,3
w47-hp2gl61Fb5CoCe6bsQ,2749,4
hH16nHGVT5maChTktGedsw,1606,3
Fy_siPFczdJjCnddYtnmlw,3280,26
fSoLGmS8oCVdrAEUo6sbRg,2117,5
1n_2YybSRsKz6jrBESaVGQ,2366,78
GDDkpndTMzXt9SG3MXvq6Q,1690,3
1qYWE4ZVULX4xy3qy65Bng,2550,14
g9xzydOIE2taWeicawrZyQ,3561,3
gA4S3WpZ6tdO2OK-6eBHeg,3364,3
pnYhMRz41GC8umORneh28Q,2670,3
_WTuLIqtuDYIWy6D8HVyQA,1584,12
r28ysh-F0sa2TEUjF0sV_A,2633,2
3_gu2q8XK-TZYXP9B6mrag,3016,176
u1stMlaACk9huN4J6DOhnQ,1458,5
qj-_1xHnRKuu76ymvRpa_w,1514,57
mogcukdXCnUyR7lJctlhug,2722,27
woMApvqKBRmYa4tVDOpr3w,2667,18
6h7t3aD9ynomvY6ApER68w,1465,2
rKNz4NRe_pKlGXVpeXt7fQ,4375,62
ig_ZfALCoxF0HgPiNZV7jQ,3110,146
flats7xzXdk3f9ccqVKLZw,2763,2
djqlz6U76LFWPKyJzGeCpA,597,2
wq7Nte108J0dvwNzMXPcqA,1541,6
Ss_Rhk71FOD1UnQLnKPNwg,2764,16
XVye8ONLVGKhOu8eBR8JBg,1798,12
vcF3GNe11HzbZYspT-FFnA,1609,22
daqtUzbtXVGpF1N-67st_g,2031,7
Xy3pewELBm4h1ih8QrNKqg,1746,10
ihfgtwObIx98nGOwfauHRQ,1055,6
U3g5TxVu6p8t4-HiOlyNqg,2827,11
eYnOwm6qG6ns_sGaagF3YA,2172,1
hhhIh0xL1X1gVz86BG1-rg,1727,81
Lpm5II5f5XI1VI6uZL37cA,2311,37
jo3g2OVQ06EwFM54SOstkA,891,3
JJTmZV5qrVZC-iz6Qpy1wg,3372,7
k1ZJZgiJZa0iUVW9OuWlpQ,1566,3
t5_3FaOzSBHXD6Favn2OPA,1136,2
LGuoc8J1TioSXELm96hcvg,1575,4
zpCpkAuQb669meNOgJw6PA,2705,13
l2AaeZ_aZ8ZmY9IE-yMo2w,1999,4
jqPVKcKEkstOKsFKXH6mTw,1730,11
wnR-qJOeguQ1kMD2qtLzRQ,1779,11
mOQCmIqM7eHWD6QADMAYEw,3222,1
eHpnImm1Ig7ZoZS4GScIcw,3110,4
SROfYqU0_11o16MaU6IJMA,2632,5
ysDmEwP547KGbzW7h_hlrQ,1628,157
riqVnqzfWKfE37DV0LJ-gA,2895,357
TW4yR76fR5vzgg7Zzm9uAQ,1242,3
5EN65bG4SoMUkK4nmxxQSw,1973,10
qN0rmMRWS7hHGfi3etaFTw,4097,222
23Lf7jAm4lFrwnTbQk5Pmg,2781,230
izyllTg8sIeeSygo5aXrmA,2178,40
q2VtIIBVaVrCfv_mgnpsHQ,1928,19
WWLJiKlTSJL3jSYvGUDHWg,2132,11
Hcu0XXTIQItvG5Jr10WlAA,1759,3
x3n-jahP1OaMuuH-PF_XTA,2670,2
tu9FglQu_ccKBw4iYXdrYA,2365,8
1qHaQaF0YhzLlz_ffh5lfA,1576,3
_zzxDMJLqyiMIR6zYxlHuQ,1045,3
qlJVwqTNPKDv91NOfi0k9A,4289,790
0F3oD6gOYOy43Y1lGzA_vg,1919,9
0nz_JhKTOs18d94zBdKHCA,909,5
ecFy4t5Pb_5vdAVUIPdSmQ,2655,2
cCO6cMqAgKj_OAXZ5Xp8Hg,2639,10
mEi2U68oB3tfJYFTeJkG2Q,2053,9
dK8PUIul7BQre3XnqjFlfw,1690,59
yjeRtrJF6W4y3cE8VWJNbA,1718,2
Ts5gPylqpRO-KO78Dpd8fQ,739,5
5hHZFMXNdCurTwaQ2Q1caQ,2425,72
_HePgYz6a3jZI-TFV1eEtA,4166,50
E7Jd-IMUncWNO6njLOsNwA,1340,7
q4EmLq01AC06aqPDi6W3iw,2547,6
sGsa3I39KWvvrpHkMUkFhQ,1347,3
k_VCPQY2RiXi7_gnIMqRJg,4312,159
kulP4rgLtL6FGAOtOgh9pw,1853,166
83bbl5PDGUOkrto-u1f7gQ,2346,33
y56sj0TBWPKo4BaaCeZUJA,2732,6
GHI1C1-6sMI3udSTrPBFXg,833,7
TiD3PAWu4p0crJhh4F7cFw,812,3
dWTrJdEPoZB8LkOPv_jxsA,2157,192
KLuyX4Q3V5Wn7T4oH3r5lQ,1948,16
UxVHzTpiGnlyo7sxaO88pg,951,10
m8PUiKDBdN6r9cW0TQmGXw,3121,31
0sU0ZP5jkIAd-cr4Ew20sA,1724,12
8OrnLGW4x8yj4oYVtvzakg,2826,3
Zm31Flcp0xwS1aKEzlgqtg,1943,19
pHr0PQqQzL4UPv_E8EHZoA,2502,7
TBgVeJGMmmq7M5ZZNujjZg,709,3
Q3BDIrcsR7gaUN1Yqq3v4g,1325,2
geqqMzAseUhCtzZc35axGQ,2730,14
Z1q83UgjqdypuMDnqXGgQQ,2922,1
-SWF1_QbNiYq6oaryD1f4g,3791,69
QTwfbG_D70J2P4pMMF--NQ,1792,6
V0jq9fxmf_37q8MLzcdAlw,625,18
SUI0gDDnCUOnDpVQHci_1A,3277,358
rFpvK8ngvjQOX8EXN-KHIQ,2635,3
Ll6KYTbx06ltFKV-Kh3NEA,1220,6
W_XphHRmLF1m0-lD2_o3BA,2244,5
DhQBZbGAp8dePMgwVbC03Q,3198,2
a41IoxVZ05aGm8i1RtdTAA,808,35
TK9PXFqAsIXFnlq-SL_Odw,1810,4
-XvqPEpfizoH6TyEJBOKaQ,1683,21
yJZWf3NF_ZcMBAaT5X3t4g,1779,15
vkVvCaBT0YbwS-_47I9BcA,1161,4
OG2PdBdJGxRkG0JXBvZE3A,3049,69
K5G8BGAiI9CXFL8KJEInFg,2253,16
EX9lhKOu6L9rmT6H7YetQQ,3645,6
DEhzAutXDO0cRIVB1-Paow,1740,7
4BCLb5IrM_ufud1StIhdpg,1739,5
qQt0bZBMZ7RP3d3nE9_faQ,1875,17
BP8gVGKIf2ncEpOTWGZeGw,891,3
7EN7fqMZLhkEXoYl-Py5FA,3062,46
V4erqfrFhEUGSjn3DEoeVg,2477,5
RO6-CC1n7MuCmghM4Etf2w,1667,87
2hSxz2ChTVcm6r3Ei_hrJg,2593,3
075rcvKMddtsye6OzrFIcg,4049,157
CtbUcnMf2Ah9C3fNospqNA,2768,5
pPmbxuhA0tRlmucPswc5uw,3070,48
5qiOWX8y8BPAzf1VY5IlnQ,916,3
eZNK6i5yL2270i93eZqFyw,2436,4
cTdtWEZSaZ8r9XS0HYUaqw,1040,7
NYXqsyRuk7MwM1rZLlkoZg,1489,11
VSfOw_TW1I2CAP5DqaNS_Q,2754,3
hxbFzB9DQ795bb8YjeRUAg,4195,41
ZBoNYnoOTkuGiWBcTy7JHw,2924,18
YbTvfSCJGFlEkhgxSUbQKg,1977,50
usnTHvyj9g_1rb-2FNsnMA,1982,9
ynUIsuJ-s4HB2Fma4BibuA,2893,23
Y3pswcWhjHXltwMpTsM2sA,1216,5
HykzFPb6cdoOUhY_GoxZSg,2226,11
Do4NO5rgF_U5jSNVvfxxKw,3371,1
_KcTKQVNJhx_Tyn304Eyog,828,1
PBGdU2D9EfY-MnOKELypNg,2926,5
dZzdNDCdHfVWnVYNbnFVEQ,2080,40
r6UWR-Do-6f2PFv2gvlt8w,3055,30
2zIUUZEJncroseFMpRlWyA,2200,2
TXZjFl0QAmdFEfeXFxAD3w,2665,5
q4DU-XWQ0cY1tLlX2_JkOA,1464,6
VsG1as-_K8-3CkRTOl0ZKQ,4272,10
uiycMLiOlL5GYux6guvruw,639,2
jjX1thxV1_nxaVY_1X22rQ,1746,5
FxqScG3y3P4uzr8Emej_VQ,1993,14
cMIVlEuCKkiEo1QkPBbMaw,4537,855
q6nikywRcOgjDa5vu-Zfdw,2030,2
xWL24cdyQRhrORSOjnjPyA,990,1
QiX1N9sPIm7pLzMT9bTmUg,2192,3
rEW7SXmpj5gXn0X0b97SCQ,2531,2
n1M3JS1z8U2FqEHBnMwk8g,1130,4
oFcG871j071Jnoor8eu08w,2845,2
SOlS4NTsltpTZ7uGWRBt8Q,1087,1
yMEy-r5Togxo-A0Ps5DfFw,3033,4
uNYiXOvrXJR31yFr1BOwKg,2837,2
XMwgAPIk58rp7FFxAMgYCg,1371,4
Z47wXgacBNRhIrfiP7rk-w,2986,29
IrYoIjYRGXt1Co1P0eNBBw,1007,14
blGJPfoGkcQwpPs8XCZQ2A,1795,24
U5dx7wuNwjHLiQBJJ7jbQA,1795,6
j5GuXOocVi-hXlPE2uUerw,4358,7
hzpJ5HGW3nNVyd7AwC2jsg,1672,4
izFlxxxxDaNAaL3v65lYCw,2785,1
FGF8jhVTfhK7uQrImli02A,1145,2
btRYELaTKVdx1ptObO_Dbw,2415,32
Wds_aPj1F1Nip8wOG-lEoQ,4386,149
q2cTMSPLMsao6-iugtIWdQ,3165,21
wrwRjw1ceP9L_8ADh1U0iA,658,4
wMW1IJrsTMKxNIcPYMwQ0g,2602,11
Wn-Tbcz5i6m19NxuMSIC4Q,2375,10
tQdaAaOLECNhCEYFFeIwvA,1268,15
H8P85cXnwvMx06wg5xfc1A,3535,5
C_w0bY8OLFy2rHMaI0M7og,2789,6
eyYKpeX4f_DJfRYDmV30Hw,2525,122
XZfZaA7EVCWt01rP8S7HRw,2754,420
TUJCUxGSJhRuUMtleSY2sA,604,5
rITsajhR20YzmAD-1ydeaQ,3050,12
DZW4BrZWHjZlUN8-M0j-JQ,2280,17
ZcLPZfEaTmIZ9gswTgi98Q,1914,247
yBP1MSeJOAZ1y2VnnwmLpQ,1480,5
xl57_3PGGj0dGfgORKrhjA,2093,2
T8SZocRF9joQMU7b364zFw,1708,2
SbQJ5ZhNphBxEBx7zAwakg,3628,211
5y52RPaBOOoG5zvFavFQQA,1964,14
0aE72w0qUKVqFIwRVC6PdA,2625,2
YukCFjrLr8u5JgxFIOZwJQ,1091,1
swpv7mBjnFFBwhWtwYiPCw,2771,88
gJfMbl0xULJyHl2gJZEyVQ,3212,324
v3WbLZQjKSIZI2JAbjuv5Q,3600,23
cZPRDzvjCQ0q2lptvNvBOQ,1237,1
-Q2DMLngot_i5d_vPc54Og,1544,5
EwfQUnCeEKxk8Xcj6j9L4g,1040,5
o2XPkzMTk14QpxHTNhERWA,1301,4
iCATavmZdI-VH7ewuIrYng,2053,1
u3cSae9uc45_S38lPU5YdA,2799,23
Gv55E7wxfz2IMVgnWhQT0A,1952,3
NDHBmSzp9dXhPTQq90MNWg,716,1
nQE1qUPJ1ImLHzwVxRrO5A,2024,6
seaqXJwsP_KcDlilwRHM9w,919,1
bankYLCDZFkBc943_ZSvYA,2374,4
mfqUCcxd0VbmyqQm5RZSFA,1374,6
x4BwdwWAZ-_hL8jdoxSByQ,1301,6
DgQYrBhzIkcbbY5uRIatMw,2784,2
UnBAGjf5Ya-LYKXFTl0qBw,2227,2
AYmTc8ScmbdUV4k5yoN8PA,4183,68
I_iP9tGmHzUAXWb21xt9Rg,1064,5
Fs2FRdkrsYi17OThQMxgwA,1506,8
gFzPcb0CfgZ9p4U92fUcdA,938,8
QlAXztneolselw4V-MHpfQ,1072,13
tUI871iirA4v9pfTuqNcjw,3398,137
6Sd24fz7RhZtCygaXpPcCg,710,12
U9qXWeJyDHklyqEg0cAj7w,2720,210
Guz7mk0l1qFLTMQTkAeoVA,1716,14
Ym9U2gVemRoFWBTJgVahTg,3068,23
PLmQz3Ck1w-oXX-Bx6dskw,1220,5
ZHlrTv-dfChy4vLyscOdxA,3059,123
9QyFAEd3REchw7e4niU17Q,2611,8
qRI8FB5fKHMHQLMD4vIcyw,1581,40
c-931UP1HU1bwA2NwyqwVQ,2210,13
ix5zIWAG_EKKy9Ij0WeLgA,1330,13
VNWXRFUDynt0RIaZ3grpOA,871,2
PoWEM9DU4wyjqFloxPTDPw,987,2
VZFvKZRiz7LPwZ72u5rowQ,1586,7
7DSahn30CTj3edqYllx0Jw,3128,181
hafHA_-xjm19pnRVzmFAew,2121,5
ld0AperBXk1h6UbqmM80zw,2790,218
9wGWst3ENIxHh50cw6oNqw,1063,5
DxaNaTmD7Xdp_laHym9X5w,1281,31
o2JLvl-d3UsAdOJ3rOmSFg,3391,1
LctYWRqQgisPr6fJgcWWRg,2281,5
gX_yJKi2fOJBsDVc3Yigdw,2430,10
ZPAw_wMKBT3EXKbl-Tvf3A,1868,12
tDjvMY5sq2PXo4yMcZ7MKQ,1018,10
rZLAMezbuukN3DYm1_88fw,1341,3
PE6mp_Woh9y_cgI24fLfrA,1236,4
3HKvDC0jTCDZ5LkkleSxFw,1704,1
rWnpjkT9j8C-YiJYXBFvQQ,4467,100
3GQj97A0RGy8XiUkaG8amg,3088,2
EzeIgCZtBVjlbpGcaDfbQg,1821,4
mQs47TUPH40Ya2zqqm61wQ,3404,119
uhZTeUMOsPZ5RtCdZ_zwtA,3603,17
SbEke0Q0CYkuCS82CAAtag,2837,22
U0UwZbpXPIS8D51_Edv0Kw,2067,81
aQcNiWCr0uZ8LJ_MCv58GA,1779,4
aixXhB-BmNmhsUbZ9CHWuQ,1619,8
stIC64TXPzd6pAHlCJGk6g,1535,1
nyVeZEObXGn0U7miP233VQ,2663,1
_x1BjY1ndKFu_7TpCDPCUA,3292,9
GTmJmbRrwtPUfJJMutzgvA,2477,109
W-flFACtJ-MkRSp9IWdX2g,3584,234
-d0c3wgfRfz7fXPnZpjONg,2625,45
VzEcd5Wcrddoufb80e_cSA,3704,13
9q5qoGJoBrbEUtFGDw-VlA,3054,29
QA6qhkm-oaQif9SObFtG4w,1614,4
LQPKJDgyqmuPACAi_3-X8w,947,4
B3LvpVnIUt1iX6XRHlpCDg,2884,4
ADQMUY6VTSVwUcnfQmkENQ,1119,8
AHv_P6fFxkO4ebMVxOJsZg,1111,2
3FPXiQ_OVo2Ae1J5OLNRuA,1646,5
zuF5AKSYEJJQfvHKCRpevA,1961,3
LtWvbcoAxLnK4GyqZkEGkA,2041,3
tigpd4hMQPkK885B6SJ-bg,590,1
AP0AyVH3kcEWnSC3KQ7cqw,1507,3
NVr6k2Zg1pLi0g6x7Ao_9Q,1407,4
jbPG6mW_kURZyrJvIugqNA,1827,13
HdT6Ugg2DF8dcDx8h0zTwA,2551,21
ZmDPLP4YN7KaEVdz5fYbRg,2145,8
7MYfKlisa2RQujqm8My-Og,2541,1
wosx87HOMD51spDmxTlXaQ,1914,4
C5lu3ZJHdgOzvSLJ2K3-SQ,2412,79
t2Wx2GCEZ8K76trchEbzXA,1551,16
AtjskM7hKve_O-7uFXOeNA,2237,15
iSB8w8suLx_yP7K6mNJv-Q,1177,2
UeRKi_YUC2gOdUloK98wdg,1740,25
-vG4sSrlEaiXFQtQe6ZD4g,3390,4
Von5AlxnJhJcJ45oUhgBXg,1837,4
UjvZBWQDsQuMp3jmbA6wMg,2466,1
bzctk3j9JRmySZRFbzwp-g,821,3
1EQVRq8KL9EgaodhbUWYgQ,533,1
voOlgzWekDGA6ztq6_535w,1833,1
nDVFZ9A151tTZrGMS96lvw,1466,3
I0IQHf8xcIovB-VKHmD-OQ,2658,8
JScPF0XZXkMVtp48SWkP3g,2137,8
QyLdNG5BF21le_73pfeykg,1110,7
aMasObWwxQqcIFlBUXvOPw,1466,1
IfDIkL262PikX1jItwFSBA,2812,2
RibvuwfbACDt7jZF80MXJw,2021,3
nQSgYLcymso3nz3Un-ay4w,2103,4
g6yVHmR1o-zOnrQshIjkoA,1829,6
6sLHhdUiflNjwAXUkBT7EA,1605,5
v38Z18vLt6X9uDjlKM5qFQ,1778,65
q2CKoCv4U3nlblvQwjaQQw,3276,37
hnKFiRSSTGuYd_b7yDiPlQ,2510,3
EuzT1L-KWSHcviOU8gGuew,2892,12
mDGAyepwmyQx58HmPFoDQw,1948,4
HwtmdslxHcKR5LW1cKLJlQ,1137,3
aCoPWB-yhpBEjOeJtNjRCw,3813,1
WSrpzNi1L-NJ-Hu54wc6Qg,1724,13
3eqzV35LQdoTtit57s1Blg,2431,1
4-fF9qQqZhwM0a_6GC-IZg,2339,3
zI1I48TmLJsBS72KtXCquA,674,1
7D7kRSVTKdkVos1kjpJcWA,1466,15
xtmQoHqzcW-4wHsnR8cxWQ,2188,11
vHqxzmuOzwGFydqiPKu-Vg,1655,10
sumoIs4tfCUEj7Ku1EK4iw,2722,2
Hk7V-vZorSZJgjWvktOdPA,1292,1
WEQnw1puw32_bNSjUd4vCA,2488,36
oxFLDjFp1w-Sra_HDzsZqw,3356,10
00U1LkmTAuah69jOwiO4Ig,3109,15
WaVjwO1lBgn-xDNO5lS7Kg,1954,4
CucV50RlR_0lpS8PQBy6ww,2697,48
5iDutjY3cbAdNvop_Yb7tw,1324,3
81D8vdZEkb5-R_42B36Amg,2027,8
pT0x-JpYDLbmLbiNEAH2Mg,2270,16
ASjWdNwE8OxcrIHROk_3nQ,2713,33
HBHAhOyYfRgl6ewNUr39fw,821,26
3e_LKE03SThyHUBc09NcZA,1560,4
31HPg_4hYXZZhh0rfUPYZw,1082,27
LSPm6t1OcC5OizzkXgNYsw,1010,21
Xj-9Z14dbDpxp6OKKVTQ7Q,1961,3
PL8ZE66E2zE00y3k-K8AKA,1625,3
M8YoRHxPrqFgU0zqkk7pyw,1032,5
XZrsszfSHZN5xHPIz0w1xg,2170,16
Xfemej7nPCrIVL54yCx3cA,2795,11
-QuoGPPSYGdAn5fsDNDNcQ,2581,1
-FRXb8nw9Wtl1a1KfMgD1A,2443,42
nPc8KJ-J-0Fnuv1GwcD4wg,1340,84
T7kElCeBHhomEw4mpMTPKw,1685,14
Kd0_fXfAWas4Vr9reRrIRA,1055,20
E2HcBtQ4z4EJLQVRVgw9GA,1511,1
15bmC9uXbxska9EKVoamVA,2052,6
PM6KNOlPLfF5R_eiDk8Q0A,3635,23
mQ2aokVlqK7u4sBzWp-ODQ,1659,2
liENCoXy-dgFw0CFtVm1sA,2150,9
LsYPFYOqeLuLGsMXLuR9ig,3995,345
R-fljprVP7dIyZy5I9ExIg,2020,1
Bm8XvIUQo1LLXVb7cmWfrA,2010,6
qgInmRShijwxdoP_SMBNJQ,1337,4
aRFiNo5ujOqgw0nq2YYh1g,1965,3
dr0ay4EMrI2lVAj7e9PAUg,1606,3
AABte8KtkTXkGgai6N9k6A,2020,149
QQwX-e__5O86ojzvCejdsw,2700,133
na-RI60nzrhs3TdeOoJhvw,1921,13
cveym0A3JCjYxgskQvifrA,1701,3
65TL4Jx-Jx-2yilIZ6_i1A,2640,6
yW6q1aQQvMfdJ--PDlvlCw,2035,35
N6Rdv11Hcz3aGK5iXsLikw,1609,2
7tAfFLaeh9Xq2yEUxexDXw,2380,5
phcYsL5Szvkel8X1HeGzlQ,2051,7
xfFUSMfa7r9Ebz3bhFSg3w,1214,4
u2bF9Lpyye3TsPu-nxjllg,946,4
Jr0cguLCG1WGLkAcghNPfQ,1535,20
tb1xupA5GYnNOOHM19iTfA,2031,16
hw9P2qW0ojZAalcjaqmgIQ,2858,7
MNcOhet3paMxXyfGSqklFg,1585,3
Rr6pviTESneyDQlp-zKROA,527,1
EO8XLAQOCWRHCeRcIYZ4KA,1257,6
8skqDfHpPXE6LdJq1gTOag,3776,200
zBhQHWF4KsiXSkf4XsmV4Q,1810,14
sK_X-PikGx8AFDAqQcf_Vg,3283,43
G-YTYQgWByTxwOqN3wPPNg,2889,4
HWHCGQ_ZX90Z9f6vaU2xnw,566,2
F7AtATcfGTX6dWitrD8qzQ,1102,1
75LrTg9FLeeJVDew58f0bw,1050,2
NSUaiTXs9jwIms9hwcW4UA,1899,17
xeCsHKC7UP8J4QK_z5OKKg,1732,6
6suXuwf0cpa-eRAxDZEJgA,1165,1
ZgoZzk9s8iF0guCUX3bxKA,2520,10
I0orzQylKYY-p-P3SesUMA,1669,2
vLyUXJ3i3Jr8ZE-IQqlRgQ,1666,4
dk_vf5JqRXK3QF0VSSaSxg,2398,1
I7EHmvnh-5I5drsOFo76Aw,874,6
YdbXJ2q2e4lf_2eAL461Vg,3413,6
4pdwVmx7qPntiAHdRrcVUQ,1995,2
JlkfJglwBpnQ0AJeQwStUg,1970,26
nR4MTuUkS0v6GUFZ6E7sfg,2550,5
Hst67dqSM9x-keApmgZLrA,2280,34
HCGzTGl4gkDIOMTOYqwCiQ,1317,2
e7KBn01SmmDJpNEUwGCOqA,1736,44
rqAFfMImr1xta5t1oops4g,3287,4
VfdI9NdfoAPoHBwGwabe4A,1781,3
Vd9mcjcmTSfzRXrIJKfHSA,1441,4
bbfuqVOuO3QrVeC7CE9R3Q,1338,4
A7boLL-gLoPnGX0RbQR6qg,3179,60
Q613GFE67tM3i8Tg21WwaQ,2865,30
3KjkNs4h27JC3b1J4AYGRQ,1032,3
KWWsv0BzwdWfwyPX9mi3rA,3068,4
6-I8fXequ4OxkOYc7nMjCg,1647,1
FRtTRmPRtddmbsvdMD5kQA,3067,10
XgYySaed13leY1VXCTBS5w,2215,7
ULGBWw1CL3PrTjD7U1gLpQ,1444,1
GnAYw_2y8sE2DFzRc5ev9w,1489,29
rwOinqdTUGYHr4kYec_tSg,1657,12
Fvvfs6J0ZM7q1oW2abbjMA,1460,6
DiOyTVr20KMdq-nQCtMIFw,2095,10
W_Rj7FnkfhMoZv33RI4_jQ,1160,3
GsziuMKfq1cfF4NuHDYeLg,2012,39
uSnr4VmBA11fel4y2nTDHA,1303,5
VUC25k00bJ8XJucJQSO5mw,1510,16
VeAFerL_Ap1aMKPN4_5RcA,680,1
WmnCveDezliDzI_mx0f-Eg,1519,5
tyAeoPsd8966EmMT7uQkqw,1307,3
Ttdc2NY6FIX4N42-aNrU8g,3594,9
il_vFIsqk3CjwKOWbuhKfQ,1990,25
K980FVnKgc7avZBnus-uaw,2730,10
XNu8O3zuPdkZpHqdYezhAQ,2757,4
yz7ncD21YvDygxA00YuLyA,2409,13
7df_6wIkTwGXYRub3oiWUw,1578,180
o1jvKySJSVsxvYe6xfnXyQ,1402,3
2m6OQMIswq4e2iwdQC3rBA,2668,83
5h1MXJIw_eoIvXmuM6ePEw,2332,44
2leYLZ_LnhbBQFWS56PNhA,1375,31
MuVv7uA0n_JN-7BPr9LyhQ,2052,3
72Ri-xU8cPruy9n77o9z1w,2331,2
zAAesXPFl4EiZSvjqwHsFQ,671,1
tg5-XW-ekXXuN6rJFwYkzg,1254,3
pBWYcu20xAQT0Hzj-JY7aA,1692,27
fuvpWexOz2q8zUGf5-msmA,3415,40
SeewvyjwGmzJqUcwH26cPg,2689,6
oXAnZTC2QTRInogrBkaRcw,1757,7
1THKxJKX7zuCykvP4YKTGg,1096,5
Ic1JQMZmghcf6fU7-7AYUw,2457,22
Bhct3pQoREDXDBfqiv5ejw,2242,6
j1Fyy_OY_LNzLqk0YyiBxg,3363,10
cKRf_1xxCJQ3jmvV-Du-og,3096,21
bJdNfQzXAAZxJEW8V2ciEg,3124,14
Gwca3xJBCE8rmKrzPUBw1A,1797,8
5FUtTN87ktyNi4IEJNh0kQ,3860,2
MBBu33KEF3Yu0OYSpy3BlA,2027,51
rGeymil1dnK7dx3EufAK1Q,1164,6
JgBo-wZv-PI_6wAfLPh7NA,3996,50
VrLlTvUN_XYZ9unsvZWxTg,2059,1
zsJMN3Zc0sdMRvegGC64nA,3179,1
NoT45kjrPg4-UWHqznwhvw,696,2
kpzVszK4oVmcmg3yL8dT-Q,1676,89
rB9uhURh1VgR6JSsEK5wXg,2624,12
VMgHSvj0abac3sG5T9gwMw,4455,2
Cd2lkUit_tjC5uTgbku9IA,2395,161
uc5wZlnpOwMJ4RAq-I_Vxg,1693,13
VS6PJ_PrLubfFzs3ULLKCQ,2978,24
Vud_JaCqRY1J9PTMw02s7w,1638,3
FwoHCxsRba4m9JjPIbUPqw,2330,3
u_2BXLwFLJ4R0TdbqhpUrA,2924,2
_XWsIwqCYLAJrKFMY5zZbg,1019,1
X4cj_cZOwzBnooAEXMecIw,1148,6
3QaLfBIZNpG6ySaFFnPO7w,2179,18
mM1uQFMZNZtrGHZzB1ghMQ,1465,9
rL6n17rxjwOKey23wmy8_w,2081,21
tGbwOk-Y2Ote9rHZ0G144A,3008,21
V59tvAaNBjFUQgyso19MDA,2090,1
gSj8kC_N7O9i0q21XrDzQg,2141,9
zwOBz9NqMkP5BD29hWn0HQ,1715,27
vJcJk7n7LSS7-72Lz_YuNA,2909,53
mN53yYHA0U9xLpfUTWq3oA,2169,6
rOsC94DQdGWv2rEmfeBJzQ,1375,3
-I3lvymreDZn7TkVBUt57g,1655,4
sAGTvfPYVTtSuR5QO-DxCw,2789,32
dfuBWrE4DdE3vpCkgh5ipw,3965,11
GZNnC60aoo0gR6U6btG26A,1797,7
oRKFVnbSkfgQOXYxkZ64qw,2689,25
5-WnYi_GBCYq533-1oGA3w,2120,11
mc1hFWNKenbLToXHFcTyWg,1878,3
pAHg7K6KKUCHs24uxrwJtg,2341,8
MvYIZXrNfyJxjoLY3e8BsQ,2740,10
5w2fvuu3zfLvaWURUH4ASg,2226,8
xeHUVJJZ-L2p9Lg1srclXg,3226,3
30gNXo3pVINS0-JnVjvPeQ,2310,18
gNSS5sY6wm1SjjrbCr29PQ,1987,1
d_HdrxpxUbOwsLcEXIPpiA,3078,9
RyWmDeohwfxyNJ3pglkkhg,3548,11
5nOA0hddBvI63L4nBnaz_g,2472,3
1fRUWCvAGEZzApeBO7KjWg,3332,3
X_wKJ0vbzidKz5z-HM5HTQ,2087,4
RNTPAUshkbki1Ph-zqDKnA,705,3
Hyc88px8o9d21BVmejIS2g,2381,28
zLVxLQMyyh1vprWdbBoJZA,1502,6
2oSojOAfibjKZRjld1iB8A,777,1
oRsO8geXIvo0xOCw5NyZSA,3444,39
x2YxydBXQ8v2LKfeobvB0Q,4441,133
cmkC6v4wTDAOlXfThHd43Q,2731,7
3XKa4GsiHPv7MnUn0jZSqQ,3000,10
Gd7wknGV7-o2M2DHUDpuHg,1837,10
HUi6ibcjuzsHlxcdRMPJhQ,1666,40
jVGx8YwXQMWep_Yo5Vut8g,3117,18
AD3yyZ0r_FdgCZz5xozLQQ,3043,3
c1x9jtuDS7ktltUXz1rMNQ,1041,12
CaLQsoALSlq8hyIG-oqU6A,1107,3
4Vfm5ayeNJEXvdMP0K8Now,1446,15
jJZanvr5-dO1nWyFDJz1Kg,3066,5
eO2MlsZMBzT3YAQmb5oOfQ,1798,4
akuKZqKEyWaoUiS1w19DFw,3011,51
HBnOYWywYcGm_Sw1tVNS1A,1235,3
oOvQK_oNt6X5YOZOjXQaoA,2675,15
Jfw3IBnSGN47MXrQxIH-_g,1301,5
ZdUVPISCDLs4nUTnxeEBUA,2563,15
zazne7mNS-OcMz56mXQuPA,2929,13
ETp4xC_IQ0D59FS7ov1UHg,2008,9
uxhrAbXutksY2QeQMA_Clw,3068,1
suAS9zoZJRWf9Y1P1rNZjQ,2957,11
Yygufhb_Nk2_GZOJmIcEJA,2677,159
u0Ja13YZeehrAomnYFRGQA,3892,15
BEnNUKpdNRVPw-IfBEGFRg,2680,17
co4h7fIuc4UoCsSdVYpa-A,1391,17
jQq-S5CIiRrgGBXw2J6tSg,1009,5
DMpHiUF1DsdthX42-Or00w,2940,1
uUVGx_yNJ-y7D5eQNcLkyA,1714,2
4VNlsy-x1PFRHEPhQW5_5Q,1278,2
QG6ATQtcvCeaTqSwscFjqQ,1283,3
HD-91_2qi_B5x2O3fN69vA,2743,6
MvyI3b7wiiCxA7lwTuj-XQ,1878,12
kPGkW1cNQqq0UUBAscAixw,1456,2
dKUAV6qc5yjP7a3XSnsUiw,2494,6
3vtPikGDWwl1-hsYwN5Z7w,1802,8
BMu24DgqOXyDzdEROofLmw,3122,57
4JPjnM3fAffk3p4Op1AOhA,1743,9
Xt1xdwF9lCxUYWg3IxIL2A,2605,31
qVnw7KCgCwAGr7ufoDC_IQ,1979,21
V25abdPwvtQcw4VVGKIz8w,2350,7
RrqcSNMm9D5gkNgJqsjijg,2887,3
7DxFcG1ICN8t5SkZunOgsw,2879,24
1J1tkkCmh2B91iYHxcUfUw,702,3
rLh1QOajwt9AGvVxV7kczg,1677,25
Z7orWvEGLwLxtvRJsq4j7g,1324,1
lXNlGCXDMJFuXPxj5KYkGA,3306,174
NmmojuowFmbxFpAsxDRlPw,3518,16
PrF_pVq3d2IoiDVV5QEZfQ,1629,6
K3C_9OC2epGhJcsMxwcFNA,896,6
Zn5EHFJOj7sbMsY2bKeOdQ,2547,42
w-UXrjaN7KyAp5p-_4zNsQ,2357,43
P4iSJLHVwYifEMjLohfgrQ,900,1
7SrrQ1xd8Q8XJVkmg6QRXQ,2985,101
d9hMWcQq5gUNdv5w2msXBA,3163,20
SfLhmD9GM3ancH0Ezw9zKQ,3285,24
SxSf8ZARjlXsiY9jf7iFRA,1746,4
vAdcZL7q2mRHGkwqKS1Myg,3064,13
DRU7HUZWTyRSFrQjwM4CNg,4915,19
TxHAghwO_2kbWBY07fR41g,2333,13
mThEPsJ0t8wRQ1yOXUD08A,2276,29
c1NSxnEUIlFPH6sTtDhPTw,1690,8
YLbyMG2emge7I2FhpuVkpg,1838,7
LTdV80xxtaQ-_OBDZTwy3w,1639,7
NLuQpHupHmj3oG5o4rxMbw,2526,19
52jyoTL3NCoResOjYH7vgg,2978,6
9YSr8N4NgYuXW8A-ZG97cw,588,18
XX7E77K9oNnxoMQe8_Phsg,1381,35
327UOvKwtrAlzcI9o3436Q,1582,2
s7AfiAawSSPDG36DI-x3jg,637,2
vqW3qV7jvpFh7s-iOjMm8w,3253,6
ohosmz6FXVAeoW5nUkYwng,1175,7
1eeDVYM94gIDjMW2vgO9Yw,2784,8
fcXNXegpwXPzFhAUteqR8w,2140,25
B915DscM8xIcGVUtb5uw8A,1250,3
-sX_M_vgpxuDNx6EJ5ncew,2816,5
MklLqtQQ6JThp_EDaZIXsw,2290,10
qzPAz2LzEetEboZ9eRE79A,1422,12
A2fGpk0bmheFZtEUVIRtOA,2967,9
RLVVR2rDG7CQfUqsj57H_g,1982,3
RMLapM_uHRRdI1IQyxB3gw,2806,1
dA7Q6cxQZ2JMYdiWlFd1vw,1188,5
DSVdQIbUJgf7BWz9DMG5Vw,1213,2
b0jVO2vS9z9lX8O9jNYOKA,1419,3
15rxBYSMjehS9qID17Obtg,2292,1
ieL1a9kkv32pvIYXh9-3dw,2438,6
x6ewL3MdAWqThwIx_WQMsg,650,2
WYHYrKe2kFq7Ec1QQ_8PsQ,2759,69
nWNfqTs8W4lcGKG0M6MHOA,2842,2
XxaEvwA9rfFk2Xf9qKcu6g,3269,38
ZbkhE-n9_2e153g-_Y10-g,1291,18
uPuiPc_nA_EC0CDJeEv-4g,2965,8
kErXhsU5k8UO_4fyR_EIlw,3406,7
w6qpJjfMWTALnEvXl-HyxA,750,2
Dv8g8ccYNyhaspFQhgTq2Q,1468,2
_Dov0HcN01MrVo_3PKWEjA,918,1
ucnfLhTx-HE8Nb5gXwO9cw,869,2
_XzgzJayfJx7vpozlo0oZw,2883,7
uG0mtF-mTQygyV0ME-5jgw,1972,1
HDhVzURvbdSuRHmGsZTPUA,1326,6
JecfSdTREb7u3e97Ij7gIQ,1598,1
sN2uWYBF6jwyXSyu-991DA,1295,10
pdqKqfZ3lMWsz-ZO1ezYfQ,2237,1
rDNnbjBZs38l0_hoCiO4XQ,865,3
DRu6KBy6PfXMG81mFECDZQ,4126,26
MrqMXcsUbBhYefqHC6r7AQ,2133,1
xyG4UWyIKpzWVnXO9zI0-Q,2147,1
zKf83QulxKO9qzsOTwzVzw,1984,1
K2oUwBeCQ9FaFB3fnvaiSw,1181,3
-tpf39pcDF8m-Flw5QQWGQ,1903,48
86wK1jeLUnAhoiZeJzVXfQ,2110,2
C2MBO4dlcjrWAr1zxW2ukA,1625,8
Qdv3uis864axaoUF2-V97Q,2818,2
Ve_K70Bl_rfep9uuZWzwnw,1242,2
bgM7L0jEuIGrWs7JHKzsUA,1395,2
jKsRibLOYWHuGb16wBEPXg,2370,38
W8lzsZkY3CbuRGrNNJZYkQ,1429,2
EyesISf1PcKP6LiF4tc_XQ,1091,6
Az9TklVmrtTj49WGIaWO3w,2855,2
KS3i0ezbmWOuHSaxlcqw0A,1183,4
lga6CTSw_m3ZTlDmMONVXQ,1967,4
dNU_uvRsSG9fQnvhceIUFw,1074,5
xIKx5APg0ep9T5Rzxvp5Dg,2169,4
zVBGYTjIS_dp0vCSTejsMA,2363,14
EObDMAda1MPbqTksU_1g1g,1042,5
ATOkAc4MTnu76tSg944j_w,1941,1
WtCdpy97HDmGTRE3hiB7gA,977,2
sQIWHxAgl_b1ByBEPVD6IA,1741,1
jIMoov8rvMFSywjPi2yqnQ,1461,8
f1-uMkB4ONis_Td4axl5Pg,2329,41
NETSfIO7z3B3Ba-oqiTTGQ,2903,61
ufVCWYcadYOi8hhblu9Qzw,2493,8
DjlXcuopnYpBvI0xaFYUJA,2457,2
C_ISxN1WbAcwfbylnD72uA,1672,5
sUHK-3mVEwcypVQL-TDBmw,1150,3
H6LNdslSFrRrv_6AgdRvsg,3545,2
a0NgnJLcl8NBiU4Xj98wyg,2767,37
8aJ48xtzKDUFaIj0YXVZsQ,2227,6
LZ-oSHEkl9oeOubB-DVzRw,2515,4
iaBZ2rpSdq6zGs9MqA3SOA,1468,6
VhqLOVC6qyGdYWkdJPK83w,4680,62
-9ieut119QleN46Ohap6vA,2843,1
DwZhIHaumWRCJHB8i86mkg,2063,4
pWJLParlIkMSxnlXwCJabA,1114,1
L1WT_FUnUenp8lgdmfoU0A,2606,7
hTnlH5sOoolXYImwEzfgFQ,817,9
3NEaNsRdzzxzp0xqeJmSZg,2830,46
Nb3P3TwASRTACzyptjaVjg,1538,12
_CesuAyZrMzqVJZaBWi_5g,2732,7
GDY-_IraFEUYLZPUUDddpA,2584,17
YK9z5MYNZByoWwPavdxe1Q,2815,14
M9KMFtDK7Ca3NLvdB1SN1g,1557,4
1_xTCu7l_74U6HknFrwvGg,1253,4
NUxaaXa5kVpgWywxGQxULg,1207,1
Kso6IfGliAhjyarHOjy4xw,1047,3
hlvHc32rE_4XjNreGNuuyA,2145,17
ufAtW_OdhvcXVAInwXa5_g,1739,9
DUDqSITznuXvlXPos4EPUw,1106,2
SBvIEeuMmXt3kJ0RG6IkUQ,1844,2
l95k2blaf7mH0jUgEKVNLg,2123,8
RZ8GM7MY1sHgY-J_IrCang,876,2
v73Wcorml6AXZlBbCYLq8A,2069,90
dyvIYuUfnPlCPCvxwciItQ,3058,53
q1R8V8Tr2A_SmH-ZfkP3oA,2974,167
XJlqzTio3OSnHV4DOSmwPQ,3327,8
uluNyoVvLrNfEnjSLFK_9Q,1098,3
1EPnen8blQwp3ALGIUqUPw,1571,26
a-WWz_-O2IPXeSrEcl6FpQ,1991,64
OcIuncv_sEji9IX4JXkQXw,1703,4
pSNbLGwoBrFvd1hlfC1U-g,1018,4
-quKLDxd5bU3mSp5ftBVAg,3339,82
OaeUDvdGKaCF5OW6q7unfw,1179,1
zsq0Kysl5OVkLTUSEiEcbA,2149,243
NxChEFRAA0wyTsd3dVoxnw,1093,3
cViR4D08GYvigj9KjyG70A,2998,92
EumaWLhwnPwiorZ-JNcm_Q,1084,5
H10SUIy5xdxKLOA2Nqh-oA,1822,136
5cDWDA4JpfhC3_ZdPq0Y3g,2998,23
JFUw-T3KI-naWjdYqYvAyQ,1467,3
JfpUUaE839QHjK-AEkjY5w,1546,3
ZiNkYLB3ghYZ_XZ4xwHy6A,1601,44
7JzvHWlGUwz5OysdKf4mow,2937,104
V93mgjxOrEBw1yeZu4q6sQ,2551,2
S6n2vvLKrThK7TU7JmoAzQ,3544,184
p47CQe-EtDqFjpre7O0GWg,2295,127
V4nMTDr_kHB9CuAxP-zBYg,1696,29
SKYY3Owf2yeq21WoBBEiRw,1650,36
3J153q52stsXu7P-KIPZQQ,2698,61
5EIQjDobvptyGD5J2I3hdA,2489,8
XleU81lXCfXsNV6w9FaxsA,678,1
FtKaZAVZ86Kj4X9WV46b_w,1991,15
pZGWRExIAQ-geob6U96gNQ,1206,3
1XKK3K--ae2tPLIO2hNnyg,1042,2
OyAfSC4KjjlsT0AorOySqg,3238,42
8PDrYk0kWjiDv-XZbMsoSA,2230,10
2vEdmlUwrU2BwDlysR4NFQ,2380,1
fIPrCRGs5R9jR96FXSRCiw,3773,41
FwpllUnV-Mh__f08syuNlQ,1064,15
TqO6_TcLJ_B0PDCR9Ogoxw,1212,6
piMXkeKMADLWkn5aVAXMPQ,879,4
Cob9Z0cqtOmgom9WzVfixw,3582,48
znNkoVp547hJ6eaDkFpoHQ,3079,6
-6rHAQD7cuWVAVPE1ClIOw,3625,86
7C_eovywmytMxaCrig0YwQ,3453,159
Bs7UlKjAF0dCsWl86zffPA,3310,31
MQHE_qpXDtziPvp04CHdxw,1106,8
AkAbdFcW_xtTnwB-89vr8A,2928,322
8GEjwSdRZRIuS5IQ4-ztDg,2148,10
A7gQvYmrOFUyRGYGiw8JVw,1145,22
rz9ItmWsKKr1TQBPcnKnow,3372,2
aQaF2EuIz4PN4xgKiirHjQ,3077,27
UZ5IWDJvlWQGQjT4tMRG2g,2176,66
0ZS38C8AP-p_zu3euhGMAA,2281,17
0BexU1_0dOQy5EZgC_PVmg,2342,7
696zcGY1Kiycwz_GeSaiYw,3843,286
IHHEf3Jcbg128y9OOTHspw,2690,1
yyj1nv9Ee8TKkhoEA0WIgg,2812,108
Nj4ySahYB8MS2pzmz8e5-Q,2629,168
FrB2G4zqmyDSEPWO03qyWA,1398,4
rF9bSDfMSw1OkQ8tAthPDw,1087,2
EXNiJaPMa6vSYPpUIpB1fg,2096,16
fzpBgm3BTfQa2aXqAKGQiA,1136,1
8QoOb0HVnju3UorkOwCHhA,1600,20
en-5akDAS4JYSqHFjM0NWA,3709,19
SmzdXGcEfNpnp_sRDcACMQ,1152,13
fwQAy2gMhci3w5JW_lJzcg,1099,13
Q5E6-1b-en7l9XokRYPK-g,2133,54
5HJgsYnn14k_1-ouDlBfgw,1692,2
aG7NFQ_IIfpoK6fdTnUw_g,1248,3
LLy0NLbGC0c402-tGgJKXg,4132,122
7RReTSfunwRcuUiCjmOwEQ,2374,104
LKvwr0-6D3KRXDoQD-4-5Q,1974,10
KR4sx_CLomexkQihXS-EoQ,2090,54
7xki40-TjKizPqldRR6qHA,3238,47
hvdJ_K6mgX6wxE3t-Fo4Og,2656,16
mk06qPW6ToHDr4EOk9fHAg,2591,23
bxCPdnmYt5LS0eePEONNTQ,2911,67
z8TNVES3Bpvu8PEOiOb68w,3061,3
jhVQyz8Aw-qM5vr2T1rNPA,2656,4
RB7EzJGUIkGgElzbWHXfrQ,1728,85
OVSEqrnCkSvDI-03M-Z9vw,2176,2
48UQl8Mrym6sVlWNFEkVeg,940,3
8-KOI2b_q_X3GthZem6-Pw,1126,1
_EjzSFDvEW_JUwUK3wjFvg,2927,310
PHKCDnO9UW7tawQtr8zwug,2235,3
tw_F2wLW17mcIOUQduNSVA,1650,1
dHzYZ7DPQOcSFsq9baGsSA,1901,2
dPdj5-VAiO-fhg35WjvcsA,2045,42
20SWaeAfIVjrF-MNNV2V2g,819,9
3IUfT6WNpRsL0d2PtKDJJA,1240,3
BPf9OxSGaxphOT7VtYRy_g,884,2
S0iaEPqc21iB_HfHNsJpxQ,2450,18
7_S7JQI_J_ekpPT1cvo4Yw,4175,70
HJ0tE0NSsdKrmY4dZ5tHKA,3405,27
g5lt1GtvVdmBhv0bd8jF7Q,2598,4
b_EXapbfYJtwMo2Ow2dE_Q,2211,39
VuF4bFNi_VIScShNoUQ-7A,693,1
KRQPAhPwtCv-Dzds_7H6gQ,2486,10
pH83sORqGTj1q9kKqb33FQ,2046,13
RH5oTlxygAA46zzEUCdveA,915,9
WvO8Qu_zxKODQqMB02f8Gw,1271,7
etNSynRF9dwsfaEIJujdMw,3608,289
67sNd8X_H8CusK571MiT1Q,3431,4
hkXigjMf5xudXJqHLOi5xA,2061,44
WrIARCww7F5Z2eEQw3heQw,1992,11
vbmzNlIv26ry4De8qa6Gcg,1060,24
gNWTiT6z69U8UcOmnGOaQQ,2698,50
0T94bl0nm50w0rGiIL3u-g,1421,6
G21-CN8ONi2OacZXNXWKsA,1542,1
tiGVfEC7C4Blv7FoPyBnYg,1331,11
otcm9Pe2KfY4yr4RGtUpwg,763,1
KPmlQkPlI3XmzIYHp_A4Gw,2623,3
qAlg--IqfdzMAZk8qfxLbg,1908,4
23c6iNu39RENuQRo3kLKKA,2796,12
YL_VmDvDjtWKMC5TyrCv9w,3250,17
oYc_tizAdnNdJmuMkgnlzw,1849,83
DNH08G8kuSfZ-S3Uf2rBVA,4067,112
y8_wnMk109IFHYLDT54fpA,1265,4
nArJh9IW98wpRek_3Cxslw,1685,9
Xu4pO0oidbGjDHanEVZvAA,2146,3
AAEkH8UjWGhAMZHS05V9aA,3039,5
laAp_PZyhkLKJw0qa-q6Cw,1547,3
Ysd6Nk8NFipXyzgbAuZKaQ,1441,5
OpKXC2ncygQqwMLd21ePcA,787,5
N82ucQf4FZ3vyUeGEj1nUQ,1348,6
DmYyh58HTXrPIrXFgF1L0g,3170,51
pJZ3ObVl1kz138WAkR5HQg,1292,1
k2dnrrf3ld_w7T66msP34g,2162,1
XJomLemwzR5ttzOXYs2a6A,895,1
E2y89HCftIj0PRf_-UARVA,1254,6
QI-DFqgbJ5scVYn5qq3glQ,3477,15
eh4g8HFxz95Rt-RptPjz0A,1781,1
gs5uXzdNjzdthHfc8HuYyA,1389,4
SJNF7lDnTdMhCeBBGnakhQ,1209,1
f-lw1GAoQSwHNQZndI603g,973,1
MEJcI05tRGN-0dfFq6Gkuw,2825,16
zLQHxUxfCI-dKpwDi8iAKg,3198,5
GEEH4STnJbi15gNMbJJ-gQ,4750,189
YXshwO3YP2mQTOXgvYcmqA,3075,70
KrEM0unuyJ7yBt6zTsDEyQ,3006,23
I7j5GXf0NOcBHLW2ETWZ3Q,891,1
IEtOn-AjnHfvxw-QsRQCZw,2832,156
q3_VR41L2wpc2LZw9TCACg,1490,4
yjST3WmanxrmPaCzDVyoMA,1373,8
vhcGiR7fPbJz40t3Pwb29A,1602,5
wwTvqCefYFaAOCUvM5XGrg,1505,1
jvlkw-a-pJyz0aHvj0viwQ,2472,1
s_XuXuLrR-pxsjjHphevtw,692,2
7EKUO_-hv5QrERjhGbbNag,2237,1
KHwBg583-G8xsHDc82Haeg,2246,172
-htH8gs41ifcThDFvNvvSA,2392,3
kI3YdN1yxKKdl9LS43irdQ,2682,45
aXr9NgxeAUChT36vBy_Tig,1298,4
sx9MJ6xGM7CgDASBxKDXCA,1293,8
JmmjQ-C8WUfjpflWctgLdg,2613,252
bfbSOHbkl-OjPblpZvVG2A,1339,29
IyZ6t7cYNvhabjs-oknAew,869,36
q7FRawSo2vkwfMkboPt2xg,2768,3
_6QUn0oiMiNPjZb-N97PwA,1269,11
wmnHwNrner6LpXkYEm8-1w,2662,1
OE1ShY9Z_Rrw0qu9tOiqJA,2010,8
H_Fhx1qbKgAcVxe9HGH2lA,1207,3
jSjHnpOb5sPaZP6VT5QvDA,3318,4
LhqAd9dwC8ExYn9l9U1lAA,1313,28
VoeUhlRWVJIceKFxnklHCg,2840,3
zKczeZfskAA5n1mu2INuFw,2567,4
m6DNW78s9Er1L8W3OoP0Vg,2144,13
WOnY6qDUx7Ca6EkZdA6lxg,892,5
xeDP4rDVwJR9Pz58hyO0vA,1568,2
Uia_yCmUkEiIfvY-z8PK5w,3244,226
BJ6moJf1ZJ0cFULyfUw3_A,3184,20
7qGZH6nMK2T1j8bfCYV7dQ,1279,1
Db58Ff8F4lIDwr-IoDMagA,2179,4
AY--cqygOuvG7BUDgYCazw,4024,254
AkEwPMUTaartnpkGYeMmAQ,1999,24
62ukvimVFpJBnqPBzaKUIw,2894,178
0xfhOZtz7ggVJyOeGBaQ2g,2506,24
EinKHwzm82lGqOfE4yejOA,3396,24
0M_Z4mrqDqf7rGSAn2oA_g,2140,49
5hKM6Y5K0Ecpd7tKCilLCA,1296,7
RotfyL46L1mO9ADYkZSXHw,2538,31
OcuAu15dQilDBzKWlrjp2g,2164,7
7dSyk2XgPek9ryW01v4VLQ,1211,2
saS_anPG9NrycMlU0QuGlg,1690,47
uDEwfMPeA8rfUoP0ylCEJw,3259,6
mERuugoLAEpwDVv2fASSsQ,3015,56
RRl5OQk0yuK0Ijp3O_7uXw,1032,4
vg3WkaILN9dPP_eW4S0EBg,1619,5
x8mn_x4yb_YWxz9R8EbxKQ,4282,53
FmLwFMr885MIFgcHk631Cg,3169,768
qxOFg19UE2x-jojXhE7EDw,2404,26
BNV-qoWrNEG20eKIClCREw,1628,5
eOQME5NwEcp31rQLfDroSg,1526,18
8_dLWB03CkfTJ2i50a1bYA,1357,3
rbYkewKPVmEMNEV2HkSzcA,1397,1
lHZwy7KcnyaSoMZq8fDn8g,1605,7
42pcYcFJ6VUmOcpKTaNRPg,1075,3
uNGRP6aCjcJ3g9NEaY3hjQ,3218,39
4SJKSBFAYEWIjmfSj1TBdg,2950,15
Wobv1_e5nAZ7wkrEblWW_A,2089,1
KxHmTSkrLdl3rxNGZY2GFQ,1137,3
GI8NyBVUjyvVwVI8ueCjsQ,1416,15
AOQB_DBNZj_8ErPgI2kMiw,1908,6
eELqtZEZD_axCuHlRUG-AQ,1165,1
0xL-ccu36qQSn0Z1FcNbsA,2199,4
TwHAvY5sE7gVGRUNq0KuOA,1342,3
0ebT3xjxtWQgvE2ZiEutDA,1734,5
_6Lx1L9ScBI2sl2wEv0ehA,1900,1
zUcjBjBVIuRupbALq__eEA,1828,5
QxP4F4vsgo5-btGLWeynmQ,1463,4
i11BnkFWJcTH2yUD7Wck7w,2827,1
hG8DMmruKvnhAEn5PzUziw,2968,18
0jkDtURkcIzQAyHWBYRS2w,1914,7
P87dctsq1wlvMWoujamizg,2292,11
J2n-vlQS3u-11Uy-LYC1PA,2111,3
0uFGTOsfRZeDMHkXLZ6g-w,1158,5
zn2mG2Walt4kwwbtNcQniw,1920,55
VfG3UzSQVBMT41zFrPssEQ,1347,26
KcuruW5CxDeNenj8vfPzEg,1411,4
3fGSBgm7SKTn6LT3YQdnmw,883,1
5zE8p14371JPDFSMfVNmlg,2641,29
QNrvtw5TZgDm8DE7w1wVtw,1466,5
CoWLsGe3lG_h8jBXCEsAtg,1928,4
CSmyHpGMuxCaua-mOCZAsg,1592,28
cePjFUrtxxYWPahNS_K5eA,2618,29
IVil9fL7n5OJRe2zz5yIiw,3636,55
fVAFouzcft4eQsH_3cgpaw,1174,5
Lql1_3zeGlny_Tgq4MI6Fg,3983,62
ZH8pm4HirL1qx2iJ783Zrw,4139,1
mArV9cMV4JWuuTgzDwGpng,922,1
NOcIeL9MKfoqc_yvn_qGyA,833,2
JOtkqeTceulJ5gVXWJyYRQ,1043,4
CqeYNJ2QU2WHLULscGHvqA,3108,7
fGD8IyzDlSVOXhFqwa5XFg,1437,4
PQyF_ywHNHg5wOPwEqAUOg,875,2
yTSOn2vMFJxqq1kSfJAePw,1951,17
tA55Ii8sxsrMV5mPkAAMvQ,1831,10
FxTE3SS1lVaUcITKXefgPA,2646,31
yRCcw05-dGsHvET6fOGJtw,3674,15
gBKdqwPY43ihJsvRo50LNQ,1839,66
1NT2CE1cxqOVYFsfOsgp0A,3794,10
jqIjJmFnvTQRz2aBeJfsPw,1005,3
1UXE_K0GPH9b7IJmlJPLWw,965,1
6hd_MEzFK8TnkgE_u6hI_g,1331,2
8DUAXhSeaSCuCeRz1YGtnw,2728,3
mMG1fB5SL3kE7vdFkT4i7A,2503,3
r88Z9d7P8dbhDZuVbjy7Yg,1796,1
-3301q8Mx_TdZivwk8KNhw,846,3
FjrXDKlstiw_EtFDsX1XYQ,2579,7
noGY1Ub6poR2M9-bfIqGfg,1505,5
Bmfu1O5xfTR1oo2v_gw9xQ,2613,93
NiulbuepX8vzMPi6OTH1FA,2683,1
xdQ1InouTcYNIZaVoSIBMQ,1181,2
Oz_bX4jbA4fDzTyOaBBsWg,2135,6
fZjVjOlNuIR3XCb9GohOPA,2410,5
gUifoDrH0FLfy7lySb60uw,1226,9
kyLeBedT_8Xnvs7hoOgVcA,1247,1
8JEaQpWvZGxNNQnJQoWcqw,948,1
5q_GXymUR-jJzi1VxpflDg,3101,8
MAgmjQivCTTWXNvlGRHKuA,2763,157
AoKhYuFgH5Pi9c8k06UVdQ,2110,1
W4AeK6TRioq1I08VznSqSQ,1303,2
C26Spi8awf28oqCJ1ZQqeg,928,1
aDZsnR0jql6chfUeLc4gGQ,1647,2
g8LVQFzzI5VeJZQ95Mj92g,1045,1
m-QwhRwyuKJrnkuM4IBs0w,1592,4
aDTpFxUC8RbVK2Le98J4tw,2509,4
mUelqrzj0lO5h7ucwawBvg,2025,13
fPZHL4wFyhw1cazFSt3Ucg,2187,8
MYk4l5ACB_UIlKjGXtU0EQ,998,115
f7EhtVFW41iYLKPPUaxUJQ,1666,3
RWUEzEUWI-IMG1_euy0qvg,2436,14
tTj1U_RCX8fDljv-8e66Rg,3128,385
8nAUQzDfOkEtMBH_I4iTjQ,1365,4
H4hWbPaxeAmykvIN6D3_rg,2425,1
0zDydLNDZBfpt5Hya7gNtg,1761,2
dSGyfQZZPdh6N9Ah6zd3wA,1422,86
PAec5gluz3DNIT4p3ZHwMQ,2060,3
MI7im-RoBWzFVpdeeONF4A,1599,7
VSOOaeCY10RQZZOvmZlqhg,1353,1
QOJUctMMWhjifOPV2D-Vqg,3152,120
vNaHwgWNoM40hLNAClsp2A,1901,26
3Kdx7tJZ7hR6kFCq4fSdlQ,3948,65
1gn8xUA9fE69YZQL_QnPag,2069,2
fsyA_tUC-EjArnGRPsX9rQ,1868,8
LHHZbeycPT2Z8HgrD7LLGw,2202,2
HAe9gVdkr5Jrl07dyc66hg,2007,2
s5kBhTUhinT9u0JJY7OuVg,1471,2
r926jFjQ-cqGDLaD63cu6A,4657,308
8yl6mT534RZdasEmkjcBfA,1725,1
cVIckgW0t-LpeFhZMveAMQ,915,8
WUipbbYqrodH7P_nkrL8Mw,1428,1
LoUaGZWg2utsj9wJcrrJmA,3061,7
xN2TJtfmJMv1xAJT9Joytg,1444,3
1umpjQBWj9lruQfui3fObw,1443,2
OI9ixyrr5j6VzXfPFyKQ_w,1514,2
3DPZHd4hNUpY6WAHZVfKHQ,1985,5
zCJ1iY7URqQQpB5TAyIpxg,1885,7
xk8EdnaWD7-9ixjl6UtT9g,3380,4
2dLcUM7AhePDvgPstjb3cw,1865,2
ONI-C3uBclRxOb-KsR2XmQ,1279,2
lGf_I29e2FNsmNqITqBrSQ,2566,17
FiGij3Vo05crTqXr2cDzmw,773,7
pICKrflFltM3g5jgMtQ2XA,2219,2
PRtLXv-RBiukOvi3KOqF2A,1354,7
_yXW5AR0zX2U2Ra0ekg4VQ,911,10
5MueRHkXSFTQDFbqEbiZ5g,1145,2
kOEQtoeFYg6AaXa3jqH3Kg,1179,30
ou8XxCnL03Jc85sqR1bcDQ,4523,146
yt29O_1sHYyStb03gr8qSA,1694,4
MrVIC7K1NdM4r_sPfu9GcQ,2207,5
xj0Msmj9AbNgCGSw5lvp0Q,3495,33
QXZZQOUP5Dvidpxyzf7RhA,799,9
sDrfLGvPNJOTfnh7m_FnsA,2026,6
M1JX8rIaw7-X-RLLK4WJtA,1491,4
4q5w6VPWCE-Cc7GFLQvJwQ,2064,6
mWs4fbysOZQ7sp7Dv-NarA,603,2
apupHWVa9yQnvDNf4vaZUw,3975,45
zXb82qpyfKYfCxzhClyM4g,3398,24
lrdKworCXmhop5_G8woimw,1307,3
iCzgJRAvdrSnfHdTie0Icw,1933,3
XesCXiERI04GqhANZhFyJg,2904,3
FMZ-TopuRoixwZ9yDLZT-A,2111,2
HIZAgIzT1xEnih-bsTIDHw,1386,1
4CUVLxfeTWxg1hZFWaMpoA,2059,3
iQ1Klbi6RGCNgtBUoM3YBw,2334,5
vFl5heVLsH4tGQvq7EPnFA,1654,1
lk1pnUCFF9vSDy5KSkHhyA,990,4
LxR7rrWSQrlOnt_y2uKq-Q,2120,7
v0VRYhS02nzrCtMI1RsHZw,2058,28
f8xlnFJNk1-zmPEr9Oflsw,3046,3
SuWvZjKLJqtxS6340MWi-g,1552,10
buFC3YA8ggEn6lh001xxjA,2201,13
E5Bmcg-k-DNDv948Ms06qw,1210,1
qX0lNzs0NAsMMU7KcrgmSA,2895,42
FgShclZJcsyLQXsPh5F6bQ,1590,7
P3Ptg4l1IvTl-GYKUnlX2w,2920,19
9rmEp4WeiS1_yrV9eUqjMg,2844,8
PiZG8IVA_XVwbPiQPezlcw,2861,25
FEVBE9WSe7VBwC82MCjTlQ,3502,244
8O9dgT-S4fEeyX3EBilljA,1854,16
rktIYR20lI9utFJFDDtIdA,2033,12
Qa4F7gE-odv1s_LYK4AW-Q,1817,5
DZ_78gm0-10ak26SGLuB3w,2408,5
If_w1A8OlIDhGgucLuCGKA,606,1
otlc0MzsBBq002XQBE3ZFA,1435,2
YOz8mD5sC8XfSS1p1LlH2A,1164,8
GGu70lU4nc23r1_tGhyIBw,1060,1
5-3dm5p_mk94yC2-tXYzlg,2355,10
H-FHoaDKoDHthZ70xLWEEA,1506,2
8ggGjPTxREVgy_vBNvt1qg,1290,5
ZAz6W3HqqEXWJdNnEnbmiw,2571,5
-D8BLg41wUqtx4ktoyJbvQ,1657,29
1uLgJWx_BGn6ycImiy8o0A,2851,59
HFjPK1Yb-vPUc0W2c3nFrg,2588,25
Fr_rYSuQjEy6nFrDJzko3w,3111,8
0QsP1ZitK5L7SLZiLkRgLg,2774,9
CixumSKYcRSEqC43-LFYFA,1706,7
7JcGegGvK4e5d1V9ZyX07Q,2456,8
bNTAcZUfxxwcNQmE-s50Kg,1506,1
HmBatDDDCN6YYu5kQe8udA,2697,17
Ok85VDRwOv4_XMw-ArjOjA,1556,93
QOIbURZ5G2hbkYbSh5eheA,1248,3
O0UtXBkrA7hXcam9UNj6fg,3218,6
QMfHg7qscVGH2O8RxQ7GmA,1285,3
fRZLqWPwP3BApcMOfc5VbA,2738,2
2WD9-SWS0Ag1ywW4Vz7gTA,2062,2
Et5YjMSivpbFos3H_PU2jA,923,3
yGwiH8Ugdh3s68EvqIaXgw,1893,2
ijGLATsShJdkjzTkF7OICg,1259,4
Fhn0kb6SumVhO8sp0Gx0dg,984,5
T_cWl4cc02E8cpFUC5YXQg,1239,1
vSVOkIqTK5q5JMbHWMGf1Q,2569,10
sh7wXcZO52RmFf7rhD8HEg,1950,9
D7ZFee-hlXM2GwNAWYhdow,2110,22
x08n3e9GFWVR1lhDyo1dhQ,3629,56
HwfyPTZdVhDUFxy8mPka0Q,1516,6
BtCfT1ZXiK67WqVONaIUZw,2887,32
VWoGc5dnvl2yR31lR07Rxw,1151,2
hhCS7kETlyxqxpCgUFoPVQ,1031,4
Qi3q8Z5Ijd12qc4IMCIeyQ,2661,38
MlAIqepOfdBsGUI70CI6lA,2707,46
CrQXDtOr51I8_mFevnC1ow,2869,11
15rMQQtPi9OOQvhJNYBVmg,665,1
vHrWLPaB30ZPtGdhRGpaAg,1382,4
-MTSvtyzefIZXxDXr4qrDQ,1848,41
fo1SJgpO2407M2OM6tD2nQ,1175,4
wdqbeL2NoY5f3HQkjbRDaw,1250,9
ppbLdILKa-9ejRqheikAZA,2299,27
LRxBhrWawFjorVfKQ0GSMA,1457,48
PExibHz2mRzUtjbyuyFD0g,773,3
kUOhsMaciRlQM-XuHZ1Qkg,2065,30
9t4HU2b0rCVtok3X06IJMg,2325,20
E-Ks5G54NOvTTimDd14mCg,2695,20
n70lhC6P8g2155f978dAFw,1600,2
u6f1mYt7WBs18hQSVF7Rjg,1701,3
7uq1fe0H-U0jVXPVjCJu_Q,2947,179
eLduwHJKdgNQ6bCay2DliA,3407,1
nJwoUFxSxTldssVU8Rj2Rg,1514,5
enWCrdxRaH3amqeiazzlyA,1556,4
bPiNU5UvUi6_gmKiZFE3Kw,2766,12
jCkQSBSWyr80vxwuBeaj6Q,1966,5
6NNEqkVXxvohQ1sWXPaoGQ,2701,6
ZzNaUS9hEOHw5e31TXIs6w,2073,16
A25F25HWzAJRtTOARd0KQA,1994,62
pOBDVarUscxLjpOAvSMp7g,580,5
yqU8skpUpA2IZ6-gghgLPA,1845,11
zB5nFYvsKwVI6AG5K8HaMg,1688,5
sKbryBcwqRp4r_fQWjkviQ,2409,11
1p69S0wa-EJ6JLEIsYSrfA,849,1
JPozPhA73sfHulnruOcevQ,574,6
FPp054J7kLjgSWcRut6TJg,2590,101
jS0Y2IM5UhxZX0l8k6jWyA,1046,3
RlN7EHuwYND6ZYk54jqVeg,1173,13
wQAdUdSkh2pU7GRYBMTscQ,1463,5
nRe-iFpDfjTfAOgr3pI3Gw,1584,11
b0lHQtPNfliF5CNx8vMgQw,1528,3
DuKJpUN9-8nrWCSIyKVMzw,2118,6
rVoi51XWdO5voRZKaCZpfA,1397,11
9UR2AJy0aOH3SAtlq7vmEg,1241,7
OGTHEVjxi1h76D8m3xRT3Q,1598,2
Ym9yW0gjzcy6DqW2VGXsDg,2604,8
X-X_PkVVBdFmkorywxGk_w,1444,6
2P_AbNvLcr4skNrfQbmWxQ,3097,18
zDEkJ5VqnqYKFybGeC0_ng,730,3
iPq_Lx7sn9dHt0qk-7QXxg,526,1
6jhMdVQHbJK02-WIfICg9A,2371,4
xunSBKjPpbzRHOIfYKyCAQ,1462,2
kt8rOt6fQLVIkifdQ_Y_3Q,1830,7
bSWVHFgnp8wXX7kc66xzdw,2605,6
DkAAPQEgek7MSykS2jUiYQ,2224,1
h8X5YitwG9Quf1cacutp7A,2421,7
uLFEclkr2OhtiQqRSYSztA,1487,8
W-x5dkE2-tT7-QJYh1fh4A,1585,1
90QTD-c-PZtTFPSwK2j0QQ,1557,8
Ou3WvUL8jXQ7wW5P9GASNA,1804,23
PEkKFTgLutmgIXSdRQa1vA,1240,67
7youAOdZA4dUEhh7Ms__8A,568,23
WBrPjNRnhPqZ2b8IY2HQ0g,2603,1
QHIpyXUBzLxX7E9NHFgUJQ,2000,7
RyKoPKyVMTuNZb1EsKGQEw,1567,4
fKOQI6q2rCSNQonK_tsO0A,1266,20
UzyjmVY431pjcb_ixboO0Q,1114,1
AF8atJFPKNXUtJqjzy-6Nw,2555,2
l3uyc1q23NKRWf8zIDuO1w,2367,1
kmGddg8wjCopf592sqCN-g,1228,3
7ByBxM6g2hVQ-X2CiEWM6w,3415,52
IyHaja249WkmFi1Lf9tBIg,1623,1
xSTSdqDcc0xqpOXIwEd0fA,3147,95
jJ55V1ECOOWcupWx0Zv6LA,1074,1
c8RIlqkNYq_Gdf6iH34uCA,3495,34
fGx6h0Hqp_uZAcjQ8FA3vA,2075,1
qekefSAEHlHGq22Ov4Rl0g,2259,4
Qz8HqzJEljEHcklSy5IEgQ,899,3
3NwQSIwp5H-1GQmknKKW1A,2390,8
JG1YaB6f5G8Ul7k8unQ4oA,3151,5
NT6xqRdhVVENSZWegVdzSg,3075,92
7Vx4G8wwiQs49vY7bnWoBA,2182,16
fg9Pwv9jDwZz0L02nJtGVA,2501,12
I_Mk7HRk86rsExorSwpayg,2775,27
TkQcvibW6rk1LdqUZHQl5A,1501,2
F_Ph8AtHiMS9VtHruxN2UA,1073,1
Sss4qCOzhCD0ij02n_uOsQ,835,9
mgV8mCVAGSdzyPoG6IsxFw,2143,54
0jnEzaOjPVHdrYzW0dUZfw,1444,3
Z13CaERw_a6XhQZzDpe1Tw,1196,5
V_pMaM6tGtvUN1dfL7g5KQ,1037,18
exrfWffk3nUgnMzmNgDBZQ,2238,34
iiQl4lqqiYyUk3DJiYM4BA,1185,1
5C9cuUuhBidCdFskJjrVnA,2388,12
qmKjfk8MQ6-QBXa6Xc8l4g,883,1
UjdoigdhseGuXGAPE-6TcQ,973,3
VGvwB2Pa5Bh8LzzKY-Atqw,1121,27
oZMx0goMQlDEBwvy1O0TIw,1523,4
BuSz7RgoTS8fmtK0D5AzqQ,2465,28
1SXuscUr9B1GIfRNeZFtOg,2530,1
FOgaInWx8PWoefRkS9VN4w,3067,3
ndfx_wcCGW5lwXEllmFqrg,2145,13
wnk9npJJiBVpqrczDLDc6g,648,1
qp1pQH7TgSg1LvD7RRoyFA,1552,1
Ve_DcnWoI159kFMm3mwCtw,2388,27
SMky_nx5ze3CbrX-ZEM8Cg,1809,2
lUE2cD1reQ2aA8cGI-foXw,1187,2
zHiNMPv8EOv7UeXMftDVCw,2876,13
Nvx-B4kKrBm6q3jNeawbaA,4283,42
uJEH9r_rj865-0rxAHSLew,1949,8
r-hrLCJgdaBiRXh4nL4B4A,1725,8
XjrLnxoD8_OC9nnKg5H2_Q,1719,1930
Lb1J7FbTn74FCRh7eUL6VA,2040,1
Luk4geoj7bAbgipD4xKGmg,2628,11
y3ZY1borPT0eoppZIRmAmA,2644,50
7xSPs5bpWFuAr2NATolzGA,3405,329
pijIru23FbvdqhtnlNU11w,2068,2
n3FgBp4nYB0ASbsZSoC_sw,3455,149
KWY1OHVsEjWdjnaNKB_M5Q,1696,1
ShOe_7VSse8Jo08BBkJw6w,694,3
6fiZ4lh9aJ9sOE-mvYf9aQ,1605,4
VWuVReGxZv-8-0SoI7XOjA,2635,5
glFGvgpurnXhboKKwVRd7g,2099,68
zzL4E_gdoSCtgNhW4BPY8w,1888,109
0csLc8f5n9Yg5bnLCFiBRw,872,11
FYOcTxdJiiR_oL81ROQNnw,1802,3
Uyj_saSDZsSi9ojIHaI_Ww,1088,6
NiTBmU_XAFTk1vm6Ha3Klw,918,3
JuvzrbjaH0jHDLdZPuzH9g,2446,1
YJScppcqnH9CbcaXctM6bw,1342,4
0vN_zQ2HB4CsldZOjIe0Ww,3424,360
fozyaGmCceEjTphN_L6DOw,1081,10
4Gt8YyRsIybajUBZfvuBzw,3362,165
_ly181iHISmCcJqHh4jKsw,1963,1
5ak7u5uT5PJ3WWmzSEP8KA,3393,2
qgOCJTnsKr2XG9sSpLl1TQ,2782,15
oxCW-7CcxChPkX4L7Eae5g,2374,155
jliuVZJ-QD4eJ83pJP7cFw,1128,4
EfoDVrtdfM1L4dk0xyRFUA,599,1
ca5q5yLlPN34hGLumKCJ2A,1331,17
Bh2CYkb9wIzNQPvzFh6H4A,1005,3
2LctkQtuMxJBtzvxZnin_w,1795,10
ZbV1Q8R3tRm7Dfu0AdTPHA,1322,1
yt8TQ7ve-X-tFpTyHOus-w,1856,1
l-_xHZcOYvSjjicf_PAlSg,3639,40
7IHKPS7CQwuWmUoWsRM80w,1816,6
DLmidvUBiGi5TfktTK25Jw,1938,3
71WTuFqaafDF7U9ZjkpsMw,2186,10
Fqqrp7oIY6Qm_NnSRegWag,2266,2
r1hGjumnrHZz3GmLdX433g,1294,5
llkrdd3jUROcLoYnZjiKEQ,2364,95
fvnGiD3SHTlbpu_Du1w4lQ,4516,361
wzYz0WZVOT5_DiCH4zc2NA,1450,14
p2dj3kaFC1KkKGwndVauMQ,2236,5
JP07L1ICYY--wFvXSs-4oA,2706,216
ipRs72nvRfw8C8lDo8eNEw,2482,117
jii83cXyjBYMqlOEX1VcjQ,2957,71
INee2fE-O7M7JTtyVPHqQQ,1753,122
LtUnYKlLDm9hxmogRufI6A,955,2
5ADgo4z9FGFNCRg9r2k7sw,2805,179
_mEr79mqQdmqFpQ-vkD9FQ,3108,4
k1DmnI6_q9vaJv34j14Keg,2293,12
0re9e7gAemG7H1i8vWqtEg,909,3
SbPY2HTy56yA-1B5jooFFA,3108,5
BjMImaXPBHvX8trKtNRwTw,3378,5
HYvXXDqWCh1jq5xPe624Rg,1004,3
WEmctHG5UhSxPpSxzV-TEg,1779,3
YRa_pkgbNSJ4bpdJgjaHdg,1415,2
huMBHP2IJIpiD0hKMa_FZg,2888,89
bnfVHX77sPaAosf7C_5JDA,1285,1
Oqi3v1Z38sMkHT-Su4EFSA,784,5
nGjaRnjGP93JUPHlbJM8BA,1811,2
cAxWNlGnywjY5YB-VTNsmA,1976,2
Kyjew9oe-U9LTdVv-qL3Tg,2856,2
DYrGl1hdLdFs9UrCA9MwoA,981,2
3FC_wOayxPsTVD7rG1Bv2g,2070,17
R0KYBOQZFwt3tIC0CcrTHw,2337,6
qs232lmjyIZcGUYRaAEZ8g,3021,15
Xf9LCs3M83GxZz8if6gQeg,1978,17
iYccGatSTxHUQO_TXjgyHQ,1079,4
2XE47gCCCtsfqfWepoX_Tg,1660,6
SuL5Fuxf8_xmUSVOUvK9pA,3139,3
xoHAAi--T4kkmDSt6kONTQ,1801,15
fKS8Grf8dhR7UGDliTyeTg,2660,33
TjKMJP5uN96aae14S1FDGQ,1450,3
BCrLFMzs9ulmnQR9CqQqZw,2548,1
7SLpx3Oz7AJ1ih9xnnm3NA,2504,18
lqvSg3goZqQpNTVfbnwkDg,1594,4
Vfi531V-ZF0wU1Si4cGwbA,2141,4
Eo49sQc5iBir7dR1IJ4L_w,3069,4
A0cmIbnsHm6seToLHGp_dg,1955,5
s-bQ4SRAbdWxN_YFMb0F6A,1888,1
Vy0VPBSeRXWqOYaWOV3N3A,1125,1
BSTr1WflPmvqWPhNI8cwDw,3249,47
wxUMUx5hqDU-N8QGj2vfvA,2217,1
vpNyC8G5hT2M-SfuZ59XQA,998,1
kkyKVsY2GjM4ek6Nr2_cPA,2525,417
ZtBl_76OTs8HnbL3-a0gGQ,1106,4
P94OgbKTLgU2YRyhPD2tRQ,3286,169
33PhYqUGTPIgf8T7KIUD9A,3480,197
Olq_SORito6lyAPSCedKmw,1195,4
MIuP5Ff_qOYPG6-rk6qWxA,2890,4
kNWxn5hKrkames8W1DSk8A,1446,48
_vHe1pX0BbuxWUf4Qe9cgA,906,1
b_hOVL43ocK8Shn91hdlHQ,1658,106
AS79VHTUNjli58OZ4mF7lg,3842,36
LUjFLNAN_315oRYWCayvJg,2042,2
xymTlypLuSMYI7XMflDb8Q,1332,5
_18un3Hxc16m12ewLEeShA,878,18
IFuplQ6w85i3I7VasX4MRA,3473,370
1aK2dAm0niTdkQMaUuibIg,2134,28
QzpeOs3CzLOkota_TCHyAQ,2258,44
UqDMITsIhDPoY2IPEnaUFw,2317,11
DoF95uPmYELhmMcmLwOaUw,1265,3
UGmm9sF2tnYTQMiz9IzUlw,2285,10
gyJ1VdqKm1T2wGNoHjqKHA,782,4
nz6nHzpZ35L2j1V-Y26jMg,2319,1
3UiqJbY9dI0A_Ak2NETL2A,2108,20
ZVM8RDiM7dRKdyBVPMw4yA,943,1
abYBgo6IYM7BaiZe7_lLsQ,1271,4
4u4jJoK_dy5P00f-jQZvRg,3962,143
DijlUgjQTs9h3zBBWwvY1A,2366,7
K1UOSkVBr0NJc_5zgJfe_Q,2153,15
yONDA7ti_JfOpQopzOoOsg,2024,4
HyzhZk5d002IsA3V9VfV9g,1227,13
V1zp8jWGLNNSyNcY7aH5Hw,2084,4
W0sKCD6Z14TxgKwmB3JDpQ,1609,15
sDODDITD0bAerSck-3oJjw,3473,112
wLa8DpwvhGGLe9oAif8IfA,4379,20
9xNLLZIW88Nzf7m_2ZWegg,2419,6
8SrFtTSqzLRK4GXM1VNLuA,1360,1
NGFN9y3pqKxxs_bI48lAQg,4369,1
mYk0VN7ZCwWwsE5SByyNlQ,2196,12
wkghUg2_ba0pzwsEiDy8iA,3443,430
mT7bAgFMRrRhu5Dh88dTXA,2638,24
W41A5oKvI0TGUMaWHn8SNA,2131,17
riLllDoSTuLjDCGbgXmK3Q,1303,39
meyIXk8L89Kv6q__q6EyFw,1588,2
jcSSh0ufkKwkwDQYuVlxtw,1255,4
jUDmcY6x_GFnwrQK2uBY4w,1433,4
RmndrTbTFnGiYlsxo_Jjzg,2809,34
TDzs_XwJCy7BXqbz9JqX7Q,2606,48
6pi-xyU0JoA8hObkRKJRyw,1525,12
nKI3rnoQSgWHl_jUJwLESQ,1179,6
YExdoQKHzwbZAuswKwweLw,2218,4
zlKktCtFMiySq9akIUp9Kg,1347,26
9BwDx-Irox-lFNLcijMpOQ,1576,2
09XXYuRwYXqn0XxaYBffTw,981,1
2RcVZv9rriXU1rYhWTWDNQ,618,2
QWy2JhifIQXAHy5Kxp0I9A,1363,33
dD6YGWBvxFSnYdQ-4Jlkew,681,2
7YmDvAcuq9CqL0_OxqWXaA,1074,1
M66Qk6obBrPirg-Brn_X5w,2461,2
EmdM5RnHmZohVwnRM7xrqA,949,4
mHFQFy3nGGpLf6gAn526uw,2767,17
OF6ZVNY21dQeWGBsahW4GA,1336,29
_oIxyHhROJW2Su6hWa2PSw,2665,5
wPWxsDcr92nKCKSCk6LODw,1906,2
KubP8phZrn4Z5APQdN4PYg,2303,10
Ur9w_5PbcxygjhyU3Hdd8g,3497,2
HbGOHzB_f3svujdbHvc0og,634,2
kU4bcCxiiDO_TqidtOz_PA,2491,6
TzMntFLa2w4L0XvLAXAsdw,3118,30
9n2f9xf2bGb37ygk3t9Mkw,952,12
uKEtMql013qdXYnPu2kDiA,2775,3
T-PBUihmqvzAhyb1fZXGhw,3180,7
SH4s8xv7gHWFpBPXbgxegQ,2330,18
UEE1gWQMHXkBmSKgu8POwg,990,7
RDGCgPzwD3M891pZMheSWA,1775,2
NmB73nEtYzqcIHALdk6ZFg,565,1
jsGUODCjVCPFc614skrjhA,3132,6
ayeXmIOwpSSempyewFYfxg,1460,4
Y7FD1PjS6ce4r4i8owVIYQ,590,2
HetvG7jp6Rl_TFP6qxmQsA,639,2
fLQi9SocMEFh8unt4WA2mQ,2071,1
dIKtd6QtZXEmk_o7fQGyVg,1697,2
9JJa287zod3zTqIfoLVoJA,1647,6
tg42418RIVom22SiFn7Wuw,1336,3
TREqM_hd9SBveBJAN2FVSA,1048,5
MhR6pFAXNkFe2z6ET69i6g,906,1
wVKnCxLH4ph2Wjc4ch29wA,2723,13
Q3ZOLt3DdcMnUR8gqLINKw,2634,88
kO9wb9ZW5n7y8fdBF6YgQw,1370,3
FHcMSsGpfkgNf6lAh8cDMA,1648,1
fAwaRcKZgWls1Vy-77QoUQ,1916,5
ScZcRSiMZ0oAbKWJvyJP1A,618,1
vmxbTbYbi4xLkvW6plRGpQ,1864,2
rkrkIbfszhdsOD0piEpX5Q,1173,9
o0XoXXHj9UXBzQnHV5UadQ,1494,8
fl6RC6MMp-b4QZoGuAzdhA,1036,12
7c3W-mawDB3yuPhSj-Z7JQ,1515,4
hcLuBovZr2lqQk7yqPmfQA,2009,3
lDtk8u-RWtr_kStCtHTHEg,1868,12
MCKLkG-F38OUbnjK3JAXzQ,2145,5
kxlceuH1_KXO8qhICTXRVA,2364,15
I13oRHobm0smQ2SMSQenJw,2369,203
02zfRitlnbKrI0fV3IJW4Q,1290,18
FoLDJsCGY9exWsXWYEyLlg,1434,5
OgEdKuXMvawczwb0ASPC3g,3144,1
njonvqw6khY3N4qHqJR1eg,2016,10
CH9UWr4FyGvBqEFPEPdRGA,1913,7
z2pYNpJggawhXA3noJdXHw,3764,57
-cF-5nJmR81037PPMVf9bA,2787,1
ogrh5jAM9a6tnL0ekQnYMA,2757,20
rrKWeay8H80m54U3yxP-JA,2413,2
VdP655ZBI5M_P-zUnPm9PA,1368,1
2P8cbqqVcxk3sbboU8LFbA,1675,21
nrFby8UvaxXGqZ3ckTRM7g,2283,4
kthxpMxign_GZ3kNhN2oNQ,1416,4
3WYGvuPrrAO5Jb7Z6V_Pkg,527,7
HNUfR2J5RJV9F5tnkIhqQQ,3414,6
uPUf3ecMancSl61qx73sPg,1956,36
N5wvyirhcr7xy_BsME7qpQ,2024,3
oXFXnzFXPmXiLPuS59NMWA,2061,9
l3nUlJbZ2APCmqA33wa18Q,1999,5
11CUiDjG9rQ5fbUWs_J_Yg,3565,35
eg9HVyUiSuEaKyQEg-jdFg,2904,11
u0ydfuMOPYzV-54-DH8Ldg,1488,6
AjYAaN1BYSRKwooe2i7QeA,3833,5
h4RTIgIoeRUtf12Wwmz9uQ,3413,14
De1eXwluhERqEi1s_ya7Ng,2890,65
J4ElyWq-sMqSQC3nAGQq4A,1675,4
IVBcJETTpaR7eWM9R9IRjw,2689,6
Yc52WSGVCVJFvibpvuFxbg,3260,27
wZOR-7N7g9cw2TKCYZTq_g,2030,2
hVZZJUMfSlGmI7VFdaR4Cg,2488,24
ZJo7hB064NItKNjhGLvpIg,1379,3
_5ZSCejWNSmRlvoCSMVJ2g,3116,23
_qyQ6y7b6lPsUmemJFZjsA,3647,157
PbKB-uyohVN7RV2R4ym9lA,601,1
D9jOjFlvsHliqM-02NZEaA,3229,9
HCBH33CUsFfzTnGvgBevgA,2615,4
wxtIQF4cDfb07ynA7pD4KA,1178,4
4B6g0QiOUZu8urqkYbC_dA,2359,2
jc-DVxWCEn0xULBTWgsYnw,738,3
whjFmDEvvxchwmsDWFiV5Q,2013,8
RNp34XBDhBJnr7T1ENoQAg,2337,11
Ny4UUb3NwPqjQsvxsZxi8Q,4744,26
viGxhV4ObOb0ZISMVCTr1g,1474,6
mASBA7olEWKYKepopQJjhw,2833,41
VmDtfEIptNKIA4CrXGWftw,1680,12
Z1t1QUYG8Pwuv7YDTYH-PQ,2653,1
eUWPNNeow2AjzrhxfBIXuw,3061,1
TSWH79UEaeANICMz2EMGiA,1117,80
7etxO7YYBrcsoP23gFpAJw,1445,2
uqWkX0zUW3nUnUwrOicNig,1023,1
XH-hQblo2Ca-RZSEdDjJAA,2904,69
GY6ZvImU42C2xQWuIseqDA,1541,5
gpm6crEQcdAR59Y7__YAjQ,3340,29
FGbjBa8iy4Mweo60JVmO7w,2803,8
2VTHkHtKgDZgJAIJU1g9vQ,1334,26
QTzgMMUWD045PFOealowgg,764,10
mTf6KkkwNiKbaj32-451Bw,3598,1
B7FZvkTjkh85KN9V7bMCqg,2560,17
Xdg4bPV7wGJvfWRmYBFBBg,1902,2
fYIoeB0eCiz-iLeQkNx_Vw,2234,4
gRnuaEPod0NTrB-Z6xutfA,889,1
e69djKwVAdsqOo64tLzTsA,1850,1
hZ2-cVPuNJ08wXr6AC3ovQ,1565,4
QyUr9yPR8X9EqnbVa7pqfg,2011,2
PZGnG6uEp0FtwQoKb_UJuw,2292,2
OiXwCLTorld2u6Pqp4TW-g,2843,5
3GHGNgv5QchCubqgGVh64Q,1758,5
r4y2BU2t53a79bTXBqOIuw,1552,1
vf17WjXoNUuTBAy00QIpdA,2599,1
_fWwyz3NPmtTw80Yy8RhuA,1355,12
QOV_Z5oqD4kIjkc0v5UxEQ,2899,5
KN7SOYTYNF7UbWc-pGbSiw,3992,18
96Ntwub-0iknIG1mway8FQ,954,5
rJMyBvgLX_vGs-oCYwFtaA,2854,2
tTnFHscTvbWy7uOq_USA0w,1564,6
RJMCYA_EfC0CyKB0Z0Zx5A,2623,3
hc29_02eXBf2a22dmUAXgA,1345,3
U-gEONXR-djTQyRLIeYYqA,1571,5
iNe9Zyj-e0-_mRHelK2AQA,2906,29
-TfG4rQdCAUumIkG5dILwg,552,1
7M7Z8DHcplh8x-1nxbqJ1Q,2304,2
TXjWxIEgge1DPlT3fGrm0A,911,1
LrRJvEYD5SnNQGGEb6-TXw,2657,8
k2RsN5R8ZXwBGceg4AA-gA,2309,80
dZvy0NEK435bCP9zhWmxUQ,1719,9
hx4_A9Pd29eTJpT22jcwjA,2532,4
BSBSWkcgCPGF1760C3H2ew,1557,2
SfSM8VrfGvBXMPBKulk19Q,1288,7
bHLuFvEtlNjYeCYwlyBKzA,1464,2
4DTNSri9Qs8TUjE6_B_wcg,1273,17
uKRXa4p1OoQgRzbvnvKndA,962,3
syDdnYu8raEz7auFnRFR4A,1388,3
pXbkXhVvNOIdNxqPLbAH-g,1221,2
4zd_lseQIQ2dgBjADUYcbQ,794,1
dU4Q_l5qxZGoPsGmGu0oDw,873,2
OWsnjZY-yPlffkPz831YdQ,1461,1
bQd2FxfQxsYrQ0t2QOzl8w,1258,1
zH8PmCoj_8MqYAqrm55xSA,2495,1
yXmeeQ2at-_EivhgrLrsJA,2229,8
ljUQz-sRuUJL5yrm2O4cmg,1054,3
uw-YiLOWEz4XrtC_DlUKeg,2813,19
5CSOuhyEGKI6HqAdII03JQ,1477,2
ergU7cXUBD4UYG-ltYAtqw,903,5
y-BcmFYY1f33CuWNmiNt3w,1631,4
zkyAckgbZ3mEnqAlLwqAvw,1896,9
KtFcUW7A1aFqWThoNMUglA,2337,8
aGs43uYmfODlDYIDdnNm0g,1918,1
eyynLFkfcGcrX5PUn5yv0g,1561,4
kCgnBYeeooCU69AnkyiV_g,854,2
vwGNliBL3SIq6ljY2hJGaQ,1996,4
_7ep6xKuRypXxKBcls4gpw,991,4
rhYjbSdlkTHyyGhd3aTHpg,1211,3
3brbrL-dGTFdN0V3lXnHOw,724,6
rlroOKi0BjgyHFW6beI0NA,1603,7
Ta3QVgFCOwg_vYI-ltv1Fw,1870,3
WSzAS08C95Bm3kX_Ymooxw,883,1
-qoIxUsVmtQCL2zfu8Q6Jw,2752,2
TdoonaR8o6DKRdkTC-WT4Q,2374,1
yZ0RhIFgBE2uzC-SASo1ag,3156,11
Qjz-ds7UhzZ-PygM_MERuw,660,1
Hu7BqYq3gom4z48NiYhRKg,547,1
D-fa9Ohx_JkT9Re1ZzhbjQ,664,1
1oHm75oCo5c6OJAdSEP5Sg,1060,2
UGOUt-pCaUx8SAN34yOCPQ,1295,2
sn3CEIhUj9o6lvtbr0yoBg,613,4
zC-7GxQdUssGci6jPYPjlQ,2196,2
cJMEK_sA6an9HFUcIRM6LA,2879,1
jVmK57K-AVizAPNWynQBcw,906,9
u3XBarvVWApIH-w0OdKBww,2515,5
9hRdLL5EySC78Bv12UPAGw,2470,4
snrwaO3uQ2GIJCILrNJ9jg,2077,3
B6EXompe4HQPsjWaDgHZAw,2130,3
afbrH6sijK7tUxpNahzJNg,1315,17
4tMrqNgq7J1o8OQxsQUrPA,1805,2
DtYU1biOZPabRNr9hgXP-A,1858,1
CiicsDFSMXomIQRk8_jwuA,1516,22
Wuc0Pb7jkp57ogLkYUn5OA,1120,6
G0IIKSk2n3Oxh1zkKJcrIQ,1243,5
G-zjfrHAti9emgqVV9mpaw,2860,8
eLWYSZgXHIA_BipJXmSKvw,2548,1
b04DcUChkTeNpxbf0kZpEw,2061,13
lvF23gWlq71boKmr8MNQnw,2501,5
-H-_pIlGHYiuahkGT90bYQ,3386,17
9e41pUNQW7V8Oy36-Kt8pg,1310,1
ninQZnRSBXN68lCBFu-8Sg,1592,6
tdwKacB6P5yPY_U4KZpwVA,849,5
NeN--Bgy4eNV1mWDsvR5AQ,1298,4
L59LVH6Z1GTPMKq9Ivcnow,2400,3
GF54zr42ku3EiBmLg5omfw,2102,12
r0-aVFpfkQQkvQluCbuRCg,591,3
azz3fgexjIVd6R-Gi_Nttw,2156,10
CG9Ee7yJ3iTksMpirFe84g,2354,2
mRWKqiS_iM22LtECXIbSzg,1519,1
SUunQdTs2MhruosaXVwtXg,1624,4
1oYv_3-JfwnlB80de2UFww,1261,2
i5Ub8AYTYHx5vfuKH6WgtQ,2365,6
NL1iM00CMbf4fI54Ukgwog,1028,2
UksXNW6Q8TAbVGu9qxQsvg,1910,5
MBzvM3FHVliLrPhzRurM2g,2761,4
-uy3hX4bkXW_hLhk1_Cu4w,1185,1
t5O_VcKI2fIEE14j-aqhhA,1881,13
m7lcGQrGuAnFWLYm6nkfAw,1423,1
E-xfyHXE2WRcc05c7ED9ow,2261,8
Gsy0ijLd64Qv4rkXebQXIQ,1375,9
LOheDt2Azw5AQZteieMyLw,2950,1
CSUyeELMZ9-TDh_uQHgSKA,1276,5
KUZACXPZMxVqF1KtlQh0ww,1146,3
n5FYwMsDyl4uQM9mg_tgNA,1348,54
aLuOSRVmZ_DZxyXLfmv_dg,2109,2
KABkFgE7GoCaYbT0ksg-bw,2594,3
skIUz4i8puZJGWmoagA9TA,1012,19
BMpyICO-zc_XoTDnAQSjfg,628,1
sZ52NB3g47QjM0XKtSMlWA,2190,10
Gb-KhYXxzycWkOJ9Ry-IbA,2016,5
bV0ze4Du62BehWfFkqTC2w,4121,1
NCCdl_YtbGpz0xMGQ3u1Ew,2858,4
vW7zUmTVtnt0PbA37GbJFQ,1054,4
9SGA61cmHKT-uQLC5W8kOA,2664,71
JL6qmZPOmODr0aaUX9c_-w,2187,28
WHV7ylCAeb8-nm8sTAZWTg,1453,36
gSuyNm372Qkn-6LkyIRI6w,2290,10
RGO1s2ZlcOQ78_Ts1phgNQ,1264,11
KBCNNHDfdS1Da94NsGOBJQ,2109,13
NmPSfbYr7fvWz9_RCFXCcg,1849,5
4mYSTD8tM2y7gDyGXYl3Vg,2963,1
wiEIIPomjp36V9xURdguHA,3163,2
1P6UOL9J3lqpNfbk8xkk9A,1197,3
qVCxxOXzMlOh-f8vuSHaAQ,2783,12
ffCESGkh3E8lL6_HsnWWEA,973,1
QOR364S_lDga-IjjQMFg9Q,2708,3
hARwoM8Tc-a8iB-uM2LCXw,2706,142
u7_U8sEsCeMl6QD6ZPRU1g,2459,23
2aeN8ng3PLVpWQr3bTRzFw,2195,1
xkdDb6GR7f0VqGVKSJC8pA,2054,2
6fOnqyRFDaWhG8XOIcAvtA,2726,77
XZFWB7jNBTrAto6xpAMBvA,3249,89
XwC_5mpi0Rcms0ZZjOiFVw,1571,2
w9htEYIRTTLwfbs7UFsHIA,1324,24
th4pc2Udoc0rPgCgS9CRWw,3149,51
csqqT38Ty1W3L_mSTLRz5w,1969,3
DEPNhnyl_ZADWbGIqiLOxg,2529,13
mS6vbh7My1maVIqGOwhigw,2277,2
2c__6UGsUM91H-XJAzWCOw,3255,11
yS0h8gXniOAjaVP1qoPUJg,1667,5
4QTwZUnnruUdfhrDJR7H5Q,1692,12
Ehs9n5dvNAGBjINb1GK7VQ,1998,12
ayMuHv_alTih10mbZ9HgZQ,839,76
0wSfmQabSYBdsxwMk0bycA,2691,48
-1i16Xt-zMbZZq4w3f8Nrw,2062,1
XGtQYwdJ-qHaMjzW0zpP6g,1189,2
uQLRLUD4NeEprIJx_eOPuw,2292,3
dOMbG6TwM8iQIj7OQQWmLw,2378,5
aEBzOS6h-WQUm-z-b2EWiA,1890,1
VpwTPvuHcpXsBCj0tMOJJA,1688,6
q2IeZLR74YWO6M_jS8s8bA,1430,6
-n3qUjtgNJXxzqfiRHZP1A,2875,28
nbQnwdQr671_wcrChivRzg,1242,2
NokA8MRGYLWpH1FaAXpudg,3528,6
F3Gz56MthCOZYgXDtie28g,957,4
IMjWdolg2qeYtmrDmxXLpw,2597,1
DzH08cm3UuFHn4wPBHINwQ,2611,85
qvCn4P7AI8gX_YsV0symtg,2887,3
8A19vHqp0R4_2L6Cx8peSQ,2108,3
XPt7VZAwtK6r1qVSvjoieQ,1016,2
SOEl-oJifYrks0--9H3GDw,2750,15
eqOR3qn7Go0a5dj8ij36hA,1844,4
ueVDdDiJR-BrKVR61JbGig,1563,70
tuZkf_synTfhfVfyMuBneg,886,1
GPeZm9YelyGBy7QKbSHzVA,1879,7
krJQ-n0H7G-2GbH3cdznsg,2421,6
ihkBpSp_vyCxUyVc6Cy14w,1687,1
aVK8YJf_KT30Q2gtPm3GUw,1613,12
BghVMfZmhik3OyrahXxM0A,2223,13
y3g-stHIz_-dzMxoq69Lig,1397,38
Bk4e6ksSV7MXyfKaCXNlIg,1754,4
n-RvfJtzDFId8v7fF7px_A,2126,4
FMC_rRDMOLsiO_CC7q3Q3g,1560,8
ZKFrJf2ZNWlvmIiWxA4HKA,1409,3
mIU63D-NAPlqVRToZOV3Fg,2730,13
I923GTCBQsv5wn9QYjhEcw,608,2
oJ27FrcuclQMNqEZCk8qug,2369,4
95WF5k0C9upUNKyTWjO5Ew,2443,26
yajSeSX1SavVC6mW66o5TA,1477,2
ea40dShXIcHHITiiqUaZzw,2823,5
XgzxzXLU2XNqGAuDYThuDQ,886,3
qPTP8vCaNE5b6x3oW2wkTw,2213,19
bT05STIcXVNVrAwtesYtLQ,3231,10
IP2b2AF33E7BrkP6XQSE5w,1521,1
hlgjzT62rCVSHzNsGxHP3Q,2910,41
zKy5Ycuqz8IV_-Vx0P9S2Q,1145,1
vOExAu8jvQSUW4ixFRefXA,2457,1
AsIbflauBPWAhFciTx5kFQ,1454,9
AKH5Mf-xjJ_u6L9qGLxCxw,2884,2
goI56OU_g6AsM1w7xVydPQ,1416,7
0yVTD5aJOSUvQ-0uCTD_3w,2433,11
NGNHlpYcOJY-16ZaPQPqZQ,919,2
oW2F_wBl2BfZyN05mMyONg,1713,4
3OD8tFz_6Jjru6Fq4ZzVdQ,2572,28
Q7Eb8MK9I-OFG8uX9Md7Ew,1613,6
rocMfgJM4NRwzYGxY301fA,1364,4
ZhlKMbY08QgY8eQG-TR0Rw,2936,4
HqF7LagFYXEI8ygt8KzlAg,2906,2
uu2wX3uyrlhK6l9OaJocSA,2470,12
bDVCUyqKaintBeJEvNN_ew,1389,4
rIBKx5KfBBMyhYabBQoaoQ,1924,7
X8ETN8y70EWI9-iG8dj99Q,860,1
RNQ_RuAotWY8UPyQTs_50g,2325,1
mw8QjlqwR1FbPDKsvrHdig,645,1
VltGcfxYl9N4unj9VUSrgA,3414,6
jDK4YHF8yIXWkr8eAuiDIQ,1943,5
ENTAQXe9IVYHTNe8nXk7wA,3703,33
lhK_7u6gcx4pQ5Z9GBn6BQ,2953,20
RdLKGDP9SBnVUQNMuKUbpA,1456,30
Len5SFtKz01uCgrvSxtLvg,1643,16
t9-P8mcVls1PrhKPTmGSzQ,2559,3
L6dCs26i5rJVoZPHzrJ4pA,2889,8
MeUrn3dwKMARex-yOWlxQg,1546,30
-zWqcgbDQqwRE6sIq2S0lw,1395,9
_cg_t8O36stQII18n0ROrg,1297,2
RSkPdi6l1DIxf_4Bwkmqbw,2316,1
79iJTsh8TfbxdNKenCkMnw,1392,1
H7vKfwRFa-hgVDgx6yUmXw,2944,9
Il_lKFTWuNwThu70tXN7UQ,2670,6
kw7p3yH3Vdv0oCU02hxgww,3489,7
j4N21JV27BpXgLghyKoNbA,1373,9
ycTleCVGkCEJItqNTfR5TQ,1642,3
-84bBwpgFHgG8rVvdhz44Q,1096,1
tBo40MzfCLtX3u11sJZHXA,1730,3
qLvK7acoL2fBH9Fjaq0AYA,1402,6
KQ4xn7G0AzuqdHlRWFlbKw,2277,12
U0LA3tOG_Jbuzab11icQ1A,585,3
lLPNUnYwfpVtD5RzAm250Q,1122,3
qyfSh4bHsLODj4mjfHNI1Q,2108,1
7C0NI9a_YP6PrNe4JSzZ0g,959,15
qmp6H0ietZBaeOIOxbNKxA,1978,6
CPN2s4pQsX4I3VGRrAmCkA,3161,17
j3ePDDOIOlGj9ZYyVnOqOw,1779,97
E07gZP3B_WiPhuBskcnHoA,1295,2
G8H5JdlZN_FR3nPXiSqW2g,2988,16
FTgKVyIFTzDsVleGnuNMwQ,2315,4
UUS22Z__LmWuAmAvbeBqmQ,528,1
6vJpEQjCeIP35a8ImJDbxw,1968,4
czcy4wy13oBJKCLA_PnzqA,1217,7
W7lPdYoG5ipJoKmgvmJApg,1502,3
cAI59slQCm51gtJhRAzyMw,3151,14
DTq9KNSHiL2OvOs2Hyvr8w,1254,2
uySBzNl8nhXex1mAWIjX3Q,2862,2
NS1bmWOkYnwNCRHquj2z1Q,711,1
TyxVUvHeysxoeM5aqUVrdQ,2300,24
fcz5X2oaWH58byd4CajNzQ,1787,3
zD42JLYMp1NCkQz4xCCAlg,2046,3
QWGe2fyt8GWoZ2HGcd1kzQ,1620,3
YjbTLqEGCw8fUIE6w60ibA,815,14
ZJWpfLUNoxi_KVex6yx_CA,3152,6
G7_cQpa4aA-hG8RFIbz97A,1905,3
mq3WX5GZuJhy6zyPe2X1mg,959,10
EQc0e0ujy6V1tiZDX1TKrg,2527,3
WyeK6PlrQmyp284nrXwEuA,3610,27
qyqaNWAI6SPdqzD00J3Uzw,1984,6
9L6O_ykSFVKu-D1lOeLzZg,4179,17
HZcL38ivLk6alw5rph3frw,1932,35
S7aN-KFZNzp0pAB9IibE0g,2563,6
9P0WMFGXaaRIAhlnnQN3hA,1528,11
E-vp2e5JGK3SlGYsLQliMg,2020,30
48k6ZWxUTbOSNGWwYuYT7g,1049,3
re9p1GbmZ-cVhq7f-aXNTw,2795,1
Bnf-KvDhT8WXrpv2WJEOQQ,3433,238
5yeeQprH7NUhbVMPca3M-g,2117,6
-GYO3AsXI8DDOEzuhLQlQg,2095,7
fc7nslx62rAQtmtgIuqLWw,2581,2
oaquf43pYY6STzBg1rfhog,807,1
rAhT09IVrQI681rvHtx2SQ,1764,1
3AYdZQ4zueEzZJO6cc12cA,2212,3
p1HnttPnHFuHbWNQp2lflg,2388,4
ww6SJqoqDDlJRj-f6B56Ew,1159,13
nKWU6GbzQvBNFtzha8PBxA,1123,4
e3M84DtXlSt_IpF6NH1yhQ,2485,5
e-vpKQAH1ONYLuz9RrHjzw,2037,62
NOK80anlp5eCq-JEbD8KSw,2160,89
4GGhdyS4qiEMZZ-ZzYWmJA,1040,4
oVaGl6mZk0ZOV4ORhW9naQ,2485,1
5mz_saPQ_RR5QIEXJutc1A,3161,1
XDoP2UNZX6pvKy505YxGqg,3058,20
EW7qXFEaE19ibe-opax7Ug,3950,41
cayLrHDsw-jFNg4EhO8zZA,2473,46
zxddeTFgG6cZDO4t_1BRwQ,2589,2
WDRsRyQUHR7fXYtN_wXwSA,1171,41
KNN5hkeYsXshr06zkvCfhw,2569,3
ge1tYc5YZD3oO3taXM1-vA,3007,2
DJse0kAsBBZ95bOlh0sR8w,2565,10
LEu73mLi0jFDqW43TrgOyw,3090,83
QT4C-qd15Uwt26t99OV2Fw,2296,47
SCYiK2LhAuR1sObl5e00pg,2089,24
szfXUFtnheh6eA0dJR_G6A,878,2
ckCE9W3z1ztitEHqhijHoQ,1838,4
-6tQ0-a5ZV3PAQZAb2GmUQ,3606,158
grnUUygqXivDHdbse2aBmQ,3071,8
IUXiHR9DKW6LIldxueaBTQ,2152,46
ys8lfhJAOrkR9uExONf_uQ,1649,17
Gvt7n5fwsDM-KzKOXogm7Q,2446,11
D7Ao1Y104uDAF2H1P4pgOA,2378,2
mLs5i7eJaCc1yuh9J9DceA,1456,3
GMqpcj2zGggeOtd_AUjP3A,2856,6
aeqDJKbsSWwfdboLaioa9g,2708,6
Tam2hohNocJcAfFKC2mtvw,1017,2
P6fr2b80NDW8kyK9ND1fvQ,1098,276
1RU22aGoCObhW4kTU9g4hA,1270,1
7gR4GHN3U0inVg8eSHfGXQ,3113,24
IuhxPq0RA6FIzNr5AVOm7g,3539,3
mOMnSaYy5XZ7duPtmOd05A,2103,26
QtQHkTLvPHWpQgGLfI7jVQ,2594,4
rW4OpwURRPxTLVwEECbnFg,1541,2
3qUzDM6nKnY7j3J1SIq0DQ,2865,22
CJMWOXrj7L7lB5EEoZhpGw,2928,13
ET0NKKWOj718HYypuOxp0A,2682,2
UfMdc8d9vzSS0C8xnkSr_Q,3151,33
OHKxYWYbtEYG7VXtFNXj8Q,797,2
PMckzrVTSm3RLNzkIxhfNw,3528,6
yA6bnrVtoYSjTrUEfcAg1g,1195,2
JlMIFo_lysFCdH9tRJzfMQ,3131,3
9K52qETfVKZSVNngFrahsw,2096,6
2aCFT2ioWUXni-jVbBLMWw,3091,55
7okpZWmZJYvCjKvztCAryg,1046,4
7m0ULxtc_faMIkIU6SN8tw,2531,2
kF48JuohznvKDwZCQS4Rng,3072,17
liHxLrOs3_NpMXQFdRlYFg,2542,40
KtacMMLBvnt0yYrOqLxWnw,2385,41
dKoC01ic9UW_Fx7tCezCgw,1808,18
odgTNF_OKRX6fnpAZsv1tA,1988,19
PxW0oVTADJ4lRWMNRfUaYw,2865,1
MNWjprHQHkyFRxkSVaTwzQ,4381,16
jHUXe_DlQA1Z7SgdTp05XA,1520,11
YSV8F_OPWRyWbGKS4eFBWQ,2773,8
Wb8u-9-8WJMsKAHWholeDg,3791,97
l6dWH2ENhj3H-BHF0TTIYw,3055,11
SiGMA9kuzMuY8r__MGgZ0g,2336,45
QTe73VtCcQcLLHXBg1jHpA,2536,15
QeN0V8NH_GM1ZyiGAmZYiQ,3468,2
UxhG151pfVevTGH7BLlI4w,1526,8
cT9zjYtJRhFyfNIo7GdkXA,2077,329
NluNsDk1fMDM1rWRnEo26A,1570,4
CAdxha3Qy3bIY7ACpXMRLQ,2899,5
DuQqOb7o5ABruP6meolDBA,2363,2
brJa7rUb7HDS0mDUZm68hw,2421,343
yNyMVTXNiIaB-z7pwFLF6A,2551,36
PkPhumf4UK1EsGFHC5UEGg,1563,2
C3P6XZArSKiYibhy0rFTEg,1569,3
184GitiwPZ9DpdryG6PNOA,1511,1
rwz-bpMLMvEKrQEQEpDf4g,3156,13
sSy-_sA2uetRe9VaCS0UIQ,2055,176
NkcOx6u5LyJE93Hjsw790w,1413,2
qdkXlQEsCnA7sHV7o8tTwA,868,2
vw66sGixFVc3jjl5blMw5Q,540,2
t4Zt3aeB8n0SCbQscvShuA,2310,10
YDNdbbyRaZesUOjhwENBGA,1883,34
jeUczugz-dLnBTV8zyJsdQ,731,1
D3GiBHYGu63R5vxXedUTLg,3245,18
4MD-wLmB0WY-Cs21pPwxZg,2917,4
o_jnSdQel8bSYT7Qbb-t0g,1617,9
hMcRc1s7fmZRgAQK8qkkEg,1548,4
evt8FG-JLwLkY7HmJgtfHg,2695,1
H03ckaLMZQ9j8KiNajh0xA,787,8
ARewVAOKTBMBrCmg5OpwiA,1055,28
qf4iZM5NcoZOfLsIQLrd6w,3670,24
kXiLtHas2QoLuew59xj4Jg,2335,14
RFq2Ows423ClkM9sZ8q-ew,2443,10
wrm0-tVo2bpUHo24ulgLgg,1198,50
hkrI67flSzQ_eYkzRSG-jw,2360,3
qHNFWXCZSW4BL-OUiXuZ8A,1986,46
_ZGXHiAlsECh9DGKE2IkOw,2016,13
US9sDAZllMppS5kILnjCtw,1040,3
Tvx93X_Jw6nJNFZ7Gp-n8g,1657,2
JT0UJhsMICufmSSBfOiuEg,799,2
sc0WDhvOO7uC7VeyYu6fNA,3219,4
M3XSNNrIFPg0fgahbZU_Pg,1832,24
LsmCU5hJEPZy0ZViqeeQyg,1739,31
VI7WoemboZy3e2MRKvJy-g,1819,3
x_7JjPoVsXmnS-3K2a7WPQ,733,1
YI5zMbBq94jx5P2r73kzCA,1706,46
hOXvrX7rQ7ZVY43UAb4Q8Q,3413,42
Xh3I-XgvjG4yOG9RZyqgWg,1968,4
C_1sp_HQHHejylPsPB-cnA,1793,3
HdCw5ePxCAN7G9JFiLZkOA,1268,6
9iLLRwWbIqPA_DOMQb3m7Q,1797,5
5coCPZMGbSGDn2sUo5UEuw,1901,11
1AVP-WN_ygNuvNPqFhKc3w,2027,2
lzKuhFPNoZcQwnM2fAOh6g,1630,6
Ky_Z-lmodc_O_wfjX85OGA,2683,3
tIOrXEmHk5y03CaDoRAU3Q,2839,17
gJ0AtOrAJbqwSHDkweSOSQ,1043,2
wW20R5Xh_VgIjtmLXDVNqw,1395,5
xJrRoVJd9qEYAcqZJung_Q,2282,60
u9kgBYrbV68UJqCpSDsk-A,1161,3
3TLyWRNwpbyeyO65uPlQIg,1911,2
UH1Baremef79qGhPQ0Ef3A,3085,2
AENePxfzIgDD_v3Jy-tYQw,1565,6
CEe5DnORwkbQuhoUauVhuA,1661,2
2vWv86nnRonPTyYz-8BS3g,2856,102
yBIRafOKrwosyBPZTB1Jwg,952,3
hPGCPUh1-At6--rMS4Hpvg,1994,4
qoa7m1mzfar5_0Lp_2S8MQ,1462,2
Wo6xIYVjDT3f9Bue5pBK2Q,2303,3
34IXI4fvh4ev_mRFgVHd1Q,1666,6
hiaSnJihkfu448Br9_bbug,2312,6
UGq_-t1Orr9fwPXinXJwnw,918,7
l9Y4d-k4wwL1XjrpPjJhUA,1504,3
Ftgx2inOtQ22EsyJty_H-A,2259,4
RHDdrp9h1j70jvRdbz26FQ,1211,1
5-zOsxmr5oT9yZqf36SCgA,2697,2
a-xsWTLuSgGXkC5mZ5HVpw,1739,2
s2UhzqDk96cf7emBStHmTg,2876,8
qH57WdEerjoj3WWQidSa-w,3593,3
knHAj-LocyZP8Zgt6MDXrw,3555,15
MMCk3xR-4VJ5q7ZRu00oGQ,1400,3
gQp-URTcwQjFlJiPdpGsPg,1968,4
UDyZ5tbkjciyBpyigsiGRw,2500,5
xZTd-WWR5TRM8z84zQ6PDQ,1698,2
UmNuHmg-CW1pZsW6fWY0uA,2461,52
_WwB67R1GAW0OGzVXdxo3A,2898,88
wOE3cUvI22-lgjGPJjz-Pw,884,22
WN0lCytoDKWSqzaw_xBEZA,3452,9
AZnO5ScM5rENgEsfNgNVJA,2850,38
TzsdOJeN8aCawj4JTqiVFQ,2384,1
LsUDmTBqbRXDquttNjWP7A,1270,59
_D69kfE932BNC0qDr265pg,2845,23
S-78cxtAb_YEP8OJiLPJoQ,2519,3
6wBFXvGNvLc0S9o1xVdsVQ,2735,15
PTnXVbeNVLrUqv8vZoZ94w,947,4
yqnT8ESsw455fyIDj6hPHg,1568,5
JQ7CnG2JtkilcccjioqPEg,2188,1
_vLnYRfXgAqzGSVyd4V5-A,2138,20
p4sWLpH0KosST_JFhXW6SA,2250,5
VLVl_eEWg19AGEoh8OdBmg,1759,5
fXeuNKK1VUmEuSuvRf5FRg,1968,46
Sbi_YItlH8YwXnQPi137Lg,4075,108
ofS7M8HgmXUy6_OrZUL5lw,1370,59
Lx8l2zqTUOE8TmyLwFgicg,2849,60
jFSJci5YWpn5seCD9Cmczg,2484,96
awSaO2bP1A944lxOzT4XQg,2624,1
UtKx9EfZhQL9ltpi7i2v6g,2456,10
j8smQNNUuWu3Tl0V1Rz8qw,2694,1
JW8qbgSgoHg_1R5jHS_cKw,1032,6
PNZDLl_vCpTbrbpLQjfL3A,2596,22
hYuR_pqTTn1fN-xP2ug-hw,1248,62
eGR20fsyk7ZOhBLFDdPXfg,2636,3
UW90iir2_dKnKLQBEgk1eA,2552,8
fLAPwcple-oIq0uRfzTTCQ,1722,15
KtSfkNR4J39InLtVPZZE7A,2016,128
GU7qqX9bmtsyQyzthgqWBg,1832,89
xVWWHq1-xOn1qtzFG1-ofw,1578,3
Gq0_Mdt2DFHgjJSXv-2mIA,1651,2
rz1JC9WIa3jJJSa-0L7FiA,1785,3
iwvndJ05-Q5KjSsHhjNKOw,2720,135
_Te97bIP9SEqV0flX2ohKA,3546,1
DEgTNtiSfQUKtyydfDGzBA,2635,5
DVxOhS3EW1pO1im-KJx6bg,2553,13
4sbZVQJWzZOlN0CwpBGU_A,1087,4
6sYxys822SrpvtqBLvPW0g,2127,30
rjmy9sxf4NP_gzx3P7QD_A,3097,15
zntpBGekxAOboSoyF3i-RQ,2356,6
Gyl2F2MrIt_hgAaLfPNXMQ,2889,10
zGhUYogBXehLiM8Oo4LLCg,2248,4
a46BLqzUnCnaxr4wDYuD-g,2047,53
F5F1rEvgyGkRvr4MWUoOng,1974,7
cXJTX_ZhgZPv6n2dM12qGQ,2021,3
k66cQT26VIFobg-tn__3xg,553,9
6bgC3O_FHtigx3JM6dApbQ,2175,2
KlN1xwhEVVypgx-J5_Xrlg,529,1
0sal-rX9k7VoVfPGyDqiqg,1348,2
Kpubbtvh464TK1nWCswnGA,1052,2
dvJ2QFyCJzHQgvRj13ak2w,582,1
vOFXKR2_qCRVosu_i4l9Gw,2747,3
Hutd4Qxd4aTZYFjsu8d2Eg,2000,2
HHuMe4FlEHdA-howwWjAfA,1320,3
l3whNk95FowI3PDLtrpe0A,1830,1
y_29eZx8DvjznZ1AuysZiQ,2312,33
Ckcl9Z1JThWL-_SSyO2nag,1160,5
qIF7I6CzDf6LnAJLleEI4w,3452,373
92oz54w1L3MSFguvjx_-cQ,2588,47
ELgR9twSooG6sAAQ6ASsnw,1535,12
3PokmCrRNqFMzSkzi-RdjA,2761,2
kk-3w-4ysjTKn-ZfoZxpiA,2387,3
iNlWUNXJ4xBNODjDHvpv5Q,2547,13
-kCxMXN0_kOoQuGbSJk53Q,941,82
PGHc70IzmyEHSNu006GIVg,1071,3
91Uxzc5zYYQGMhIDNrDaoQ,1131,1
nrFa13qz8xpWodNj3bh-ig,1267,2
gbxYAKwOf5BX1eICMOUCvQ,2943,5
6SvmXQ-FRl2vaXTInR19VA,2399,5
5xOPEDABceIwZNvcH3wfEw,2765,19
23nj31SegWV4asly-pHhag,1946,25
_BUe4rb73E53uluY6cxKvQ,1768,5
9mnM5sky0xGKLXCx7hLZ4Q,2032,5
Dr0Snc_c2qsY1aGXWCH7vA,2059,2
kE71xC41MSlO4FSlaXvc4w,3385,4
7DsUKPPD08wQYwmiZtFttA,3231,7
jNWcH-SmmX7TN_eIj7biqw,2246,12
UdevhRE9RzMyl83lC0Z3cw,1293,2
_zFXFTdP7GzPaGH3TPPL6A,2808,4
tysDw-S0M5mIM6J-RML2DQ,1160,11
DEZqFmo3FmF42D8M8jTMOg,1549,6
4P5jBQSuCrstuagTTAZ1Ew,2541,79
sBa8BZwUteOoHhkvwA9twg,944,5
IG168KDakS39_lVHv83l8w,1575,4
8H-olOpUWeOCXd4kUue4Pw,1973,4
42AOB00V7Je1Z7YYC2KcDg,1410,17
ikQ8MLnYMwdcE2TSuApuEw,4218,6
RO8AMdGha-znDWMZpFSgHQ,821,4
5GJ64fwA--nasskpDdfK1Q,1175,1
0zlkn7HG13UHNPNbyq9NdA,2423,70
gHfZnRG42uS-uig-QdH8OA,1760,50
0p9zsEK2VA0oMTitMHTa2A,957,2
GS5wlDq6VI7O6VkU-pcBPg,2490,42
eH3S3lm82Azbd6XJh1X_hA,3310,12
9-_CPbm4FizEGsCKpMmatQ,2163,321
MErUecAC_w2ng7_nO6SbMA,2439,40
MHVjhHP-F-9RV67_rTkldQ,2358,2
Zip7LARuOM-4N-2hvXygZg,1102,6
GS2UGyG_ugbtdOOvDwJxZg,1739,36
sx9SmmgrCjjmzjW-fXWbyg,2242,26
hNbK_X6dkR-gn9-fJ7dM1w,2146,1
ZWq9AD7g9NGUW9_DpG--Zg,1372,4
t18ujHKLxre9sv2SSlRxYQ,855,4
rnKRLFb9gf_JeZvY41GyHQ,1279,2
biflJL9VN1bfB8uXyIFwxg,2432,40
U4G2qNyqqhOSA7IkkffaBg,2584,17
1R7Gh7ub4YCwYjz2rz87lg,623,2
wwBq0rTDpZ3jkOkXjMkzWA,2670,6
xf4Ve-ff_Qf8XliImx3PqA,1039,4
Y9YqqzzFHKY-O6HFj4muPg,1373,1
Diy99iVzURYuQi1uLHHlgg,1003,2
Wa2fL71WwBrPxv-RtnviQg,2384,8
sAZJI-Vz4NRxlX3MhEyv7Q,1500,19
ygP68TEDdmlJDyq_1in4UA,2738,30
xw3v-4TiXDGTThnkvxuEtA,1142,1
5XLamgcIoMK45NE5jC8wvg,3509,1
eR7-0BRk1_9TLovw-OPSIA,794,2
aJVbGwAYseSvwv4lB2Oq4A,2192,1
_fTZGav-qJmj1QkoRmgbRg,2190,2
z4GWIE6GiHuq76D-MAurPA,2894,32
-SU3BC-eWue4R2TXdFcqtA,1547,3
v12pqhKb0jytFfNWyk7hcA,1408,20
QDTuwaeWMMkkjSn_jmE_cQ,3716,45
OYgMKNFx1ezWX0jXD8Uqlw,1133,4
HOc3rgZIrgnSFTb8BdSqmw,894,1
J2q78CYC_sLEHxZ-1dyZbQ,2439,156
iD_lrWoj5eZzQSe7wZyQhg,1760,21
3P7h92MxLLkbY-bcg3AYcg,2790,3
ccBknZQC4LeXJTKiLS2UTQ,1230,8
q7qU1iJMkDSPE5ka_mXc4w,1179,1
V2SthbDCBF7d3k4GXWhypg,2032,3
IjoG-A1JMk5SDy1teRRW2w,2818,15
NTtXqJPzEa8XOTKtMcMOeA,3352,198
Hwzn3_MuTD_ZhY5-pjURUQ,2225,55
xquBhoz9WdJiZXP9SJ2u8w,3053,15
gUygARi7ubtRzGsfS5KWhg,1599,7
zyrN4EvznY28IiiMvo_gTQ,2601,3
gJYbI2r0YSbnOMr7U0aqZw,2920,9
PKhln9hhXb2_exJhrvKQ9Q,3081,2
vev8I_l3qpBeCWNcX41jQQ,2066,1
E20kFwyai_qyK47uNVUG5w,2544,1
gLKSzJr_jO93c7eX2q0cdQ,2179,2
M5ar7GHxKzvjftFYU7SSuA,1625,4
T1furywyNyJ3LutgHPJBqQ,3111,1
FESL_-uXOrPE7pQ2m9nJHw,2451,22
-BzoJIW4aTVx6nTRMV_hpg,1812,8
-4UYrm18j2vQ27iR5JOX2g,2334,198
SvpXW71SMv30j5EXSCTugg,3540,4
Ujf6aIrIWUMXhVHCx5uFJA,1967,37
NicTecpjRAkngxAkkJfxrA,2692,75
tjtim_GnT6uCNKb5McPxSg,2815,10
NLwxXqWkKIJ7_d4r_nknSw,2262,18
rVV1tN9cOurIFbITzxkX5A,1623,3
v8POH8cCpRqM17MiMnuv6w,1190,4
DLMaANcOedWjxGKaOqk_Ag,1943,10
Jf0lBhqlRE7TUxrGoDiQsg,2576,3
LLKmlEFods7iZAPw7y-GuQ,2684,1
tQ1o0689FokjiKt3zOxT_A,2818,1
IFtLw_HEZ8EtoRSJD9-0fw,3249,5
_-Llw5l1pmhht5x-_XGrGw,2272,8
FAwhZfW2QCs6yYA1ZUtKtw,3010,1
kIhlcO9D9S10Ichz4fLSew,1115,1
qqI6wR71n4jbZiEn2TRR3w,1952,9
mAmUfk2vpjJfV7SH8WOjuQ,2361,2
d1u6oVyAfWYvVMHRiDdJEw,2683,12
hgLpWCiE3tWvBYfP0q2wLg,3274,53
-1TFvICu5hOg9lZRXkXMMg,1306,5
SmxHGk2EQaxA8kvt0vOVfg,1238,23
8B5dxQdtd17zw3zOoAqi9A,1459,1
FZEGNCxkxdmyw0hOk6FOug,1073,4
-cexve8T8ahW7iKx4cNl6g,2730,29
X27wzi-tMmQ6-EP06eQThA,2814,2
V4amw2d-kut6HDHHCsKayA,884,5
j9OxoLPqNVa-Rn0338UAFQ,1639,1
VNXiGEKdgqDvm4gPaTlVog,2528,3
JgU3vjOoc77z_ZD3_gkBkA,2829,8
9twTUqIpoe3Bovv_tX2_eA,2110,1
OQ06hEG6dKycjKZCh-8F1A,3954,28
OHbIQ6R2RYhInBLQl_jV5g,1839,13
Lr5jCkgrBopn_bs6P9xspQ,1577,4
D8W-52ch_UQMg78Bz3pDCQ,2348,9
sxRBfGVeEmuW8bHUmyCuKQ,4504,9
1qYMohFTjlAKz2LNtZrgCg,1383,2
bKyIF_ztdiknopoUO4amiA,1316,4
uOub0YSjFCSK9URvoJjUcA,2559,1
2vIku4Tp3de92QDunW25lg,1459,1
F_OCmjJhtcBViLojC8jqBg,2079,97
TnlOXG1ZmYWuocB7ox5xpg,1812,1
1d1c4bpUGWrotrA9TzcQTA,2670,31
2gA2w1c4xv-Y_gEY2OkUFw,2273,17
a8x8sgRCX7EducNPUrjYWQ,2434,23
k5UtEeM3LBqYy4smH0GnoQ,2865,9
1duyg9WFlWs84OBmLvuEJQ,1281,7
mi7dFVvZLgan32mRxe_urg,1532,9
h7PwSHCEDmyh4AvxTEXkZA,1682,5
akGqM3SOKB6D5BWVu-dBEQ,1718,1
A1W5SsJyxJObiNObKih6ZA,4379,86
0UqIu6vMA__8h7Zj2bvjGA,1239,19
gW92EIPEon397mKWiCVLjQ,2858,71
8l41JlU-aU2hjaUn0mKUeA,1942,21
k85nioiIXtnBZrLbJnB8Zg,1666,5
fpC-4NQ_WeJr96nwReYEQw,1620,9
-hIxaZiF4F693eC_D-RENQ,2249,17
G51mTQLKeW3MYlRH9JxgtQ,2413,66
ycj3Tpqkml1FNnKVMhnI5w,1690,1
OuOOqXJV1pmJwfMUfsAlUQ,2469,3
Tv49vLUvQSuEisHqO3UbkQ,2349,5
w6fu8i2sN3EWL0oSy9zSKA,2501,7
KdTdm4i-Lb4gIQk9KCAtJw,1551,7
Shw-X9-l5oDgv3O92F2R6w,1358,14
-15vBHK0n-ejyxY418MvHA,2765,67
HrModKYrjF6FattrwESndQ,1537,2
uniam5tBKdRajN9C900KWg,1073,2
EvOavDL_sHbEMNlDC8_cFg,2032,14
F1oyM1_s2hN_7ihO-LtOhg,1454,7
My3CX1Dt1s1rvpgYvLzv9A,2690,14
PgBbwNo0cXAsQaXvU67jHA,877,1
4m7CxdljXWuy4yG9uckvvg,632,3
CEmWHl8ySMQQBkT04TdeMg,1547,3
kt5ychQ3E0qvacUmPbJKgw,1032,1
5rTOuKVrk7YbTuyZEXum9Q,2575,3
arBgHaaE85XbbAH5ax4eeQ,1516,1
eW0jwWR6Q67vHUGzU-zHuw,1101,1
74ByjfriZBKdZgpi9BtW5g,2368,1
PTlRRoQ2JNjgXLD_0Z_scQ,1351,3
IKyvbNqaCB2J4F8BqqtwPQ,1918,25
bGeS6yzMR7pHBBg5Lmxx9w,3109,27
flTBzpvJPkk_8W4BJESmIg,2880,60
57PrA5WTVOX0Lqcb9nSV_Q,1747,19
dDRQ2CssTUu1sA7R169-yA,2858,2
28cCQlMdzHNAW3XgBmtIbw,3475,13
p64fVJznE6qivLFb5rga2Q,2945,1
OB2zv8QZcGZuuiW3t468VA,1626,6
-kL7NCBPQeHqtN3fFwn2pA,3073,10
1FhapPrAXPsf8mdBM-pOoA,987,7
480t6sbmQxJAt_DAG6RdMg,2255,35
01herBXIpmZ-XFH6G_0u8A,1235,15
JJsctoRD4Lra0914vilwNA,2588,1
KPykclaPTEQ5nntlwEhNhQ,1246,4
7k1OYl3TgUfjgrServ6rlw,1122,1
NqrUMioSRm0aupd3fFa3nw,1021,10
NEyrM-7kRzlKWEmcN9zXpw,2321,7
Gm1XTpvVUSupUt-Aad27Pw,2340,3
a4NPmJ14jRaPJvCnZyMDOA,2047,4
j5kPJS1b9Qq9GmRQHH94Dw,1808,1
SgiDRriBFRiSxFVyLPn0vQ,2081,1
3fkwKY3HL3Nkrlm4tI7VGQ,2544,26
1IIwweTOi-TdHfhzg76klw,2103,12
KpaLAwifQf2vG9x1dsrKSA,2812,19
M9M3gCjtnDGiyCs_izraUQ,1894,12
8vcsaDIfgxwlteKv-skTpw,2572,2
obPB4Ukgg_K_5HbKx5eNig,890,1
E7pdvrH6wHNcvt_hjxwZSQ,1730,3
55M49mm4W2DDJhuCKB8fQw,2549,6
151nHxhaVCjTFeBQPpWx1g,735,8
RD1zk6Bmp17sOzEEpPw4ig,1346,7
s2-s0lqaDjpW7D-F5nh6xQ,1023,1
EUBfzbYLcM6VdFU99WGagw,1306,3
jKq3bQmzUOGEZalee-rL4w,4523,43
0glzDo8FTU56t-hO8zsZ7A,2799,8
p2Zm528Opa3-uQioEGUhlA,3031,1
vscNpDpfPpiHgW7wKk3BGA,3023,5
mkSEbczGHefo9DeN56y04w,1323,6
Dm0qxUcFR9a3G6Z4CtJhng,4325,8
7aOq7JFYEbLnyEr0ti-ZRg,1885,7
hteU0HmSUHitL4ZKywYV3w,1695,30
SFYet2lp_EUK-kSP_xbBhQ,1162,1
vaAo6ZtIFrupqw8IrsLpYw,559,1
595NYRojB3-FlN1EmBVZFg,3124,56
-N1hZ886u6T0KbtniwD5Ag,681,4
QebNkLOCxCNOnDAB7-tfjw,2152,5
jpWAT9TIkSpoFqXxQu5e9Q,2396,11
F_emZvXGgCWXLG0ny0E1VA,3777,14
6OqDWfImDP4bLcMb9Us-9Q,2299,4
ujh1WcJuP-vUBB4lcaWntg,1983,40
Mzgw8SlHeasHCEJy7N1atw,1724,2
U7OgWN05vft6BHBIkADBUQ,2002,4
S2cODER-O6h037yG8tFL2Q,2144,4
IcgbDrIdbrZNkSUZZNl7bA,2448,8
aPMiy8FSLEZwFjZ0mU_Xeg,2866,1
ea2Vx4qrk-Dg_U_V0ONNMQ,1634,21
IdBKLxRJJSz9D-pBzm_M4w,2887,139
mJEmyXM0OOCLs0prqxiXtA,1586,43
QONUtAJLvaJ6NXk9p8iHRw,1677,3
LlsV2AfQNyAYxdEiBRl1yA,1143,5
-x7iYnhFfjypKEejWOYu5g,1949,7
KyRSVvGoDA1Uo30WZDtHIA,2291,4
pZmLWBLCGavybsB1-ry9fQ,2196,4
vWTotNodr_UcNYY7YwxYOA,1211,11
N5g4Kq7DUtnP-gooyJJ41w,2141,9
0jk2Y6ZZKecq6r2PBzr-6A,2226,4
EENd5CScQ987FM3ye8w1CA,897,2
X_Rf5cGKvuxdx_U8R60hmA,2283,3
PkHuJLofKq-xXp64SG0AAw,1179,3
vRCThYEzN2RBGUbiNYhBCg,2555,44
suggFkT_aSzzyYSONAOkEw,2253,5
E0Z79xY-bd36LAF2mXsJug,1766,6
F_EJEdXdvAEgcQ7GFwi6tw,2988,1
mCyHRtuZPSTwhh0-eYGu3g,1282,27
fNA_ipQpfhx9cOJR_Cz1oQ,1719,6
N6GLdHH-8LKZcoBaZTq55Q,2903,4
KsTZEZRqDGs5yS3BxwEN5g,2044,11
jrXwuMDRazZMcnKIBS759Q,2204,296
3vTYoB1Mf_XtadoCOFqMAQ,1870,20
M_IIV1R8WJn05hs5g0JScQ,997,1
awAlUhcZa3Vlq1OYWUh2Bg,1214,6
F3Apg60uitEh_bJbIDNLOw,994,3
ynqIxkNYa3L3gbZh-h6PrQ,2188,9
hAhaHwGrd9pnI2iieT4wYg,2847,1
HEQvw9XeaYE4zi3AH7ba0g,661,2
-cmHcMWtltfm4pG0ukRF6A,1504,3
SSkWZvgZJ72TOfh7nujd0Q,2587,2
zln8cyFetWgDwjS225yH0g,1631,10
UYzyuUHkrvTXO9Tjf01ZzQ,3409,3
pqeg1AsPM3V8WYSenILQTw,1121,4
ZU921WXrhpkJ_WHYHt2L9g,1667,13
clu6YE8klHY53yfyW2anxw,1692,6
1ZZOBLxz0-UH4FZT6IqVrQ,2415,5
0aBWhr9cyld_KsJMJlwQHA,2964,1
rwysFhSGaxXWPuQzpk3uNQ,1164,30
Yi2N2gD0J84F_8H09JReLQ,1367,3
Dwh341bcxS626zTMmxE3ag,2501,5
AZiBWmPwbQZiMDe9-nWKyA,2895,33
1mn4CxG-QUtEu5QDI_mfKg,1391,4
yyCs-dVyU7GOMPYAd18s9A,531,2
vdx3Y4yg0-c1q5L3NA6KBw,1380,4
BPwxdyfRuoR1oa09Esg6ig,2500,10
ajiBmXVNJ9FFUKMIJRSh7g,3245,503
McX2yCmvLjmqIebpsGmu8g,2484,3
v2ReyENC5JCuvNNm1E4pTw,899,27
dghJTGba4jrwlVVpOHjrAg,1804,4
xpdsVWjKimANqAzeJ_-DbA,2606,9
OgtuLYDvgjJQc1-z3OIa5Q,1213,5
5SrqjXFSZTD_aQlS_y-5vg,2723,116
pdqhdZCDIrXEyVcNV-L-Dg,2939,8
LD7MEdZjSsx0-fwt2B0XGg,2354,35
LtQNjAfju98Y2_S9tJIA8Q,2254,6
R8vhWLNUSAdnm4du2ikfUQ,1182,10
fWgRhfqWu0zgBHNj_kiURA,3991,46
o3MSV0a-_5G9HvpPdU09EA,1814,9
c0AGUd1lYLFBbs3ZKulOkw,3448,7
E9lrTXEQcCFa1HXKzwZ-NQ,3127,3
E84f_EWS6xg8bXtRXA0S3g,2392,2
eWL0DYRvtdnocdIRrjeDtw,2767,24
PS3rY_1gbzBbryjH8dhCIA,2587,8
SU_4FGwWk3EK53YC_YV_lQ,3725,148
ssL9z2cRkq49xL2aEt0FTQ,2591,7
i_PlMiUeoo1kCs76rLItKw,3391,64
srs8OwIfcO19h5s9pGAAIA,2164,54
pGGO8DDgMkpeZwor6Rq9vw,1055,4
IhHRUkAlHr1EhKib-_8Rpg,2399,2
IL0XURF7WCEo37HyJqtYGg,2495,237
PNrK0KqnKQ_qVCVsKI5jWw,654,2
_FldaAF5xA9Y_nKZBuseJw,3544,182
RvBuUXOnAedqn_Ev8Jht6g,1389,1
6YiDdzFgnCPIR-OSODIW-A,1469,4
sWDlCyVIPDDYrpTaSir1Gw,3461,15
ICfqs2ZDcTpLbUnaVUCDCg,612,3
AWYain-2SZKEb_lOdwTehw,2746,11
v31Sm9WEDIOuVIS1Y7tzUw,2073,2
eni44AzBfKJ18rspn4x7gw,1139,6
0RjkSc9MNVROs4ehYsGh6w,2238,5
omxwxOMQ1yebrXQEdTbyyg,3058,24
31Ir3fdtRpB7n30giO5TBg,2102,4
N08f8psem-pKna-XovHThg,3920,8
mR0H_Urf9LCorkvoRpYK0w,1246,2
dk2g73Mkyx3fjMMoLfunPg,1888,8
VPr71_XBPHETBiQ-_FpvkA,2098,4
4Dm_CW749pJi5h9ZT4ZaxQ,3154,125
7orCZxkN7st-7LWsCtHvIw,3032,19
xp_3az3HF_Eg6Q0paLB8wg,3660,157
LdkDFImmkrxnMek1CAXEPg,783,1
4_7aJe0KXWBzpF8-zNwdOQ,2839,14
q3jnFXllDl92i_acjMmAqg,3113,68
gtZpdOgB8EnZflB7p8_mbg,2598,8
9_RY_be3ouD8Z7obQwJgLA,1920,1
MNhcoKsIFxmqLy-0h4XGug,3433,39
Fq6NbtHCstZcKAEqOMEaqg,1700,8
ANW-CAxhoWA6GW3PI6pcLw,1598,10
x6xi_sxBgYPKWX4_kLKC5A,4142,14
F7Tq9Dxuc7DhCWlhqaR24A,3599,151
f5CymbN5BlykDizTjTRwmg,2670,3
JhRw9-P4oXGG5Sm6EyaWRA,2145,4
e6NCCDOD1oEwS4ZQFnjhKA,2243,1
bpO1BX0OyNYTwE0pyt2crA,1153,9
VatN8k9L-ZGiW7o_dmOHEA,1396,21
mQO-cWL5jiFxZwvbsrbbmQ,3487,23
vPpsyoS0x91eXfQ8SEnFWQ,1325,16
sUt59KlZosQmyLxjR4glIA,2749,7
rq6hJPxITCS9m5s6rYaMlw,1927,6
1UHvihUi6Umb38dg33Qedg,1955,101
LyO_HthjTqpPS8-7hAOSug,1613,6
PTvIaKngNn0HUXI61qj8Nw,1244,1
bEqVSmu2pTulP2f6J48Dyg,3147,43
XdLG5dcav988PjxTPug2jg,1108,9
qtxwIQPOdAAeYcq-p3FRiQ,2011,68
_ZM0zKSxB1AyvaRnBZ1tZA,952,1
JFvCKGWasd40AcYfQJDEGA,605,2
gmGVJJomcwk83e94j5MRew,1584,1
wm8vfBn4aU31_yTxuu3yWQ,2032,10
qHr1YGkIQHxgw54G4WVwqA,2712,4
eEY_iVnCHnt5U6xCY63sSA,1554,13
nyDnFjdfdDm2_e1rSjZxSg,2551,6
VqtvdGd1iyyjvdMfXcc0TA,2443,7
EP4jSt__6KVgj6FaIaxqjA,2183,4
DHel855nUhx1DheAY8sOnQ,2152,19
Wub5om6uKd38tuPhar1coQ,1665,3
JTNfjcMvd1iZ6DviInRIEw,3411,21
lf7PZx_REUh3o1ECroVY7A,1448,10
uv3YcE92kp8KJwQuk8ZTfQ,1733,2
lODRbzxg3jS2DrNxVLwt4g,2906,54
ih63Xdk8UsAtgcFi2O6vSw,1878,1
9MDl3al2MvWUVKBEaB87cg,1596,8
3b4xszSTvQpME0mdpLv0Cw,2586,17
i7RvhEQnF_23inDs90H2Kw,3153,7
rP1LXTvld9N_LlpGWVtTRA,1470,3
_JSEfFFvTuz66D4S3bU-sA,1990,15
uzmAi6kyLBRNOgMpTwGVrg,1890,56
EkiAK_JKHq1N0Kq8-kgs-A,3668,41
WNMjNII8g_m-JQS5y6DWdA,2004,2
R3JpqVGjSzRYwCnzCsVwKQ,1923,29
u-g6RCnSUffvi5IROC8XXQ,2464,77
E1654s_diAobcmxx9Qvnrw,1153,4
yb4ixRjzFgUGraZXlhE2qA,1163,10
UOYttmM8kU1Obc2u3CZrYQ,2945,12
w6z6tvKMDqooDbtl_x31tg,1409,7
hWitCpCuNrIgRy_BJ3e8gw,1415,12
i6Z3B_eI8KVvf47k2tW2Cg,2852,6
FmmckEJl6UsyAYs8kMSJaQ,1131,2
wf-1n3sW84NJoZUPJlGA_A,2799,47
I4WThKNtHsnBdiCh8bMVtw,2315,30
z0VYiGqZbDhtJzxsCbZCGQ,3097,2
KCl-hgsEDKpN09k6yZzJrg,1705,7
xmWuCmS_T-VRCn2F2v6YKA,3051,3
gEcmUd5qz-Lx8jXmcAuc6g,1785,2
anbyqkqZin8MW6o9tqocZA,2168,2
tZ7J5dEncRQj8IaOOgGceA,2046,6
_XQN8eZ5Vm5_fEKm2hKR_g,1753,13
Ka9l7B5D3eLUBw4jX6AANg,2397,5
AtdkmjNmN1dt_x9L9IbEhw,2465,17
s0G0Taua0S4mcVl7tD9uNw,795,14
jfeVVFUeoVfGGZHAwK1NYg,1479,6
4ETzuYrLZT7Yg-cU1tAhIw,1597,15
lFWEUPgHOOclPbas4oJGfQ,2223,1
dUtfkKQDn-4gMbSd_JyKng,2448,6
KR_LepopEm1t6mVfBRGm5g,3296,26
eeDXHYzoQkbpmgYDRlLg9A,2027,35
ESH_bsPHLI4H93cHSmufCQ,2789,1
BbXmpW4q7e6AaUb5Cw3aSg,1950,4
q8rXtpmmt5vdJ56DtNth4g,3346,37
yOwNVHAX_6HJrVFNdMywjQ,2099,1
18bjm6LlxES_x9UQTmTZew,1725,17
z3nUuaszE_JulfYHnhWWsA,1882,4
yz_b1t9uchE7BsZqVgqLUQ,2863,19
sgsI4jBpDOOJE3jHyyF-mg,1455,5
TzZ38OD9l_m4p8xYk-snjA,1522,8
dEHslTl7E3sYzpPXttFhPg,2969,4
zKnSFl5Poclk3r6WzaU2HQ,3233,149
trverSTgvLL1308QFKPZbA,2702,1
Yt4oRRKkyHdEhmaCUodwXg,1514,6
pGVd53Y1_x7ABWsh5EbKow,2923,1
Eh87aZyYNmuGw_ZsshM62A,3425,9
E4t-iNcK_Ni4u6GYD-rRiQ,1831,4
pMbz5e54q7xHyOxnpnr1mw,2754,7
iC3XrMRgOPVMfKizbmNGww,1461,7
n9KeLgOsJwPiADr_1y2UbQ,1428,1
T8o3-tMkj-GONhYb10M9_Q,1983,10
YMgAXxzDabI5NOv75ZbE6w,3143,1
_piy1blmm4xbx3JnIDzsFQ,1600,3
MAK0lnd8P3XYNVwsQzu6rQ,1361,9
nTUlrUQKPy88a8IEt5RyUQ,2255,1
KMOVJbyg_WfQINtYoV6yKg,1910,2
_DoBHBBqoNDhP7rvtpkrXQ,1653,36
-CxsD0fKIjs_S6yAZwL8KQ,995,3
EVBnJQJaU_FPvKd3W3p-bQ,1249,4
V2pses52iIOrWuHJagKpKg,2831,9
ppgN-K_GJTy-K46FO9EHCA,730,1
y5pnnMvcLa1ORs8srUF1EQ,2893,10
xR5LBY939Fh7uYz_R_uRSg,1899,7
iLC3gpGCN9eTSIWPEpEv9A,1262,1
WEFQsIXLLtIRKHwgQvHTQA,3280,4
25vora6BeW2q6xntlpXvDg,1746,2
P5UBR8DA-UBxTF5-9uWCSw,1352,11
1amInoNyS3vBgoLKCuLZ-A,1746,3
V8qN0iYXQtSP0wljIMG-wg,1975,16
X0Iqi5Pvv7r2rvRk0mqGZA,1295,1
gi2luEnuEI52H_Qj_ZCRqQ,1160,21
Fto0WLKuA831qooLDiPHiA,760,11
XXRzw6VtFpZ_WQ-YGq4t6w,1415,3
vUUNM7RISc-51Tqx8JzRRQ,1626,3
KrliZi2h3A8uDuLIGxReaA,2049,48
YGJAQNBIpg8FPYxiFhWuAA,1251,4
w99X4z6n6-UHdwftAWbzAA,742,1
OeiD5ugfLYOUIKJ1v5zzCQ,1131,11
p9pNC-ETjLn0jqdUdWifYw,848,3
-nYY6WokfaraHb6saeyWJA,2549,10
1LRDJ3oPwFOdJAgngmkmJA,3121,1
drW9aEj2N5n4MnGkKdjj7Q,2010,2
0MTxumnO8hvSgPT-oEjmGA,1184,1
_lGMXxxf2qKlFKbrCM-vQQ,2746,8
Bv8NUIHN5YVu-YWYvwdonA,1507,6
5B_v8ykTCx7nGU2VutDYNA,1043,2
1a3RVC3R6VzNn09fKtIlEw,1651,2
vcba7a_wNxP-4InViHkhjw,1648,6
kX83T0Ov95hunujQrCEBDw,2017,2
XH63TQ9mIi5aR4mWEtnJHQ,840,1
JfDNCNm3UlHlmr257C66AA,706,1
Fbn0K4YUpWG-Qq6PonmbjQ,1228,2
YWd2BkDnrXxARtExuIdcMw,671,11
IEBSjUQveTccIsV219WuMg,1247,1
HC-JTv-5c-IoUvFcF_RglA,2442,1
UPPxhEk2qimccp9IFjeAFg,660,1
ia5fbNzLRtg5KVSFyMiRFg,2480,4
oLvYpEDLUG1GfMgZmMigDA,1461,1
ki48hjkPMETTzRVaW0wNmA,1863,6
5BaH2N3x_CRDNtJMQyJT_w,1096,4
l0I9Q62xYjRpDbCtSwdzFw,2775,1
pCLC-dCyGweLjrzLoSuUEg,1861,2
-9YPU3QrN2PrZHffJvaOYQ,1547,2
2SdSMU1eraJdw2eS1f6ubw,2519,5
-jIcAZxqss1Ms0MnaqRSCg,1242,1
2B3jcHw-C1qnL7aWp8OQxw,1441,2
xiCGOQFkUsa2kR_CKY4lQg,905,2
ipn6O7i83MOUniMOID2FLQ,996,6
FmocSW4UaYplTcMNloC_qQ,1640,4
F18XXh7J47ksQro1YnoC9g,1499,2
FnXFSs8QIHctQWQB5ASurA,958,4
QCwYv_g4nBhPn1YiWTE4Tw,2621,11
ZqbIVf5xLL3HNxZMRy794g,1538,1
_XNrMn20LICj5fH9NS9rkQ,771,1
SH9jE0yIoAqUX44H7EU1iQ,2111,1
-z8yWV_Gopc4HM7iS6HOtA,2920,17
O8dbbEbIhyyfADtlssZQzQ,1811,10
5FwoxJgItkLZEItm8BMGAg,1019,3
UwtMxedKkrut9Zw4AXXOHw,2473,5
LC8s7ICv10Z3fvplQ3fYtw,1349,3
eBvqukkUO-xKj3kTOW6FQg,1168,32
03b3Q66emRRVr3jIgc_UAg,3185,3
J7kyTOyZFl02Aa8zTBf_Ug,2167,44
SSPEEabilXtbDxtA7LXtag,2593,2
ypKhSksnMWbHViUPb9QDQA,1331,10
KuJaoeL1loD2srVUz_-NrQ,1410,12
y6vlDKAK9e8R6g6TgGZ-MA,2911,1
0L0GdQgBpkfEqA7T8Mr6dQ,1604,1
SE5DOrtXFI2ulYgNlHFf6Q,3399,2
8tXHM0mQ20S5pxkxRPGbJA,1335,76
ooZ6rWQVHskky9fe3LBnYg,926,1
Ea1ayvyJ-NfGsM_eSXrnWg,1351,7
YLdJ-tMWPSE1vSBwIMZ3ZA,1721,4
6lsXt78SYFdKtCu4eZbSZw,2019,3
RwPGJerYjnDSbNNJtxkmaA,2858,48
4r5RAuEBkMUqVv7LQcLu2Q,1717,1
wERcl20mWDgJid_5CPrOkg,1350,4
Z6vc8OEsYImpP0AwmTbC8A,1163,4
rVNuuPwFg4PcmemJoQUCZw,2411,2
PqIVBoHTmjH0se6PYC75Zw,1738,2
_6Cyjkvy05CTjKtbJZ-3bg,1033,6
MswXChdenMGR85pckElAXg,1741,7
Kv2VzHIyuZzjQeZijNd-Wg,1383,10
xoE-ZGCJPRMkvpSO5uXJhA,1233,10
JfKpsaIXxb04Xn8rcwspvQ,2621,3
-yJx-v8pL_LzRUf01WUHbQ,1920,1
wIqknrrt7a-L34IYmh0zng,2893,1
WzYnEtNYkQBfl47n92PguA,2613,1
mRXYA4krrrd0YGCMhFESlw,997,7
_lA1hkzn_E1n87N3PMsbMw,1732,19
lWmFFc4AunH-CuBIOCIq0g,864,2
3fZZbLNVZBbQ5UAkQrknww,3087,1
IoeQlrpTLFiDHfINBxQ9Jg,1004,2
7ZoyQgx3JjGhF24ClNtyfg,3419,21
tpe0fK4fYg1gkOy3Fak9oA,1841,5
ZVhKcGQ32kwmLXteSz5RZg,1680,3
diJCeOpdmWrIAX25XQS5pA,1657,2
WvzWOzU0Lqnlz2moV5oeNg,2151,8
Lu5ce6lQum7nxIR9u0CQ8Q,1203,1
5vihfOLwKhLMfxjQ0G2jJg,936,2
vsAzG3Ji0Y-0tKrOTdHzbg,2571,3
GFYcEcQbN4hInFEQPEMAyg,1961,1
bF8788btdRY-fCC8-x6F6A,2054,6
Uw5APcbuRBCBMhSZokH3TQ,2113,3
ptN7HQEU5vxGg9sQ0HeK2A,2521,6
SWsEMw_U4b14G8gw8OAZTA,3882,2
B4URHgwHNq4f0RoIRwI8Rw,1179,1
cNL1K604kha8nj7hfnfVCg,2363,10
aRAgYW3W6ALwpWftYEPvIQ,2351,9
eqE_6B0mxYIgC7BF7-OSxA,1319,2
WI3yyBLWwdOqQILuuDNuEg,1148,2
n0nfhmFFlnsq9Qu500RaSQ,1421,6
wlnv7h1zDaeHq6gwc504vQ,1993,12
v7XgN7DCJ6nYrxgq92YhHg,1099,8
SEpwBtMCkEhqOhPEM_TZ_g,1631,7
Z1fghpqeSn-FDOyt0MHa4g,2684,1
f_T0sl9sfUKv_E0kZN_Sbg,1593,42
o-Blze7yZVkNaks-DttGmw,1890,1
bAGrNN5I78GJyd0ZPrsfAg,1412,6
i1fQXm1S9bTq4QH3t3JyiQ,1533,7
3QVrEO2iq5mXLDJJvy9yxg,1722,121
WYUV4LZ64wCus8PJmKWK-w,1935,1
AsohB1vC0eSPlF8paVH6Vw,1003,3
0Vlp-DlL2xHXwBLbHQZ7sg,1370,4
27DgtDXgv7c0aq6y0__Mww,3010,250
-8Hwpy_Fnn3DuWQgrTuH5Q,1467,10
8vuH7gyQ5UfdvnYP-3uarQ,2839,8
jJ-ZxXAQWD0dMXeA4ySoHQ,3412,44
udrDpLKCPEUX5_J9CBJXLQ,1326,57
tVeAhQYP9smrUyfNu3YEUQ,2690,1
XCAnGwla5MbWQsEocEbjiw,1689,3
Jw4BnDjAavUFCTOJifI_9g,836,1
1c3Ptl6BceRIqjVzMrKXoQ,2701,5
KzX3W9CcUA_Ve5xn7F4dCQ,2547,9
m1RFanHwaNVwGI9JKT45bg,2511,3
fcxVNd3NmFLrDb5Xx10ipg,1950,9
x2Ki-nvVXs4miPYxl6VW3g,1740,6
YtbcJf9CTDaaxtxi9p0hzw,1366,3
gaKutnl2RwPDKc7mKNfFrA,2401,1
-dB7s3PunV24cEhD5k3VHA,3431,1
E2wUT-PBI6iNNFPbvvXcGQ,1117,2
Zo331J5kBZmZo_f3JAeeuA,3789,27
aVIYyvkqwRsKCdwNekAtwQ,1956,48
gP1iQ81whLKCNAaygGkXBw,3274,70
11ihIEAX8hkEhvRaJx8MQQ,2336,187
NCpb6jezhxt1_tVla_IdTA,944,1
XbWwMK13GfQGLz9p1lXmkQ,3450,22
rSVt42sEOQiWWIMDNk5G1Q,2401,4
uSss5Kz4opKsWBB6yZ-8OQ,3275,13
vbNKA-_g_a27osWqWU2y0A,2243,6
pVMS9BAKL-yk05sG3HM3Lw,1479,10
TpV76gTmt2QXtx6TpI6dXw,1311,1
N49j2d3gT1PuplgjmN2WWg,1599,3
Fo9WZ2hUf6Xq6iz3BUv6MA,1573,4
zRYbWoTcs8TijwQ9Fa7A-w,2597,14
sIEyqU0nQ_BZ05nKkslwow,2635,2
nT0VaYbkGmQ5_HlM3FjpZg,1759,19
Tgz9Jyuw1HNs5yNW4WmC1g,3683,50
SfTGAwYrcIKuc42l2aGFoQ,822,3
fBdOHmNoy0zym9FegIDEKA,2384,10
OKCApV0fhS3ARbvPx0bRtQ,2030,3
a4pc6NRtbGkO7koP8qrVsg,2056,4
bpZaESA0tlV2bKFH4qVOpQ,1374,1
tOvyQZTtpfvQw_tDfaMyHA,1192,3
TEDfBkwtoXgAo8Yu_Dl5UA,3075,8
0cuYQ2YkDCUmZC6iNLJ5Qg,2439,30
z7BNTrISfcIQHCrGzwi0Yg,3553,45
XliH4HNH8gtD9jWy07Q_iQ,878,3
_Nk79oxBgc4f6aBtsuqoQQ,1043,3
YUHQC8QeJqe9jv6vvzzV9A,2052,5
yUtpH7we9094CAAYyg1AMw,3248,115
SLeQ37Fi2kSuUSPjq7YDig,1685,2
KYFwhkgosYp60LyRU39fhA,1536,4
2oGU8DbW7I8ScnAx2DbLxQ,1667,24
A2LD8xMvxYu-bf2P7XfEhA,2747,1
0_bxoK3y6rYjJn4QUELWAA,3368,34
MB3__QHJxxmztJQ4ee4Omw,1371,3
rRQl3PbXuAwI_djOzNLEoQ,1745,11
Tj43rkSbxIsDHjfadaIX1g,1557,3
ccS8J-zkDw6lypO6mSJjYQ,3103,7
80c2ENiDXQHL9D2BgOb42A,3060,7
gHMPco07xG12cyyv1T0EQQ,1656,12
StnnYaJYYF9OS0CxuOOofA,973,1
V3zqC9JvFznJmIi1tF0WKA,2531,10
yqWf8OGCfwEEijxg9do0rQ,1863,4
hSIRQCQrJka7M789p47Grw,1965,31
h_1FekNZDb8SSHjGbUl6qA,2664,8
3HqKTaAEMbfbcS9Z1T9o-A,2020,1
G0Nn9u23FXVZNQbckQZUZA,2005,3
MM_J3L53kU77__sM3QcFvg,721,3
cQQYGgLWh33GjtbVULQXdQ,1790,3
zsOV65_3GdcP7D1QPkEPxA,2337,88
mb4I8Gh8kCQY19_ykyVEGg,1185,3
PdE3OEIzcALpIg_Si3jRoA,1984,22
uvu1fqi5nSCAlQcc3Bhw8w,645,1
OB-Esbd_hAJP4yrznWqF8Q,875,6
jIRM5YIw7cnUIj5ZieCY1g,2463,4
SpRwPw5_O1H1eJesijr0CA,4219,3
0aAEsK-QibRz8D2hcqEGHA,2762,47
Inkxry_73bD4V5tnI943qA,4403,442
n_1VK3bioTPqK4BX2EPXFw,1716,2
4vOI6MOFw6YwyVuvNGY6BQ,2910,19
Lrpns-xuqp61Ns7B6NxcMw,1935,3
9ts5pTSaGugfvv-6DJOZjw,2518,4
lgIYa2nKQ2DJKEYLKNnGnQ,1383,4
PkzaV3m6eeiKuELLLW0_7A,2525,4
BvheHLtkz-zy8qSh5qMkug,2613,3
1tRTG-wckLjnDyTBEVcPmw,1803,4
9pO8CV905H1tF2lUfAUYbw,911,8
GZU0uHdSQHS0gAmLFq3AdQ,924,57
rGxcuZyoL6PZA_eEMLeudA,1015,2
FlV1k2J4f_GQL0ZR9XkKfQ,3957,251
acp4xszFe5vU0O2GxyY-lQ,1176,6
dujW7sOSZeEdGeEBUAb1Tw,1697,59
FjJ7O7PTG2Sek5R8pdXb8w,2427,17
gjXX0ZJ-0uPM0vvqvvjzQQ,2210,5
9gkZSBnNXGS3j81KREaukg,3880,158
hNbhDQSG2eFsy9uYis-cOA,2151,29
rSl2L_PbhpDsTr5y2__Bzw,1283,4
MbIH1ejXX3XAI9PGi-xTMQ,2728,162
WoR25ecnSiz-VhVlx9PHYQ,1480,4
vXOi5x4Wc0pVNhlHTivyTw,1247,3
CYnLDVJ3I0cDGZoCxSIzJg,1416,1
fMULm7tPREe9MJ3Dk-W-Xg,3625,52
qsPSP4sz_Jpegpu6FJpvBw,1844,5
Zd_h4sC5T53JUJ8oEkqzxA,2604,100
l-4aTiqFADRK-B76D7THJQ,3418,25
jHq1KY2Y06_ywphMBC0D9A,2772,3
tviRa0oeyDx0-LmKwsHJnw,3694,87
H4NETtUX5la9qoc4RzYLcA,1980,3
G1iPhU3XUPhfG0_mwiyB9w,1467,1
eV6rWnJl2Q7R2mMxwPbXTQ,1533,4
E9aorZp24TQ39ZZ1qW7DAA,1851,2
gCLQw6RoIu_cOxhde0HrnA,767,9
vMg51mSXNmW4y68OfBOyRw,2770,8
3-RxUUIiAcYmbwSYVaPwWg,607,1
PxAtKbTWtPNgcSrFq-D_qg,1573,2
Exh905TLDdvWivjTJmPNPw,1583,2
fsSRRFyuD_B0327V9Ha_AA,1728,10
wrL9KOzJxB0K7v6zL4vWZw,1681,10
pQeLuMO4jvrVrJe-iavNHg,645,1
NtH5CtetWHhUgxTbQ8r64g,3098,12
0LBlXxi-t7VWwjIPhLJ2TQ,1629,3
MjOyAw_V732Sxlq6UbsIfw,3246,3
rRIHKFF7iBn3K6vDNXuljA,1622,3
fbqueTcuGtQY0zmLd6TRqA,2280,9
2GV2E5zgtAtSsWo9TVNQWQ,2299,25
lFnbBgHJ_0sTp3MoHUA1kg,4080,36
Wj5mdPckI8UcWgiNk4HECA,2980,5
hIwPCR_TAeVpt5jaQb0JzA,2420,3
TKXW_UvjopPL3LEG0cuMgw,1839,4
fp8rs5yLWj5YNQigmYtoqQ,1079,46
I-9NGreE7NlRyG3f8DXslw,2451,4
lbdH2z9VPYZbU2kbYl0n0w,2369,40
6Usd1p5ji8BR40qG_HglXA,1497,1
KZNx2O0LcsvarbLd32mgEQ,1266,4
yHnDij-StHZSE3JG_acrnQ,2648,2
QslLwhtzEPK6bAzzE_tVOQ,1305,2
Xff62tVk6b1LDNz_zGmk3g,1702,8
hUcIPwsd0_az-klQl0dW3A,1690,5
88MGIbl-OttmfeNeaSpKpQ,1411,1
7AMJSy2Ep--1Nh_ZW43IBA,975,5
phre9LIRvAOgR9l2PsP1Mw,1403,23
Z1SH2bn_uA65eE5vrzlalg,2791,53
N9Kt1r_KRlwJykzrbyqCyA,2253,58
RaBh3hKYAvAbJwvHmeiREA,3339,40
2XWs3q3pV1vT4_5fFgLxyg,3091,29
QbZKkWP8PeO9LAEV1_MWgA,2954,23
Xa2dqGxKar4W0HoUCBrmgA,2562,22
3QeUNdpy6w4q0WRd3e-psA,1790,5
SbYuWKPEljd8Vnrae2pycw,3826,35
K7U0g4o5gNwu5IqXubYNlA,1318,2
626GQJ8KzYoEU22tdi1p1A,696,2
6YvAo4HYc3TratObVOPTxQ,1971,4
515WEAewPRCX3k-uofQhKA,849,1
Q3jkA25fb-Qo_YnpsTNCaA,2245,4
mBsMbrSYtZ-ryyz8oTKGTg,2436,1
PJ6dCIHHVftu5lIp0AZFfg,897,1
dfawLsN-7mSCSyJxlqYkjw,1448,4
x10fFwzra2xxo0DOCIS1xQ,3413,4
fSQrmzDWO_ccwu0WekmAPg,2279,2
cJS2WBCV-Zpk3AWOgtiW2A,812,6
wuuZJlxvoBmWgzMA9BaxDQ,583,2
I9v7jlsljI9NLnrsqIO4qQ,4732,130
L6hAHvYWY9AtBnLpt4hZ8Q,2852,5
x27GURlGTqL2b7t8utjOlQ,1586,26
jT0VejJz0GoWQdxUL9V0zw,2159,9
oNlq_F3G_cvY_6yoocHjkA,3940,132
J0zyjICS-Z5n62cT9QyK1w,3246,34
uuAZXP4nvCSFq-qbOw_g7g,2840,2
LLBp6YSXbjbxm7ah-ZYPNA,1822,1
fGm4_spQHFx5cz6OgYgy7A,701,2
9bvhKan1qbFJAJIodxy9kA,2733,11
mn7E4qkJFUeXJFcZuPKVzA,1045,6
FrC6UAon-Nk7OB5MUUu6Ug,1291,58
5uAp7-Dm43Xfrd1d_TybSg,3086,26
PQk_T2kBh9viLBcLPPghEw,3254,99
sEM3_hMi1zJcLwRYzIMnbA,1868,5
3B5vBc9ew7Q4ZW3IvdV1GA,1929,3
g9_kdLsPDhzaiJpa3FHkJw,3400,19
ZaMugF9J9Bvtc9zgwuwUAg,3610,1
ovuS7D1hA--hsQ-rghlUJQ,1939,16
JIrXQrK_MvaURLnExz6cFQ,2536,1
wOaM4OAHeElrXUBHqQrnQQ,2919,4
FzYSpk5rin9KZ9_9F82d3Q,2361,3
473EzwzX1Zn7tA06fOcmQg,3308,9
VWP_swzlAs91gmKmC9vqHA,1976,2
-QVRxtf8lnMmblAZrpJspg,1284,3
8t2SmGVWQ3C66BrY-9KDbQ,1556,2
xE0bbgUKpGN8C7oUZWnrTw,864,2
P6JN8Ap3IZpJxba2e7u7VQ,1526,10
KDQmxS-JsjZQ1XG3JhXl-Q,2077,6
3zuYlRnNau3cXoWm8AbjQw,1698,1
bn6lOM9R5cRa9-ohzfJ0Zg,3132,65
P_J6EDW9TZkP4yfowuzQ6w,2861,7
4F4rCZHJD0SZHn8IjPoY4A,1044,4
A4uw09ciRVbtxAmPSereVg,2578,24
kqz_QL209RG1jBWARl7zDw,2804,2
tmJ14Po8eqlHthApCXBssg,2703,3
p55MfrGSUIfaARIEePmwRA,2718,1
Nai7O6ClZzMJvnssnXAyMg,2858,24
vL0Tf5GelZ-H-hj2LQUkfA,2369,3
_8urg7HfvmhnakRO5PHEJQ,1788,6
reZ1yXgIWddlQub5EDE2fw,3036,20
mzf8hHcraKxreL8g_1SNog,3106,2
EylXYq4fPM7NH72FoUYtUg,2731,10
E1xJ6qrP7uO32U0nJjqHYQ,2410,6
mEZK48xGGBH3B6r7m3qp3w,1857,1
KHevwsBQqcu1VTH_izJlSA,2921,52
W1TAhbTs28IdKQfox2dbzQ,3096,76
Oi12G4GYfljZgF_8-h86GQ,1611,3
tYhhSdjrQtiGxaVm6otB-w,1364,7
fSTo7H1mjLL0QAuhHrkppQ,634,1
PElfj7abEgxB_9fBACsjbA,1523,4
QkpjvtIYUEy9c_qKgQr3uw,3188,14
W4EufwFaLIAJqMoOYmOBoQ,1632,3
dQe3MezMh5TNmJfVZScDTg,1802,1
3b6t4MQKI_lIoku9rnADpA,2274,2
T8p2wQoIx5kRq3-rRMbb_A,1241,3
5euBlz4EHMDUorPCpqPRuA,1252,21
qkYxthoyzKjQlSfuxzp_iA,2202,1
CTkFidg1EJv-5ffrvR1KDg,1799,7
72TBcInxU-PL9VLp7KCFpA,2588,13
1jrsSUR5sEmMQKxs5CgDXw,1402,16
ogsnUHVVzISeZEhRrXTJSw,2284,9
Hb3nx4CHRC-JbMG2K3rQjQ,2821,39
90Sy6UJ2ZUxok3r03WPRUA,849,28
iuJxRK4sPcX-01oTiE22PQ,1160,8
hQtFQl47KkOc2qb_wTqWVA,4253,5
qITQnsaK9HIAk0l0zzg4tA,1747,35
smR6s6OHi90uageLmeGQlQ,1601,3
Lknf-oJEYbkgK-SCCpEUQw,2454,18
ZlXsZxVC8F-C4et8m3B3lw,3621,10
Jg7YV1zo-yHNBFunuY1Ebg,919,7
AOoLEzhWxxmPRkKJpjpGSg,707,1
4Shjadu3dfXL90N66EwiJw,3653,27
sQLP-0vAf5YZ5QCFHhnQ7w,1637,40
It56c7PITx7MWL-PyqK_4w,576,1
wY7g3frISJfjU9ZhkSJLQw,2845,7
inDTWkVMHw9JnXtb1MAV7A,1001,2
NaKObn7qPtwU_aSmIt_yTA,2747,4
UxUvglB2SdGM0fIiyArKJA,1407,10
vyBRtbuiqKlWUM0BLtZfzg,3134,21
mOCshoYlTiEESxCdscn7dw,2816,2
rVQiBsmeWkCTSG5kQd58Qg,2532,5
bScqm3hTCVi5GQsHYIAhQw,1756,3
mXofPhXFnqvxaYJIo8XmyQ,3462,306
wxnAs3Vp4kLjNRScK9bERw,1115,7
zv-_ifAcLsdzVXlSgO0WXg,2383,3
8QHeuF6J8Z6AqGn4ErAghg,3389,1
x9TWwgUqmHrFDmPQAroG5g,3154,34
SodcHvpIzqukWTPGnYx6ew,4965,2
iqrrTyAO0NABo18XBNJbNA,3265,103
aQUSt2PDZTPnzHG7SVOM2w,2204,17
Spikq8rNXByKNq23b9dYQA,1795,4
ESLPNSXmYOF4CSxFN7ZDxg,1264,2
UT1ae6pAxdi3dYj1cVQWfA,2292,36
Y3_gDZr84bRjPolf2Nl4Eg,3587,10
IhbgI7ioLep2ZzLMTkjDgw,2263,5
Sob4w36Nqnh3bZlCCF28pA,2620,7
FHoM2yoFoGElbFV7BQAakQ,2954,28
S_q7KGyZeel_aV8QgERHSQ,2270,22
KhRx9J4mXwiU43_46cFeTg,2181,8
ocJ59fu10_42Jsr8TjzrjQ,1317,7
D0Pp1FvErYdyEdZ7RPpc_Q,2076,2
CqqMCwNMzx6Wqw9x8l3NuQ,1212,3
2HWx1U3Q8Hxgd951wzwPow,2324,17
2hAcTC_gvgtIWFrq5dLLeg,1260,1
B94nuSlRzMCY_1McnUG6lg,1477,17
mAgzejB62qtpic3TE5VSug,1721,16
P9y9OzWsFVXfeNdN4JvKBg,2367,7
oA6Ct1AbQh_Cdu9ArW3ufg,2553,6
gRxUTrpltZb8bHNwHsW_uw,1614,4
ou1rsaF76boXJbK9PTlX7w,2401,22
9CmX72zFWT8TlluXIVbtbA,1040,3
QEeT7iC45oAhYxIepod1aw,2216,2
4N4Pf5vI-nH809hmwt7JAg,2455,6
5uolI1YQfiedos0ZL_vriw,1734,3
85cErR-2ILDDeKS93TXg5Q,3351,6
4iH1kPVO_s_k-0PJOhpfOQ,2721,46
M422Z3J_Q-AopPbSyMBFKA,2303,2
PmtIktfL5CBRhg8qIrBspQ,2911,11
VNxUPnaxeuMxJ6qbv5Pk3g,1318,5
EDilCvx_FLJtQ2LUNONAdQ,1298,2
NkT2hGWtfOZUI98vVro0gA,1620,14
wHJucniZI2dlAtRDP3x6Pg,3169,3
xs6Hyi0qVzkyBXoCrQtLXQ,4548,136
Ssn5E7LoOF_EGMLPXe5acw,1439,2
T6S-ZGgzZwEv9LktCCGoTw,1975,7
t8_dt4tf95JTTd8bkP-5Hg,2251,4
YfYfwLCU9BSnBTviAEa2Vw,1339,1
hd99SPFJpRuPzc0LUj3ThA,2246,2
EfnnXIdWbS3iypDZt0-TGw,1228,6
WlkaMAEj_fyt2w4H7xGJ4Q,1202,8
wDxqlfw9zmew4rsmO0sHKg,2556,10
AHSGd3r7NQZ9U7oUjk4x7g,2611,12
evXpryP0b33qIQXxuMTLOg,2529,1
1LrIaVeCksMLiiVtxkDOCQ,1899,8
_fi1vM3z7HFBoM9FjKxheQ,3846,3
jtxr_SZ6h-n-PhJku9iTJw,2636,5
7zE4QLTM1pBe5hKQulK7zw,2105,11
1Kg0jTvy-66NVPgL6EtjlA,2396,3
7My6tq2j6sdE5qmDNG3LQg,871,2
2H4wUYFS7bjF01ht_H1Gkw,1675,1
14zOCb_Wg-mGAafd3K_hhQ,2404,7
rVnWwi5lgebcyqTRO_NMjQ,994,1
0ToYZkuUka4FAztQY4BnFg,4274,10
lbCl4uCz99Uw6OfoI7pr1g,2424,1
1OpbPLShKYTpdVgNT24BNQ,1393,3
3gfJlruw1lemJubR-gQgAw,941,6
R4Te5mDOjY8m2-s2z5kE1Q,1702,1
BrxR2XwzkRiuAB-M0j7Itg,1600,6
Y6iP60zMnXvlTFz85hnjFg,1621,1
ju6ecuLRGJBcLsq4wYld9g,1455,2
zwcmrQLAQNVxXApdCGrPrw,3243,4
9SWf237Pi0IjrE4X0gIAag,2220,7
ywtW9Xzhy_wvmCacVx3mzg,3361,5
ZtArAdOvdXKdGwW12dY6CA,1071,7
g-KIDIiYTFCAHSPFrl3_yw,1589,1
x6COhXXL4vUBME-UKDwryA,1716,3
zPHYIXbIPe268HoGdfpcSQ,1199,1
KXLVBrDbldEu7rexa7eqPw,3630,30
auDnmKPynG9qaXDHEhL6UA,1430,35
NbwPMfww7W_cdmSvYP717g,2611,21
i-YoMXhx9WYnL2re9jt56g,1878,1
dcOQCKYXsNsg7oh2Uai2-g,961,3
rut9XCd-VxQkGigPQpggRg,2507,2
a4rgptLQNRqvp-oK00xArQ,2955,2
fnqdp6EM6sj8XLVhRqg3cw,1462,1
w0C8op6a6Qrc-9qY4Wdvlg,1381,1
-plDm5Ef5vmeU5WdovUaew,2827,40
i7vkn2T7HU_5nOd76pCscg,1116,3
jkxqm_ivitjHJmsLB6FT6w,1287,4
oec_6wHts1BJjpfjrQtvUg,1229,2
k1UtOIOU9IBcOq4CS1VP_w,1463,10
WqRDKJ_llbBX3Q176GwFzQ,2055,1
6LweCSHaBSYFz0nFmT_VmA,2167,7
xRTAgDIC2p4tI6u8aLZN-w,1899,1
e3wQ--I0PAfjW_kNZMja0Q,848,4
96ZsMp8VsZmfl076-n2z8w,2555,15
G-I9Pux1z7uZZ1pfVZjZfg,1054,4
Nsho8YEn9JqOiKTFeKyBPQ,3290,28
jW3tZ62JMZUjQrGTz1904g,1963,7
C2SbU6mP48iN87NH33Iq6g,2144,10
z9L-QanDjjHJyl2bdc5v3g,3937,159
eyPC-vwxJFDQkqF_MNhvzw,2923,15
A2DmbqLCtK-4ubsyZCJFjQ,1888,1
dJXzXgaE8JcdprGxsRVlFQ,2681,28
SAErIuWa6YVjYkEggyKHUg,3593,4
4XZ5a8NCy8Roo7looPDqug,2680,25
jtOGzrO9vyavljF2KuFwfQ,3690,36
5MdwSB5Nvfn4UK7Wg37hVA,4059,23
7HgRr20fGcFAuaB7VCCnMg,2290,2
5ZnQjYQcXwVFUugK8l31WA,2262,1
SPqXMKfujH1pc7tUTzZzag,2351,5
hVffQfcYo8DFNp-h5Tc5gQ,1424,3
G76blZw1cq-MudKaBeKSOQ,1481,3
UgIbxQh4aexlyWPhQlMItA,2835,7
aMHjn01aJTDCeBKXqJYAuA,1279,2
KWkzm2Z8FgBeAr_vorbdXQ,3940,196
Rn6PSl1ulbNwlaftm3Q33g,2030,2
r_4qvFrwHQteRwlRwhhW7w,3219,3
muiNtBBTYzhZbrzyWFWOSw,2755,38
ZjzNsJ8QWA3UQuQWEqmv0Q,2021,40
ugOhReJ4c_Bb25m2q-V6OQ,1409,4
NMC8rTYkKhhDlVhfeiqymw,1114,4
Lc5i27OEdpvjrsme0-a6eg,2761,11
ArFZjqLOcLHNSpniztUcjQ,2991,26
kKPUnT1F-HOhf8zIXjUf0A,3719,18
zZI8pq3p-7I7VkuPPf3Ujw,1156,3
PaMoh9Vpt1Br5KPf6zGdLg,1613,5
SFswusaPZBsqhpMvKxIAEQ,2361,18
TpE-MOHx6csy1cyQOxytGw,2097,3
oyRYfpP44VQz0Qb_a5lD-Q,2025,1
LBFFvDxyZf6UwEIdVhzEDw,3579,12
Z9X7B9MHS1QeOYi45a14aA,3095,13
GRnjABrhZwlXwXA5c_Tu-g,2806,2
FwaJ6BvyfpYzBzmERQclAA,1579,4
lpUD0-UHIT056IIX2hXZ-g,1578,2
bkOf2toNjn8MhuRjvoyGYA,1195,2
Ag_blvmrdu6U0A7n9JkQMw,1568,15
XkAK72nyYZ5K_Zo-Y0LTUQ,1101,1
be9iI2rWFcD35_UZ-sgJMw,1795,1
oueO5CLl0Gifua3p9cA4qw,989,121
tHJIkAqWmEmR6SlMIWRi8g,2998,3
FEhQWfsS7Vd7RPmjIAeQ8g,1308,1
yESsGJIIbHIfT0vTIwttag,2889,10
el96adxA3vnZHfNdC0IocA,4061,184
cc6BuYcQkm6VA_ZbFFPq3w,1195,27
hfnSmUCCp82aS6pFNP7rPg,853,6
X3lMc01sOPO3bwQ8dMqMow,1646,1
s8ODIErv3Sr2G4JCXSYXag,3028,254
COZgE8VlpJ-BFR15a4Fonw,4351,1
hXzpi4afqmM_oLKl81S53A,2505,17
6MGXMvocsWSNt2tOiSjtwg,3765,74
v5AKDgeQhmnjrrz1bcJzHg,2027,6
8oL5MuDkYnesjGg-RJE63A,2305,6
iHG7qTHHfJcgFF4HyXVQJA,1939,38
6Ykqa5SscNcW2cb0J9_QAg,2075,5
CC5yneC60bTijlL74kyTPQ,3068,74
JSBL5SUp8SVGf9ooBVLOkQ,2756,9
pps2wibqojn1E0D-QU6a0g,2321,7
sPYWxpbeiS0Xu60Ws2wigw,1605,1
0j0uR2sjWbh2iPNGY1COVQ,947,3
71Z2Z9WT-ZO_ktGRKQvJvg,1724,5
1q_ABXKejoyYX7_IQtvxXA,3870,102
GJsdANI-XGfwVcKwi-9nkA,1378,1
h9nVPTfaXb2-vXeMIhhIGA,1753,2
3jP1ZKk0nAbb3VvqKVeVbw,2061,58
LH3Mo6rqZSVEgd_ftBvG4g,1440,2
8Q8cyVLcXbA185svU8h_8A,974,2
l2YutTOyu6gDl3PWsVssxA,2441,4
F-ch9H_JETCEyJ1NxrM3bg,2016,4
_4ET0GN34Qt9DRLlH6TdAg,3220,2
4L_U7hxbiMoj9z2igXnHfA,2884,4
5xZjvy0OAXVQ-Emo4bQevw,2589,65
GXiCSc7QZQ9G7Xu2QnTCrA,3133,46
4uXTA2uIYrcotUSyxXoY8w,3035,7
Ogu0zr1kt6uxd8mEH65_Zg,1394,4
7EKkcxhJM7i-V51S07cjaQ,948,1
R1NngmbL2JLG3Wsd0CSkmA,841,9
rMVpUmQxAkGFb7kBbOYQIQ,4654,24
Ac_cxuejRd23odDudjBmWg,1416,10
IrZ6ucKeXPMuJ8bvuvnZMQ,1718,2
PVLOkiXVg33DEo0whbg8gQ,1460,2
yNhFWk7mX3SbMvYy-kjzUA,1214,2
BN_tio5GJufG-StLyHQnZw,2405,32
7rQdYUCHYrJ6fnlilP4MSQ,931,5
7ZiV2AivfPLBEAsckOqoKw,1667,13
D1HP1TpswFaGSo5LHzakMw,1971,3
hE2Tl5CUtGC5b10IeW8QaA,1190,10
_nU3Y7Qn-lYGb3AX7Br1kQ,1165,14
OJQe3HtnpBR8v4n0iAEWPg,2358,3
Aev-yEFyhXg_eLBH84NAJg,1620,4
9Q5y5pzIJcY19d-ukouA7A,2282,1
WV5Jnsa0Co8AL_872X2uNw,2474,7
vAYpEWSGc8mvxyUPF13uqQ,528,1
a2HuF0SQvq7b67raypvoDw,2305,8
o5R9YngOA0UVKKD7skTHAQ,1343,4
wIY51R3Can8JVWDYUx0Jxg,1604,3
zjoUYBZ4z3avKyrqEe8B8w,778,2
ebodbbXFIAtYKS1qlMKIMw,1381,4
V3vBbDW7QxD2ADIAFyc0Xw,2563,3
Zym6od9A5Y6w5g5xeActrg,1225,16
FE3zG-uql0z1Y5b2F3BVTQ,1452,4
VIHrmgVurMjBnvixIftHQg,2123,12
4UbjY5iYzixi9aoeFmho0w,2313,3
q2IAPLSBefb0wKr_dH0t8w,1915,27
cAiUPJwP5Cy_MQNNnAwRvA,2223,15
FZdJKSIN2TVls_JGjlxW0Q,2358,3
jXlBlhV2SJ7z3SU9RNcuuQ,2388,3
5dosFRK3hSlySWDk32ioYg,1645,3
zh-JUWYkU9ZOQ5buaDiEpg,2082,33
2_iw6YPZK1tJ8-8xZyeR3A,3737,54
wfli3v_Io2nuPGLhcaprLw,2012,5
th6sXdq_NgIwhXOp4_pykA,849,3
aqDbhEDTK_MODHv1yRwEOg,878,4
GrIFHJm8ZxpQ8ra5nVnvvA,1466,1
8FXO7nuxLJftE7VNj0-Vng,2889,29
vn_anOyg7S2Aw9FnR5BDNA,3217,11
2ux-vjkqDevmE9YUKm7E0A,2056,1
FLOKFoJ2E_jx3hXHbqNmSQ,3521,7
wbgRWDhOYNWdWUSshp_3cw,842,6
tzbahikdFqqMaak4qMCUig,940,1
VlVx6clfF7iZfO_idvuMfA,4506,1410
p_xlnVCLglPVWB9mZscY_w,2772,1
CBz5vvKBpiPC_ifJ6P3z2w,2203,16
zbriWB0u4msk8j_Zn0Bw9Q,1486,2
H1lhB-gCSbdtblglfVysag,1519,83
5pTBlIrRYoXpthlLYnV9CQ,943,4
oKjh8Av32BD8Ondvl214pQ,1898,2
wKBltelvSVIQzESMvDYkag,2399,23
WrAkHLLZUQ7TFcsfQJ2oQA,1277,1
7wtzOo3fpbGqCl3ZHa4nPA,1479,7
1y8GJXfVBTjqkP1NCV5BwA,1121,1
YrE7BOKuW3wGHqBGpLXDdw,2560,3
xcn3pVr7vFLVRvKzWoBalg,2343,32
8bGR8txr6FiEhF-L1lJgxg,2833,10
5iVlgaCcoR0Ep-ToR4xErg,2568,12
V30m4tZjTlMBhjt7-Id1Wg,1452,3
X_VmSRtZSKk1WnwIG9Ge-Q,1308,5
8d-vZGcw3T-tPhHfYiL23A,1978,10
jxMxTI043GCT52Z8zVOLQg,3137,4
euX26lAHonhmy3Pu8LAbDw,1593,2
ZEz7WgpemuKbJg8TXl0Tgg,3083,6
ByNFnAfiVLY9f1mvfBRAZw,2815,2
VrxANM8SWsoNW_56EA5KAw,1929,3
LjQibJK8b25frmzCZpCcMw,1669,78
pIQD4_bIt5XHuTwZF0F-Jg,871,2
wqUEYeDEkUCKe1E1R12i3Q,937,4
cXM_NAF3SCrZNinD2GmCow,2431,26
qbbwTFyxHMFcS8ENpC1GBg,2923,4
MWmvexXsESSO7NjyI_shVQ,1246,8
jXDMzNdFVHKafWevbjpNWw,3537,7
yA68vexUbZi8UFEcu2t8Mw,3078,17
wb5TmtJ5CDL8sYm_0ACgZw,3274,10
sBlu8DenmTxjsmP0_Rs_Zw,2424,4
ZI0NIbNegxfzB9o-6j3bPA,1330,25
EI0i3ytDL4wbRQ05_wuC5w,1453,1
K30_uarmtuuKNuDtFGRRqQ,2938,55
GHPX3cegtmhl2RLbNTm5hA,1208,2
YKSo36Rleo3V_bOGu29hOA,1644,1
fbh5kjmWdkJtnyF_Mqd1FQ,4216,25
XOQdfNUzN9TFBZLujnwBZw,3695,28
iHz3eid8NdltBm0gYokuMg,3431,4
nPtuFYpqCWrIv4PMvnyZGA,3635,9
xOkG7cqTj1GJs46DEm106A,2893,2
CAPIhE-_-7LWjTwrmXd-FQ,1863,4
baX1MYAmXWtDXRVHMAtj9A,2340,52
nBg0BbHsmEV6jvRbzTuZWA,1277,1
32CpC4shPP_oygBMgZLRmQ,3116,1
SypPXDNAVeL9SjW8Z_sZnw,1581,2
q7sN-z-xjgdImr2xJPfLZg,3097,7
qC0i2U5b2edsy3wxgW-pmQ,3548,2
eoHaeWX1gxQmwXatoGt60g,2017,3
zhAL3iEH5Gq_NlqN0_W_pw,2913,15
ccbM8mnY23RQ2tL21inZsg,1114,1
dGdBPiECtNLB6EVKQOtWqQ,2823,18
df5sgBWokxq7MylOWTFCjw,1501,6
SUsc8PH6vAr-JqIREf8H_Q,2761,23
72Lb0legly9jnYu46SC5WQ,947,4
2wumpsXPDHZXG3TKXbXr3g,1231,4
7Xirh-lVdt_fx43igfHdNg,2487,9
45vNYvrUQptWu6fV6v6p0Q,3646,51
zHPcXWA528BWREC4FGAX6g,797,1
226nFzSTfP4AZoddHZYjxg,1156,2
4Tta8D9VI904J_JUYPskeA,3767,29
URlHg9sTHeH8TcLw7PPcCA,1669,3
PYiaeY0yc8p834QClM_71g,2955,1
0HFLLdqGTaWFrFzIQW5e5A,2034,14
_8Oe9T_SIFuQnRl87O1yKw,2996,25
Kc75GjJAxWwWOtqpqkcAiw,1384,9
dWCryP25ORsEb4G0IkY3iA,2742,29
43k7TYLcatY-3IPVDBjwZw,2296,5
LNso6xwD1WChXPu3J8lhuw,2743,5
CesXqXduMdFDN1cJIHE0GQ,2323,17
3mxZAbk-Sf86QEBFgpp73A,956,3
0bPqyOChr2Kdf6wet2BcTA,814,1
bFpRcHgfoinPFOvBem61nA,1676,25
RIEiQY0iVs6OTgYjfAQ_4w,715,1
hdD052iH0DA80oDIdi7Ong,1292,2
PvNeGxL_c6JvwRFhph87qg,3486,4
UCQXjZTdPrq7FZ9eGQnkaQ,3585,158
mL1CeeU7P7ue-TY_5zgtpg,1038,1
Ds9K6dgs0zEZ4CWjeIigjQ,2842,3
e9WgU-WMPtNQlMyAlTqIeg,3132,42
WsdXy_fapOFNGmTYcVO1cA,3137,22
ydRFMWfHmWIcXrhAVko8Ig,2789,3
bF3zVHJSLGn2K2cs-y7Rzg,889,3
oTZ9mOR9FD9JA54KNMDAyA,2694,38
GpQlbqxTuSuXEaUJFeGCjw,1692,2
a7SmJudGq-6Hb_PRcyTGgw,4260,74
ESxKchck7VJGNGXYFIUIWQ,954,3
AwiBY58nDA5zwJBibIl9Lg,1925,17
FnK5UWfodJh4DG55Oqtx6Q,1307,16
GzKd77XyysTlWHHfEyc-Dg,2900,15
garg0L3Eudzb_Q9Bqk1VUA,933,2
PyC1iVxvLupWAN0LzSqX2A,3872,214
Gwx2LkmqiGt3z4ypOUMcqg,2005,4
ZY7toANuG44vpbsdEfYJIg,1648,10
RfcZcOPQ63tsjDNp3hov5Q,1128,1
kMcaeokpcE2SiKcROH-KHQ,3250,4
BC2yo6CLSLZBUWBTuSYYRQ,1830,4
4C6Xe68ZTey8hmyEmZGhAw,1000,1
K2MJVEFzizAgeMr-__fHTg,1975,4
iua5VIOtVqj9T7I5AMUUXA,672,1
5lJ14NwU_P9suTH_o9-nEg,2807,7
5l5jox85IvgAkN8X9zePVg,684,1
UTf4tyyn1SubhB3Eoqgcaw,3185,52
eQFK0689lFEQukBDF-a1Tw,1574,4
_tSb1XS_YXohSpYv_lz2lg,3094,10
VBYn0snq2Z02TgOHvxCV_g,2403,4
9tN0crKZQhaVPiC-l7Um7w,2290,24
eEkUa-3v0jAkLu3rMPtbeg,3409,14
0WxFoSkw0RqGHTPt1nZ3JA,1728,1
VH75FnAs8iXC2zADqxhAWA,1095,9
1CCto5Ztizeqy6CFmjnvig,1253,35
ycO8NkwsXwpwOTaUYLDBMQ,1759,16
l4R5YVm9iACOdUgfjftcuQ,3407,8
8lI3V9CNZhIHJPwq8Iy6NQ,648,2
1xfySjZns-uchefhRbvw0A,988,5
p1vtWVw4P5d7xYbDbHdgDA,1954,1
FfJehDJsNSYCmHzEIIs9Ew,1870,1
I3YrPTN5j4DpgFwjbhdk8w,1760,152
nJYwfcLW-3GZ2WyXZKJt1A,2707,1
EJX_n9Ng2zHrSJvjpnpmqg,1677,2
RJxpFfIV_ma92T6paWVkwQ,2892,8
hgtsztoqT2jaNsrt-ZZccA,1906,1
j_8lI8NQYMxQv18Q4MgsTQ,1516,16
PrTT2WZDVZh3XgT5LC2gBQ,1491,3
szln59pAG-nE4zMkl8bJWg,2405,52
h6o9UJeExnk59K_YvaiMuw,834,3
58EWlYLWGCFcGfrg-oP0eQ,1361,1
eBadFwZLHuNfyhJvnw0Szg,1210,2
OfV0rqX5JGqzUPWsN5Oeqw,2113,20
Is02s0cByKJf6ZSX7V8Uug,1367,8
thTuPz4FLq5ykSunP-BJVA,2614,6
51S3iSP-LRY8uxEhKcaldw,1217,6
fsDRO1o9oS0rAy5TxKD84w,2283,5
ZrHk2v6D31LxojZmvSqWXw,1515,3
3i3bHVo5ZBsZDmu9YvfIdg,1441,2
EQLx8fgDW80edNxu0qVw0A,3021,11
rVj8oDqQHngqTm71nl7HrQ,1303,1
EZ4uzuyVej1hk6ifXlaYIQ,1799,5
PsdZEqPIj5gKD2rqSomX4A,604,7
5EVKyjhXqxBzv-aZga6HNA,956,8
5pfNFcbMA94dibnCzyZVMg,2560,12
8GTMvIA-8eCt5kjM8ZxMow,2480,2
CvF7az76miDn6fdj0FLCIA,1453,1
2g5FTeK5Q11N7HHknp1OVQ,2104,2
idhh2cRV5T0wm6w-XF3y3g,4052,27
eyCSj-GscU-5pVhgN16OVQ,2342,3
wuUCMBIkxvto6XM7bqY4iQ,857,3
wDgP9Par6NFdh1gHJUl2Zg,2368,3
4xUFUcstt57lXj8Piev2FQ,2250,1
LgydkTk7eycAgflaiWWumw,1537,3
qhmSMPri4cxU-1KVFiSIUQ,1277,4
DIA6YkXrj2Gut57LY9vP5g,981,2
jaKPa0jryp4EqyLkmLVi4g,1211,5
OEmMQ8CNPMBBX4PLoUToiw,848,1
u0p_Of12ejiHXqxMDwhPsw,586,2
9Ps7Yp5CWKb-rulCGshrmg,1393,5
S9mczlF202MB_x8_yD-aLg,1826,3
zGIv9PzOjYg8qzE4Ad6hkA,814,1
U6h6jOYOqcMxt3pwx-e2OQ,2782,2
1Fx7pgWeA0NUcroekh5JLA,2501,1
ahAkh59aEfQpuHKqeseB6g,1208,3
Yew9OkaPpki0OFRmNQjBwQ,2212,2
xi-v_RZJwHg3RngxVfb8SQ,551,1
RCDE8HN1XdKR8TAEWuM5Lw,2481,2
JwaOh1m87ZNOjo4uz7BAhQ,2022,2
Jzfr6f_n9la6f8f_qFbb-Q,1844,6
NBC3guk4Iq9srECcW_6YiQ,1429,2
g0zikYFSCrpmPs1zz5nU0A,1594,7
VIF1flvuYNeKj6MaVtZTfw,2182,6
YMFHrL-isnKFkHUobkqY3Q,2696,5
74px454mfCZsPLYwqKPsDA,3859,8
1AZ2gXP-FwBOtV9g4I_ZTw,1535,1
vgS1PCGTvqRacHZvNbHiVA,2295,5
G8lPMBVwhNrSAWkHXAornQ,1238,5
hIHrTPrzLPj4ACdWRArVeA,2130,3
XLjS-AE-ycbi0-ioaAr05Q,2623,8
2LTU1l2g7SCVys_5vPBdoA,561,1
BFgg5crhz748p2__HEj-og,1743,20
lVtQkcoU6airt6ADkz_9Rw,1605,15
n2Qbqdol2gwKiprZv4hebg,2226,2
ufkL9xEZW5on5G4NducQIQ,1260,1
-LA0n0Po9C7FEjWnhIh9Yg,2340,9
vLapguTPtG442CqeRU2uWg,3124,15
-PfG5kS-HeJ0e-Pb-6dvcA,2094,5
_qBZdUzgi0rrsahfxSAQqA,1177,6
RppTDsGmyMHBAXlZz65vQw,2364,2
1e7yYh7ovNr0yoX_sGM9NA,1418,1
Cpudi309ekjE6j6y0Rh66A,1622,2
nHH9YXAh1UJiHu54aL7rqg,1144,1
t4L6NagWb8QBg6cENhdFAg,1086,2
VD7cHrXKSxOBYfQWorx5cw,1332,3
mVIqsRy7B6wgxneE5yjT0g,834,8
dNxidGrhSLGd0teKJ4nUwQ,1867,10
yTMSnD0kXoaGgQ0lxsB_tw,2004,8
yr8UAJChCrzSj5SuTVJ4Qw,1958,3
eyyzEDBOQB3ePWrUmFGSbw,800,2
85uR7JXI0osEhmxQ8-OgZA,2801,17
VTm53sAYnxUhkBpJRffXew,1621,11
nq_Nd_Hh8N_y2czRgk0yOg,648,1
wfzs4AIctz64Kar7vOX8QA,2335,1
WcXwN-Q7UEVDEJmi_ArAQw,2915,2
5cb3xhLiz0XT5tE7hg-0Fg,3774,3
bJpfvjllTOws3ucLDG6Yuw,2516,89
c8Own6Tznch07nmMR6iK4g,1773,2
KsSB5QYAA-7Z5gVGAEF8FA,1944,2
Eyh60Yk5GXKXg2GeTpsoRw,1067,2
P9Y5w4XYroo6WYiffOFP9A,2925,3
RUBOoOA9e7Kb73HQe1Y2eQ,1691,24
Vr51FuzMOsWjbDqk4iGKvQ,584,3
vdUCgJ-gKAiM0QwaDcmorQ,2211,12
GLY53jCxUIsodgGkwTyUiQ,3028,2
dDJLYzlBcQoLax-vtVU7kA,4264,22
bvLh_CWY758WhdJVa_f2BA,2382,7
U2t57981eakwpQnn-lwqKg,1157,2
XjiUBnaKIenzEiaIgG5ngA,2718,21
q0XQsqiE-N9TNbNIOVpEMg,2282,15
8TR7sVJ0fLTQA19Bq9Tm4w,1255,41
RQa3KmldTULIrJCRGLIdIw,1935,5
J5mtGeRwVc2UQz8Yo6dAag,1815,1
EHA5hLArzqHv7XhaKTRqnw,2722,7
rMaaW0lPoVcbb2DZNGyivQ,2063,18
jZDNS7dw05RfNLx6Smm4rA,1071,1
OxMmfZaV_5csiD_qZgebIQ,1845,8
ujPMrEQEPm7P3V5OcC8nlA,2153,6
Ej1tRzWFVqFq62mj7Z3FQQ,1857,23
J84FICbDVoSe7ZXn5lnQNw,695,48
--U0loZF9HaSPRzrGuiWLg,642,4
g1buWIWU2HRO5w0KUAExzw,2817,1
cIhdKbErtpatYnaootoFtA,2737,24
OssUyBFN8MQzYWwhiAcc6A,922,7
6mRk7InVy3vCGN7YG3JBCQ,989,1
966d_7QYyddnqww-B48S6Q,3803,12
1IeWzN-qG-wsAFSoV4Oa0w,1296,1
ljfzbFYzk1gEakXx5rK4fA,1593,242
j-wFeVG14E6lrnBO1gvczw,1671,6
MBjtilC6BUHnw0rWugKnMw,2287,1
ee_zZuZJmh1a87X7iFa3Fw,3488,81
YDMhhMhaURkHtGHlQlK7Gw,2226,8
2GKJMhXrutmkwrVyJ39GQQ,1403,6
zd7Ntn_5rkpE_dqerNaiJg,1441,2
_f9y3Se6ULt-YwquxCQgWw,1287,1
ESExZK0M-fo2s6jLqjTntw,2554,2
f4YosvIMurOM8qgbnJyAPw,1412,1
X5qxKUTDZXm53fNQtaz6YA,2726,37
5vNZXeqicg_bDrHBBtyeTQ,1506,4
brxUMDyC5TaB4KzwAbOR8A,1141,1
jD5FJ8IgQrpq1IXybNQIXA,2761,4
3bQQdROWCh3ZluGotPpp-A,1549,14
QJR_PRrHvlz9Vye8NxOC1Q,3972,45
cPQ3FCUt4-BxPGu-K2uGUQ,618,7
5FNPu4K0easjuPE7f9xcLw,2065,267
NAhnJDBvbbrzqh6H5vMOfQ,1142,4
M9y0rEfZRCOJrF_mKJ3ZDg,901,4
sd_ypaROcV9cfzWkVAkHYQ,2921,165
BbgUdRl2s59ttGSoy6Tiqg,1828,1
fFR72JacrW58t76fKxmbKg,2292,4
tTtYsQp_-n73NXyMIOsciw,2090,1
pSuDGnS7T8iXVbIVM1Ch7A,2541,4
jbbmWZCA9EUrDgrAcUdAyA,1110,2
22586Tc7zukxohm6S4_k7A,1180,1
KZPCvP0nWRS9OctYf4bubw,2797,266
vz84SRQhzr5qNWMVCiPLsw,1690,3
7bSE9GOvftLyvwvyz9XJoA,3694,22
Onvt5Y7yI4X81rA89_6o1w,2853,6
koRaRQCYRTX7Z2ieplpzAw,2186,2
YLRpMbcQ-YvTYl7pEVcrwQ,3371,110
qV0twgoBnrvbuCdnRPi7Mw,3728,27
T_Oze61AOVFjbPd6OoY0OQ,2570,4
MmW3Gpqc14hPTk1G2a_acg,1699,81
ZMjxuRFPeEE3WwwOP-9WUg,1602,1
cfpFgqbkTPouHhWteG5egw,1239,1
YRCAFUBQ4eRo1IoFc_OpqA,1763,20
zhYJ62Ri_IL-PMAmpW4Qrg,1821,19
DiqmhbHSmxojBAQAp3s6aw,3044,34
R6zzYbqRnHDyLky-yjDOzw,1435,27
J0jwwq-0OoeNNM-1wukzSw,4155,159
yY9OFomMUiTIt1yTPpmmVw,1520,5
kfCOT-oiuXQ5XUTPZC6U9Q,3228,6
l3ZOlvTD2Rcq1fARLq65Iw,2800,32
wx7bGgo4l466HSuOgklNZQ,3555,2
TIx8yUxG2E0UPQ2pUbKm8w,2696,12
mHcKY6iBjFTLF1GdfcpGPg,3757,96
noj9raJlhcSpqlY1ofPrfA,2729,28
7AvJUCPsfepEfVZ8xYXJJg,2000,4
DK2tTSDoRJXNSaEdovJusA,1909,5
24KmzLla_CKvPNutz1DaFQ,3091,2
8MHuHRtjvuqcxkyNn1MQtA,2050,7
NaIz154TUISAgKOV_Rh-aA,2354,5
XNTByHs-0NacnK__-iqFOw,2203,8
zfUPKNhH2Fzofmg1prk37A,1498,2
HW3vQ4e_kM37536lo_CV9w,3117,14
_lQxCZPpo0TAlYdiMAJ1_A,2738,11
qoz7QkqRqXAD16Wk7gfDpA,766,1
AFpouxCt2pwlDpRKkUCs8g,1434,68
05YBxDISvE3njDIeK974yA,2533,5
2OWNylRYI181kUeqQuyleg,2719,18
9lUyGNdRGWFRILDiXlstWw,2863,19
dJzNJ-Vto5dRuYv3Tk2OBA,2287,2
1emL3xtaEnogog9uPvY7_g,2391,26
pneFgKRXVZUZU-yJpsR03A,2732,38
sowxjNBHegRhkDs_7dRwFQ,3454,9
2tHTNEPkGJWEO0dt203rVg,2122,1
e6oF0WUxgtl5hTszMZzINg,1395,18
K-Gc9Ky7aRkiOSUQ3EEaLA,4328,108
nQz5dzTj4rU91uexJrzKWA,2594,41
KFlEg0ppkTe8ut7xxIdnIg,2291,15
xFoqQfpeS4uHsJSv2lifeA,1778,1
RGU2WnA1eIGHMJvCTPb0HA,1145,3
Q5vFB5s8m7Xh6_YnJd0LdQ,941,1
rc781REeEWDBUVAAduhZ0Q,2208,4
XeLSOo2Xf4edZ8xDaq4h3g,2503,1
dY2uCeZPPA7IIgR1sCOdjA,1015,90
kq5REC-dsZ57elzwwQNQpA,2634,3
8OZYmguzkq5DeDwrtN1TxQ,1134,6
CF9D2-6LSrCJg7EJKgBdGw,1486,3
3q2cQC60mNmSHH3LYC_j_g,2403,87
2SoE6s0WIElSuSq34ax4Cw,1488,8
HKsHS0ZJqoKykeBsYnCu4w,3794,12
3w8NVwfx2bCxxicpuQBDwg,1534,2
uqsI0YLysx_sTvL4T1lmFQ,2867,5
m9UDsGrl9MtCgaKE7MyNfQ,2336,9
P377MLMFGSZ6n1ImLUevzA,2567,10
VVrWaYb2RAlBJ54Zrhob_g,995,4
3gSDpK13OnIerpemzVqTWA,2530,2
kaa6i7IHMyYIom7DIul9EQ,2497,124
TTqinIP4xRtxvCllMSoOjA,2294,1
5YHtXxxwJr5jWEIZMgT7_w,1895,3
UbqDCLDDr3IQDiPRuwZxTA,2287,4
lrX-pHhfmvRYPXfV5pRhBQ,911,3
ioSpGJpNQxw7aX1Kb0p2eA,1147,55
ytMeb2gvGVrVdZs3eBZqEA,3790,74
RalOmq_mbrH3PttcGgtKBg,1725,23
KkiNtRLP2FhoITRoXgO_Pg,2702,25
C4rl90vcCF4ckrBXaZ3qJg,1231,6
lkn5etpetVX-u86S4rD96Q,2591,40
yH3uE8OKRMT3UHlUHUhw2w,1266,4
1M7o2cYy64UAgXPgdWnVjA,2223,17
qq3XL9xABuLgfFb8lrReoQ,2538,1
ijqUUUpEFLilXOTG_X1xtA,1915,2
yFJhgx6EDUl5ynnVw0I8WA,3130,15
vbkfuFYs2Ubpu2k0rYsIOA,1616,9
K0fVPOdRG1iBpQ2PmhElVw,1616,63
j8bD0EjgDkqsn4O6Zqx5Lg,3791,149
pYViTyH-f_IV76cAgmRjXQ,2272,3
MuOsUg4iqr0hbVxrYgvoVA,1668,2
ALqTQHhsuyEhgQCb_eaG-g,2963,39
s9EKszI6FixyesgZbQyqyg,1593,2
j61zSbBRrNQPG4p-cydSmQ,2501,11
qH0aMee_bhgRF9X4_JpRsw,3484,89
HNWo281EXMjN8PD-ei3iKQ,1599,10
cWoJgAkfehSaQhG_3et61w,2799,3
vPqlHicGfLqHbLoIIyYhyA,1961,5
joUrj3QbKgTgSLdxFG1tGA,2599,3
S3hmAt2VU2GUTmf81Dt-Og,1561,36
B-0Ga2K-wP-yZvXt79bBaw,1531,320
bie2kLpjkMlAVvItX80WmA,2826,28
8_PeqrUFMcK2f5YhS9ka8Q,1201,1
vVaA7THe8FYUEK4LOhCOoA,3232,34
1pfXSLq9njNPMXv33Uo_0Q,1797,98
oXA0u2H0lRApNVs8Yn05Pw,1639,6
h9s7SQmAe-mAg9R81npmvg,3139,2
rV16VWeccptyHQRpjjkYrw,2164,4
V_eycWg0Ryk5dcYgb8Ip4g,2358,13
NfcUYzSjftxsjNtsI185FQ,2097,12
a8Xj11EwrF6csvSO7IBNwQ,2276,22
UYh7GDtTh0bVs9etDQEI1A,2380,4
LOJTPR3KVemaFvVyGfE_-w,3209,33
SdT-PuPRywert1o4UCiFOw,1076,2
2Uoyk5SeF8SngXbnqr8_EA,2524,14
m8-WjzOtR57lZQ3ddlbAVQ,2256,3
Dl4dYrHsxDs2ge-HiEB2dQ,1677,30
kVp5IqpNyBPfjcp5adjvAQ,1539,2
o4Np8ISJ8J6NjHVgIh2-fg,3602,10
jfgQRaeJYEzhLt7TYrIigQ,2366,196
DJZSSSeFhCkYESQaaNAu4g,2556,27
HdfC4v1cqPq5EEorW-1BAg,1722,10
Dl74_1BptZmjMAbCiGnXDg,1348,6
n6EcQgoVxFhWDOaklnDE1g,941,3
8K8mSTLLJyrj-QNK8nuSyg,1698,4
-xBwTXrjcda4-ijDUL-Mww,2766,34
eL6BYU5VgXba8OpDiKlXyA,1927,10
FGER8UmgzUGhnh2ToKx1jw,604,2
3FJ12JUwP4b2iyY6ZJ2KDg,2456,1
OYAyPBinW7_Cn6lRz5YSkA,2004,2
m9bs7uJDf11NMPnZqICOlQ,865,1
euJU8uPKkdterZvWzpFyHA,2548,1
3mq-KPG-nkDGqLdB7uGuHw,3444,263
iJyknwXB5VxXe6yOrZUB6Q,3492,25
3RVr7ClVUMEUYokkUHS2qg,698,1
sH5NB_2Mm7R4Y4WJiFPc-w,1886,3
sBCTbbWyijp69eGwrRHGXw,637,2
nWwMmMO-at9SaX0erospdQ,2285,57
9FnOE_sFkmltRtKFIe6bzw,3110,28
xvqB7V6ZXLCoxRXEMQTiQA,1879,9
cA0_rksRTD2Y6fPZVjp8Rw,3102,49
aSfJVq9abdlpJZQkdAM33w,2112,20
Y5FNpmVbkp6j_62kHwoSCA,2267,18
IxvFTZh86B05Q6cz36XRiA,2185,9
DqwijFal6y4yXcprm-lDtw,2599,10
bvT_zrXhWFnVp4RnpooLaA,1721,18
S8O4as_HZawwoHyKp86d4A,1654,1
Q1Z3mnNPgc_-vC7aDNQI3g,1723,114
_QUOMXznWZE0553oFPaCPg,937,1
E-BZZD3Tw8l1h4WSSKFKSA,2672,7
ycyrLbcFNqMDorJz_n2Onw,2107,3
UqR_F_trHj0XcVIXOyh1lw,2553,6
XQ5z420WnRhPRJuUpWjisg,2158,8
RuKaioSVkZ_jklhcjXpcsg,2268,17
ESjlvtFMt9VCFI3jusMbFQ,3220,3
u8KjikzvZHfMTNPRMQ40wQ,2017,3
APk4Tdhj2TEGC5ImU7b0lA,1754,2
K7gONmfQE0KMVf7eJE894A,2291,5
SLWloANlSP8f2EP3bWeVUA,3868,14
ji0oVWjRe0hcNdkZ4fxirQ,3526,5
ouJ2NiADkzC7srwvwGc2lA,2971,69
7Pxs0ky87_efV9kuEo7j1Q,1455,3
yOvL9guej0UNZZ_GV3wjuw,2873,8
c-fxIJzGf4ZnacJXudfwAw,1907,1
RJZeaMbwMbPoeZJ2np1i-w,1299,42
aGQlngxaoJrY0JwADGxYgw,2558,25
o6HhI7GOhTp70a3MUMN_zg,1633,173
nlUiw6LWFBN8BLN8Ogwwug,2802,22
QyXiENiH7y1UPUojTzceTg,629,7
2Jf_2lUW7_rwruKQRVkd6Q,1269,1
5loXHm98KHXfkNQB23widw,2700,3
2UcdefRSwmPjYKiiiTV9Jg,1316,5
nwZqvphAc095PYhWIFpnxA,2379,5
S-y3hXIggCxc_4cX7fWZRg,2540,13
qpMNET-K3Jfzs5Ux_OxjDA,3808,9
5emnyggbqnQ5Tg50TmJ91g,1494,19
4PELPDI0xqFw2yOvsOTy9A,1807,11
g7DK-AVOUmcYsM52Mtj75Q,2228,4
ibTUShMLbEiM0spdVjhKwg,2440,18
n3teHxiGFjRiv08GH88J9Q,949,2
TpzbBOb2AToeg8POsSy3hw,2345,6
iS0bvK0_kpOGk3juKEJctQ,3542,20
O4AHFhto_zzXBTZVWo3-aw,3180,3
hJ-VhTUvzO142ZSA_T3L6A,3076,21
klkmTgNWY0mbptD-3IjQcA,1202,2
hN3w2AWWx_dNJ1RGNfcGSQ,2794,2
yMDqtHNwt1h74cg4MaznJg,767,16
vYnrKIijR6_mGeCvZVNDSw,3730,27
f30WStXd-bfh0cg6tXSiNw,3012,2
-FiURiu-_Ii1Vh367SylGw,2445,2
o_a2o0cgf8Plx3_mQ-6Ckg,733,1
DdVsGZ_aJyF_YOMa_jghIg,2041,1
6p2poolicxvSwa1lnJRjAQ,2856,2
IxIVsskHS54D9Mfik10LXQ,2125,5
Thn1lNarn-FyXq5Dud-_-Q,1845,5
-b6NxAaYK3xXDrMHwAzxZw,2554,4
GaHP4NxblcOyJ6ExwrFPyw,2849,133
bT33KaJDi7bPp7Z_esaKjA,2061,88
xp4qD7Ol1vsS3BQdLwPMnw,3441,116
2Xb0RkQXWxvhMxAnfQ2SWg,704,2
hZwex92_ySTbQT9McXOuxg,2460,17
M9mMliYn66wgnoLodLCmMw,1378,1
VO15cpOUNWHU9csnkjXAag,1728,3
A_IGQdTJCHgvjvS6LZDb0A,2681,6
wQw9lbqMNnw84OD9shpXeg,797,19
VBCLeuBdOTH0MtyOFPuzAw,2303,4
vSjUbliVmyafWCnYpdTtNQ,2003,151
dSYjP8R4lME_-67IssbFFw,875,2
KLPJAlvso3G40CcwMixXEg,2143,5
jKg14V6i83BAZQQRUctiUg,2999,47
SYRRQJoa5gQ8Duev4uSWag,2453,9
a_oZzob4aBqJN6p4Mv-WEw,1974,19
KKz98bJeWkfixWYQYoqorQ,1443,3
D-r-MFZs_2HTm6-6WeGCHg,845,3
2QM7E7VudhXoAq2gVNXMrQ,2215,20
IRHBRrUiMZwqhwgqSBc7Fg,1611,6
jYWf70-CokHw1kuGFLSUNA,2895,2
ahmA-Cn_qtWXaeaceUuuBQ,2267,14
K9E4g3W3jbgKjGZVDz0kpw,2281,2
ouZqI7Dwb2CrW_a51LdqcQ,1827,7
4-od5LWhq4xfTJzQiMq5sA,2346,1
ppxXXZC3XKEzBTsklQiqMA,598,3
WJN9Uo-xH9pis9Pbkll3GQ,2761,4
pVWDEAMr9SINUYdKUIPeYA,3508,22
lwPJbjAlbKum5RO-vWeaag,1562,3
KaeMXSegXE-BiHxgxc_uBw,2292,4
hywZBfeogHTI3pXurOIfIg,1489,22
uhb4UHhn55yhPUmE4h-QtQ,3545,28
neBpZRDWdbrIdq-MEE2bMQ,3558,26
LAc51M1FNAUyO6n4GVwWYQ,898,1
vKYTvEhduPVxVNusNGLh9w,1485,3
oyYMT51HixuS1I5BLpqaNQ,2208,5
uoLA8N4q22Lby0Uk9scMAw,1317,13
zshTzCBNPxOq91jfOS35ZA,3230,19
pQbtR4g_tbaFCpKiyzPEoA,2329,11
bwzE8z4FVgTLdoHfAZNOKg,3645,1
IlyZmFzDteuIMtLTaTYKmw,2078,2
VGizb0yrtJjo9lJK-kg0qw,3563,63
ua0hk8Z_W5TwVSXnIzlfug,886,3
KuFE1VOzfvkGkdbCxPVFLA,1991,10
yIL4F45jHtgAmw_raJRE6A,1734,3
vLe3TDvXVRS8gwRFaP7v4w,3048,1
odmU2kmQMU_W1G30POKFWg,4550,45
ZJNpTJSzWNqKF-mQAYoRzQ,3752,14
nEv8eTn_wSHjDfgh4-vXYQ,1110,9
BCZtC2SL1RmmwqAC-YnnCw,2353,55
HaWZQWwB88PAIvMtDEH9Cg,1549,12
EqHnj6C2vT8Nmp4fk8fJjg,2301,3
JdIqYcszjT-RPwhMoW7unA,788,29
6svhbvTr_Hz70XhbpiXe1w,4688,60
Ns_vJhb0X18Vl9VRTsj1ng,2960,67
TZLRUXOohJmskxcgSTbLjg,2603,4
rlDLqnAZFaZ3TklTk-vPTA,977,31
E6-kk4vTDDyu2uorM2R_KQ,1995,2
HXLOV471hpnSW8TAY3g_TQ,3124,2
0DUAM3g-vjvwhHoWG5YrSw,1767,2
EpDSPXWyeus6oZgNS4JVfQ,2263,2
D35pQ_aXo_F2DuT6XK0P7Q,1223,3
37g2GgvUKfAiIE4HsPQMEw,736,6
aFvlfW5cpwOzt9npWOJLgw,1734,4
2DE9HWWZ3CAFfgq8orGcTA,2473,15
aDKtQ1Yfu_pnnPjkjejreg,987,1
nZfkAalTQHSNGczuUxAZhA,1845,1
EF7jzSXCwPl2dBWBne7SJw,1576,5
-Y-BYTySvX38juObl9cGzA,1084,4
NKQ9Nj8N8DbgOH-zLwIPRg,1979,6
tyiKhXnzR6Niq9_opW3yjg,3125,27
C41Csnb8IAXp1J6FezP6TA,2180,3
9QE8_76SAFVxdCsoxvk6Tw,2399,5
txP_BW46BO1BX70JHrJ6dA,717,4
HxG8d1NG9W5gjY1AxLNRJA,1116,3
HIY4lDGYdx63nk6Jf_bAOg,2816,2
6pwM8aFXG1jAIKQbba-XlQ,1482,1
yB1Y0gjBnsmlydfg5K5H5g,1135,1
RHv76pHxtZeZy3Dguogb-A,1907,5
nsXsijKns8Jd2pcWDzAAeA,1011,9
rHgwTzGPoEYp6VlavxBlGw,1250,25
I6Y8mvxuC_sT48yLgmhy5A,884,3
_fuJ1KdsfxkBaqwRcKtGdQ,2818,1
5qjrBeCtZhhV-5CBz4gNtQ,1452,2
UGHT4R94cTzbHPlVWqUrTA,2278,5
oaJUekisDUON6wdGJCpPtg,1119,1
5CxUyqRMsEph6dHHa8S90g,1259,6
i5tUyPCmAVMbXe2S2KEvQA,2758,5
haO_Pnu001el9AnCL2GKJQ,1471,19
CY8aXytjfj8DqL7Sn8S2kQ,1203,1
5Ful1uPZLHqRkJ5-mdjkUg,1923,1
JOGAQX43QmnGF5Pmqq3_-w,1595,4
evrnTjda-EYLiY2dALmhcQ,1950,11
KmwhvuNcCdng3FVkW3GC9A,1698,1
zcBlOw2xugWowcgvTpBnrg,2288,2
ktzy0EqjwJYZ65LjjhBy0g,611,1
yeD2li9RUB7_ru16Ktxj0A,2297,1
7qS1iDbeCAGBzs9_N7lz6w,2041,3
F9M-6Hf1hCxUpYoUUPglKQ,1304,2
8mExp-AgWzQS5w0e0zOnmQ,1028,22
TT_v-hJnpoTmTNdVm3opQA,1557,6
sr9iCfqUsr9-pNygL_y4bA,974,1
7AMGadP1WVgO0tslnTU6NQ,824,4
nPP5lWBmxiN3JInEtDfC7g,1552,7
AOVhnb_t7PvoynJZx758Fw,1506,2
1xLqHHrWcvffg3hoaO4MWg,2673,8
jxhRS8yXrlERo07cHAzz0A,1141,1
rPM1ELLLiPjKECVS9MjDyg,1986,5
ot-rktXavoj2Djcq0P77UQ,1379,1
DL72X5L4Yxb4Nf5dqy3XRA,3245,20
HlBD1P5-hqNQTJ71ynQjnw,1516,2
zCDU0cm2K_R7HozWqTgm0w,2852,34
r4Vobs_llGCTzA9DudZ4_Q,1257,4
sNmHcJaHnTB9-sTLpyzNlw,2711,2
6Oq3npyxolLuvANHEwpmAw,1264,1
1EI0Gg_CYiu4J8MHbxmEkw,1750,28
5O8BFRL7qAQtkAeHUs1Gow,2316,2
rAJNqRYWC5sivT4ohtySCQ,2345,89
JBX9cq5Td96xX03E7mWo6A,1170,1
CUrO0dDzlehfKYxf9P_EVA,1392,4
BN9D99ZEQPO39s7JIpHoXg,1162,2
Ci3reWPT9YXb4wPVNrAbWA,1586,1
Dy1KsZJoTisP0EZrAyHZfg,1683,3
DCoY8WyVKbTnZsGWwHJF0A,2990,12
O6zjBj7IQjYen52MK6STZw,2586,2
otCmBtMYMESWeJ5iAo2NHA,2227,5
d5xudxAqA0qQmO6Jd2YJXg,1791,3
p3AAzh8J1RwEPha4mbI0lA,1971,4
Tm9TMiOGY3X4aLA-VPSX_g,1310,10
if-2oIjE226BJ-eF0cNjFw,3940,10
JEdzcJPZyTEnosjQl6dt6Q,2631,6
I32qKVnfUDqz4TqiOR1hfA,2445,7
lNL1q1lSj1jq7ymc0n4zuw,1521,6
RgK24OGEMtsQqwpn6egGCQ,1751,10
V3EHbE_z5_pCFhG74CqFrg,840,1
MkzzHFWdtGrc1mDWT2SVsw,1432,8
G2wc--4BTcgSgHyFKX8q2A,2073,3
eDfWxjXZN57dhUfciVi_RA,2468,8
_IMv7OKDg_P0LGZ4AFSqGw,1530,8
UoAaPcZr9RMot-ueg5NQrw,933,4
ZzJrlRX0k5X2mMaMqPs-Ig,3747,90
zaGrUX6YyGrLx8WOFoNg9Q,1857,1
AoIbexURFvS20UfqbICsFw,2264,3
2kq8Uif8wcEDg2Y9hNzH-A,1895,1
Sf39V16Qa-p5_Oyjsiabkg,933,2
KRYOaVN59GhlRbvFDhVsuw,1541,196
FmYamBsWlr6CTLqjKRSvRQ,938,1
jUEON0uH48akUzNGLEOc0w,2780,30
ofPoNTkx4iTHJC1x_nKPUA,1151,20
oNN761ZzY8sb8o4_3MJ4lw,973,2
ASw9L1BMhLkgs_iyvsHOuQ,1704,5
MoLJKb_IVC2unGP3nnNk6g,1158,42
GH9JOqXgAsTFBf-f3KmYPg,2355,3
slRIgCpjrsvDETQyU2UT5g,529,2
79Zk0o8PeV3Bu_44asHkEg,3097,1
VddG0HNGffWzFTP5Y5qxkA,2071,1
I9jmAEAzDTgRVGvP7uQ2Eg,1672,4
sRUTC5FRc4shG0Ln6SprVg,1991,15
QXWYiq7YIOvK3WKYn3HPuQ,2635,46
N_aPWqaB5wNcxx97hgJWqg,3118,49
P2GRrDolM4LNRqNuHEVL4g,1517,1
KO5I_RqtKb35KNUFN289Qw,3033,2
WRxhK3LFW_zbb-RCr131vg,2523,7
0Yb08O0fz5BJrxl-tXtPFQ,1948,7
GLW6mi1wYA9R1gDgeE6i-w,2352,2
kNj8KfjlrvjbD6VHPCwUHg,1166,3
JBS7VicZO3Nj3wN9hW_iCQ,2175,26
SoVpuzA23hIRPOAJjAftpg,1316,3
qw6CwyA6uJeVOUq6MZJ4ZQ,1651,11
JxYT9lRzwW2eIBEVvxM1hQ,1066,12
Yum-3VfAVSIB2QPbqCbJ4g,1067,20
84DU7Za7u_d9Uu9NVV_Qxw,1783,14
goPPcjdot2v9csK0p1i20g,2761,2
Lul_hrKPbo8WLzMsX3wLww,2736,11
hLXy4Rvh15qxhmW7GTkJEw,2967,4
vkdokOS4frOHaANbqb92mA,1067,10
I4UMW_q33E8McN0cc19brQ,2401,14
ZofX3oDxx26hgxQDl9aKmw,1517,7
m7AcJcfjlPh-EqjRaR0Bug,2453,6
FBQ5yi4azwM9zCosUggF0A,1968,10
FA4RzyvtOWxluc-M0QXMSQ,3221,128
0a_GYX2DkebFmFhATVLqgA,1246,8
smEbAXZpRsCBmLaP1x2cMw,2432,28
LEmFOwsHE_vWMlXRzjPiFQ,2077,10
-JlPg5c7goMoa23htOdKAg,1543,6
r8VLPP8cectYPOHH8-DGqA,1203,4
SF_v95-tXqIkKas2ts21MA,1971,2
IVXZ2n4WHQB2KaPxiTEQAQ,2976,20
NX4QrZVoj8plXBRPXF-QLA,2838,3
eIkq08RDnJnU4yYbrEm_4g,2232,1
itndXqba2aAEarz53bwgdg,2428,1
TlZYGrehlLB91zaHDS6uUA,2343,49
RdPY45q0hUWdADGZ9FL64g,2061,9
TIeb5I00rs2uE-MPySBHJA,3493,4
oV3JPpwPdzhU1omQpapX_A,1963,21
qgyFHzN1ha2tVWAFFG0CeQ,1829,116
ha2x9Y37mxyjeYRzmQSHDg,2045,2
h3sqYHeLEnQN4YGAjjdUdQ,1464,1
23dH0yi3cKG16Jd9OaCkLg,747,1
BaO3wrkck35gqSk64oTRdQ,1608,4
yo_Ep6REmoA_Ak2X2nHKXw,2963,2
gkoHADkLBy7zO8ulP64R5w,978,1
hYzSB0pGde_8nldpJs8L_Q,2206,2
v-jJOv8FqPKc6VMsKt9qYQ,1379,18
-SsAKSrs92BzYu_KwnXrKQ,1941,6
6QIGWa7dFUEga8YNkwq1tQ,1610,4
J-DbSDeZW_E0LmQBV7RohA,1048,2
_as47li2t8kHjUY8UJBfyg,1588,8
3QxWQc-hyTr-bzmVdvZuXg,1590,1
qKI2cSb0qw6SPGhPoYomtw,2275,4
xJd2IDuaxIFwpcrU-TKSGw,2601,8
s_AzpF-tvdLApTPJingNAQ,2318,2
oBciDHgzGNRf7NJ9lueBmQ,1552,1
FVeAYW9sN1D6iIzQ68-z-w,943,12
3g-JEeqsmp4-ak8byhzicw,1269,5
rWKtco1YobeXv1gArT09Nw,2414,5
MCwkwq4Yr9wMRkDp34KmmA,1258,1
T3hBY62Zgrh-o1nsD8YG8w,1387,1
eLc7CsAxA3XOIKN8LsZLbA,1824,2
nEfynjsgMyR8zwpS2kGZFw,1530,1
7H6A0-pq0mL6cWSHTrrocg,2032,3
DdNd-OG4YLmCaCTP-r8Ubg,844,3
B7hJdvfH75s7PVUygNrywg,3243,15
NNkjWRTg7iDZq55JrEj1kA,1940,5
zND4aRS2LjF50NfFKpOL_Q,1937,15
c2btci4C8POjVvQQPHtOmQ,1639,18
6jG8b00r9ob-XFKXzdiq4w,1219,4
acmysSAbTqBOQ0z-TmXNSg,1782,1
u_HXDT4tOrviRsFKuhU-JA,1965,8
KUG99QLEATR2OWl7Ji-PjQ,1436,1
HBQRKphnMjsiRfPB42ZoFA,2334,8
m3O6zD0b7MCbp6Z3fORGvg,2017,33
o46F-BQ2yz061kTMxDvu3w,1768,18
0WURkZCPeI-kA_PSsIuNuQ,536,1
EKzGb-6Ye5JzNyXS2NsASw,1358,5
N5yGA6zW6TDOUahf0nbFsA,1820,5
3kbka68JUPFaDH8q-w6Xlw,987,5
Who9vwWV78X4wBS0sZ38rw,1947,6
aCP1E1Y5eKuuGG83iXymXA,2528,10
a6mBqK43md8AncCHG5uIwQ,3751,26
mpZlDuDtDooc4EsDGmxXeA,2454,9
80KfNtQuUSRZQckNeHJ-WQ,1807,14
G3otZqBNZaLmsh14E2lLxw,2102,6
AlH8D81mKWzXzd3edCxtxw,2279,14
xuK3MucZ7VbShJGHj8IXrg,1991,15
UvAbUIQTRHOD14eoJ-6qbw,2149,12
2-VHv0AKMj5wKN4f53peDg,2767,58
W_gfpeiX6Npti35jrOo5uA,2033,3
dZlBr3eMvoXkRYANdn1tzg,2717,1
CW52yugd_Zk5jJHc5MYZwQ,1176,2
jpnCvBLldsvRqxDowbAK9w,3110,6
pVIdSQrXiYEwK0GFbLM3Jw,2937,4
oi9RjguO4L0R00t8nSOjng,2503,25
B6NuYAqaY_w8TFkAno8wmw,3024,25
epQlaugDfpdfK4_hyw0-ow,2329,2
SFg5VjXBNgkrrr6zNH4qKg,950,3
ZuM0ua7W_iVBhlLVnmT69g,2161,4
WzFFJjL-iQUmRK3SLg-2gg,1445,2
D6iVtWeCJ9HvILTT1jwPqg,2292,3
bcKSBWhg1YFosRXd-4g7jg,2129,3
_kodK9Bg1dtarnGsXeP9DQ,2650,1
jU_myC0Wl6oBs_b5qzuFgw,2817,5
FDvaFiUwjDr37QPRxZziZw,2571,2
RGEIVtgA552sZb9gW1RhbQ,2626,24
RbQ24F0yVArAoRkRTtl8xg,2517,2
BAI7tYc9vgL46KUQ_uYKMQ,3005,4
QJvCgwd2nZxJuh1W_B2UcQ,904,13
PQQdBZyyAwWyErMZlgjm_A,1774,4
aCBr5hS97sc9cGENf-z3iw,3275,11
bfPUYbbE9TPW5kv66E-zhQ,2270,17
ovWJfU4masfWwhmbAsrGrw,995,7
vb_EwiCHLwxayELc3NHsJA,1518,1
Rt8hZH7TqsE7sV9JcEdcKA,1600,2
CiG9oJJk7FDYbAHp3WxHZg,2038,1
zWg_Vr8m6XsZi9qC3py_Rw,1363,3
n9CUNllb1nyWxxhITUB5xA,1493,1
PqD9kG5dMHXD-WqrZviDAA,2928,3
E4NbbuogdLSpl2UnEXETIQ,1834,8
b7F_gCCZd6mmDRhDOCDIUQ,2685,1
BPPzqrbkCBYdBtYDHLNnOg,2079,1
4S-IssL1g8Xs1kOoMpuW4Q,1909,3
pxKVNj70kVqolWE-qdUWQg,661,1
pqZUt87IT6tCTc8BSjJVQA,1003,2
EuE3MpyRcBJtZ85cL2RT3g,645,10
9CUc9zOM4exnZJ44RPwjCA,1039,5
uil2J6yGf2F3T6AKfeSG3g,2614,1
6FGn97Uu8JrMaaxlfRtz2w,1871,1
FkS6UXw-0FTRsnAnX7SJrQ,1383,7
TW-ynOanJVZm1nOmFjXXCw,3150,11
icESSNkgTNbVY2kOzkNzGQ,2313,8
W5eIkQZ_X6jXEtZ_1p9ucg,1318,5
YRqrea4ep14T6UcDr1ukvw,688,1
61xBqWhD0W2yRxSAEIKDeA,2210,3
s-2d6cB97d3yr65IESl7wg,1465,3
H9CssshGDzVl3IaDjKxzWQ,1337,2
c86KeVzIJtygp3v3odOucg,2200,3
bSdfIlHEEOnBESi2TwLXiw,1626,7
XpWkz63F1NtsFTLZXK8isQ,1574,5
6gCcxnBysLyd27YE07Ytaw,1342,1
1KR8tyI0TsPa7UZMuVCM1Q,2762,2
-H1Jq3kZrxE9BXHdOAwV8w,1740,31
-qh3Hky-CPIwWJM5vfbCUg,1792,1
qJmJu5qG9LsEP2OEeVeUJg,2442,11
sq3vkrQqlsJOQrREWCvoRQ,1410,16
0TGraHKmBSDjyZlm_yczdA,1718,5
P5tyWzNCfntyPrpfA9wI5g,1575,1
6V_-j3HlUv6aWMAFDuRKcA,2518,1
SArmxGaQ1kwHUsmJdyqbaw,1014,1
SbxxSlhOGu09sH50ngFvSA,2294,4
wlI0hFOIVKElcYEseSiLVA,1459,2
vKchwtdh5Q1wLj_zWeqz9w,1018,20
HFAiC3JBrLqWeNGKwF9sMA,1100,1
5cpVxcVB8_NOq_xIfk74TQ,1255,13
riyEVv3od0CZVOdbNzkPBA,1310,1
BneHgWXXFN4Ce9W7uTufjw,1965,4
GKwoG-cMPvVuQOeGek-JBA,1386,2
rIfiFSeycaa6tKkTI3HZiA,1943,2
c5Mq-B58G8zlc2PqEGO1iA,2484,1
NRUWOAOqRwEk81LnwiH4sw,2407,10
H0_v7d3EamUPGkzE-DDVQQ,3408,2
8RGG4kKlOX15ClIylaqZ0w,2842,18
OeqzMTfPEWZHnYFnNlOACA,1410,2
fmoGxRRhIk5NyRWaxx9E4Q,2319,17
HoQ5hn6SzmIYuFms6kvOwg,2152,5
Wsci-3m7naqIRLqf3L84PA,2263,4
kQVRu3odlMCRpuAudT9YTQ,2016,14
2TwvWD1ZC1c-5nn5FJcJAg,1214,2
UfqsOq2hVdtkgS8FeuTHeg,1427,2
1ZdLbaqfSi3Ox6CLkd2lJA,1143,3
mCdb_U_N5FvzGHAGct12_Q,2169,1
ZjMgXM5Rn3gJzS8RLWgMmQ,1875,1
muh_4vAL2Y_0z1RhI2hkAg,941,3
5DGEra4erFRm3wqDrjCWeA,1324,2
_QJXFDwvNUYxVzJFZHtM_w,1103,3
8JGBkut4eBk6keAxNOUq_g,2229,1
GwGlha-u6NkuBzYcv1qpnA,1845,15
jC--nlFhtprndn1Mpnyqrg,2636,1
GxcUJQyT00szAKPFfkIivw,2874,3
t6KnBeJXZR9ZGHEO7tId5Q,1644,1
O9zxd7t7jmzP4095niqmug,1228,35
M22he7htxtsF-rYK-zNZZQ,1345,3
EFYUkfEb4OF6BVOQnVBC6g,1280,3
wSrHoORneUeKY0V1_JvWXw,1545,6
tYKQC6rx0IyaDtsupqnh-Q,2535,7
NstDLvXJXeF2ERcrkBt0DQ,2508,1
xYGii5rg5BafZS_-yip7gg,1205,2
E0iQLOVldNGtxkjHCRdpGw,1123,11
9Kb6l1Ty2SI6bi004c_4dg,2229,3
GggzIHXFRYBor_Yzlx7pJg,1558,10
mgh8pqiglTs5gAM_lAW7-A,3541,9
-JPoShlOepjpLJvmGvPFjw,1922,1
hgyDaPdItSiLGlhIOsZ2Wg,1228,3
myjx5wl9Ba1pChoh563kAQ,2177,2
gAfOT-DWrl6_ienKZHZLBA,1672,3
PGC3JV6omQyap9SpKCyOLg,2108,2
dzcPOHjiRilgk81VrYXfEw,2755,33
gscrhldUbqZ4xUjsor60qQ,814,1
Lut00-CeJNrZstUTUFBGvg,897,6
bMKLU7qwb52LJ3Gxnz5sLQ,1915,48
uL2Ge8RyYI6Ixuzav375Jg,2961,13
e2mqBmteFrjBBAW1ViVngg,3264,8
z56NohMqACSFfNDnIWSBOg,3515,2
IY1LDVR67AWC2cI49Uucbg,1318,6
gAoVwhf94Jsx8SHFsXRthA,2250,11
50b2sAERVGHh20Ah5k4twQ,1908,2
KigUMk3PBoAMsMA7GL4V9g,1125,2
KwbcP8LB4qlSOV9wh2HObg,2005,10
-xd-8iCHB6mhYL8dOLfYhQ,944,3
413Nx4GHnxm405s0Tc2vTw,1192,1
S07AQ77PA1zf8s2rML4f0g,3371,97
oXORz6W8jVKMn575b9OxLA,1520,11
eNTMnonsUjrQ6CIXr706Bg,1157,6
82MwR4Zxd4yFraTGSavcog,2255,1
yf8n8RXgUN4pUMF034Wr-g,3119,6
KFHFr4DVNgYeQstWBgMfcg,1490,1
L23rNe12Uf4PViCiN6e9WQ,2003,1
fiPQ2fbinmg94ChMdZD3vw,2368,2
lHTY-oQy7Jl1Kw3BZvFcSQ,1611,5
YqQ9HOXzsMoA8mWk7WShMg,1718,1
V8GLG6fK_rDYobnzV7BneQ,2852,10
9zm4JXY9AzDhj9nXxCG_1g,3357,16
qj1EQM0_S4H-DTA5kotknQ,884,2
KQG5OoPsoiaV-xmtZ8zdpg,668,1
hmKhQJ9QRrdETGGLCYghgA,1792,3
9L1oDENRfUBjq0VXASe6jw,2354,3
DCe-3_lfL_4za6qOIsjsbQ,1762,20
whqAyAZkRFnZjtACWvjqrg,1517,1
qimsPMLJRxiXPVYI6DIZjw,2090,2
vUME4I77Qhdc36n4rHM47w,1547,1
yEDmEZpobXYyRqLzeSEa3A,961,2
Rdio2P-n_5-mfwF0KWrl6A,1559,26
0lFWIL518l2iAx391NmrpA,2544,70
1CVuhQnDjgPlI8L7Q3oKrQ,2880,5
BlZcvUBTrmhULgDFFRltmw,1824,1
BDLd6HfU_C6-6URrLRLrnw,1979,162
cIOvsazxYo6_0ll6Qn68pQ,947,1
5wEJcOkflFuvzB1XYp-SNQ,2368,21
COFDz3EnnRakB0ILGFoBow,2261,3
GHdb9YdiB7fk5a8M7mHfaQ,2914,9
Szc4W42rv19TBoeAUC4aQw,1971,47
5kYTEJUZpbmnvdxLODGj4Q,2750,5
UYkqsbhQrGa3XlwcstK30Q,2192,10
WcyB9s1gv5bXTaUMGp-lFg,1654,16
kjK6S9xvJZtYnjJMTD01lQ,902,20
KuJnaYA6BrmnIHqaYSNWtw,2331,10
TCjR6_yh9BpBuIx-kPceoQ,1938,63
WJY48fq6wo0f4JtpZiLo1g,3434,74
FK6UMStA_W5SAJ7mSKVkyw,588,5
P2epFHigkHzKhggZqb4hOg,1827,100
YLUd0HlxV_QOqH164C0yIw,2310,4
bMdWkrdIC_zYGgHY_LTLFA,885,4
HoTEDDK6lVve-3tLtTDvHg,976,1
xnGZY3NHE5B5kz7p9m3Ocw,1606,3
BeX7VoPjwViQPE-xu6FWpw,725,1
-gqZly_I4PBDPnrt7tnqSQ,2179,9
iya8VVcoH21j2GBmqfDZ-g,3141,154
FOP9Y3TGclQeLHr1ctwFqQ,2062,4
S2zLVNLAXApZ2uRD7e7a5Q,2264,30
DSKt8YzlSztCLU6n12-P5A,1979,5
JglqGdZco1TJLKdnSpotGA,1270,2
dge8fimFz8Xu3UNPWJzBgQ,2417,74
tk2hTIMT00J-WzYzRKoHmQ,2676,4
41F29weeepDtwUp8nrBkxA,1056,1
3kjx6yYMWEV82nq8_58ZyA,1336,7
qiWEcp4Hf4ouJXWqUAmm_Q,869,1
DNaWoz4Uf8dctANktexc-A,897,13
fPpgH-o_VCocLMDldQqq8g,1880,4
qseEQU3YNR_1-g-Cz0fLlQ,1089,15
qka3XFFOKwrqibRwOz4Erw,1098,2
2gcFgKnhFEqJSp4eTOge3g,1307,4
PshDi15U2t0l7veeGiiQzw,1946,5
ItvyYPGXWNhhbYJqyADp7A,3892,292
x72l1AGOFyySAQdYmlV4mg,1008,10
1iZEgCPj-zgOMHwVx3Ri_g,1903,3
BvVvLFLwCCZdEi-zeaIK7w,2432,3
R7NipiESBmP91dhUW3AjjQ,2144,2
42HQ501H5oCtgfkeCDRwoQ,1459,2
VBzRADDn3g-goOSOl6eH6Q,3416,134
NvMuKHIRAFi1tUx5XFz57Q,3198,2
bqDu5lbAz0fI9f8JUs17UQ,2378,3
UuIAn_-X7mkH8o_mS7HN-g,1998,2
fm2AYewEozHQm3WvvOXdUw,1032,8
BUpbIc11tzdXuef5ToZJOQ,3012,2
4U3hrqad-UWGsISO-lXZCA,1735,13
rBqqwOzWzkYp_w77i8ROIg,1945,1
DeX_letp0E6dawRime9JVg,2769,19
hhEPB2F1DQ86AygA_PlxKg,2623,11
d9nA7ki82G2KRHIClJisYA,2389,11
9co4hoSU2SD7ZkHOPaq4qw,3554,50
OdLl5F1SNHlSq-B_bqQmIQ,1591,2
uL3HqCvhUMMOhvV7J9wD8g,1533,1
v804gjupOqE5kF6AWL4Zuw,2519,3
bOL5EC8PpNbH7r4gBHtPRg,830,2
vpeKw02fHx2Cz61ACHaOxw,1349,1
02xo8ee9csyle3KGqfhUtw,2689,10
U1peQTJc8RuuFjiAnsDBeg,1967,6
KFs4K_5zzebfMmjxlV8iEw,1712,25
6-hZ5mpZrL47zCMNvOcFfQ,2360,7
1DWZD5e5EMlI4Q3HSLCwfA,3109,8
ekO1FoeD8c9uqIQokBLCSQ,1192,11
2UtkqdrdPY5YfOPszANcMQ,2861,1
XOtrvq-xfUJLhAbcX6_i2A,2036,25
dPgm8wLD5eezXpz8ZNz-4Q,2696,203
j4sYPKDhLNrE_NXuaZVNQA,2691,16
qPdlCpTB633xBmjqGBpFgA,3522,1
TcHniGrXoim4gpS2V3YVgQ,4302,36
FsYHISnS8bKn8FQ_OonL-w,820,39
b4vZfq32PTnCzVZg9cUP-A,1904,12
XijG_NoFJIoc5-NDsZYb8g,898,3
mABovJ8cRo67Pl90MRy51g,655,3
OxwscjVIEbmUGVhXex017A,1246,2
DQ_FB4t4d9CX6Zl6xfDtwQ,1562,47
TNRnBF3lsWjqxpad4XTJNw,3791,11
Zoz0RCEHUeS0W3Y7uJ40gQ,2050,15
JdOlBCbpcO0hDraLu9Zk2A,1153,3
bi0VIoSruoSIr0O_d5i7EQ,2123,32
iD4qPB6Wkd99O1btsRSHtw,1912,7
3HwqyiWSk9QvtJF-QWSsQQ,1277,12
SpYrM_i4ZrSdsKKlzpnfHg,3669,10
8o-n8cVRSGlVsOGTIuhICg,1005,2
CXyXVcGsBNld24eplTaxpA,2140,34
X3fYkqlfQFNI3vP2sS-JWw,1905,9
k1pz_Y_J9DV1MqfHSJRQjw,3296,3
G03gCckqN8G9JDip6Q0RhQ,1825,11
KF4PVq7Gp6HU3sWmkGloWA,1297,3
chzR52A8LIjrepIoMKoOQA,2235,11
NBNt8qxQi-6yUuSat7iY6A,2290,5
Fvus0qS8uQrWOnEr1DA3ug,3676,49
tmIhYbNfOLDpwAjZY_vU-g,2384,1
-PXKt-7yE0Gt9qmBcU29-w,2348,25
HYaUGUbkrkgU7k-MEQRLyA,2719,1
-8EE28ZzxVFxwjRqJuDumg,988,2
gGBvIbHi5_a8pbWfwEvslQ,1107,1
AigdOP7e55J3PmXcQovLjQ,1242,5
b00Bs1ngYpY9dYewol6s7g,2005,22
4bSG0siHUPGTew3qYrWbVA,2289,2
G3x_fT-HomTa-zqXBY2vfg,3668,13
vEy09BgOsudt9ktHRogPFg,1656,1
AlVdbPPxsOxQ3caKmv3NSg,716,2
YsWs4nqC5iffrz-bRWd3SQ,1673,1
j5QZBdAWxlbTZGYgZ6TW2A,1750,1
ylvGaBsRP5YsuMpy0Aldsw,683,2
IjZqL5-62HfHNYNHmsm9qg,3802,31
52alVgwubNeA2Worq6TxjA,2746,27
ZxFGQ7CWMSGUc6MioGP6Dg,2832,187
Xyn84n9BHpeJVwk5QeD4iQ,697,1
Lf1yNdk6TVk4c4jEzVpJ7g,2792,20
ELWHXRlgod9lmOzENfCpnw,3480,36
q5ESz8BldvQSiWaerGvmtw,3015,3
BLbzTgyF-B7NcgjALAFbpQ,3080,5
Pb_AbzVLLQjOOx0OqxTjrw,2219,16
oZbQoLE5Qr1pw2XIqa8PLw,2364,7
TFI7ZtnsyxYXvlKvtcrmNw,2544,3
1gwrg-YTRNTzI-CicV2n_g,2600,25
l4ZLXhZCdTwPgFZvlq1J5Q,926,1
LjTKqZLISoIRUT0VFz6Urg,1538,3
yeuFRBwENr2iGWTKWlXf8Q,1640,1
EMpcMhjariDrGJqS8liqrA,2134,81
C-lHkJnOBQiHL2VoeXad6Q,2344,2
249CPOCh6vAGkUmheA25zQ,1685,3
EIQYnBzY4kAeLlf8cvdeBg,1519,1
nB9NnJGlCBzVNRhrPiz0mw,1380,12
gbpQVCxK9ugDGRj5BXiK-A,3754,17
Z70WqOM0o_fsR0bQhVA5XQ,3651,2
xnFsSaEZ-igSFggfn6A_xQ,1027,4
JoqMEXmdz77u36UitDvKrQ,2518,52
09tP8xgw3wpvaxg5Nz6_1g,3032,34
rlrxrNwnNQGr0qIH3JW2yg,2919,55
d8QtBighgXsPFc3BSKxAvA,3651,4
AeNhdWZGJXP3g6ZT8VHHvA,1204,12
rKaCrV3Ps4bK5QwbLpFRYA,2130,8
VEttA11BzRL1DDZs_unZRg,1255,2
r9tP8cIRZG6_6r_hdJpE3w,2812,3
NULDVp2U6cZJZmnMTpyBnw,2540,91
I8moBeVThRtoL1ZbByh_bg,4507,31
_8OrfIUDRLfa_TKA4Loj6Q,2166,1
UuY3gM-WSsRCHFwMKytG7g,2862,38
Yg5JXzL6Hpp052vSttfncA,913,2
BUpI0fXce2zWK6ZFN_OT7Q,1944,2
tzloB1-Zf9hz_lEr4wZVXg,2905,4
6HpdXpCYQKSwOAfSn37u2A,745,1
mVwP4IthJad8K25RNQ28uQ,2275,3
734IXuOgf-CsvcZ7lmt1FQ,3551,5
7Rm9vx0MUPxeLwo7lxW-7Q,3394,65
k1nRScMdAW447D0Iq2nF5g,607,1
H9HWtWTLQPIIniUbPjh7kg,1567,1
zxp5sLK46CgvOtRBQqsNFA,2611,2
l4lNwgm5dj_jywySnaJOqA,1740,2
bVchqUHh5R7iu-HccZD9Iw,2482,61
SaG83IP6OMEcJrTsgKdyRQ,1942,4
FTlMjT1z4paz8DPFQTpdRA,3523,27
ODQaUkCw5K8uRfDgpIiKbQ,1585,1
KX9Y2OXOc0gWt04lw6GD7A,748,3
gYVFXi0fjGXtIDgH76jjtA,2300,2
GBL_0xsoASNElr4HSITVVg,2098,132
MD-7x4AeD921bZ_OXn67Iw,3141,2
RgA-bwhWgzlF0PfY4kxczg,1659,149
v0fwYBYUqgLF5VxpME0NRg,928,1
VjtlMPDwUFVceXup-X-i-g,2228,1
PU32XCrvllqWBRQrfSYAWg,2104,3
oWUIx1eE6R16Vy2Jwmdk3g,1441,12
NByghwjn_QkI0TRnIrzWlA,3378,234
jD8CF1_kgrY3K-LB7wsfQA,2742,24
Jk8ssp2V_Lah9-Ok0dEs_w,654,11
IjJsq7iW2upjx2MgLwax3A,662,1
FV6xH6m25FX8AohN9Nk8Lg,1399,3
768MHP-Gbh1qJ3cn8JA-PQ,1279,10
mWr3rBQpY91_i4L-PoPhkA,2818,9
93-WQoAS97ZIMj05PZOjGQ,908,3
JeIz1Nx0pdSwQhAv1HaK_g,3234,70
NMGlN9NsxTLuY239UAJiHg,2110,44
DOeQM2LWUvPcuEo_qKFgcQ,665,1
KI6duL2Lq9fcYEPK5a6h5w,2877,74
RWOodCXt1ETet0U4Z8wCBA,2135,3
R8Q0fQHrj5Snu6-8ZuQdrA,2937,7
M-j3QMCvMZw8V5GKPzVCxw,2464,68
CmOshedv0veg7-EZYhe8jQ,1330,75
OTk9gZ545RWGY39ebbeZfQ,1412,5
2_BR5YXhMW8LnH59zhZVJA,2425,7
ss3kmtCXiEP4AJIicvioLQ,2289,6
ou-SX7IoYIfacAcm-weI0w,2547,30
IDSG0SqD0Cj4NU9nF93rhQ,3392,6
CFL1vDhDfriHesGPJX09tg,3040,215
fQV_YpRBMGWAjk7zVGjg_w,3432,19
jcnm31PJF-AuGkoBJ_T5SQ,1650,2
-c6FXKqhJWI4ZzABMu97dQ,2010,4
TnHOLp8k_bMkh1I-P5RGGA,2276,53
91oaS49jvd8oBS9lyoZGiQ,1192,4
wYVejBxQuLEH27CvSossFQ,1171,4
sIpLtUb3dn-g5iRzZB3znQ,2956,15
V18s9LkMGi2FOqsYbGlQaw,1993,2
dwrP5ykA1bsTpNdksr2T1w,2705,1
B5Wm1gLlfGa88k84-1YNbQ,2372,14
vx6VrhIbvQOPH7wcMW3euw,1057,1
0YG7qzkVR8q5JtvB1YGS0Q,2933,6
DSucoU1CT_4cNiv4djxt_A,1452,8
dOGroefF7jMh_3gp_hr5vQ,2914,91
4B7jzXqHPEn4YoToPVX1PA,2821,11
JTvKbkMMP-Fz8EBmb51zRA,3881,5
GWayIYy1-G6ZKeayU-KPwg,1011,2
Y8IJzERrTz-RD5BkgKc2Ew,2859,57
Ut5cA2HJ50OHwdxU-t1SCw,1462,17
s9P3QyEM8hSsyBYA0fV99A,1085,8
hQiLWbTo9eGQxQ8ndmbwiQ,3591,81
kUyB2ZUnhlQcLHUeWY2PKg,1780,7
1bFNrxqqKuCOv-Cb99LCFQ,976,1
KcPeGUWTzZT80POyAhgaZg,2344,37
0tlgbKkDArPGTE2LhYFpnA,1147,3
aDfVghoWp7FIyeoCxKZ5Mw,2418,5
zchZmkdEPcJ0xFxygRcRFA,4153,14
0o9UgVCQkxnwdLRGhFZTlQ,2098,72
XqNhaGd1l5yIJvPgEdfhHw,1169,2
psjbuk0-vorS3rmqzQ6ZbQ,1414,24
f3EFYAZcHwtiHXTTyrsoMw,926,2
CbuEUUw-O4Yv_0CyTS8HyA,1762,5
ebEFQ3whTAYWrDUHN9x55A,1252,2
5Zwur9OGUZHUcspq5YEBwg,3478,21
qkFIdLoGspZCuZwlgdHMvQ,2331,88
xQgBk5tcnuwt4V6-k987qA,1043,2
vVO1PUtiRrdYPnIzdLjyhA,1168,1
YmiLcDwlenge9IRAeqjR8w,2557,52
M0R62agPG0Mkta6vMemuoQ,4069,27
BUiJ7xW1glrB1ipJeue8wQ,1312,1
DRf2AMoqyE9JkixQXMxhTQ,3018,3
V-_cJ-j3Yz1soxcAzZrwPw,1791,2
hD4VRmcN45u3UpuT0qFlvQ,2815,6
ccZAxNIuYclOChpYKrsQqA,2106,8
Oiy5AP0IC8sXa6yBGkjhSg,2222,78
-7vvlr7xbRx5p5IwjKgdGg,2581,135
BcEWASOazkB6m3w4UKcNWw,2029,5
RXp4J-TPXXCacP7P36lrXA,1900,1
i_slvxzmn4eEwd3TNmGZ4w,709,2
x_mtmIrZC5WFViR55gA8jA,2357,11
jeRP0M_gNH4EO4Xc1NOKTg,1681,50
UAJJ0sFAth2Nh42hHJll5A,2629,5
hWRoLS0LqjWa_GZpdDhbeA,4159,16
HdpEN4yzqIGqmKD_lL8EbQ,2145,24
oGwm_6paNthMnkOxYGrwRA,3381,168
Q99FbUvz_QPdSoTJBYfFqg,2291,1
M9BMj1SxxwGkEkU7hP7Yag,2837,17
kldXQ_woxeI6XOOkFtqSBQ,3701,25
WyqbPktHoO39cbLYDKjCpA,3630,18
sG12Bb_PmH3Q7DWAYbDMsQ,1746,4
9OA2XO1ecCjBH4g8kQMRyg,3440,19
G_wiGiPT6b1Q9_s5Ewp3iw,3332,2
O9L_Em4_J1S-ZbVQbUl0lA,1180,2
dk6hqCITAZUuVazWBtooOQ,1565,6
rkeAA2YEfJ-fZCDR0D-M_A,2381,18
mfDRrC71MtAap6j_fR2Ufw,2801,5
KTsSGxZW4FKzGzIrF1bCfQ,1098,2
YEX06-DyTN9vwk4-NfS7mw,2097,63
8McDEzhzazOVBZvX0sl0-g,2258,22
XYiDxo6rej-VfdJoWePMsg,2790,22
vyI4BIzEBmIEeFyZi5vJxA,4605,62
ncNfeG987l1xySjBtY5iyg,1633,92
Ygy7Z_yfdbjF63s4d-HnAg,2757,29
ABPllUfs-Zvh387l1s0PUA,3065,21
v49IcXJphtxhh6Fm3yPwWw,3807,41
Mjm9AJ3Uz29kZB2ZXRknAw,1812,17
D5dPJENhxlIxhR0FyPCXqg,2736,2
LK1FNyLp1bVupp7eVSRi7g,2553,2
jI2Pm7h2YwGyIXK3_RQdfA,703,3
ej1E380v2EWGWypj7IOfww,1249,4
uKplBpBwG8ZBP9Q2CfxmcQ,1280,8
3lOxHesY4xKAD0b0F8mlVA,3008,1
FcJuR7NBdVcdRXN9IUI-VA,1960,5
miJCP4hVtxl8VHu37Rg6Qg,3175,6
Pkchy8dqW8hN2GQh54fe_w,1588,1
75nMXwr0HYP2JNRBaBsYig,2056,9
54AHqwDjGmt0D_tL84x73Q,914,24
EGMW_NSmyRMFozjDwxqbIw,1669,1
eHw_kD0b6o3nzIhtUuracA,1458,8
N6HIM_bpYm3XkST41deKsg,1581,2
L3BTzQxjwBNdYcyyAArFew,1656,3
p4W0rSCnoMR0H7C_zDy0PQ,2827,2
5eEY7Zo-AFfXw36Unhem6Q,851,7
0cSyGFLjmiF2j1nyyOLOyg,2974,2
z3KwITRHLCwCGo9GNzGbbQ,879,2
j8vBRboNnm1SykRh35yWuA,3232,33
SwpQNbQvzxmycYJbfExDFA,1991,3
9LKvQ4V1mEJPnKZJe8QPrw,2113,1
5oIyiP3NkO9J797OV9za4g,1454,1
VjRH55TCeV-HpKu_CsRQWg,1243,6
51lpjDcRMXAICaEG7-RF1w,1060,1
pA8HRk4xgmlOxzXr0i-__g,1027,1
hZLeZbxMNiz7WP9v2alGlw,1310,3
Sv0LO7Fw7fwmI61T8BFGHQ,2526,12
Ot4iR_-06eR6arWeXsDh_g,1722,2
7hNoiN8DItVTmiQbcOT9pQ,2682,3
-oQaIbLt2B0q0q5xeVh-0A,1950,21
RoxL9ZXAGXywUV6wfDPuWQ,1530,2
p_KohjW72t1YNyLEnOUDkg,1330,1
OVQxMKJCfI9wOlkkS03gOw,645,4
ThWOxYeUuKMo-IpebofEyw,2470,9
8cWzOQB5qBazNbAG04oPrA,1116,7
QHZMDYZ8Ea-9OFhif72BRA,1349,8
SNQ9zV4Xjgq7VDP69-1v4g,976,13
MavK0zlHHsj4c6opT3lVTg,1859,1
aLVlCMpwDQnxOLHMkmAKQQ,1023,3
43MWw1zLKIDMXedZH0qvyw,3460,3
PyYLPl3AXqNQQDIXteFBfw,2071,2
0Q-WTJyH0H5Y4469YEp6hw,836,2
yrqr9n-BYQdHgzEMlKjfiw,3007,1
pF94Bl0x-lG3aFI6iue_iQ,2581,3
tljQdIXOu5f3JTxyASyakw,1918,7
s72bhtkNcT8TCZ4wKgTUhg,1626,2
-YNC5xJN1r8G2_D2RwebxA,3633,52
NCG__Pa9SLHih5y-fJRaaQ,2728,5
3_FoVYsskQnFtMy_2pn_Bg,1711,4
luPtifxcz-a4ysNFuvT1Dg,2495,3
LGkHW3X0PToy_Fepc2PBww,1051,1
VHQzeHQHXv9VKdPsFlDXNw,2931,4
2X8KzFg0O-ipkxzZjIky5A,2803,9
lJyEG529_6Z1ae4-h6gXdQ,3232,10
GFAjB5Xf3lRNk2pq97vp4g,2861,15
3wP3CXBh8152NsIVIfsLng,2284,5
7JVFSAKrwWEXkJOS3qHOIw,3612,94
VatcQtdb5tlz4D-N6y8e7A,1569,480
SrZueHJAEuDbYFBkYZu2Pg,4034,388
Gve6yDLWpQhr6no7XpHVmw,2479,1
xd9Nzpjz4eDS_yeGmkR_Qw,1411,5
50VvyBqZ_UMSxqcmBIkzXg,3886,32
ZFXXh8r9AOv9V0FMpmQvoQ,2697,8
7UgILeZmEjjqDeCI6utlng,1055,11
eYIFH11iQJeUSHlEnUnbhg,1847,5
JuylMuIoDWILy4M54XAqow,1465,8
dieOpsh-U5epruvmkg-byA,2501,1
eehgrcIdLNb223GgvoCMyw,745,4
0SX2ol4CxDhlp8wUZYla-A,1201,1
JQJw63IPyYmPVw_RgAvW9Q,3006,15
30hL7IsgZmi1-O4l0IZF8A,2725,1
obkDkH4NTKdVQdbAt02z7w,2050,4
oeslMSgoGpzi6-4KaafFIA,2509,1
X9r0WCLbCNWsXo2Fc0jvJg,3031,7
4kKk-qFFxfuzSo8JlH_Y7g,3940,21
pYWBgION_Sr5GyavAEhfug,2923,15
y141SNbpKsqISSHC4Wg7Rw,726,2
ehxVu-ABU3X1mtmUbvfGhw,1423,2
q__VtWcp5hleomoOlvDUVA,1378,8
5xVvr6yrSLh_8B8qij5rtw,2208,4
PeXS_7MiMBPREyohymngYQ,973,3
TzTndC1qyi2v9xsRqVw75Q,1135,1
MM-EekCVkZCy1dNyo6j8Jg,1208,1
_pBLmn7AWIrmYQ4_C13EGg,3518,69
XH3PK1SMYJspTO1_nTPZIw,2857,5
GOVeZIZ5SPNaesHTr4teww,2384,9
TVGwq3SVB3nPnDHlVu86lQ,2918,9
fUgKk8T_4S8sYN8ujzRtfw,1185,1
zxza5QdpzC7nv9gSWhJBxQ,1056,2
9cuA-uNgNM0XJkKdcFpzGw,1912,1
YEE29mdC-z7YrH-Vto1WRg,3329,8
j5gZK1NZQS3coEl504hFXw,1488,1
WGhOVAsMUOarO9LdmElcCQ,1788,9
YNp_a34K2G0PVwY4BBxk6Q,1458,3
-vF7Xv54GPUnPTioM-t44A,2235,5
S74kJ9-dauePFFfZYAL7DQ,2333,4
6ybFZs4JBqNS2yPx0tQK8g,2864,8
M29tSLc98eSgjz7H2uQYww,2796,15
v88zTntniyqIqFY-hxX4gw,3184,4
0UWWggx2EYuQQqHDp2DWpw,2217,25
WYjet4cT9yt3CbRG2KN-gg,1449,15
IOahsWVZ7Snog9Isn3iM9Q,2465,15
5Y3wOz5FYf94ozjP9fGRJw,4267,1
2JA6WiYMgTchXayDe33DlQ,1962,3
HAksBHBuIzuAyJFtay81Ag,1500,15
gA0IGQSl-N1ZzgVhcr0v3g,1996,7
OUwHP6KGhryVYqbmu4dyaw,2019,4
6HKhBF_aPPfAZwvpmqiz3Q,3836,22
EhPJ9W2j4dsKlX5nyEJBYw,2536,10
damDsQyWQXKVTHLU8IHoUg,2405,3
Y_a2Ww7Fl-q7fJ-4d61zYg,529,1
_zaLz_eRGrZpSKJrlIEf4Q,2032,1
BeEhbfcu53gJSbVFJL5yKQ,2452,15
I_Sxmx6puRYyLS51RtLqtQ,1373,9
_E31hw6x0FzoSB9Ee6LWQA,1724,2
gay-1LOKHNvZzhzTVyfHgA,1659,4
0kUDE9W2RzxbHqVCR_Z4UQ,1618,2
oYzHJc4mRz3vzBeVVWA5Zw,2064,16
Wl2tiYKR-PwNJIZkwUYzaw,3327,9
i5zzv7_vjBET-luroWVd0w,2495,3
brpmUFg3quw4BcFHZ_Z8gQ,1879,55
CZgIE6ZgoPwGFfuhiNbI_g,583,2
ZFzYjfDFsRkMvzYAjT8HZA,1268,4
K7rKYllTNVWZeuZVY4HZmw,2636,3
sYXKbJuhG4cUdMoWeLrKIw,906,2
g3WsLjM5RX109e2ONO244Q,1714,11
_hyX0LDBdf0d85cWUZz5Vw,2758,1
o1eyBxsY2nJ_Y4XMS5omow,1064,11
VyG5gqbkUcRXGgqepuO6TA,1481,1
7H6026JfTJRGZHhiciy5BQ,1651,1
JoVeD_cEtagUlzLwYK9IlA,1271,7
0NIX3XC25fxHNIUGyLFbww,2439,22
MuA-0NVIHWGRN1fCs_Huog,2769,6
q39XNLKeHx5MPPBqI4_RfQ,1303,18
OYc_m1p-TRtSlvm9FUiQVA,1504,4
UVRiNd2C3t-qey46czyFDA,2990,19
vYc0scaKw358_6k6Elc41Q,2164,22
h86xEuJbk-5PHOMZB7rpmg,1317,7
uJn-9IU5XVsv6GtoyM0TOQ,2211,51
Rp6XYo1SRs5L4LjdXeA90A,941,4
PB17JIkMi5y0wvE6noHIdQ,2413,2
EB71GkX8AgoWtnk9qKGYyA,1811,11
wGVTsCtqDPbBsjaZsPKSDQ,974,2
WNXw_2mXWUUQ8XY0HhhEyw,1738,3
HRQYr3BpB0V9fv7w9lhJEg,1979,16
pDxsF-4-ctg7d43MgbIaPw,1438,1
4Xm5KP0jqsaRAn98uUiUVg,1708,1
K0Q5jShE1igrJ6ppuW0yNw,1781,5
QiMr_wqQZ7zkQO1ekzapPw,3115,5
JHA3Ee0HLk7BkAg2UYuWLg,2655,1
gi3MF9Sd-q3l5GHQQ9Flvg,2737,7
JQSNz9vcdgLVTh-GPQwwzA,2530,33
twHsZiQJNV0T-nEikDgUng,2040,11
VAm9KvnHhYWrrV3Inx2Vow,938,3
lMFqobgctBHqL7l8l9xhyw,2655,49
vwk7VUswA1xJKqDDcdYdDA,2132,6
mMDBhxfgrp17SNfBhd9j8w,1698,4
ZmffgiHLYm3XMB6igAtn1A,2023,12
5VaACAAaUVQugF0JdTAv5Q,2043,3
4POXV5FJZz9nTdJT5uHitg,3547,3
6KPa8xQqrFMDsQJ3W6dzmw,2650,11
VqPWYkrmWpwxZrMuHNV-fw,980,10
AEXrgrhBhIxNYN5HuIcmoQ,2888,2
FOcvvCRWgBqZwkxijkYEZQ,2642,33
pVQv2VtiBjxC12znvuB8dQ,3152,1
wluZzZG34rV0P1Rj5xy5ig,947,1
r1XJp5Ry4-Zh8uUEJ7cCSw,1853,3
5EqSrvt6maQfyhSwG0aVmQ,1971,100
NvFWC9wcdxPZpnXqCf7wSw,809,11
MqS-XVkdawlVHwptPSmZ5Q,2208,7
HymE_fFyzR54pJzeXaecQA,843,2
2iultcMA_73Nt7FrlMiNzQ,2552,1
wQzufcC2rnNY4WsEEbiaXw,3546,16
2-CnGnCwlA8Z200tXGw_IA,2069,6
399z2zRjIYDmSJXG3sC1gQ,1516,10
zLZC5Ff6h-_vNZCHP3qgrQ,2537,5
wEGrNuPE-ASp9gCXNv3TlA,2486,3
4t4zuZrDQXR0zFvaY7kMgw,3132,7
AqQaMNuEiwcKW4n5C1Ybiw,1605,2
Zg2bCPx6DuIJriwP7UGwtQ,3647,10
43OFB3Ou-vY7gFe2l6SkOQ,2421,1
AqL8m4cxugFiZo-NJHQ81w,3022,7
H0oRhZTbRQgUQ_56rMo12g,1877,1
WUCZuCTjGMsAXG3SjeHuJg,1667,2
oTvEJfnk-XImFr8e0HeDzA,1416,3
BsLMFKQ3YoKNAifp4gthgg,2768,4
R68QdueKT8kTb-yQKfKSXg,3922,3
lkwolVEziIs6Lix1J0ZfNg,2380,7
SbZZYq7Fssj8-R24FXxmRw,3055,4
V-90AVoSEhu3Tw1M52QYlA,1774,2
74vnMYHDNufUUiXDIBQ0mA,2226,11
hGYQZ2lkGXFgIVuy1bcSFA,2931,26
kjrBStUlDnG3w2g8cVPU6Q,1979,7
MVwvI9me0GQ31FkjIwDx6g,1503,11
4Hv4N3-CjxiQxvrIa1f68w,3100,7
QKEeY--UP2gwKNNHXSSchQ,1275,6
F4XS4ULQn1ujBnqq9eYm0Q,1312,2
qojGASJo4oM6bPL2KCKhyg,940,15
OdHtzFlTiqk7UIf9HitgdA,2055,1
9g6NnqFVSixeFPAYfi5YlA,951,10
TVb54kRoEsC4Ni0EDcingw,2027,1
TlcuT7XlrHDysa-VAYp_oA,2629,1
vhXgoVO2S63r5fVVklQ6iw,1264,1
SSKdwvUY02xz884o8n_rdA,2748,2
eGqOdhaalLLRGqKnxH9Jpw,1118,1
_v6sX3_i-KHvuGWjXgvlqg,1958,3
7CwUUy_CmbsMUShu_c9jaA,1549,1
dB97iIvbH6pa-vpthHMgkQ,3244,2
iBCK8b-_dtI-dOmRfznDAw,1535,6
sScdBOvQSpYuXgfW6I--jA,1612,1
ETu2JELvdHl6hioF9Zfxxw,1527,1
SZygEWL57cfEC7mLrAejTQ,1819,23
eVEpih7pVrJDvRLaHt5mAw,854,39
rK9bFHH63ULOmRoBwW7emA,932,74
pN6k3Qztx1hGFXIafj1FGg,1088,2
yGt71DBnacnFrG6TU7qsmg,2129,31
_iAOm7ff9EiTC-MG3ij_TA,1402,2
As3sJ9J2m-Iq0qEQneuOpA,663,3
YRwPWIc4JQOJ0yX81LBEPA,3269,12
D-3x6EDT8q_OXUVzOgoxlw,1983,2
mYj0leP_MBEg1_R28szMvw,1286,3
jjlKoAN_ylPLhvT9NnbkdA,2873,13
i1h9gTLKvdBUUSZniFu1KQ,3821,3
5zQDlK83u7T79q0AF_eaPA,2717,3
EKHoTuaaqnqBzO1BOu4k1w,1268,1
jSJsLHhP3ecAwST5YTgetQ,1482,3
D9OkzVeSpqwI1VUBRLbyWg,1237,3
i6eMtt5pFBeIKRKD6Pk_fg,2320,8
p6R3gP4JBil8ZaQ59okB1g,3116,1
0FyDjDJqxabRRzXyoHCmqA,2228,2
NZy9dKO44ix71pgWmXNtoQ,1824,3
u5dxpXJcBR8kaBil9e4wkg,1398,1
lNEiD2O-0K0DzlowIpAKIA,2536,1
SEg9RBNlfHm_5YF111O4-A,1289,2
p-92VXTZbw_95ZdxhXJpSg,1901,15
c-VImKa3yo8EjPnSERCKNg,1539,2
mdMhhDD05ZckmmFr2uZpYA,1330,1
yfKcvoRIpaRqszZDvE_mZw,1856,1
uJk5ZN47Og8AeDU7oorvpw,822,22
_A0337zGQdFNn3nZNdJ8Og,2088,7
VJlPnFWLe4uhJlFw0CtRyg,1714,6
Q2ilJnWnhEJRl1Hzyw_Dyw,2675,3
ehAwmPdQxFyUypSbVEv7TQ,1749,10
qhAoLx-dawI6I39TadWDKA,2300,2
g8Z3FwNueTl2LuilegSmyA,2002,2
46iNV-AYnQWcUDDf56dFDQ,1458,3
64u_HVET4B9nDq7uxc5Adg,2608,2
chthD7YIDkYSQDaTYnLObA,2927,105
U065oYcsoIRjzeBeHkugZg,3032,27
VDAIFokuAvICLnI_UeOOwA,1250,1
P5blFr3MsbciRtREEWpJWQ,1045,1
zZTi_c0cN1Y9ul2_FM-Ttw,1349,1
KNRhr0pB0Q9c5ifo-aESiA,1613,4
neihOwscUX_TtCfHPwZUcQ,2336,2
t_yj5vNhi71z9Xs4vr8gDg,2692,54
ARNbbbwWaz942rma18c50g,3784,52
t8dejSOiqcD6mfdgx3vuhg,2209,37
UnCrkKiVY6LvtUYn9eNTpw,1721,18
ADT59jSvpWIYgNyIylW1fw,3741,68
HHC4FSggMmY9awsd1Jv3AQ,3043,68
1kK8gwF9Hf-EA9pRt0HmtA,995,6
_WrLDYbCiwNTY4nzDIJPsg,1643,60
mQ0a20CT_l2WuaEHbF1b4Q,1378,44
p7RjcsxdR0GVYHb6u2dI8w,2726,1
KzXGNWDAtP6W4f8Ezty3Fg,2905,1
JVqApkKT-isIC0-zX1hjYw,2559,10
8TONMs1g7tQ6HuNern5aMA,2706,1
GqToH05_tVLNBakwJ06SGw,1906,17
_6FA_MSvPz9RKrn4rPwnKw,2457,76
K_xo60I5ndmOgMcTw_Ym9Q,3061,6
u2JIxPcFv0eW_n0NuF4cng,1439,6
HUonmnNwYbZseNp9jwiAng,2238,5
ORl3wme-CcJlsjI9WIU5AA,3435,10
RQMV-iYNJGH2G1GhAtwqRw,1875,67
wti8zEmBSqjFkl2AJKdivw,1976,1
CagYV8CMsF7fMdYmGtfcRQ,2397,14
Wt43yjLptflbENEn_fUwFw,2285,26
WMuJScN9R3izDgCeUUQPlg,1057,1
oyKP9KYYhMAj1DBMCzrP2w,4525,181
fE2jRynJhsIJ7SGqLRzn2g,1559,15
hVpfn8TpiV6aGh1qSxPzkg,722,3
jGiGKJvLzjjvey-dMw0xiQ,2544,107
tb0POB_n3M9gK5sH3xpvog,1174,23
ZHEpa-EKPreq3-Z2ebB8gA,2331,1
K1n9EJtw5s8Hdi5uKOzMtw,557,1
PEv6OK0DRWZoKnCtatF8iQ,843,1
xAGesNjhcMmmm2aezlgOQQ,1495,1
QTvk-Ne02gqvZkszEI4rtQ,3642,45
ViLNgww8jaSTqYu3Be_PgQ,1067,16
N5o-O2U4ZMX_u_3AvYXhyg,931,3
1LKjADWbkECfxSBhbg0koQ,3915,45
qGXdabXSCukne4j5ot2KQw,1219,1
qaEVoB75MkVr-Uf7F7Zyyw,2860,9
s5h777MEVhQeaMxN_U2lww,982,1
PPPDzM25qo_Um-fTGRgi7A,1894,4
zScUJ2IWUnnXGDr2ZDNG_A,1108,1
rgpm0IrvtokpEzt1WKV6hQ,1588,8
2FThL9VtdO9lsaThpzi4wQ,2932,45
1_lnG5NReOPosZKV4wJ41g,2385,6
2D2BIl-rDq9Nl9CwV7UpWw,2494,7
6h4nSz8kF9DRhJQJErzo0A,2502,75
XqItlNQGbJKWyl5OfJBeQg,3086,18
gZA6iPtCP0iVQVScSYL1aA,2386,15
dDO3CBs2OKN6ezIFSVm86w,2790,14
aOGoQz9IX24Jye7u8jvFPA,1431,5
UNkx8nDSERdMeQxaTjVWKw,2262,20
3G3QECF9wgZM8TYwntPYtA,1636,2
HWbZLtdp5YkIwAj3GjoEEw,1233,2
AzwKtD9wvX1BaRMhudXXnA,2042,3
YNcLw2tSHvKvx6iJqU2WZg,2109,3
5VNLIBdp5itREaZjbB-V0g,1635,38
HF-5w03xin2NlJPrDjlZRg,2268,3
-Bi3f-C9kGHpNhPWtz_eTg,1050,1
m0EubHqIPUPZ9pj-H5AwVA,778,2
WrsNZOMssxVjOfLaVnZrDQ,2180,56
WjkdrOr0jhSLTwUIe8rtJw,3067,5
uvdNZrWNLmw32PzU0V5uLg,2688,3
_1aWxw0lvRXW6ZUcN2oGCQ,2473,2
xuU11fzeiUJQO1g2OrU6vA,2578,3
k2F5ESZ8Gq0Zq4oObmR_VA,889,1
DmZ7PcU6DFn-nQWz1XoNLw,3848,40
d3qEDhBCIDtJq-qYtITBKQ,572,1
hQD9l0tw2JhYK0sVRpV9dQ,3813,58
2J8rShcUxprCQV6c1IY33Q,976,21
aaDgB4qRTufZCYK2Lfmygw,2999,106
tlzByyZf4y03BmjQbGxHmA,1673,5
uXznbrfW2o2WumkfHkuCkg,1533,38
40QcA6QWEvZiSr_15n1big,1747,2
aiSLx_2fS0y_a4EOKKrBZA,527,2
VgeETly9mrKHacpaekJqzA,2517,3
eUoqqXMDwYh5qwLSBwl-tA,3556,16
ZtMvrkbei8ext_deUZDBGA,1964,2
kvw9Zj6IAYzOvSTq_nKadw,1973,1
7PGhOpBH-2_8I0ufIIQJGA,2622,8
cys7bP-Uvtjmp5xytsiDRA,2265,48
0oFmq9T3TXuDXlgmeed2DQ,1123,3
y2Y-iGnRMk7zqJidVnC_Lw,3541,72
Qid08olp-W7Lsmf7yKIc3A,535,1
nqCHjM54Fp9qJQiHIWL5Aw,1662,13
QZr4CUpH388tzO6Gq8pw0Q,1390,3
Thavh5iKWC0KYhYp5dEWeQ,2348,11
YQSdMsyHC75SRJeYdFIBpQ,1812,3
JmDoMkaAZjSlDgmVwLyFeQ,888,11
hckmMoKBcVXeXFTwdf05dw,1730,4
EQ7lUAirI8bskzkViOf4FQ,3489,9
hzHks2eLQFYHaMwQFuYkfw,2602,83
ZaUGoykVzWuMix8iwu4ntw,1219,1
QfHaARr7AiAmmOR8axB45w,2135,114
oxfKAnX6qEoNjkS6fNsE0A,2157,6
fW-Clrw41lNG0OO51G_RvA,4091,50
aM9PVBLh-x-FaxY684Zhww,2127,3
i-73qCaQLt5TzV09unTAqw,2530,48
PXZJ0h7-U5So_xo_6yBx4A,3083,62
cBr3-XNYQcOmUFBvy8ogzQ,2338,1
Lq76MygdfXK4kGMlbfbCYA,1958,4
iveLewL3Eskf1kvcC8ki-Q,2305,2
cSeMfI18qAry8jWMnUhJKQ,1606,4
pypsCy1PpXVSGtDwQ9n1Zg,1961,7
WWu1MkGKzbJIrYIiaRRmuA,2386,37
D6w6Q9-3Yl635VS_w5hM8A,1016,1
8XS7N4kq4vbnpt1Ab3TAsg,1452,144
2luRdTU9gVQ7bg2-zFuGfQ,2900,1
SYmxPfbu8xLHYS6KIgs3XQ,3545,37
RwP2S3pjBYkxNRHEqHt8lw,1904,62
OUsqZGFqM_hd-ZA6W4T20w,2011,62
UuS10NUCsS0DOG2Tgw6dZg,672,3
juyYVB0mtzWMDYBXZjHeMw,1856,5
eG5QBEFAeD-Sq_1jYlgtHA,4500,27
0IQfNYkA-g3CwoN27uYPdg,3689,28
zt1JmeElBPFax0BAB3qyxA,2013,7
Ocinl-nrDKe7WrXT6lY4Aw,3022,5
Qd4PwKnHovCsHXfNZUwdGw,2957,16
dsFdp6vtQvCh_TFf0jyJ8g,686,2
F-bD8HEf7rqXjqg4KWWEnA,2403,23
4l5VjUqreWkIFerDVxZdBA,3947,26
ATkP_Ipkjnr46y96IOuwMA,3059,4
g7-RxQUNUQcvDdhZpALUCw,1654,68
QpYlx4G5bx9bJx_PM25Miw,3375,57
BEycbj8FBDxthp4PvjS25w,1755,37
V5ogjthlL5eSVfhjEKLivg,2715,14
yoMxgKmwt-eHAIGce8BAbw,3585,84
hBAeub-sWHQ2y6OdgPLyoQ,1745,10
5TEbI66Unc3UZNki34_60w,1953,29
QRc8lMI3iMox1o84IKBn6g,4072,27
YadSHII9v5-3H03EyEkMtA,1242,2
SIlG_OUlpjDsNMS-ytmoTA,3248,237
T0fgi_QupFXVH70ABIr3Zg,2589,1
XO_d_cRH61VAO2Na_lSZAQ,1708,14
nxEdbWv50E07Iy5h0usC0Q,2390,7
vp2crFcJ4u4gXx5qpM3FoA,1169,1
LZe5JaiZcaIenBUR8c8UJw,1003,2
Yquq3mEPPqaDE7i-mjEvLg,1337,3
_CklBUOArIwO5p0Ys4DtyQ,2598,22
NBSNFeLFCv5jz5x47LyNYQ,3971,29
v0rbUqEa1v0UKVfHzmuXGQ,2854,5
BYeX99ezMCibKpPXg_Hr_g,3958,149
XYw6gCZJfOh_shnh7PystQ,2778,3
lYpxLkR4rSKzmBYEtYxavg,2645,194
FCPVw3JwGq8WU42lVdwsCg,1789,17
jnoMM0VjBVoOUHET5em1hA,3100,3
00gwYJYXsnQ-Pp3JSJnd4Q,3198,40
09Py_d4SEEsHEq-mmqtHDw,2740,4
Zp23Mrgra2yriHnRUUugKw,2153,3
w0qadf96N0xnh_NK6oLfug,1689,21
dsAfNY3-s_l0jjUv6-JSBQ,679,2
nGNv_ZGNlh0dHY5h06vm4Q,3034,22
h3UbZDhqJvKTLqTiKvzjAA,2274,9
1mc7n6kHHp0Szp-jHdpSCA,1223,4
kC1tJU59r3QEOT4MKY0hTQ,3354,54
QxL-NdQtaXd-yexeidbuQw,2812,91
rAc0B5d0MzeWSQLxr6N0nQ,1247,13
tuksw4Z9tmx5ZH43C0iLPQ,3801,2
hGPLFE1h61k9QrMjIB6y8w,1694,5
UZcrN4sEx69Gme-6-gvP_Q,734,3
wZqJUs91qov8mYvfZB4zPQ,1066,3
1mt5XzeL2ipuIXRR-drlZQ,1333,3
xhgH0_l7K-1kImJMbcl0ug,2721,3
PNlzMGXAgKFI-6u_68471Q,1556,2
9-lk-8lhM5vfGJIghPxtYA,1794,3
R1inT8HqB6_7zBZfPaaYYQ,2686,6
Zxrb2AUUs-fIJ5LtobX_Gg,1632,5
GoiwaWi46P9lbenXIVHKuA,1221,1
LU4sCRgmc1DBo1_qyoi-xQ,738,1
NZgT53ZA-7bwTRgJ1WyAHw,1252,1
RaRJJFh-kn-QdxA2ZT2ZoA,3125,50
PFUoB6aIqFg81Wc5Uw-rGw,3171,22
EE4OcSSLSsgsIxJ-ZLNdJg,4183,76
4Lf3aMg-rMTIwEez4IUn9Q,3301,55
Re9PR2TBadgMTTyYOyy_bw,2963,64
JhieVImmTbZtByJp9XJntg,3240,36
kmqGXo-VmM7stZi_uQc8KQ,2348,26
3BNbZ1wW1YUg_mCIzBIfSg,1851,111
ql1prN54EM8UTmKx5E4wXw,1907,11
9jZG0qnmAbae6OaYY3S9tw,2037,7
-gxX0HUY5paXS0Dk0ya5Ug,1999,1
SMyJBH4YYa2WtuMuMClT5A,1510,1
N2Yw544aMg-VAgke9FfF-Q,3410,32
e3Ej8AxQYKfbzO3xIS6h9A,2002,3
Lo8rKpNfLatVT4qbbkkO0g,1703,20
FScOEnQp9WehO0OgphJ66w,861,11
eKts0VjLYwnSl2D2ky0rlA,1006,1
fTQB3UUjnKEUqIi3yO4d2A,1480,5
i1wJtOKfiUE2e64ICbw0eg,2466,3
KkBx7GVmRITuc0tF7RJUDg,3004,2
ADmFBVMRMzeCkEQavtMHIw,1381,146
81qZK-6lXF0cvQON0_nI5A,1463,1
-h_Jp8cmqyt6PudcIMr-jg,526,1
IGjDBVDVyIRJp-g7gfSLjA,2194,1
R2JQwteKDNOhLfkLpPllTg,2623,3
MTlBRlv07BYQCfhmxsmVqQ,2899,18
Og7trid1UfF6K7c27ItC_w,2344,6
HjHS_sdemTd2sVSXYLKKjQ,1352,1
L0QR7p2gXsv-lsMvr8w-cQ,539,1
LGMR3O8jfWjgOfMSJrRU4A,1461,4
gT3PNZi0t0VqrUASGlid9w,3675,171
WiyZp3JqNN2hws56eV1kKg,3688,13
h0bVLE-GHuZS_5tyhWj-tg,1623,23
SO9FkyfukJBZACBg2N1_Fw,2337,74
EZYML5gOQK9MJn5hQmuGtA,1211,3
2aHsf-bYFhZly0bzyk7jxQ,1808,1
wFzyXM0QIUrzZ5ecPCquEQ,2933,2
GD6jVhxHA3FVNMD6rXCbgw,1558,1
MgSGp2NSTKUYl-IhxwuMYg,2292,68
CCeCDFusijkOXybc_cH8AQ,2600,11
ZWe5wfQb0Na_kD2DUoBtFA,3561,22
og-LHtBoZYCTbfiqMS4eGw,2397,180
rmYNZlYVjWN8gKbHJfjQxw,2257,1
enJ4stJWWkXKwrBYPM6uqg,1986,41
hwplzEKFY7NZ1Am-X-lIzA,1098,5
XqUgQpY45NkUtAp54bENwQ,3214,10
OXcseu8dK1_muRBct4glyQ,2798,18
sOAz-odvOOYAfByLjl272A,3024,20
GjftO0xfHm9LAvu1yClTjQ,3474,34
FeKlhUbMaTB_VA0zpIOt_Q,2191,1
2YqBRae-PwKol9W7gHE7kQ,1968,9
HXsWDti1apMUZ9hjImoCvQ,2918,19
HQDZnY9NI48LaExlcAr2Ig,1963,27
7nB2lk_8LTiPXHU_FB3MEQ,2673,34
exlKQyZLuQypsHJy_XTc5w,2151,2
05pnRzdealxUF1yBW1d26w,2596,11
JMyiy-XBbgn7Hyb5O3YngA,1746,2
_eAI9Cj2wJBXQ2F5MYv2DA,2616,390
gRhF9H_OcydIYukJKDVe5A,3074,33
QiB5S3-jhMW1YsIPnm17Lw,3805,11
OSLS79gtnLwEi6eAQJ5MCQ,2190,8
NUhQtB94SDMd6YW-aMH9PA,3245,2
OeM3LcROi5Ar2jQ7t806yg,2799,40
-IPyiPp2eEeK3yBWFKmqnw,683,1
OgaQm5WpNrGpNYgmyNqQ-g,1581,6
re6fN6eb3NTL7hKK-5CYUQ,3063,257
1c7fDG7cpJ0pVM1s4UBBsA,1383,12
Z__h9vExeTR2fewSbPA3dw,2958,16
Yw32VVyq5Ya4q384K0I9pQ,2958,1
Jnur5OAsoh86lsD9QyGCJQ,3088,40
--Awhttr0FhVud5prVpVlA,3509,7
OCgCLCihpljGSWPa0oAowg,927,1
f25quo-Hlli5yUxpSthQQw,2220,35
VYhWtvE5DF8tCLQs6RbepA,2778,25
dD21Qc9tTGD0iNH_3drfcQ,1231,1
ycQAMiJyNPN6N9sf12SLJA,2888,25
CvyOcim4obhlv5KHzoc47g,3736,80
ltPHOxg87UTHmZxwAN4tNw,2702,4
y83nNC7f8Lj-BZV1lxjP2g,1583,17
z3mhPSdW40Xg7YGk8-CfHw,2116,5
UeHkT9xV9Mn8W2S0zhBDeg,2459,6
Gam31TRX925P0h3elVvD1g,1164,6
TQQZcCjwBJDaYgX3_uPpsw,2822,23
hO_bX_k5t8pZhZTzVsLopw,3779,28
puKI4BbNt_XO-xiyPUwk9Q,2298,3
i2SDCOwcyCKXtqCFn_lTOA,1308,9
wAyw096EPOUh-eGcbudqgw,1634,2
Awf2eTeGeHKrNpxGNRB1mw,2647,2
7u6wW0cn5K1HlowUoXZMhw,3701,89
aMeZttsUp-EN9B2uyWnA6g,2512,1
OcQv7uIOrgzSQufwsneZ4g,4699,46
dbF0U9ii5k3M0moxEt1nOg,1508,18
_FwWnmq57jmoIaAnJzVe_w,3146,4
2yhEidEk72kArJHf3SNxVw,2192,1
-5q1EErxcmcHMg6vLOxJSQ,604,1
35R0yowWcX3l3Wo-BTVPug,3457,4
7qLZnHyQ8XGuv7lAZnII6A,3107,6
FLTOlAu6j-ewgJETwXHcNA,2617,1
0DjJIHD3qntq776_ue-qUQ,2389,5
a4IDmssq7VfXf_Wl2VTs8w,1186,3
WHOeoQrRge5v-zPAkcfLrA,4359,72
3R2tH7OMeOJIbsNh_e8hTQ,3914,60
KOzPZjMArSBfPjnbzlv_1Q,1179,2
ymtx4ZgqpdWcWXbDBy0EeA,3201,46
EhbyW5maRtJVLRi0cI9u7Q,1540,7
2XoW70rRP_yFKtwkwG5XnQ,2548,116
VCVvKUWwzj50blGPajBOGw,2327,1
ne_ev4TxtYejuBUHzHtfAg,787,2
ObmgMDJrI0PB7x3UQ0hjcA,1187,2
fYIl1YMaCOSmcW1O8kxGiQ,2705,5
tHtpQc6bqDRpiHhLL5ocjw,2858,7
0dEA2jJlVeURD9TlspbAsw,1835,4
khAOvzZ3jEsXX3bN3Qv1EQ,1449,4
r3aNKq-GbKxOp_om6WQZLg,2422,1
AZMSn04cth5WR4y6LrtSBA,910,9
bGlW8ZWxMW4MBN-2h5rQxQ,1059,3
93JSps4igVuhTuCgSNnK3Q,2073,15
6lclHLb2w0u5TapaPoqykQ,1585,13
WMVR4i_fS3d9JVwPFHaMAQ,2380,2
ImvHQdpnlFOBPFQdskOQ2g,3097,7
_Y20tuJrCLuhy_ifgMh-vg,710,1
EV-7E4n1swVwCxrdafd0uQ,1019,6
lxf-fk-R2nEC1sJstohMHQ,2013,5
hWHsbg8KcCfwgcvz9_bUWQ,1462,5
3ogl5xbFCSMNxitBRO2qyQ,1687,6
i9T_RrCOxEiHRJAe9_ibmA,1637,1
P89n5yEZy0T6Gij2uK7wgA,1952,7
WBq7hTMdzR6xb5TtesJu6A,1704,1
dsN5cc1TJaKLGmWtyCxJyw,856,1
0VM-LhKXxI_sHcrJxr0rvQ,1413,1
vCkNhZKGhdT_WBgp6XhxRA,3125,3
fNrTJ1yyxY7b0g20HlY4Og,1081,1
Pc8OdOlffBtWSshy6tIPJA,1336,1
6KQdcenqg_kNWwkvUj918Q,2587,7
pfg1BemPsPMcWufZGFGrdw,1817,9
Ji_xeZZD6u27UxcqeYm83w,800,1
bdts7msXYpi1U6QaEvycUQ,1682,5
G73iiZa1SfTSr5uFVBnTBA,2857,1
aQAt8jr8JGWwKx643YFs5g,2187,41
0bteMchmK48AUQQSLRnxPg,2486,41
Bu1-Nm7zPbWRf14RSCIi6Q,2459,9
60hcuwNgoecUNN15TUnPBg,1854,2
Oi21QT5GR-h6ZMgIyrJReQ,3081,1
nse6K-Bpb8Az6gixBiykRA,1712,5
TFLfB44U6BAzzUToyiiUIg,2334,11
TKy7VJ8kjPnonYCoLR2_Sw,1699,11
33O9k1r_Y19axZji61ms6Q,2788,41
fbvexnsFLTLQfxoxCJOsww,3020,5
x7e2T50vM8O8q0hZuLWdAw,3369,14
S-mb7TbCb6FG6xgup94mZg,1416,16
liCbtvsfFtnvSZXWYONpvA,2279,53
kADi8IaXNUbgLGB_hoHpjQ,3130,13
8DoV-pB_sd3nRfuLCBm0Nw,3559,2
mJUCf-jzbOM-HQHrU42piw,1956,2
-i-CMFl3NM8lWfyA8wt4XQ,3242,5
8HFAnnpgdOyQbSwCU8GclA,3074,2
VQnazsy_ibdpB_NiqrNF3Q,1964,15
L6G0f2siG2QIg7T3eu_zFw,891,1
_TnT2ietA-Fe63tnb8wZDQ,3289,7
awWGBWMAI5ISUMfDAlZL6A,950,1
9HbQBdYxXk0WapxLepYXyQ,2949,11
odb4xUvJ0TVpNyO4zuevDw,1765,11
i5QJpiQ_fo4uz5ICcCPHcA,2585,1
AfOxlmCpat4Sld_YFoH2wA,3500,7
g0dWfN-290A61o7rqJTppg,1074,1
3HJhRb6fGcMDkfVmcrhiGw,3546,4
o7CweGdafMd8Q_L9nbqqtw,3424,3
LGT5pdBYl9OSLF3vaFTk5Q,3941,43
6A59M2w-ceWlSeR-4tVtZw,1945,1
3pokJ375TJwbaRjpSBkrqg,2792,36
CWIcvg9BNmOtSyhMfBUaPQ,2628,1
ui0Hy52WZx4k2Z8Xqopkfg,3004,9
-yNsuqnmcwdj_UpLERyYoQ,2663,2
eyKHmMKuwgyL7BRcZh0HKA,1097,1
6XtNKcImA3cBmyi3Bt7E0g,885,2
P8CsAt4jtu54MC9eiFlJQA,821,2
OcxRc9EomU3A_qy1yj73ZQ,1029,1
AwHrEzCP6JW2EwvFxF-l4Q,1139,2
fEWd-LFb2nrx8xbGK7PNgQ,1150,4
3eUhJtYOHLvo-BpOgVjb-A,1479,2
lT93XMMsd204qUy5RdOrNA,1963,7
Fb5iPuMvLQ9tTG5azrqymQ,1548,1
2MTAzhioYvSN2HkcjX66kg,2065,2
j33W9A2Gkm9l3M2AHRt1vw,1394,2
NKQimTrtyiGmr-Y9Jc1Gbw,853,5
szNxbcE0LxSHFDEZkywpZw,3454,9
5CtM4-p9xxHh5bSKJWwiog,2010,8
jo8BZYRIv5W5Ua6APktODw,3412,4
Cu3wuPHW6TG2CYWsCjpp4w,2287,9
cHBW4J8P7PUTPAQ6dKQRfw,1705,2
kUkwe6_lxbs7OFVtaWbN-w,956,7
DU6Eum5jjZLLWyhWcpZXug,3076,2
C4sUn4AvQv2YGVCOR1gihQ,2344,4
JYtN5clgyrV8LVfL9tpniQ,2151,5
-ejbQJVgh2Ca2QlR73ojWg,878,2
R5blh1sul-lnJXDayghGyw,582,1
EvShyrA3h_hpjU2vj-yLyA,2262,1
gDHaWDNfFTncYO5o6CDsrg,1484,32
AW1422Obbm8BVHytgyQWkA,1252,7
aCTxIfQBchdiC3IQ8yfFxQ,2193,6
3Ko9p2tDEl4YEgD2zJyyTQ,2464,4
OPdVp7zeDANlz9AgsTUVbw,2084,2
PG3gY19e5LjpP1rYiT-LWg,2164,1
c0Aywtw3zXp1Tum1QmRRug,1705,12
oL0LWu0cUqB7EapXLXMryQ,2776,74
je1OwOHXKBePjlcRRmbSOg,2628,24
Jn_QmfRRAGDuexB_-zG5MQ,3051,9
P6EL-QV2GtyF_Y7Bk62_hw,2800,17
h4h9UtO7vLLYBu6jMWl-ng,2614,12
_JczMPDo5tNL1i6SiBMWow,1682,20
LF5WMDwes-qICxswbwe3Pg,2191,1
xDWcPa-ho5exM6tKKxG8Qg,1435,6
zeOhV6net3iz-IXqnunLeQ,3052,14
eRFfE0PcUBnIVrgTgG0atA,2395,1
fSJv9U6rFyCRtenlvHV9sQ,1813,1
OqSO7at9leumrP-ShogLcg,1907,1
1eanFuZ-x8YKg8tKEP9l1Q,1475,1
qfqMLHOIAfK8GBYFlPs6Fw,1366,3
QvN-nzQ1g6-CyUM5Lx95wA,1247,5
BUSrGYLXZNpWUJp8DMQ0Gw,1252,1
xnv4nrlF_pMgS74p0SvPTw,1814,3
HVFLeYSkwFfJI5L9YI04Ig,3888,4
pEWJ_DZeMxpsm51DpMkRbA,3701,11
_qw08zI4V02y0J1CqOIjng,1861,5
vgkDLo_AH2ZVVU4B2Aqn0w,2494,10
LcHJ9fi5Hx4PeyKN5oFZyw,1322,1
vO1aSp8AUvO0WsBQerwjAA,1598,5
43QP3hLNP6Eyrr2m7b4dyQ,2868,8
Ik2WJcP8s51Py76ClqJNaw,2857,52
5WCPuCO-7VoJMPjiv1Z8Iw,2773,5
WQm-AIo7HYPvePJOp3vGRA,1450,1
x9EYwqIeSX8HK4emd15mcQ,2398,1
yiTx7j0HoQSBGkQ5XW19Ww,1705,1
MClC72YtN_6Cp2WFcX9joA,1652,3
6RNTMNMM-a8fjcofj3WhZQ,959,2
ecpBht0WGN2zYsIKrS1tFQ,1508,1
gpXbKBzqgS99PDY-BpzV_A,916,1
4H_sZ7c_zYuhBMJPDQZIyg,2052,19
AmznyXsFsqHnz3mQ-JtPwQ,2363,35
Yu_uhdfZhXY0VT42Cxt8rQ,1062,2
KGnbUmzlo-kht5yoH00jIQ,2306,10
KQImQ2TQ4GNbN1p-t2W5VQ,2824,11
sWtKTlnXNpadRogNRgiwhg,2495,5
YCFWE0KdIM_E_ukeDnCPNg,3941,14
qBJ_wTd44bcIBX5iqcrbFg,2050,4
V0iGGXTyuMA2eFXlWzi-BA,3352,28
70VRlx6akF5SJmEJTubunA,3078,18
8wdTdrr6fw7nt73WQFtbLg,1661,15
5oZC5dySXBX3k9_dYp203A,3586,4
noBSVJZurjXvPodnnKXKYw,2471,8
AOt9vODgEPCAlqdaJ7l6FQ,4623,4
ccQbsoxyWjDbjgoSBBruFA,3124,28
gf8_sL59UAim13ZEqijUWA,2577,153
VLsd6p8BtugEf7AenLWEjg,2631,68
n7NhkmBPJyyZEtAxTD54Og,1985,3
dDW8rYUiI2VwmMQwK1WPlA,1396,19
eUiAPttqOS11BWSLwGik9g,2471,127
u8UUO0Hk07vALE1ExyZYGw,1651,6
kPGrzRrz1PN24bCgso5eeA,3050,35
0m271Bu8P9snJUpuA719yw,2178,1
oWot1aegcipTbJvLfMESZQ,3271,102
3-mFpTV9y7MyykAj0QSKdA,2809,8
G77zH1GFkH4y3zVNN-eimQ,2018,5
IZRHwUJA6XA7kjtOVuEFtg,2639,14
pGr4ASIgGE47z-HklSzprA,2374,2
er3RKk4xnyxBZ6NPZNjNUg,1570,49
L47VXk9J_B7bmEj6Sid8ew,2301,9
ifL_LhYA2O9VqkpdWsKhCA,1578,3
80hGvul4qwu8kNYyYmVSIg,2310,3
2tC_Ffx6J6lkgJuKPtux0A,2500,2
Wua5Ssbq3jPclsSFWzsDBA,1225,24
8iSzipIePs45AD0F5803WA,2412,21
ay5XbN6d4bUVnnj2THD4DQ,2104,9
mIzrLh8zodGIPhDbL2g5og,2155,9
mvL0TEzshEZBJsKJJp8g0Q,1646,1
10I0lh5k44z9Rd49HQT8gA,1808,1
wNKM0jIj9KM90CoRjIpEbg,624,2
pDRW92XcVG3Zuo4ASVF0QA,1561,3
HkHSO29jnOlHYpIGC5EXqw,2744,3
o-uMsW_-xF4Fqvg8vVfQIA,1487,6
pvzq_AcxtogMCOrXkjJIsA,1643,8
zlFOQ1ODrGZ3SAC0COOfFg,985,5
KK6OhvHs-8E8t1DXkH0XYQ,3164,5
U-fnPEz5jTMmMFxPgMOxyw,1136,1
OvXUTfny9sjrX_a1FLvlhQ,2106,11
wCG2UnB024Lyg7tL14c-gw,1425,4
HT3E2NGFEhsoUQy2oAPiWg,3445,6
pzLsvUS4JP5qmBX64jsyUg,2326,4
czeQyyZ3DzJFgdMZMgZmVQ,1278,7
YTkSVPqjIb0TpjqS20ew6A,2156,12
FnzsjlSadv0bAp-LtPI8Og,1931,1
jLGnCag32IgHqMLe1ytCEg,997,1
Fm9B936PsLWHa7UkolnkKg,537,2
zz8qDpBF_Qup2WIfwbYPOQ,1250,3
1RYNm96zZjeMR1IF_eMm_w,1052,3
NJfVzdhemV9SQoL7ivZMVw,2060,4
Y50L5U3YbJlH1Mtt8pHlUA,2336,3
SwlV5YC_usK5JwM7g8h3OQ,3218,15
p5jR1_bbYoqVjLXLFrJ2Dg,1555,3
sWLQETQvS55vIaFdBdwVqw,2501,15
ILb0NeWQxKvt2uU4DtfhdQ,2473,15
QIHdN58UaV6H3wMR1IZFAQ,1697,3
4IQQ1qa0Ss5vgxhBjRDdbw,2218,8
5xi351TTY_I8hFpXbhh7YQ,2631,15
GgLewuqEwBONr6zX4VUWBA,2182,13
waPf3IsPhGKKExANS5Yu3w,2041,17
mmX_xRIvWjdIXvIFvpEkzA,1121,29
Z5r-lCPZRZShaemxUkCqzQ,2338,1
AhGEQtwlv70jVbVqfDhrtg,1362,6
o5v7IKziTSm8bd8Id2R2pg,1304,1
a9LCElu3E3gGDNRLGKRGZQ,1096,3
5zKQEY2lPrT15RFr3PIMxA,1655,8
KPmdRQteBKzLpRQqrbdx-A,1744,1
HeCttm5kp3l0pBQneJe6kA,2248,2
RzJ6OVtagsCR_y2iQgLCBw,813,4
L3Xj305R1d9paDtpsK5eGg,1354,7
9MN2zK-zovs9nvwEkWhUZA,1962,2
g9HUaRAaPvLZFhqm2oB3Og,2210,4
Jp9Vr2r8zVuorW6n_6IDIQ,1570,1
aulb8DQvMMi4kfUYISp6Cg,1902,1
bV8aEb18Rp9VPKtEtGvdxQ,2134,9
s_1A0ys3HBKLmSC1eFUVsQ,1507,5
2Euu1DJ7e3Jt4rqqdmT87w,2348,10
RCnpxI8e0ln3mbs3zB5Djg,1276,1
sfMk7ucrotBbyANI0ReNdQ,2074,11
jPbNR02nTFVBs8BUFWYvog,1362,1
pwzUATcNnaSyFPqEwA_wYg,2445,5
ind7UlR7yg0EAFTXYtgWbQ,967,1
0wtpPe6dCwq75GiR6SfS1g,1635,1
oSeZnP5mvBwQq8nPfk7nRw,1396,1
8yoyLk1yD040RMT648QCCA,940,2
xpk9oPSSmDRCJBSLwXsexQ,1299,2
rbDIzRmccoWxUC3wgyV_3w,3452,24
ufF0vk16MMqPp6R8-8RVfA,3653,9
0G4_Ivcffths7BNP-j9Ngw,1899,2
rj-13L-DDAVBDt4vvSvRQg,2881,9
JsRkw5uKf-EpCLAeX6pwwg,2335,3
LHudxc3HDMwIB7Cy089kww,1730,4
hU6SKvlQe3BiBw6Bl9mxVA,1897,27
OMcOIrEBySKV6uiKrKE1uA,1184,1
4X28RLWDjLXQALLO6i5dXg,3646,26
vPwq7OCi-7X-W6wuPFNFXw,3452,46
DANooWcWtI5WiC6SzVSGvg,3537,109
QmJi3WuFn_6pffrc_zOtJQ,2551,11
TuyQYbRyAmixShRUkk38Bw,2650,13
Q7rWwCTsZAg_2jwIgkFvGw,2340,2
nyR8NMoRhdqqFi4BwwgsPQ,2839,4
VZec9dfufslpsBMc0oaTrg,1983,10
Ovoxk-4mQqIx370jkkL6Ug,2038,2
zkZFgP3cIHKkZKIdGhT29g,2757,66
d6OldZZzK7usYIMSVPT3ng,2187,60
CYAu8msYNH90ZCmhqsvu4Q,537,1
0S3r6GDkDYWy31qj25mTLA,2591,1
6OjkdHah12bxk5e_nW72Qg,3462,24
PeF_1ve0MGSjZ-YS7bGN8Q,1799,4
CRVO-KZXMKJDWoBJ6nyd5g,1359,6
_qpcCbnh_A9jJiKzG1boWg,3136,5
Bobjx5by3UL5oFEKF6mYrA,1556,2
caq5vytrRj9B0MFYssmlag,1595,3
PeysQogwZ5qyrLarj09y9Q,1577,2
JvxVHDS5LlpRoDgEUmHZTg,2573,4
K5ItxnxBRrP4pn1XqQ6qXg,892,2
bh7qghY4M0PqsWDnTGqRgA,1643,3
3kSlBPGGoXMAIayNfrBGAA,3795,43
jGDc-T93_F70oy2iseizow,2569,1
fvuDxOWm34UH_PNbkvBJbg,1296,3
xh_YqY8KZ9atJaqMbC3ggA,1329,2
0jKbZ7x0A_wqM9WhWlJRKA,2879,25
SU17beh7M2McOwIDX3USjA,2633,1
JsXfkv8ZGQw9nfSx2nbESQ,2381,3
RiDBVLG7L64Q4FLxEQDP1w,2975,8
SEru3CgL0hnd5NpV0P9OJg,1270,2
9zlHGowxrDa4WAle6b47Xg,2725,100
qW2mTBYmxbtX1_tFh-AZnA,1473,5
WQuXDBuzaOKPY-mQyqgteg,2063,6
DrOLwj6K4GKjjbVmxFaTlg,2691,1
ROAMk0Fy2Q066Ty5CGTb0Q,1192,9
41oUJfscifEgHuyae86eBA,1570,10
iR6TUzseOM8iYbBeU26efw,2521,4
N_ZQ4o1VBN1SaqPtTjVXwA,1059,2
0L-NF7JaMaviUB2lUoMEvQ,570,2
ghUj3Vnl4va-a_1KY77fHQ,2289,3
MfEoR8uH43m-e6d5QDA2TQ,1377,7
_Ovw5KbFnquHMj7SNA9Acw,1366,4
2J3Qs3LCw5Qjlw4BUeKdrA,2034,3
Ai749McQqEDVTaExZxdUAA,2090,1
L6B_OkTzM_-q_aDc58MV0w,1723,1
QwWe-O_Wwf0XVJ6lUfDibA,1751,1
WM8fpmPrRSApy9Gj4gzKWw,1581,1
XwB3IZ1W8SO55X-vpqWOPA,1858,50
PxIaIQlff60T928w1EVM4g,3020,16
ciSh0jinOVnjUmhJgiz51w,1633,2
R5fB6-MZOzu0w_EFlIk8fw,730,3
du7JQSMTkYoWMslHeSqzsQ,1773,5
bJDaAr7fX_Kor4yOR4CgOg,1896,4
XnBXG5M--Trc5tfnEKHZuA,546,4
Pt5gGDcZlix-39dhaJNDXg,2321,14
xkEafYoDMpZkd_85Dpn3ug,1246,2
74ivdw-gXZ6CJmIo455-mQ,1977,1
DPvg5w7PzH1sKoSjLgJo_A,1125,3
MQXvf0coE6KYHOocwCOcrQ,2879,87
jyqc_jjtA0rgxthOYKlLxA,3750,154
Qk06QQ1P-COCIrkFJ-BkKA,911,4
nZZo3sUyZueQvbAdx44Irw,1046,2
21p3p-OUIOkU1_pB0Fiukw,2027,4
65V9_V3rxylYMw5GlHQUsw,1999,5
fuyF0so6i8pH_1ddOt4_Ww,3055,2
5C7Zji2RjPctvTwqWMrAfQ,2281,3
P-pzAAjTJVwot_V-Pg6Mug,2746,214
GUjhNSLvTPicZ0CR6th1EQ,1825,41
Fr-skIvonscUwEjKNHYitQ,2186,2
IaG7KutZol7OYPptFizz5g,1320,5
CI5ogM-SQzKbwF8nLHiLRQ,1267,2
5S0kh3FPDxBlWO3r9HKmxA,1611,1
oHs0Jpc4zk4nUb96A-WdSw,1772,3
VzvnmOZWED6N8OJKmklISA,1894,4
JNQtRLJ82Jk2T0edgyQl0Q,2591,4
CCJacV_vKXJR_6PRSGDixw,1508,1
EYoxuq5jGqmQdxtaesVLZQ,1756,3
n0EdEwmw6IdUBnMl9C8kKA,607,1
uEZMlxEX7nk6uO28BDjvKw,814,19
taGKzRbQAFUTQueZOHoAIg,1305,2
Gkac2fA7W8DC8qp05pf0NA,1180,1
7jh78fioGFn_1tqpFQPl4A,1346,1
dRLvZNEdLfJn52U46XnTRA,2143,14
5ErkdESUnpcWZ3RHyOTKww,2861,27
lze8bJCob9t20vyqKOo2-g,2027,2
8PLe26yobgRMDe7oy4awJw,1625,12
hbNXV2xRH5g11i3iqLVIeQ,1163,1
1NRJMS8LflFW1fEdKw6Hcg,820,1
xh4qN9FeRjtst0u7vbiPyw,1608,5
JWOgi5GScKUsWENEoNCx0A,1612,4
kGCB1YFIkkeOMN4Yh8iUXQ,2141,3
w5aFZ5SxEg4Hl3cd8PlARA,1221,10
_7H6N2iLcMtMJkXl8tXYWw,1863,8
jLLomizGqgu14507NVsqHw,3457,43
9_7p54uUe1PpHUGHcfgNVg,1468,1
xpRYQRXhVJfVF339ZsWnzA,2062,36
s5KT5ur5zSFI7uD9tcVCJA,2372,1
lsQECeEUNoOibaLKCgRbiw,785,2
cJgJGILJUBnGpHNv7y2YxA,1495,2
7snVAALRVlQkKdwobBtJ7g,4314,52
XsnL3gdNiPRnj9svFvz-EA,2741,318
Ns57_D6nr2kZLPB7DN4ynA,1755,9
rLKtFWJpeEWwja18Avhchw,2765,29
-MeVVD49JPRGt_5jnzJU9w,1157,1
AgolNcTe9pFEzqgoLUODOQ,2406,2
JBLs_4Mx9Cg0GNYCqbb63g,1125,5
DnvcAKp_6tL1Xh7hthhckg,2261,2
4mmCKhbHBlVLXO4LY9xEPA,1403,1
eYekHedAe9OUWQiOc4R6dg,1164,6
R5hi_H3pYQJ531btFbBKxg,3406,12
eZ8PQPFuR8yfwQOU9IANGw,3190,281
kBalv1hhWoXxuCynkEuukw,3099,21
qyvPanOi_749LQc7-uaSnA,4561,13
Y1vNlFR2HEG4IrerubL7mA,3215,17
tY2hMSpcoWZIwDePn4jemQ,1488,11
IbSRHnsar2hJU3COhhlnCQ,1946,7
YJc8qQ6KFJY6DInG39FtDA,2443,20
AwS24VMzrRCvh2FuopN3oQ,2120,39
hYq1SYfuMPZwUR7hPbA3Bw,2348,25
kpSri9BtMZWjRlX3KeHemQ,1795,38
56wGCOOsNb-dmKrbb_OOOw,1945,6
6K6c3I-Ls--yoaKx1Q6TGg,1280,2
kihCo1XD20PYmZggMsQVoQ,1994,34
gsUmaGwqwABSRT4pdUJxNw,4300,37
WAz4iBcvVyxg1RH00Bij3g,3547,11
EYR_lmQEo7udLws6kf8K6A,3435,19
ocn_dTYJ6bjR9FHUF3H9Ng,2607,29
e3DgUCukgdxL6qM8LeGxyw,2392,61
9NGj5f_QW5EW1OJBBQdN8A,1716,6
VNlnd5M5M3FRAaRfglpZEQ,2376,4
t13xj62BAgPvo5WkVnciGQ,1327,1
23VzoX9cnlUQ8mYUZM5r8w,3098,10
cX-86LJhcgSv4c2wg04ceg,2265,3
ZXJD0hIfaSufnlhG82t-HA,2269,7
riWq8uCMmZdurZXW8Scfyw,2740,13
lnrukFVblpXoq_0ws-uRiw,3669,83
S23xxR91q0RhcUnXL5JoVg,2670,25
1O9IGoI6mBTf4P1fojfvKg,2862,2
Gxuu2Aej5FZsJrArk6ipfg,660,1
F8gFfw_eUuwRNNiGsxhgeA,2143,4
59KTElCeuv9Hwk5K--MVuA,2873,21
2qRu2gQFt5nsYLUpbM4EfA,3263,5
Flb37x0zAcfk9n8nymP3Yg,2242,29
rDgUQwzo_A6kpDPnr-yF_A,4105,29
sRcQfZ0lOJ3xInPo4lFovA,2736,1
CPQxF6WYbdBoN0bY8dvh3A,2779,12
SN2a2gQpgijHKZN8A1KvnQ,977,19
CN4sIAyAKFSPfX2AHAt3PQ,2532,3
JInYyiPS_-1OQ8CU0P-XPg,1806,1
PvQlp_53la0yQItjkyoimw,2748,1
ngZHjR9ziVd2dOntxnR7cQ,2183,3
l0fGMSatjYSNtW1cEkTuvg,1731,14
oIOahiFzQCUHkuD-kQq7Hw,3288,9
X9GU5CmKUzzhWHb424GB4Q,3373,169
PtcJsYrvLl0uCRfUtnHawQ,1626,4
joJJ_hi_j8tW2S-J-TqZqw,2809,28
yXsUr0TobI92wg9izuOz3Q,2336,41
TnJ0ijm1BbBl5kOIcrmpxA,1285,35
0RIJ1HTzlQvCp4yRW6msOA,2798,30
9sjuw02v_W2mE4XXqiahaw,1854,3
l-cPkpfdOpgzUVKGOGfubg,2522,21
akUL0k3QX7ED_tulSVU6cQ,685,1
gQfSrjmcXBQu8J1hWk0aRw,1477,3
lKlQ2Qs4620NI8iKR4oi3Q,1832,2
0R-S1Puvl7EsOvXb2JQi4w,4207,156
vAOoeRVHU4wlg5We399pYA,1450,3
R1qjrHPf6l_TmESsz_kBjw,3237,16
szdxMzpZYGm0eZfLj-87vg,3056,113
OpuRZMesw1QpBjNt1n_feg,1396,3
XyTRIpuHyDggeo8Vu98QnA,2283,3
_E4gzqP2bdOTfNPeG91v_w,2907,10
6lZ6zcwCgZ7o6QpJGquGQQ,4088,28
05ZdyTnX_hJypYoeMVYZcw,1779,17
tcbL0jae37svTkjcuLXITA,1825,3
zUFUwI1JWj2FMgwpAn6TMQ,3125,8
mGJJYtRbyUjvrZIbQ5fcUQ,3076,23
fUDsNvaRmqD18LFcNmJGTQ,2945,17
pxIl7cpm_u0PSEvag7wH9g,640,8
RGI0f0U4GwghiugjCW57qQ,1680,2
ZkbKNKYJ5f2sBOvSWzzAyQ,1036,35
O5sDIgOER0hX4uomABsPqQ,668,1
g8HxQrdTsg20517yrdFLbQ,1678,13
0T05-pNOkzYW9sEgcK8Mag,535,1
BUfJyW6AbkbuZYl1Le9n_w,2412,9
KkGi1UZXHotQ_d-i_UPWYA,2049,9
piAjdAirYroyOvmIuPySAg,2676,4
PUJhBTkpmPOMRx83dihfFQ,1620,1
ocPOmwiWwn3rBoTXdZJ-rA,1374,12
cuq-vDwxHjg6eR12T3Pq7Q,2107,8
L1i2JNaxL_6m5iG9PBgD2g,2436,1
5PWevh9zjJ2y0pg-tshQzA,3545,2
SZbw-b9_VpmY44z19-ILzA,3324,2
A-QJ4MMCzzVaTwkBxTGR0Q,2635,4
FeqStG9A4Zxhvrksx4ZI3w,1887,44
VSl6oiJGjLeju-jns5WIGg,3567,13
uzp8TXVuVGjq4zckMYAvnA,1656,14
aGYcJOb1xtc6AIZ0IyT0ig,1711,8
1zUDrHSJkyybOfco2WUx0Q,1335,2
leIT7TO33UBPRPOOfxcZVQ,3013,3
BkLGYvyNRC_8A40iDm2kHw,2624,16
eAcAz8uWLr4HYgKa8wvJdg,1480,1
kzAp_14lTytTbCzhr2bjBw,2567,10
6sU-j3DI9RFtqzUensm8zg,3580,10
0E2ynI8gDIR7b7tDyicjDA,1173,4
6Qq6LvkbH05DDI5jrLcgaA,1783,3
Rir10Pk212sF7uj4NgXE4g,1367,2
oZ3_RHGfI3BQhpWGvVu0Ww,1498,1
E-4Z_10o6CmQ6C0m7AcEyw,1981,7
3DEZFU7TtIxLoC0GHKMW6Q,1192,8
7DtV0rh69mdz0CzsrRXN3Q,532,1
e_DgZmSUt4eXbureyHTBjw,2536,15
LWb-PFi8aiYdiOIpMT2imw,764,2
UoQtoyaFQrFL9x2ZNtaV2Q,1717,2
Uk6A7-pHQbhNl_GtwvZCog,2242,1
1G3s5kHEV-d73-WdmjoZ0Q,1698,2
K2GPSxVMu-AKLkosX6TXXQ,1401,4
SMjI_YGjXZ110nLDNElBvw,1381,1
ue0n95m0sOwR2KGodB1ftQ,2176,1
eWqBHxEK2ieyONP2xX37Qg,1919,1
CSKuY90Fcge7sUWf4B9Ncg,2879,3
dICGyE2sp7ou-IoBFVsSdQ,906,3
szkQGrrzElXNxeSA8eDWAg,845,1
fYingZwvC-k8-GyTASBKFg,3828,1
JY72Msm8ju6_c6IhbngWqg,1765,2
uu_C9X7vBjRy24kI7F-H1A,1565,20
tElyDXFWGfeKl1VL_8IZKg,2342,2
LcNYZT-NGlJM-XdXU60Bkg,3080,29
c1aQjHEDNE-_XDSdQKu-eQ,1080,2
W3jTiT3uVa1vq9aKFhsuWA,3779,22
U1kYGoBjgV1B4gWTlKR_Vg,733,3
8uFQrPKXSij8zt2DJoIg2g,1069,2
YlmIY36qA3xmKTsGB67_Lw,1038,1
YW-dQFlEnMT5AQpG8txSpw,2501,1
1G0shKkVgh4IDfHi1UiQXg,2937,2
pNC1SH48KXil47FR00VQ3Q,3152,45
CJ-0D3IDpMVdoceLxPjRvw,2233,19
-WljV1J9IlakKCDi48klLA,1380,6
RTslqW4vArsn-_Yo58n6tA,2225,40
qxuRH4KAJYB78hRwmzJvtA,1122,1
kmKSXs4q4KKIvvD1V0TBCQ,910,2
_S_44_NM5tI27VF02istzw,1562,2
E3-BUApKNN7-aqw_rnYqJg,3556,8
EjJEPhczFlWvkaddwnxwtg,1937,1
FSThfYv_A1ylQKndynYAWQ,1864,4
ehYwd_pYH4PIxOrV3UyPpA,2301,1
GrVYTolmAhPa0p3qkeGoGQ,611,1
hVtJwgCsGFNoVVXTZO2ZUw,1690,2
_HkR9pXTQD8qwzYYacvyZQ,3615,10
SKoSZTPDcpbVx4NtMG-duA,1801,1
w8Y4d-ZxcJNVIGfwZhmlIQ,1098,8
6jHDueda7pbIO8o9uSRMqg,1267,2
NJK9SJNS-5455lTvcJHEdQ,969,3
YUL6NdMapaKq-LgBAbncGA,2639,5
zNT_rr7IhTpeBQWTn8Hihg,1017,5
Rjy3AJ9Xei6eKGYLiw6vsQ,1461,2
hwoMPiRcX65tj8utL5VYgA,2214,10
EXVQWmwl2De_2E6GiH7b6Q,1045,6
jniiCwitCVFM_JdTS0iGbQ,2213,12
l9xU-adUbw1qK01BYG5gwQ,2160,1
l26EXvZBRih2LbphIHV5Kg,1086,2
KA8nktOjS0FYIgaTqQLozA,579,11
TcPL0qH2QLr3y53OPzcZVA,3029,4
b0dmyd2Kq9I7Kgw4KJ8vkg,2123,1
6ruQ4ir7J7oLKLqaxToRzw,1314,3
5HsHTlTim5Zm7ysALCK9eg,1046,1
uZsvkGHYo87BoDAMMOpKyg,2658,15
LdB821rM_bS4UQQUjB2W_g,2208,1
DKIEzVLtljdGxxsmpcF0Og,2376,1
46Y8oN5biV0esOcUpmoTwg,2652,6
7wkqJDw62JOK_rnNCGH9sg,2425,1
t-J7GrE-gw6ZT1hQMyOG7w,1424,2
gQrdIAFYvIs7-cvvu0KCVA,1970,1
St5aq2dvyovU3Soz-acsHw,1935,4
JGA5lX6XXIZ4eZ2oT2tLrA,1580,1
QL2l0wcN6RT7xgBJw83crQ,1770,3
8W8FTO-fHMRJRQoFx552iQ,1875,4
Nu36rULwpVFF27PhrBSoyw,2176,1
UNK1ItHra5nZUZIF1KhV2g,1168,1
lzSngAHHC9E5GJ10hO_ZXQ,975,2
o_IHS_0xfKzcqqnw-CEdJA,1729,8
sxj_PBQb_poSkY3moUXLJQ,1450,7
avUV509MibWdxkFuY2U0lA,1066,4
HuYJ8MKQjCoWepvzIqSz0Q,982,4
CGXuYr8OdvjyQtxGegfLPA,1175,1
3cTYl6R9KhpHE6vL0RanJg,2693,3
zCxg2qnaPJzZzE2xjiAuZg,2419,2
1XPUyaOAyrfPu1qfwuOKig,2650,39
vpBecdD_x6ubqFzYO-utNw,2169,2
xYAj1YGl5RT9nOUi0y_RjA,924,1
bCMi91fMZEDA4nk3apJBTQ,2059,1
MslwQdoPHc7AgKVNANA94g,2047,2
Mwxr-R5WmEaSyEIdEYwRBA,3387,3
Vpnyr9n1PqR6O3S9YYEmEw,1658,3
IwUrwv2QQgfZAUd_ZWM8Wg,3370,15
7NwMdkX2XpQMS78yXPsHzA,1926,4
ujTC31JKMlcm5HCX4N1A9A,2784,8
4EQNgsiP01AFSK9zMkP92A,2132,3
Zw5rFA_t0YUyqTUpGbr3aw,1702,5
XjhFNk1bS6kGfZSrLlW4hw,1643,4
vHeRhL7EgKEG1NWeIUU1BA,2272,12
O82eeyNelcYRcV18FYcekQ,3745,5
JFrMqNBRl3RPhhJeOw4iTA,2928,13
8zBUCI4fxJXUZpupkUY41Q,1543,1
Wn-FBmr_r_UkLcZ7oh_eyQ,1322,2
qu78R2jS6Q-uCotIe8VDSA,2147,13
zGT7zoWi7tphz3ma4dVTMw,1079,4
S0FReEXoE6KBNYUOjrftfw,2710,2
qmjQ9eQpd3NCAKsEWxCMnQ,2415,4
wwxbQ98K6ws2M-TbPIywqg,2124,5
CopWRzmuqNq1arfks5S0ow,1900,1
1Nwew0DfISe3f1FgR9Jq8A,3409,74
w1eDNxUBdyuang2Aeob3AA,2107,1
Xm-J8jrZG4_YGkaEx4DiMQ,2073,22
quLnKxqzLC_Kp6glhKcCHg,1108,16
sQSwyldaAFOlHHBeNDlwpA,2339,2
Pyf4ZWeMlJ7zJLJdz75n3A,2607,13
I8f5t9_66-K2Kss_BUetpg,1087,4
_TfoFdz62L_3_0V2Dxi30w,2043,2
wxQhQqLBJyZmZATfqFeVHw,1200,3
UhiEhWGTjXA3pzYcHIAOgQ,3593,40
8SFoj5xMkSHSEWhtjQHqRw,1881,2
u56MGgwU5c49b7GEslWdWA,1352,1
GipbSSYtOHzKK83xXaMRZA,1921,14
RBBlw4kct9N7N6CyVbd2tQ,1543,8
iUn3rZYoSNsw392PqhM7KA,2216,8
Wq6j4ySro7mNDgonhTf7yQ,1921,23
GxkCAMHOU7bqbZBI83YapA,3034,10
bKTv_E0LJHjzQhqG-697IQ,1191,10
_i4UHAWXV-0qefetFsc2cQ,1426,1
3iZm95FhKCU752zpix_4GQ,2254,66
x_mqe7PsEeOVACNaKDN6qw,2490,1
rlTngdadZzrsLoGYZnDpdw,1078,3
yPunB2aVDtUAOU_gBc3s2Q,2363,2
wgMeqNtu7e6R_t6P686G3A,1185,1
GQ8i6zeGakZ-ws_-jDxw5w,1278,1
K0Bj5XXOcxW2YnvbE59f1g,584,1
On8tXW813fVzR2SEsuKwig,1113,1
_-Pd0-66L0jMStvYNDIbCA,1220,41
jIUgaMVYPkaw3lmfNIAYtw,3644,1
5cG3zpJuqUAwnj9CYayHfg,3691,40
dvpmMJkAILJGTIpCh5sn7w,3650,127
DozhxuVAIyafrmJNAClJ1Q,2778,12
4u7dS_MXvkK5sIMhtH6SmQ,1416,1
zS83tDVH6GJ4pIZnLVhSAg,2306,1
TSYBfwPoWbsPq4xtKC1rxw,3971,11
IeX2gjVPd4oWaWKy_DuNJw,1273,14
oqsJxbmGWLw4C3wh68HeoA,2899,4
RaEyN4AviRXBTUCwKNHJrQ,2452,3
uoWXf2JApdgvSRPFk2SSaQ,2546,16
EFJ44Pm2KISt4fCjG-ckVg,1447,98
KItl4G_e0wl6BBS6vxQeMA,2278,2
J9HaI6NZVocFSmm71oO3PQ,1625,6
65jJxIsKCRvzhTQRMng08g,1298,21
_Yt_yNF7VbnWfz_vgXH2Og,1890,12
_k8F0I87LT2OFRf6Yb7MNQ,3598,24
AqM1-g6pTTcXNgIkXcFR4A,1014,3
awJ4_t-bUuCmQj4Pkd361A,2742,69
VCC40dxNBm8X8KV3B4FSGA,917,1
EuOlpvScpWdNNKJDoVBBeA,1065,4
S2hA_-Jpxh_41HHheBRhCw,1660,9
O2lYLkNHbhm19iXbZSOypg,655,1
yZ5IOPWYpMdgBz9nqdicvA,897,2
hW06LP2Ak-SVqE0DlC9TbA,2159,25
DuiOZSuC3no8lzfvskKdOA,3199,14
HifbQz6zxR-fH2t3pP1TPg,2358,79
GNop5-iXTfglhWaTBO4ANQ,2038,52
GjJmJzkCAYdL3NdIldqHoQ,3185,2
K3X4SsfzOe-1lYeEUBcrvw,2628,1
DitUrJqfivjA2QUJ3qZdKw,3847,2
FzBFBHGq_ioSEJq_z_JE1A,2362,3
OaDizpwbR8mRR_AN62a5Og,2545,10
a_1eNJVS7OGbk5CKpxoW1g,2866,16
HJFd-nP7wE01AxF0yZH09g,1619,5
Yt6XDqfwIpRDmFGB5iWFgQ,1349,25
UHfJ8VvgR-WtNSH8wrWaJQ,1403,4
eKnhWJkZ-6ZoyVNTPg7ZNg,1897,10
xwi9_150pg6TiWKG4dpjxA,3128,2
12-KT7TPZsHKt1eN4vG0wA,2847,23
dg6zbcv6h6JbnE7M44Ejiw,2547,5
aqGTvj1j_OBaCUQGfA-I0w,1621,4
1u-LH45STjjirxavsSqC-Q,1298,3
Jxpeok7lfLhzalzHN59rkQ,1836,5
yY1e5MbIzvzZX1KfilS5ZA,2815,3
GneyCfEKgHgirwuwUEvhmQ,3428,45
df8v7z-ELkGUa7Oh-iHJ9A,1513,1
0aPRIeOL-Ktr76Z7wZ0wCw,1049,19
pYgDfMNYuV44jyP3A_wIfw,1518,2
mQvrPK6xrhuWrcmOSSOSaA,1123,5
Eet-C_JwHPmjem24DiZZfA,2372,4
LKhF4mJ5PMA-st6r4395-w,3199,89
F4UQfWzcHJmMCkysIbFWQg,2678,16
Pf0zlUyKalKoV2KnUvamBw,2633,1
nVMsQUe7_WYCKFIMIx44IQ,2165,2
nx42-ZeKDdw7QJusCZ3aGQ,3842,22
h0_RgUAp4a9aRLa9t8cLqw,2600,4
4QZ0dRB_-ms18ZGggUwpIw,3474,54
7Qi6pIrx64QX9uDNr5d1_g,3613,16
U___Mr-yn2JncTobPPHmDg,2266,10
cr17ut03714SEOj3skGAkA,2146,78
99ugrXiiUCek0CXdknl_FA,2514,5
lB9C6eKlOoVs_itYdXzPpw,1664,12
fsP6jfBvj_Dwblg1Jqhgow,1665,1
a5QHv1kZrbc8rs_AK6sSKA,1503,1
Djy-opdGOHbyxb-LtDYIcQ,730,1
cvDkNe_ELAgPubHMkWfzOQ,1878,8
6vxbzYYvdyENTN1YIGmdpA,1622,2
Xpq1tj8kyyYIwOc40KVn-A,1410,5
w9XJi8gczgKFVR9N7TGXiQ,2382,6
4Id-gBTTQ9ch137-nyHqBQ,2627,8
QLsdYUw47BFX1ZHLleLowA,2659,2
tVweXDSWraGAGz821r3luQ,759,2
Rc5m-3SbQa7jfALiMsAgBg,2062,9
9CjU67TwIsrDory97e9sRA,2271,27
T8Nnx37_kECJwYtLcGvWLw,3357,14
m7DdAMwRUrx0gU6Rn8gbmw,3823,5
VY-Tx6Z8RXB1B_vBSSrT0Q,2954,51
I5p__nxDedlTZTc8h94MhA,2617,22
DOFUf5lLMHZU7fRki_M6uQ,896,32
j1eUJVhZDuieZFf2ecmbNw,3633,8
ZZdfD3eOWjaIY9-8s87gAQ,1745,4
y0DbthldPJL9CKFcF6rjlQ,4417,164
JBA9vNA45OvcUq1t_qe-0Q,1165,2
lgO2U3_Qp5i4hE7yraE3ng,1729,15
6NYyGhOOAefps6480pcKXw,1686,1
TXo9toBRjAsRNXFaBNjtLQ,1880,1
HYXstkbqbn1kRSx0aunJqg,989,7
ZQ2Oc65DB1nrCbqLVGOtMQ,3543,19
YEKbu7YTd_qNZR20mGOJsg,2098,5
s0u8yjToSFq3t4mBHe2OBA,1595,3
HDofmxUbwB2ap0rfVxS4dg,3449,320
oClGUimXsTxxh4DvuKu26Q,2858,145
OihHsbKbAy40vNSr6atLiQ,1130,5
x0ujzs0ADmf7r7CNU_8y-w,3143,41
ZXbBUePgBoFLsx_uVwKf0g,1783,3
R0aMsl9mKKLFDX011EbEeA,2028,11
ryvD8gcJ-EIJCGpQHR2mOg,2634,2
Dx320poUw7aaPtuE6esqeQ,1459,27
BQrOX85cvSN6C02RPTik1Q,3745,19
fFS_E1xLYfOirnhHR-ZbVQ,1595,1
hX4RPJ8bwNwEcpvuVCKt2g,757,4
t68LE-TbKPQTVlf6LbEkHg,2744,3
dQr3lxY8qLjmmIbOF67YcA,3350,112
lg3t_i14sbCVZAs7wRVcyA,1004,1
-3t-oXTddntKfe-ykdgzqw,793,6
2rKNfZ-FofV_BNlNa0tsrw,2406,1
wZW8_iSfyqY4F5sY2clETg,669,1
9lH--M9iex0cLijf7S02EA,2406,2
FhiYBru_N_wDlClNByhUrQ,3709,68
WkUPBBxh9JqmlDgUwMN_Vg,2277,11
SfGqFMq2l9wgCSl48__hXA,2140,8
5MJxQtkCcu_cOlYriK2dmA,2528,19
aZr_YWZQ_XjsbIb1M9NERQ,3081,17
31qjvcVpO6MvS7hE6uPIPw,3068,24
xyqnCAQsARyayfkl0dSNKg,3399,798
KaQXmoL9fhITB4LEeorN5g,2426,47
dtY4dSf27yIcy_spDllBrw,899,6
35fEy16xJY586Z2PlWrp-A,1940,5
ftlViPOCgQf5--TuGEY-2g,2187,12
lkZnLsiIVTS180_RVnKhyA,1564,2
IbD37MPPQYmwSKbO1VgwRg,2496,16
hm62r3r9rg7_r0ZundVdBQ,1924,36
8EMi5ADME69w5iSAQnwhYQ,1176,1
tBuhCVgB-wah_uU3x916uQ,2536,3
IXmKXnHYWewh5gYRHviYCw,1796,110
9HCmWVHQzIyM4-HQ1FbTLw,722,1
YVN6vr2HUMayi0u3xDMQnw,1135,2
FFo6JHSXLcxhnJY0jdInMw,2671,1
ndxqGCQyQW5bc5ZtPZYphQ,3013,12
vTPprUsMBOI6yPzsExhLjw,664,1
5ofxud7oRy6TwOCBsH-qeQ,2252,11
4cnZ0RK3HG8YnWN08l92kQ,2618,32
mXpwJliuYz9GPMFmpPdOXg,2722,82
2ypxQ5B4xVysjBz4CWsF-Q,1370,10
E6mhamBRMzMOP3-MEBZDFA,983,1
LUW8rSY4n9SExK7shdbVkA,1246,98
UBm1M4YfRtznIvAiAb5uWg,1482,3
e_qprjx1kpGdJ5JHCXjzzg,1831,2
2_J0jQdE_IiNh0xjSYkHaw,3153,2
sKjIG1a1fP8lrCGr-7tIkA,1945,2
6HVqNfmk65nSTVm6rXwgUg,2303,2
A93IFvbnV4UReVkgN64lYw,989,1
u96Qezo_0WP5ScL0xc90ug,3165,25
jm6QCzaUD0I6b22ieoEYZQ,2335,1
QohTP6m--j6A5s0xlHxqcw,2556,35
uDKNhzlTiSOFPRUhzm3wAQ,2357,9
_nm34HrBQH5BMf6RW7mtdg,1961,16
KiHEWG3csZK5fLppO3Hypg,3042,0
7p8C0UFX0go1BK2YZ0ra1g,1148,4
XD_8n8mDUx7UZWXApsMZYQ,2172,6
0GEoQsUSKcUwjl5bEt8L4g,945,2
8Lmy-AU0Bk3LTfMzqhgBPQ,840,1
fyBHk2gSe7KbPWxIpve9Tg,649,1
dk38Bwxdi1kliVB9m1oCDw,2437,49
D401sZMFIFLRDhKBoPt64g,942,10
L0T3tL6Q3P5xvpgiAc-AAA,1300,1
cc78JEJu2XtKAK1zMhbZ3A,1030,5
5lCeA9rpxDnUqHL7F4iFSw,2097,198
mruRqz3l7vRI6ZphaaCJaA,2837,8
L73rIoz5k1EGD9JnWKOGCw,2164,14
pX5NYWJ7_eV4aTYAq6jqiw,2311,25
TiO641yOTh7oOXpmtdXl0g,1979,29
M4kK4otjUsopNtbRiPjGLg,886,3
R2VBxzxDP3-1OEcxfElBSQ,2595,2
z9oh9rA5TuXU4eOMmsf3bA,1273,4
sRYgUGX2t0BNXwtHYrCfUg,3673,4
OMlt0ieU4CC6XKyPZJcDlA,1622,26
HS1xj2PfkdhkmQaW6hJXqQ,3283,447
Y8tPvho-CFCaJlLLOcA52w,3057,4
dq3U0Oq-EYdPSideldQSCg,3253,36
-DLMAW50HtlHLGruxhFkYg,3442,297
s_J_QzSBmqjDpBpT8ik3eg,2179,11
Lv0imV4DLwmSrsFe1cWP6w,2878,3
iI6moHfrIYgqFIO-86_AiQ,1491,5
tTVncm_M1vpPm8pJl2I4RQ,3637,60
P5E9nD2Spwli2dx2-DrK6A,2799,12
s2zhp5IjjcAvk7O1zdTKoQ,3964,163
Ig-70Qp5x-7-p1n8L51yBA,2219,5
w46vuJmsVFIJIBu7xD4Epw,2033,18
URUcNcSnO2bXrj2pR1JFdg,3007,3
0ZLGytVVAuk4Pmz8VP1RYA,2727,7
JxIHMxZ3OQLue_MCrxNw0Q,2045,35
RGQoQQ35edvYORvohb07Ow,2311,6
YhIRdSzrGy9bGPYSz3OCKQ,3019,3
MnSDwE5x8cea87rAaoOeFA,1378,12
c0uIYXfInsCHPZEovnSLYw,3261,474
6QD8Lzz-8k_lbqRfZO_lBA,1194,1
Sqk_MXF0Gh4gDAxj22t7DA,2689,3
bkBz7bYTPQX_RsLOoPr5eA,2071,2
J4xcLaMk9o01DSk_Fh15nw,3602,19
i-HR1x5ZGCFUav1ZGLGokQ,1932,1
kq0WLxBsJ1Xan5bKiTpJRQ,3112,21
H7cgV5VZB8SebCVPqEoRFw,1686,76
I_NzuwFQRhgbXdgUbccvgA,1265,6
SlDSPuv63_TrEcSeMG23sg,2804,9
nBOfMgM78JVNS0auWwHClA,3195,13
SCJ25yd6tr3OKIGmFLJ_4g,1576,18
G9tS1L1eM1gI889fOuAGTQ,2867,1
DgY2_aY61ZpAh6DQEIiBSw,1684,2
-pYbdL_BxiaKFTan7JVBxQ,3402,6
vPQS8XqCZinke3at8__aiQ,1622,141
5JXlzhdzjbViOQ1EOb5d-w,677,1
2T_xFI9QkpUZLOR6AXTR5Q,1675,22
jSDK7qaK2ln-Xp002INUsg,3262,3
49XU4x1kTJfuoYotaJ7AwQ,1038,2
xNhcqqyComavM7-duzy4Bw,3784,145
mZMNnvx724P1fjxbwZ6I3w,2528,25
RhdF1roz3JhTImt4MJgeIQ,2202,3
RUoMvWSfPRm68-bnwi8dZg,1687,53
IEc0mOwh7AHCfthS2juMQQ,1732,13
08SwmaBW3kxyNgIRRSPtDQ,2610,4
v8BpJvrHAjha-aFLb3eQRg,1447,1
IsdDzUws-nKIt1fc7FP98Q,4102,35
Dr5GCKsg7Rx4LTtGMhKCDg,815,1
MNm7uZ8B7dX2ROlciZcvYA,671,5
dkQfMMqyrGGfZG0D6ND9Mg,1060,2
-1_4gEknqgj3eRhiPx2N-A,1354,53
H_9FAAGNKKrol89KtIEHTg,1674,1
Pubb6Ujrm8pbJg4masHZFQ,1843,21
5SITYpW7xPhkbRJtYZc6vQ,4483,33
-v25iHkH1LylvaDs3Xsz-w,1326,17
XHDx5IdE0b5VLn6pN4Baew,541,2
Awnxb2qaea-sA5kQcLVdhA,2222,6
yejemYNQSnwrnd8ZuvCppw,2226,4
qmO1jsUwOSSIE9eAOryuZw,2312,47
Eg2ZSCmq9OChEEAFDqDRbg,2921,4
v4hcQYQRQi6ReeIH9rYi3g,3212,106
dovvO8lqD8NBjBG6_gQeqQ,2671,15
jbiEyxJ395pu84n_wMzysw,1366,19
YHpER7KIHmjUfnZdhCkwaw,1643,1
0fioRPVpCd1zIUS4AioY5Q,1775,1
VomeflVRIYdVTns3n4i87w,1821,5
mrfazoQnJrgtYne76Ts2iA,1933,2
b-ECoLonuOmGAgVDtkILww,1713,1
klVI0VH5L18qv0CY7sjx4Q,2168,2
CvlcB_fxs7Fcuz5X_-A9Xw,3455,20
YVoMfuU45Qd9wcQRN4BQhw,2026,5
fh0b0oyW6NVvN4JjviDOMA,551,7
ypG-ZfnHPfV3ficSstWrDA,1565,3
_30G3EDvBsq8m_g0xEsGGg,2469,8
QCoMLSpxVDkohFcfvDHkTA,921,2
XltCmi1Uk317gfFjqnNzBg,2613,6
dXL0UETHElKO4S81hs6CBQ,3435,25
F7F4sBK6xI-0bCBqkE8S3A,2619,6
fkIxSK2H_lRQ6DqJsM4CzA,1164,1
foZoJm3dElswVnlk13bE8g,890,1
lbLCX9gmiGHgsYOWh8SAWg,2452,3
dxPS3TpHIiJn7P_YjoM-2w,1623,8
KAm3x_nnMQG9UOQGskj-Mw,2194,10
rH6ai1mCJON8l_foHb4rlA,1943,1
HENhiWW7BICUR6_8N9lfnw,1472,1
LrT3Ue7JVg4lE_arZthcJw,2342,2
Fyhpy4WSyyEXeOnARvzb0w,1755,5
4xf3DFPjCTaNqHV-UOxvLg,2513,13
nG01MZJ5YoeGNGKFtAAXAA,1496,85
AYujJxLL7kEu2uJO-gDldw,2310,50
TF71I8NZS387wx6g6CGGLQ,1323,5
6T1uylbotDEfYexu0qIjjg,2291,1
QFjvGxXXcuHd-kq8UXHmGw,2900,27
UyIemDEH1Xfc8n4zDLLO6Q,1436,3
6kATKDzt8U4iOGq3dNAItw,936,7
pfeMoCgzR-R_WWATO3kbJg,3165,14
3Ks6XEQXKZW82QZhfOHG7A,2056,37
_AUd5gMfGTkG1hu7l8a3ew,602,1
cG3X4PyEHd6anPmPEwUgxQ,2074,5
CiIo4IFeENheTmU9in-TxA,1179,1
rUPPjkmvKhTWmaHyjGQbTQ,1234,7
rpoC1BqUsikp-9U_tj785Q,1607,2
57vWMnIq7X5YZ0nFdNSSzQ,2226,10
uJun2hIIyzoWuQPPU7XAKQ,2187,62
ga_pBCvczLkFycsm4e9W4A,1640,3
tLtwy1Q14KfiZeR5HGy7rA,1818,28
WYlLEjMStHL6i__RrSsacg,2397,1
n_Ap-zg-kzCV32KRMuMwFQ,3257,7
jV0bsPKEwS14tBALbLqRuA,1541,2
BL8iAXR7eLhOFAZe7bksmQ,2937,65
qJOjL7EngGgJgZqzfnL_rA,2873,86
jdr0R_ZbB9iZrjbexLeJ3Q,4105,22
iWV4mBrvmmcBSXx_A6QYtw,2347,3
OR4ASfpsuQyN5PbJN1DEyA,2236,2
ZJv1XcOOqBk5to-gQ9Kamw,2771,2
y180PWihSz1cAwQB9RfCew,2470,4
cnC-KOJS75vg6Su7D73Vtw,2465,4
njKUwu1DkPBGtYmAescJuQ,1717,4
4GTVkn6ZmQthiQJmgyeJHw,1049,1
MtYmwYup-_56QXhqFESRCw,1277,6
KT-E7VlSbty4qbqNPhrgxw,1457,27
ezJj-pxd6dWJ4C3MT3JTzQ,4546,186
Uao6Jg6mVVzktTLyYRNtOA,1246,3
7ttpa4oZsoPVtSngH9y59A,1144,1
LXAmXKdSIDJibq_YejMM4w,1775,27
xs-ib71LHEFjaxEwvZokKQ,2241,66
yYsivsdGU6Pkg-w7oE51HQ,2878,25
DJHXmRJXZE5tZTelabiMAQ,2593,10
Kyvxr1sycSLhdaT8hok5hw,3276,23
F6Udw7oBF9s38IY9KYPRLA,667,4
RJkdpL-_c75HGDO8nClLjQ,1809,8
GwXAWZAT_6mUpyEVx9eh0Q,2836,7
dY-k-RlrO5R2zmJNQ-KBpg,2116,1
219hRJ6DKLwGZLouUxpcBw,2929,6
eajSQPK5lofy0pbdeBP_-g,1966,6
Igx33onxWh9jT1kslIeZ-w,887,4
uk-UC2u9c9fElhbd7chPQQ,2148,3
MIRjk2vOadLC4J8Y0mgefw,3205,14
M9xAI9JX2L-2VKhTlZ3YeA,2948,6
Go0-vJvUofO4K3z6WePkNw,3419,20
QLmsiHfOsgoyfybfUKbevg,1785,2
qoRiCeMnxPRZ2-alBurGXQ,1669,1
3T6yAL8BR3B4ZwjAvy13AA,2319,332
RBQ9gLtniUOZzpskXlF6pQ,3408,1
YAu0ju4wiyWYnMt2AJ007w,1659,1
YGz-Q9WWl1pQjmu_VNGXkA,1940,12
aFl69I2hLpH3KBUu5Mpc1A,713,2
8k9Tefz1RfAuTP1b3ELuxw,1350,48
uTTW-e5-3OjlUGwvHUSS7w,2830,51
YLNOZTBCOaAuS1AQgIcXhA,2325,7
aLHoxgIRaSDtlfcDDLz0Bg,1963,10
1HEp48p_0008rwjXnSca2Q,2523,17
RLq_aYbtMt5g5MKBclnwpg,2708,68
H7qBnmBI1k7tw7nFmovZcw,1023,2
anSHdX40QTYVOrt2BfxqSg,3818,135
xM8qCThhV7sBrDgYFptZ_w,2056,1
vDbSOIdqUsDCw7iN5SL2Iw,2389,14
wTcRCLsSa35WY-6eZz6xhw,577,3
BTF4lPXTIqhdCe-nhQW8-w,2554,2
5ey5W86IYboT5CN-3MD1lw,2678,10
jd4uW4p0s0JunpxY37JgCQ,3124,5
qEkBHk-KmY3_lV0cpLuEnA,2479,2
pF-b04IW8uPvZifS0T2z9w,1766,2
SW83yL5A9fGx02ttMMUsww,530,1
LHyX7b2zQQ5DpBlr7FGQnQ,3120,1
eSIjT4Wa3-FJzc_aTYR0lg,809,2
MlCOmsiK-ysJt6UO41Fa-A,3420,4
BPj7eJcly6BHzZ3l1KZDlg,1473,1
w_ersdyDRPNbvQ8RVnDa3A,3235,5
MOZlvSGaGOtzFopaI1E7PA,1250,1
tdLQwI6p1ZDrGqArb2AI3A,2957,22
3VuUSc70mojdTpQgTbDESg,1661,3
-q8ENyjGSy8tH5WlYQE16Q,1536,3
FbVxEfFfMsualHT1X28Ohw,2350,1
msPQ035okr0DF7xnrkt3_Q,2335,263
VPxx497heg9J0l5G-BGohw,2686,2
jtj_0F51iA4Fw_1HWbXthw,4440,75
tx8T55OP-XM8z5xyrxsgKw,890,4
p97dGJsgYrXGGtBwYSIKOg,1774,9
xAFNDoDRifFPRrNF9cQ7GA,1837,1
X-ENk0STRtJUreENQdOu2Q,2743,20
VcTWMLwQyzgQ9UaPHaxwjw,2733,4
xrkrNAoFQPIsuYFz0UNIVw,2877,3
wrvEU0utnAovPYkoncw1qA,1467,5
zA3gqOb566lyFa4rBYlkdw,1639,32
fFS340qALyZgJxeC1VgNhw,3060,22
k3SOOI8rog9g1QX8T-Khyg,1533,2
Jxqv089T0mTCC6MADgtncg,1836,14
jf6ADLUDlQNsMg4QRSW04g,1535,18
bUVXLIYXOja7IKHYZPOsGA,1079,1
Q9YbHKTxE8pye_d2urAwPg,1211,18
eCrOfc97m5OlqtxDjbz3PQ,3013,24
9MUPSWE5TZm5jPlg9_1qPA,2769,4
HBh6PZ-Mf-19BvNGoGhvdw,1246,5
-fIdI3hqdneuYhHjofN1Bw,3398,58
i1ViNrwHMtvAj2imNTSBaQ,603,2
J0GpGgO4791uJ0J7amSxeg,3131,14
-zJj9bhUswXSInlf9aMtOA,1751,3
KC_CqBS5m2Jpt2lqKrC9rg,4500,71
vTRiWE0Kiqfmq_DZqM2Tlw,1468,4
ClTUp24OOvigXFUH-LDgzw,2065,9
I7jbVvYM5vi3QvdG_-uAuw,3416,68
pA4S9-DBN7zTCj9hBJ1DEg,3039,8
FaCCTCKDXRH4QzYhIOlVGw,1354,1
zb34PG3Sj02d2FkFWdn5qQ,1403,2
kLM1IwGR9Zd14xCG7iKpOA,1535,20
LC67nlMBJBhS_jxHcawP-w,1260,3
X2pOrGA7XFCVDO8v2iba6A,1521,10
oqRbhEajdp3ooq9KVs9VMg,2052,28
yTklftCCniUihE1HuvshwA,1559,37
QDJ3npb3XgqUN3V2No8fkg,575,5
w-1oloWa6XkT3eMDTZ3WrQ,1294,2
T6h4sACFjR_YoPy40Et8sw,3609,28
K3BFyfI8eqmuSpO2yt-53Q,3824,155
nWb51C9wq7ffHyGmELp1yQ,1046,5
W-KVLsTjknhVv7IMXZtRMw,3001,81
sHQ_UXbM1MN-Dkph0GQZaw,2400,57
NjHg41vqmslmyPTRpDsLIA,2890,112
ovKv38S9pB3VJMFYNwA3cQ,2717,17
m07_ITVtAGBueHwclhDQVQ,1629,7
1kuyHybO-QXfDyaYGH7NYg,1148,3
ZwaQ8a4PP1hjZti3cnOHUQ,609,2
yJGT0gjYyDKQUpyUHvmwsw,2109,2
kX2jPkQRiJP_pG2GjzHEfQ,2535,101
3WFDVJ3ntXn-XahMx_l5Mg,2245,5
yGpMKM9Rzi10-q_07SgyAg,2159,2
DlE2PGXyoMTADT8OeXecAA,3466,27
D9WBBoWsQxXqYYZxw4YYjA,2852,8
H-yKI1rQqvibWgqQEjccUg,2049,116
5MCj34PuLAKcU7E-q8JmRA,1116,9
Yv-jRG_D8EJu7CMi5dYuRg,2561,9
lvSFRHzoShF04599OtnUbQ,2784,48
7oOMoXRfkmmP5BzW9_5tVA,3390,78
s_KLwRLXu29brgrjRZirFA,2380,9
km_RBZsCuU-QUmLrjn7RnA,1283,28
38Pc4nbOZDQdhjLEudJJhg,3016,11
KykJnvAN5A54jkQO-Drr-Q,2226,4
rFOUjZgaZrSkamrdneJoqw,1784,2
rrj6vHQvAvl4hn0pFjauRw,1481,8
QKD_NtS7OBKi4x9QxZ5G0A,2979,5
QLr0eTpmN1o9UIXgFuezJg,2535,42
HFvRQ-uW6W8xYjC4RQOGnw,2146,16
pgBJiMsA0Y08AnJ7D8HhvQ,2120,8
5GO26L0HxungFcW9iz6-Jw,3142,15
lbH1B_jPWusDgxtpJiDkYQ,1568,3
l99uywuJz_9WTHSNNVvlIw,3320,47
VUA9kb4xy-TxDjMWqaz_fg,2767,11
KW--FfB3XnfVCKinYBsPXA,2181,9
N2xxFhHnab6_44DdvmIRbQ,1308,3
nvkCbVRWkvg419aBK2x6TQ,2386,25
zxRHyxQm-32j5Z7Pi7bHCA,2005,5
RpR35qiwhy45H-uSgAR8bw,4137,17
AFm3IyGnEI__jZ40Pj5oYw,1312,1
7CVkh8jcCKiAyJvZuPfP-Q,1877,53
P2z6Rk6Q4Sxj8tXL6jKI8g,535,1
KOli-IwnoF_xtigZH1i4Lw,2516,8
nIhyzUKZp6qNneYNc7A23w,3493,2
j2FEZD7Uyss5nNGIicjHtQ,1043,1
dHUbFkpbFOk9PR7ceceHVA,1717,9
mbU67wHN3CK4AP_qb7tNxA,1198,2
l8ZRBU-lkr17pRykVJFSGw,3876,82
qNLdUt0c_ZzKL7X2Vt6w_w,3288,5
l-iWO4p2HA5CLb36sTbXXA,2861,164
310ejfrdHl2uGaaUSMm8HA,2451,29
gIKOhr-lLeZ3FbhwQ_iNPA,2135,91
0div0QzrzyK9Jz2W_NXKuQ,2267,1
oRebTtaCDy6fIs_J6ORhjw,3974,84
NoLv_00Y6bWdODMS28kfxA,3577,73
6XRczUXtEAkDcj67NGCxxg,2615,110
PiPEga8prtyWv9x3U0TTfA,803,2
Er1TAPZhgG4td-zKztkJpA,2492,29
A9rrxa7p3eWGXUaVpwDTcA,529,2
QCYpd1c0c8WZay-phBw6VA,2345,6
2OYyWbYKUnd1ko7STrLi4A,1538,5
pHCQpPdIB_fOcUYcQ9LCHg,2106,4
zX85wjr8prwzGClNnPW5Bw,2936,21
_8CAS4WcOcitGRXOVkQpIA,2656,30
bmKSfPdeGt3jWtcQNlnLrw,3434,5
NeXj5SofU6QyHwVQiylT_g,856,1
GE_F92kxUfPxhq2ZoxXdGw,1653,1
e2om_0gpLDS6RSwmiZCWoA,3576,165
xruxlnVqo1-7nMsKrt8RJQ,1705,7
ZGsXHy9ryz_TFUlh6GDntg,1753,5
R9shBgI37DLBOzpzxiYbpg,3210,3
m3VfU11SzX5Gespd4F2zEw,2145,19
UQYHAtr1dAEZFjJbY_NBVg,3543,4
lu-_lyZlRyPCcbA8ube1LA,3116,7
8QbTF-ZqmEa1XQ9SYfdzGQ,2473,1
cYVCwHahkClBGD6og9MC0A,1385,12
a0dtznzU1p_LXzPa6wvfzw,3549,59
eFu3Ll46aGL-6jHqv8bMPw,1301,5
zevTjGy1OQsrGdm1ary2Xg,1759,4
ghOEieXl254MJs3wzJUWsg,1999,15
TH7jbzDospdSFDBTCvYv5w,531,1
ifwjeWFafesLqMDI30lNlg,2852,14
mhb1wSU3-JAnR61_akVnqw,2799,3
QT6B6Tt4yG7WV1zoClT3Fg,2492,17
LE46AKq7m5nbC5DLK9cRzQ,2513,8
HlJl6sqbg57WhueiEDLucg,1829,1
oRth1-UZGgXo1YBxiq11HA,4419,29
yt6GW_0DW7JnpYzXDnVxTA,1563,3
v3znfP0_FtHc3JGCjeGFfg,1037,3
1VadTOLpm2egRjGpeQMZ2w,4394,26
WcrPZqY0Ub3jNjbxumvSuw,2923,1
t5igkSanXSskhwdm8nuXyg,1849,25
SZlMJCUdDEmqgDG2DTpwWQ,2636,2
R8lRM8OuKClmDN8eBf-OeQ,1988,59
-xPXtJKxBxplE-TEbOsYqg,2900,2
QHvOzOGgLR6X6bV9FqfarA,2170,1
OmlM6ALUnlJqWsw40dWG7A,953,1
OseG7ea2HoniMXSgFdtxXA,894,14
3nyM6UXMN7JJK5GMa-FbAw,1916,12
UCcso_14hAw4tDzWYtBJ_g,2322,6
kI82RUVxV7QpBE9ch7yU5g,3578,9
TONhKaUzE39y5gnM57Gmjw,3082,16
v-eyod4p3-v9redddWxIuQ,1530,11
53Oh6Ta-KiYa0ZSNiePEhw,2422,8
NkTWugX2HMFAgYtExD99Jw,1508,3
_-63cmnV97QLlF8CWWJ7Uw,3091,67
sLKTi7NqJ6qbchHwIuxwpw,1302,6
SY1-Fy2dQ-Jv1HrUoDGpSA,2501,17
dQJghCgw1qg7elSMFZ90gA,1010,2
V8DPo2LDtge0HfR8zbV3qw,2709,20
VHbIn8ixBEggdkFAE6eEsA,1618,7
f2HG-yZ38S1MWa6lq6u9Ww,2450,17
IqRurdkFvdVhm_y8bxuHOA,742,5
ctF35fLv5HaITNah3wha4Q,3406,23
41fr8qlsc0ipNklUVbAW-A,1608,1
gvhZc0VaP8NWb4hDh590zQ,1775,1
EzUsZ5Jg9788uXGBDGc4_Q,1274,3
h84THCLAeAgaKNGPu_wntA,3703,21
hqMigno1dvcgjpV5W4MpXQ,1775,2
A8cVDD4DexJJQPASA3SX2A,2618,1
px_lRapw64LxcLhCtZGKdg,1863,2
ukYCYDx8YBI0vjGw_WrerQ,1885,5
JtlRfTiJloGMNP5USHGEJg,1350,1
ZGee27zOLbIKmHuOWG63rg,3747,40
1WL751aw4gXXK9EftjBb-w,3165,20
gw7XuoBL7WFJm0mT274DoA,1416,1
CxpmQfVsKpKUdEs71A1orQ,1298,2
3RnLaXz4OTBFqBxU-OWjhw,2724,2
FZ_iGH3-HuJjpVFCHDFYsg,2023,2
ZFmRlzdfB01sCdnNc9DJcA,2745,13
1glUAJPSHl5f8IPtYSA8sg,2798,21
78ECVBdE3khbctGT3tpmTQ,2414,60
hYIKlX1CQ5J0ttrL2WqPaw,2046,23
rCntV-RabxfDCW5tw9oALg,1202,10
9lk7KSkvjD1BybSwdGq40g,1286,17
EqisPT0esOgn2DPIT3RgEA,1197,1
qQlR3g6YewFoqao5XtjPEg,1293,5
l5rtTRd724h0hgELmFTnpg,1568,1
MUzkmgRH733w2T4Epszm6w,993,1
1z6nyclMHX2O93SUI_v7GA,756,2
1aERz-XAg6JCPOOCb7_IqA,945,10
aK0xkxSo2biPu6oHw2L6ew,1818,2
R63KYICNXQV7X6lPuGow9w,2266,2
WtMtmcikhpAtLZAqpQ4SAA,953,2
AAAEAdjYTh09xguDlAYTJQ,1833,33
rd3G3_IPEES_Puuo6M3vgg,1011,2
xqPR8QJ4bXoBi4RWpisLkA,740,1
33FC_fsjKMFhVtE1JSWg2Q,1326,6
eaCK8-lhxGEy-XwxKKbS6w,1638,9
duYO6l-332cX9AUYAXtWBQ,1958,3
sis583yrvZdnXQ4hXIk0Zw,1419,1
kqIFPRU3MbE0WcFR4E3f8Q,1246,3
aWT7Wqt38hLBQTLulr7KnQ,1610,4
C1hVyI-khlt0TY18UCx41w,609,3
1bgG2RUhnqCTvmBY2HRXLw,895,7
W-Dk4vXzOA023xJ5MpMx0g,2061,2
Qif5SF9znrDNkdYNsr5WQA,1380,2
Y0fLKkSA_Pqpm1DSU-vD6g,4172,11
Z5cqmwmm8jkD5ZULNxz9QA,1219,2
f7_2KPfmfvxgjbXe6AhUiw,1534,3
k4bgw0dwIhGkwTRPDrAoPQ,1755,15
SKJcgPL-ViFlpwhyToMZ_g,2358,4
Xs4bENvxuXFtcSPNY4wF-w,3232,2
xMdpgy_9TMWU9B_B7Wu1cQ,1774,2
yBCaCNqFfUrAhHofB5CQvQ,1337,2
SaNPcBwdImw-634Q3uhFLw,1340,2
54KtG4zeGQzz1277Cy00-A,1312,9
xYidV4WMHQ3XJeIaBJ-o_w,975,2
PNM6Ehop5UL5eUVto7OGoA,2493,12
L1VZDtwDy8u8vbYZfO7kpw,2810,13
aoTgconGrDwJA4guIjfzrg,1806,62
rzkazhQ-cfQoBnd1sY7XcQ,2770,4
YuO9G74sFiKsFu3MDuPfoA,3749,11
D8rDizqG-VZaE-z7x0naSw,2066,3
fPYiMZLwkg5wQJF_xB5Jgg,1595,4
3UJZINmBO3ivK0rSGshdPw,2388,11
kyGcnvAtmf8vIqEvsGIa-g,2259,11
cUw1ISk0M57Nzk6L3I1JyQ,2138,27
OPIjETeln46wOgHJkFI9gQ,2312,5
NYsPamZpm1h1fxednOdX_Q,3125,11
TnRt5gQhFSawJ9WV4VP-Hg,2629,6
ULYP89I2ekeUdGF8To4xdw,1332,3
c685vwVVwmGeSSfdL1g04w,734,3
U__7aK4pCkybgJAavzkEWA,684,2
h1CgNTeVeg3yDXvDBj40oQ,1359,10
LM3a7sjKbQJ8cB78VJQnPg,1370,1
w5P-5PcWiBk4RSZTD6uSFA,535,1
EXlMDWBQFBzJMmdJz-DsNA,831,1
nAFPm59aTa1_L8ydzVvjTQ,1228,1
BjbdzFx5INEvSGqI1wBwRA,3138,12
OHgTRRXwGGlhkctJ31pThg,780,2
E3EK9Omw9wjqur6Zccv0FQ,1350,9
bRHnRBN6ZrZSs7VFLSOt3w,2244,6
fpuJ498wFKN9oEjdvay36w,2071,6
gZp1L6otsEtxkEeuWBSGvw,1493,2
YM0AZI-NoPUxiNqWGZ5LPA,2092,1
a3yvJ5yXTcxBlmzAuYEwaA,1346,10
h9mH27dvOEop1rQT6il2AQ,1338,44
Zfnul8QQyX783uUZipVe8g,2111,2
pCdP9uAuxBkxRdL3N88gOg,2495,3
q0t-pILQ_UcjZs7zdDvMvg,1353,4
-AxmRSCkAGRf5DHsiDB_kQ,1989,7
sfTkmpZiUiynKLtdes8gwg,1351,1
p78e7-CemPd_oj40zDsz8A,3322,2
XbE69PtKjiLtIiBHMs1_bw,2787,18
wB8JgzgXLvBwqiZPDhq35g,1570,2
aPahKc3rkU_pBqGQhaOVKw,2515,3
mveG6AeSXloSEi1PE8FUXA,2477,2
49lpFDQxT57P_UQyOnZb2g,2634,3
-60PZEP9XmWsNLg3f2zelA,1453,9
FQjM-mKDHhZtGcv-dyFJDw,1951,3
CoPsbWOB-LxGugKtToXg1w,3380,11
jdGLxcTv_wLVjhIbh71wlg,1145,4
ZzGxtw6P9ZJ79EUIyPDaiw,1467,1
Smtb3iFMqwYVD3MjgASQDw,677,1
wD7dIVJHUFHujvSYBsyuIg,1135,2
LZMJ9_v6l7WQtc6PyLyGfQ,2195,8
1OPpBJYxhugb6JiuZM-rlQ,3042,13
vpVcnVwMwy9WtnkFhZavhg,3656,2
IBrJxcaHdTxB150YlfV5pg,1564,1
5XiGRKSQQNDDT-BZ1IfKIA,730,1
mBNeTfjwf5ITldpOFjWpGg,1578,4
fY_VmbMQZCfncWuAz7vbsw,1632,1
RT2ChOih-J-vM4PWWCggqQ,671,2
SHvQM2SaWykV1DSJDk2-tw,3232,10
tQ1xcxj3na06uC56LQoR9A,2516,7
OSftB3gtCS5Ro-TaZ_I7tQ,1920,1
IIRo-btmsnA9S_kNJNgCwA,2117,1
iRila5bK4DLSxFQqBiLcIg,2357,13
RpvmM2hHDrDbGcFzgSG2Aw,1172,3
YKIeKybjYP2pd9ltdqHA6w,2943,1
exNMBB63HAvnADEs0e4P-w,1393,3
pGapXpmFOmSJvwo_7NQtGA,2910,5
Qz3bLNgU6HyZTsG6wQ2YuA,1436,9
2R0jRy63KoXTTwGwZIU64g,1711,11
U43a0OaiAY_N_T4FqLt2QA,1488,4
U0ml6ULfphb-v8QudLvB6g,3652,9
EKqa5NMnFRH9cjOouSIhcg,2603,30
PSp_lZAkErG_UDc6mGBDGA,2357,4
AnfVggSTvJ1jOWpk0PJ0gQ,1552,4
-LkmWd9DHyor-0Vi37wKjw,1325,2
27NTpt654_Tq4qYjtdgj8g,3338,12
t3vT8K2TcQBRDwWlFJtFbQ,2631,2
rf0q1XT9gn8YoazxJQo1Xg,1737,10
eHvicTo1pYhHwM2BDhaa8A,2320,4
NSq0tCnsDd-XBT5erBF-lg,605,1
aqhMHaJ__X1igikPNinUGg,590,3
nUQI7QLNQvdA9cSLOeAnjQ,1803,39
sqoQXrF6q31ckQ3ih-wL8A,1822,2
9lB9GO4LRJ1iUUKKBZtp7Q,3092,5
K51wLddOuiie_vF5ilCmuA,1325,4
c9H3tljc2Ik9SxedtIAkPg,1928,6
8PvOJTNWECO4Zj4j0Edqtg,1420,3
PvffR2u3cZZPMfGv0yQafA,1505,3
EA8ZzGVMAwICCwyZIslf-Q,1602,2
6awjG83noCWI1xUaN-s9Zg,1457,12
MIxtOJuFxxkL9DIfXhcd4A,1757,3
_qBtl4iTjGxWrfc_pk5ShQ,1200,1
hvqTqUwwVOW219HH6yn5Qw,1423,4
A8KGEOl2KOZLB5xxHmT_nw,1928,2
2_tofXWa-c1qUs8OS_u3zQ,1960,4
2VnmHDK78YmE8HzMpuizjw,1058,2
ZDbV1jyaYt0OSthkySZeUA,2174,10
VNNpFDp2oSdO5tBz36aNLw,2618,1
9TkwKIjHNWp6dEbEuTkeIg,1241,31
gGC2EGKno-UYLpH1ac6wFg,1506,2
3xgCUWM2tzU9pPKW5gmu3g,1264,1
r8SCsoUARVJUpyVzN00YWQ,897,5
T3UjJ5B8z-WoWknMnPuZAQ,1802,10
MjX92IEEG7JjwCxZ9gqD5A,1354,3
r1IGam1R316D_UKEx3YcLQ,2619,1
SvlpKz0s2uhBqcTWLKYxww,2521,4
KvqDUPViBtOwiPyX-N4pgg,2708,112
Zn4DCtUU1ZTDzAsDMH_p1A,2361,2
J3ViWzQT1QL2sekPOS74CA,1730,20
EPC6ZQNQF4Be2erNSVmImA,2292,2
gJcJ0ayTwl6SJ_P2JyjNmQ,2775,13
ZwnvAJzFUxbxLgB3NED8Nw,1913,5
ZZfXU-cv74NQO2eYJYL_-g,2935,26
pYfa_tvtvsWuGPazbge_gw,3180,5
KI6N97EYbhI4TaJu-lvrdQ,709,1
jz4bfEoWLTdmK1FWP2Qwfg,905,4
TX6n69Vb7LG5NAGqdW8fYQ,3794,48
GGZdwdrMRnkbCOKyyw1bzA,704,3
pA3sZE_tMNjOwPYYIG2MAQ,2195,11
nUNPgMUyAEHjIqVkvTJRUQ,1561,1
FGOLHtjh2dNc6Q1dDfiqTg,3723,74
EhAuUPqR1qFrRiV6Z140rA,3704,129
omwm6R13MfVUbmhibHUsbA,2061,6
UK-aU81Uk-xHWV3R5hhPEA,2250,3
r_f5oTty4W4ZSx12i-3waw,2334,8
xgbEONXrTKNc6ldDZyZqAg,2186,22
5mQjotYZ9KTCFDQNvTbHPQ,1996,5
MJc7Bheecl9sU_1-uCfgfw,2507,20
ux23mtpGyG7Ty_IDZ3wIzA,1640,1
TLZfHtVNDOVHDCP_na6xxQ,1693,2
8efbbixXYCdXiAXTS23MZg,3306,5
f92xSxg3pauXSef6bgHtXg,1965,2
iFUygnmIgLThXhHlkch6WQ,1295,8
NSCQfkR7YsQXRJFyAFAxbQ,1659,1
P9ke4MbndZZUZhEFX0ZA4w,2995,3
q8vr_oeMj0lcUR9gpm01sQ,2570,3
LOL-iDk392tSWjtITs9Cng,1022,1
dZRr6zBkGKx0MUQ1X6eBxg,1934,3
mma3ly3pGbGNMEV8U8ob8g,560,1
jnh32sOM5rogPzJ6o4615Q,1192,8
R6bOSUZvVjfFCwPwsjw1pg,1775,3
CbQ2fysNILgn61tGul30Ig,2459,2
IfE4wu9ZxbEcd8KAvHeBjQ,2066,6
j06efzyAwUoUq2rgTupQAQ,1788,8
uvrRVCn6vvsEuBchev1U6Q,2186,4
aPNBGljuWO6EUDFGEMPkoA,1940,9
va6O3Jrzr2F8xfB-dyWhsA,2807,2
y2HfhOncqhkATN72hm1Vow,2186,95
0qPJu1rr0b9r9J1vxHiIZg,2888,10
dcVH623d4DVeu7fQGi1RnQ,1997,19
4VDaO5KhYmGxKPhIp5BVjQ,4195,6
2vBhTBsdtT0GGQ8eEkje5g,1207,4
hap8SQ2gT6JaQjiBkfUdlA,673,4
7EYsw2l2pKGnhLxEzhzsrQ,596,1
lWT1BNLudfnZ06c0bNu3Xw,921,2
GITToDhlWa5_wNpj5emdSQ,2250,1
h3kvDK2cmOqjXfPF_4EAdA,1529,1
p2LCHMUZv3JV835JchLZOg,1328,3
SOZ46JUpp20TPjb8HFfZ5g,2186,3
1-3XyRvTPA3pPgK9zHWgkA,1404,1
3f95vuWbCSbyv5N8-WLulQ,2500,2
43oDk49j49fiFNWmHpQKDw,2425,12
MQkouLx3qd9c1G0iZujzNA,2169,2
SBhr_mY4JpIvlJTGpN04EQ,2628,1
97XBaAY0jYYKNqgZNbgETg,2016,1
EQUwFnrRUnCNA0tflO4zWQ,2021,6
QF24WnurrVGAvoFIcV6ZKg,788,1
Cbe17Jn4cd4fidFQCBxEhA,1285,3
03fYsrI1t_yjSpYgLKIakQ,2433,4
iIg1F4r5Q6xCoUm4WA4Y5Q,2092,1
Ratl2O5W6mwdKZ0oVEe7bg,777,31
r7DX-uQin-IFMFpsHDL1jg,2039,3
w_OuDDKi-4nN6XYdGRQjSg,3195,13
lToNOQ2vegKL_bjYHOUFxQ,1586,1
s5sLYfGCykQRLKK_K5jDRw,2413,14
0ZSDl1H3lUeJKOVv0sxlzg,2108,4
M0GqHIj8EWZGDe5TDQao2Q,1511,13
imJD_nfC_fKkv0BFpVfanw,1640,11
r0PLdB1yHIHbC7dzpsjsdw,2419,8
sy4qqdeUNrE0CQJhvVycpw,1042,1
mL1DKOC2iRbeNnnJNuLoXw,1466,4
r7lzofIc70VcRlBKQNxuVA,1787,6
bBI2aAsw7H6TS-uhQia7_g,1612,6
PyC6UDoSLEGQf_ypUqyAxg,1782,5
E86UKdQJuupK1SuvvnurJg,2515,75
dBI2ZFgVHOtoP8uCafLb8A,1824,2
zRJklblyk7p1BHTxm499JA,2341,1
vciId2V9DCWIxZ_Rg-_Djg,1932,3
P6gqa95NIYbj9AecReUdyA,1556,1
xxMyQNKdCtP8gEhO5MbsqQ,2085,1
rv0bSvGxYyMD-R32wW_hSg,2653,3
SSEXDx7BMYih_bOtTFogvg,2872,9
uf56xSNNNSlVSnJBF7R0lg,1046,2
h879EWU9SWjEnTAttZRGZg,2853,2
t-0TCWuzwYr6nstK9iuRhg,2348,1
ndgzbWX_JV0T3OdEvUxMRg,965,6
ur6JGyfATeDwMgcUc1tXCg,1885,1
09iNbPahPzWHkbv4-ErPhw,1278,1
Sy_8Cn0pk5GH_HLiXP3-5Q,1291,5
gFpWr9XoPSPMIRpUeKCIag,2141,1
_0HSJpZ5JfOk5bNJSHBfHA,969,1
RikcReGWVX84s9Idm8jmPw,1193,2
GXSz4RKhKKLSSmN4US6sSQ,878,3
Zger0X6HmHDLuzrlwkBvsg,1099,1
367k9KcW1gx4d2ePIIkaoA,2331,11
Yk-W2ZFHB699kcx992GcpQ,1399,5
q2LlL6bagTllL258yu5xBw,2046,6
h6paGMMG61R3gVJGEi5AGQ,1418,4
l4RlqYFEiMm8aHk7-bm10g,1235,1
Dw6azfqcANPjlaDJ-67dyg,2061,9
Ep6Mxi9pGJJkwYAe9DSwKg,2362,8
0MJGcAOuT1t1RDhZ1rQCCg,1840,4
_fi-rQEvDBIk-ICCj53KwQ,2279,4
YBBu1mQ3pA-mSKRgzNEN0A,1584,5
hZK-FCpjbiRGhj5OzMHLPw,1333,1
dgYyyiICPK67wIIn4pfR-w,1170,3
ThP5AAARzIWv-Km2JB75Aw,1460,7
41IcFpl3cEqHRFIW4zvGuw,2027,1
m88-_UrmvZ20cJkx_7t4Kw,2434,7
1xXVMc2OofHWPMeKuRpnrw,2872,4
ttIocXfLeZYOkGVpcw1E8w,886,5
6yvqe62r0ni-MnbamoGzew,1656,3
8W5DB26VFGThlGyKFaI_Bw,1039,1
xfEBiJEF9FRM2X8wyzyunw,1909,1
ls0v0a298CIHIjEDEu5KYQ,2789,1
J1gC2cRh2LZXBsAc9kQS_w,2604,12
wnBl4m_-IsDqiMXuV8NB_g,2537,4
1HBAxMZ0L1SpTO5J8uRlJw,2505,1
7C57Cqmc-Okm1wcQLy0kEg,1675,2
xOnehZ7kjG5f6NBECK1Rfg,1726,1
g-HeVa87ZCWygIqfITDxbQ,3480,37
Rn1lVmbs6bwQQZeaSEFJMQ,3217,17
XuieRMEHpEF-z-fbxhF8rA,1715,6
uXAC1YqN-1PEBNr0e4xB4g,1332,3
ZkMo55FFcAABJ61q8TRA5Q,2590,5
EAxycjfMpN2ZJ2kokAntkQ,1194,1
D9FJ9avblzvQTbcJ2unI_Q,2532,15
T5qIBByMHwOqqfq8raD_MQ,1719,2
X-yLZasrQYb4hWTdP-fOGQ,1905,49
VkxbJrvWNTLPGLm9FefFSg,2017,2
1H-1A7cduXBI62pldFkJqg,1238,3
2bGUbli9JAf4ce6ubOYQuA,817,1
QASc_t2Ajns4UWsCo3P6lA,1226,13
1l0QQsqRmqCdF2-mmEtRkw,3621,5
SpHsmRJtzfpxaFMfbPRwkQ,1710,3
Ox62Ns7aSNwNBTTmMjGO7A,2448,4
Bk_cHbqlcLd5t6hdo0Ra7w,2407,1
ieSRY-Rr5KQNswVEcyGqiA,1613,4
I9hfkm9dsNrmdwqt-_qTvA,962,2
JuTjEZpoGU7x99lLWaQbtA,1176,4
3IVWvxS0r8QZ2Lh-WJwDxg,1509,10
86EYY6sczffraHap2DvYgw,1323,4
O-RRFwXV7GqHkQVQ1SoNZg,2184,18
wJG_VRIzIHeuK38on1a8bQ,2331,2
rWya1JzJIRdORAKAeu1PYw,2279,3
sDGC3N7SVcbRhpzkfG0Fvw,1775,1
LhDhyu1EoEHh4QX614444Q,1967,2
NxtLBaqKMpW3UI1GKkb78g,2707,10
ecVmgnOTUP5fAZDqWry9Aw,1345,3
5LXGlD4m15EYqAQJjYcl-Q,1389,1
aKnVmkJ_Sg1XVt45Ds2ceQ,1659,145
duxOCIVgHzrjMfUkrQpJsQ,1422,7
dT-uFcCW5VGLmPdktRxtNw,3087,39
XgQZXaeGzZHgQC5iQDcVzw,2771,1
nn3ouUaI90eK7w6kuWeH5A,1753,21
uaQpnAi_kkSlfwGKQ0r_KQ,2178,10
D6OdAY3dVqF2FXXxXMO-lw,2999,20
QSFbJz6pFNVpNVbn9qMycw,1218,3
kMoeJpaBy0MObDoJYg54hA,1939,10
Cp7iVlASywbdorcsqJCGuw,2169,3
7NsCSq0F8rawhidCzIxC3w,1345,3
DdEVNzoaQHz8BKmvSF909Q,1457,1
e609MYSEYU2m-pxJ-Fv9MA,542,1
-jnuyX3DJiDJUG8jteIC9g,2273,12
61ayIvkeqYaU0zyHnPsU-A,1777,1
EnNUQj7ebIbJoz7H6kxecQ,1550,6
ukq1neE4PMTXJVqEIkKfuA,921,1
hU1AohEaIPg3eUYetbo2_g,736,1
WC1h0sUcpDj_prDFzs8Zvw,1957,3
9VSGwIZdmapAqzzTQpZvng,1701,3
oopaFte3Mf8BwXzNRiDvUg,2371,11
HCgh7IkCbvqqfxS-ufa_Fw,1253,2
90fDGHhVlGZekTio6XYi2A,1424,16
ikK6b5S-ShsYf-ykZNy1Qg,1177,39
f8cc5spwI4pdMpe_fOgFtQ,2219,67
PgSJQyuKYobtSxIvOaxu-g,1583,2
WzZCR86Z20SqoiBN6sg5QA,1698,4
OYwjjzWsYbVxbPeQ_GavPQ,1888,1
IGAXtJmSwR51X88mHQAYVQ,1408,4
Yz3CPvaOIhcFl2FQoOuzoA,801,1
2z51PSil1crsOS1C78GbzA,1131,1
eleDzIsXE7kUwMCncz_qig,2601,9
3tpuTB0QvumSd8OPRUGylQ,770,2
cUhY1EtKeXef4xoGhLZ4cA,1971,1
JjzJLRNylsBVegec12yRpA,1219,5
NDDbNu5bOvBlI0ESBok-1Q,4668,9
QPkyfnqUmnw8WWjkn6LI1A,2257,3
xATFSQVnKBtt3oNXciddjQ,2846,1
9ooprCqhUPCsN2f4GkCy0A,2522,6
tOSUwkIGKQgGzReUJzGP3A,3120,10
Js69qe1UdDEDxAesqerv7g,1684,4
ORq8ZwgEhITvHFFk7zAR-A,3130,9
vFcRe3NdNCI1tVe7oAOarg,1170,1
TMGvzCeVmxg33aF9P1-K7A,2279,5
l1lf5RDrDKoIxzlpwxtpOA,2828,21
pk5cFhfnUojLNAW-N6NWQA,1215,3
lBqbYej5ncfgJ8cSUWat_w,2466,40
RSQTcoBjnd8G4xON6sez3g,2893,29
2XazChLxS1n8_G9IHnZ-qQ,1172,1
fH8CyyE7hn9t0qmPuFbsXw,2247,10
BjOHyrFdLy4IlhZbAERy0A,1504,2
4qTP2JXiv0Hw09_jdcFNew,3164,3
T0LtMYNdH1Xg_TXOAGdKQg,2788,7
nuA44LP1RzdofaLLtgED0A,1616,2
MBbcQRqNYlYI6PoUOMPqGQ,1650,2
vv_FD5qGli7AfTGLMQYqFA,2010,5
C2ytuDzblieeTUkf4aqeTA,2961,2
b5-lv03d0TiN9wPDEAueQQ,2131,14
xU6mTepXK95t5zdP7x9P4A,1402,10
nO7sP_yftvti4NFnUZ2xGg,3414,12
Jo6GwRmREizV1SlZf5Bp6w,2000,7
sbvJ17b03bq23K46BYNQxQ,2635,3
VtOAUsG1l6QO5YSOex0mNw,3342,48
E37EX9WyNN_9ukGd21Rvbg,3768,1
qX6akWpnAKR4d3clXfcRcA,1936,4
oJoJT-TkjQS-6no79Dru2g,1298,5
b36LfHFi6A-tjTqVkijDuA,1526,19
Vg3d-bGcNkNni5MMMrPrdA,3638,14
cWHtlNJ61lKrCtj7EKVWSw,938,1
BajvTb70shFTzyBzaL9ULQ,1996,6
g3FZSkEUt8SIyLPJhR2FJQ,3100,21
cEradZ8H02dakKrILV5o8g,1130,1
LQyITlJVjjBcubSDFMOyDQ,995,2
7Heut-M-QY2V9PTYeX3NHw,867,3
K1BGD-oqO9QsRjXSy5ubQA,1564,1
MlBk60omSMlVclFwS0dyXA,2453,2
Es6Ao65zt-p6Oie49ffLRA,2081,3
M350HxZt46eHKbPM5RFZAA,3220,19
IuQgtfTZtJTKTCVNyRlcMw,1967,2
3O3DE_YXYCaWpoAv13MFsA,1149,1
Bd3oR-k-zGTEc3tsVj4tXg,2055,116
4NQuMHTMe3vF_HdZeyR29w,1387,2
rGlwgURiN3oS2Wg9YhbnWw,2581,3
ojiHNh_B3dNGwt730BkIbA,2059,2
nSD6QIdNQI54qUQwb-t76A,2400,6
O8in_vIXlIWLNSGshRIwJw,3064,124
BTpJiCqY-EGslHFFtoYrUg,1264,47
lAp8dt0y22v8pREF1cEOSw,1209,3
SrD3bPnmzI1uYmcrbPx6kw,2129,4
Nj0aQYpvc8-R4VTjZu578w,1251,10
dQ8BvaVRP2o8FpZ_P3eyEQ,3857,102
BytAG7Nj6cqHCxFoDj-c1w,2058,33
a0iAwUwmMbfNaoQYfdpSpQ,2529,33
hhbp2d8--AA3G-f6qVrqrA,1284,15
1I0xPg2wWCZZ638uIUtnpQ,2978,12
JoNvGuAJhInHbk_5m73hXA,1981,14
WAdNNnBr1BwtqEla97tzyg,2788,3
CfqKR6jUHpMtDWkmSSIYMw,1687,2
rp6mwKhOLqdCSb80_IhJ0g,3679,40
kA6aOMYMd-z45Nj2RrHxPA,761,1
IISBYKSD3v0da6h8tVoeLw,1617,3
b8_zytL5Qh-XdDhbKIPZgw,2074,3
lbovn97jFbUileIzbTdelw,1957,4
YO13G4HrpeBE1qxvgscY4Q,1443,6
jsIc6ILSo7biu2PVuO0Njw,1756,2
HDlCRXTTGYTR11eDdGyjDg,608,2
oq1n_be6n0Asawg1KrDYlg,630,1
OAJNnRVdAiZfeDnT1vdxnA,2237,5
8-Mop54Ff4bRskbxGJPXuA,2455,6
dvnpf2CbDIRShWrg0If_9A,2701,51
pcHQhSYxGbrjOmU-jIE3Lg,2242,2
t8QazuLpEEZB86PKFGCBfw,657,3
4hR1CNM0_rrrSgW3cEzxug,1761,21
O4S68qJ9TCZ8gqQKbFwzcQ,2102,1
CPM2cfTYlTLKQA_olimFeA,2234,1
ySnMIbqyjYNQhL2aiXG3Nw,2599,5
HeJSw4EPdR6d22X_6hC3lQ,1746,1
p9dJHZ1pU3YgGAmOD0xWvQ,2257,9
12HxfIXw1RTS0Ehe-zWiDw,2447,3
vqIjlpsiUWBStz01k_WxQA,2925,1
xEEYZYXhVeenOJrJxDCHcQ,1685,1
6q2hsxcdk1hefgQuBCksKA,1933,3
5mZja8kBO6oipEUh3Mu9-g,1868,3
nMxFHi-ffbreGEgqzP_K1w,638,1
0ETITRa6AMzTXGW7HdHxPA,2190,9
a4UtcieErr3mMcCSsdpxrg,4189,104
tewGkrgV3MJVnH-gMq1quw,1700,7
AeebNCHmOQjXYeL3bRJDxw,2173,5
lS-fOw762PSPnZg5bvWmBA,1518,1
dGGCyI2rtD-yPZjO8gqqPQ,1646,3
AcZU7OJt8pzRLw8kpLpRCw,1637,1
lGIIo9JO_8zUCzr1Ik3lRw,2213,4
_lz61ew35Op_Q4hEOFodNA,3272,2
QDB6PpjeBfhVYLmqjLcHig,3055,39
e9_2UEZVwcoTooG3vd5PYQ,892,1
YzF155TdlC5FWYS83nTKEw,1279,16
Nq6L00KPWDwNNcQuV68oTw,2164,2
T63uhjsrkLjKydGHAob3Pw,1684,6
KHTK0NXBr-xQm8atOP4UpA,1226,2
zOk4WkeXU1AZCKQOLr3Smg,2836,32
7TbaBZsaMmbodtG0NKGPUg,3354,19
ELFwWPxA8maoaSOnnjwjeA,1379,2
kvE31dUaKpUudVFE8cdM8w,1936,5
h2Zd5MklFeI31SmN-8R0CA,1528,1
raWmFd2-9caMCuuKbJC5NQ,1206,1
acTK2_Hplayf9gMbDiDJZQ,3814,1
WHz1VbT8HlUDwEE5c0otxA,909,1
KHmw7LT6zP2LvR40WIAI_g,704,3
r5_MAD6Km_DDTuqUgBorSQ,2628,7
RDpfu0Pfn-UEzH4ZBpuDsA,1282,3
oK8RIAMnZ3EbndKM3xkmRA,3108,10
ZToCxIOdnS34EeQ4MEcTvQ,1600,3
s_BPd86MDglEJXjNKsV7CQ,2758,41
xesTPySltXqeZytj1BtlAw,2614,2
FfyX37W6v_fC7n4Xr9wa-Q,2840,3
VbAV-MFkR21U9KUSi4bTpQ,1177,35
1LFX2ee1SDVw0WMJ6ARRpg,1488,5
_DUXCB3z1Uq9BbSvYo-gjg,2994,50
F5yDYZf1XM17M-ZknFXZRA,2006,1
sFnKJQIrumSipgYPk2mnZQ,1366,2
cKE2WXfP3gJirhx2MPRCkA,3025,44
-m9T9C-Tf1yAS_zw0Lxw7g,2440,9
cHeaSQtqF9bdFheIwpl7eg,2888,7
N-fKjeW83_r3b4NzLBhwxQ,611,5
flotdiFGTWNYD-5eK3yx2w,1434,3
GHlelnz1vrINRgiy9ePj-g,1384,4
1q0Ac_KxRLmWqKeDA-exvA,2600,4
5fIsAP9KDnYz1vrEbLvMug,2022,9
x5SYDh3t86c8l2bZCYGHvQ,1977,2
crBl8gl9zsXSvsKKS7DswA,1501,2
5ct4azmM7DD4rp1D5dqiqw,1918,2
iB1PRGOy0nREUUbWG5TsXA,1178,7
zTI1-btEPixGMxvnkPCtgQ,2877,60
Sxq2Yu0kJkOFKyaKVoVYVw,3668,233
Nyq_6I4LWBm7GJvspAxa_A,3448,91
k7l8PM0UmG1Qc5pJBJvOmA,2790,2
wFR7WDZ_-dCTiPACyTkZ6Q,2257,17
qXmzq_Gf3HmwsVhh0l8XPg,2407,7
ZaGk4v7vnk48OW27rKBM_Q,1905,6
_pCeWZtfvK4SzmDb6ErrEg,3147,18
0YoH5u4zC3nKBaS_l7803A,1620,3
w4V3UW0QBt8wgxVewNMuXQ,1262,7
y2Ha5bc-QYcAuA1YjjjuAw,1483,1
RtyDimVdIBwjGdQr0dti1w,3645,357
WU7lToQVY9jzm1LyCtmCug,2826,15
th1TtdtCiyPShW9Y9-276Q,1656,21
rd9evT3HTDOtHhm9VvYqEg,1192,1
fd2uz_iY0uwSKVIGtYBlRA,710,2
RSrd54xKSrFSkwvJCY7Z7w,1285,1
YABT3bnW_rtQKSxAPUi4_A,2418,1
PzgqloEA8qIvk39JfG6CPg,586,1
6Mpx_G1RHiWzuwg0W90wAA,1581,4
VUdpd7pbFIH_cdM4eSRu5A,3042,5
P9Wo24CGA4llPb3v6hAuhQ,2349,3
Ff_gG_TWru8AHbFm1_mCAw,899,1
vEmvoPe1XrVyLv388Px9qg,1128,2
2O8RCN4xzRYx5jWVuFyTaQ,3390,10
sX_sS1B79Hnjn5JMiBHfEA,3407,13
a4VjGk2XKUWb1SRf3wIZuQ,892,1
2NFWkjBVBPKn4pPbpK0lXQ,2426,5
z5MKV-2kcfd8XuNT-Z9HFQ,2734,6
M034jWli2RtPk3Jv32L9bg,908,10
BgxCJI9bge-xRvdR-HYHhA,2507,1
7au4BtqvXJRlyiC8Fd2A2A,2350,4
YdXwPAzwkB4-gBpf_2vfXw,1087,1
RwVMtlo9TTH9i6A08V71bg,2834,166
YHHx3IHwrEXp-id2_haLGQ,3898,188
UjRk-0o4EtBdzv7FGy_zGg,2866,23
emI8jEvUJQ1NrFzSJyyddQ,3146,23
21ZRQ-LclRYbOO7CmzDtTQ,3487,25
uoK96-CfN8fnqPIf_Xbb5A,1655,1
zt6WRLTN91-4m4Tbpd5usQ,1239,6
EWGYuTEYtlYWa_KQNe7FJQ,1033,2
wjSO-nYsBCsJXTEHrB-o0w,1394,2
ZfxMmNqgIPp_7n0AfVWRUQ,1807,5
zOq0H3BH6pAQkI5jqZwTWA,1154,1
FlDJsJ6V6Pd63Qe0LQ6aJg,922,1
Bb6SiCo000kj3Gq8gVYnfw,997,1
ylGBYXfmf1-LwrIRD9NjMg,2036,63
83uiRK5JoBGwkEfZc4LtQg,2758,5
oTBkK1DaUvr1CYjc-VxHtg,1089,1
uPQt-ahZVfgRNMs8BHOeMA,1236,1
Dpcov1I4Wm3Mjdqr7Ihk-Q,3396,212
-twdtd27flBFpYCYVMO-Ww,3043,3
pzHHTiOilWZR_IkuRNNMCQ,1781,36
BZwaVNYTY3c3jWCti5N8fg,1910,5
L1EJgSWIrp354B1ZJWRzoA,1563,3
3oou_lmA0zv5EenDkn5hqA,3445,12
LZZGVJwHLfzfHWSWOeaGPw,3101,4
1EqKdULlY-fAjkEv4XoXMw,1089,2
mubM-BTU3BkOL76JmWFWZw,2272,78
6pYgDHxuQvsLsj25pSd9rQ,3214,7
r4b02Lv2G8oCPBntqLFSSg,2278,263
BxhBs1uKfIp5AYPZKHxzeA,1162,1
06nKwrAGA2pwoblzYvxV5w,1078,2
qwIZ-7Zl2cioLQBEBiLmxg,3368,1
8VlVMHf3JBoPgTIlnOfJ3Q,3375,2
6SFdySt7HSFnzD2IlbzUug,1232,1
6yMmmhTupqHXCzLXZR9DHg,952,2
1-BIrSCKauQFy8WbXETk7Q,2477,1
2jp40xPekth3TAL6oVlq3w,3534,17
WX5OdwL66MaBQK0Hi9ZBgQ,2159,39
LOtm4xOpdqwNuKGlOQYvRA,1256,2
ySMjd-RS2or_zUyDXU_5Qg,1913,2
oJxy47gKfzF7tby7BIRDHA,2388,22
KU2RD0wrkHGa1WQqN1j8DQ,3095,5
TxOFDc0vYfoNmv-YJdxutA,1973,24
Aj8YZRxz_xOqvOd91Ps3wQ,3437,20
d4XEox4HV2ugowUQMhbi6g,1158,3
ODeSaDipYmR4ranHcDuoCw,1728,19
G__qV6TE57cLixgMUcVm4Q,1272,3
9nyqc7GaFyF5nKJdqknLGw,2351,42
_zE7G3YwngTnjKkzcQDnNA,1233,3
AZ2J9JIb1SpWe2zs-QcBQQ,1425,7
a6uQZtWruRvHCv4gwgTe2g,3689,42
qzJoZGhT678ZJmSqVYmXFA,1536,25
Qdcr4uNh3zAwSNapFWyRpA,1528,2
uZ-f9Ifwv8vFy8CNNY1qFA,2240,1
9zrmM-AsZIVlTL_tpY5C4g,2901,2
FrOl35T6PMw_Uy69dM1qsQ,3399,4
jgQJXlr-n9NOF87_KMuNlw,1218,1
jiuC841U41qjRIGueApnGg,1391,4
d9OS5u115hXfJAt73n9_Lg,965,10
qeOMghYZ3GX9JBtEEu-0lQ,1528,3
bPMLksEyqG1vaIDChf-uRQ,884,1
lC5EQ8lHYPKNdsvrqwxWhw,3676,14
CgAWALvmV2-OX2kneD6Sbw,2018,31
qns40n190OYgjYMrC5jVzQ,1074,2
NbcKkkFua3L3Bs3SlfD4nA,4154,12
n77l-vLNEay7CiUMpEhn6A,2289,51
IyyBLcWH68uz8dT_eE6x9g,728,4
i0HmN94ExlBmG_ko5fzpaQ,1060,1
CWWDD-GoNqXPrwODhiF8hQ,2355,12
f7dPydnL2kbB6KDBtou_QA,1983,4
2lq-Ngded49Wazj8FL1sQg,3344,53
m7nXVR6Z3gaqvr-AMQ1jkA,2195,12
dWtCyX_CKhUpJBISIw5e8w,3220,22
R8guWeuBjzlFm1dT-CmjIw,1497,3
7K5iKFe1Xj_mWv4nrGDjfg,2537,35
V09yHioO-QSLBoTqJlDNew,770,1
b4M0dRgS26N4iH8agQ-3Nw,1533,2
oCWNRZofm-GBIbyiq51LJw,3215,44
MjZXyA0XtLod-xHhPf8ivA,1341,5
E7FGVho8qLTEcrxGux-Vaw,913,7
BJEqrb3eFR4M9VYfnnz9Tw,3499,121
9rAKBvL5mOg4HhfDNQaOoA,609,1
JHaRRiP2yXAGGe-UgMK2aA,3060,2
1SKcP_GDUTWcaOMtW1pqOA,2032,1
ZAHvHJvOyVGcNqsCMuc7xQ,1633,2
8dy6XvBpqcKPI1Oth9UnhA,627,10
fNGJvPO27LilnXDCkPyCQg,1845,69
txcalGCvqJBoSKd16U7rgg,2978,8
eRTRBlaUzBCDxgajuTIhTQ,1791,3
bm6UHkOSCgmOPad5SoclIQ,646,1
lgHsVG8duhzaTgxbZmffiQ,2324,24
MCG4m2UadWCwsjMiZf-c2Q,1673,15
hfDIAb9nHB6BkS5PkeZorQ,2047,4
vSV5_-A1zvFaFTKQCG1LPw,2618,5
lG-cCgI--I_jgl8gl7ejxw,2551,14
y7cNQ4iTABF0ejho1nqJ-g,1462,7
9hjF3H9M8qN6YoDwnRVBcg,1673,10
33zaQPZ9OyDIlc4qsychoQ,1785,8
y_SD8mPHhskHo9znQeW_kg,2006,1
X6qSYKf58ogn1hCWKETQ9w,2668,1
_mBkjOYv_Tzp2QESFw9M4A,1550,131
iIMs--XG4bKVI9V55ZUNbw,2300,112
61fgYAJ7HTqsIOsC3c3LoA,1525,3
L_PsjyKAJBgtzgWOJVUj8g,2529,3
OR6-nFMb1HfdXDvwHTXSNQ,1646,2
bHSaYlFlZZZRZNkLPdjz6Q,1010,2
rLbibmq-yfCmr1W-ZkLDKA,1611,40
T0HPzpLQ3z7haUOKI93JEA,2014,2
Q8uwbP5_I4U7vPIZV2bKvQ,1462,2
BYlvzx3lP0mNAdgXtSTbHg,1344,1
yezVD7CgUPiLTj7VbUClIw,1674,11
g8IApYfphc5rcXO09nEfyw,2583,3
IBSDzEDgY2ZfcYe4Iz69_Q,685,2
Zz_oAbazepC21q4hdBak2Q,1259,7
e0XzA-Dq1sGiSDMximJSyA,3731,11
_bgZnviQjVXl13VRmW5liQ,1596,14
s2nR9HmkDhaGSeow9224-A,2558,2
wK4dNXZ9eCHXnQ7SuM4Fyg,2616,1
G5PVWs03VDA-pMBl5BziYw,1202,2
vOYsD0p4Z6vIUnVd4j8wQQ,1635,1
qxpqebVKAgOSHkmIui-89w,1681,8
b_tg458AP_UnsMLKYE_F_Q,2713,23
qcLxpGhvyW3eyXDmM6iGOQ,1592,51
lzBOyOVs1PQvSyY10PyFvQ,1762,5
f1MEP4MVAAK2MS6vJ_K4Bg,1371,1
EkFW3jZQUq1tYYGjzvfHkA,682,3
Hauunbq-IwLpF5v15Yomvg,4096,2
kW5e2WesT784xlXdL39tDg,1387,3
SY05y_z5CYmPcwmEtmq08Q,1488,4
M0kQx_ypP3GmhiVPgsCZlQ,3470,2
HS42xDGUbAQqpa3yt42n3w,1771,3
avaohcpXvskg4FqqOzhBmQ,1375,2
oq0CTJiL-hbuuG7v4Sixug,1611,3
WNGT8AziGZIa9ddF-QDRGg,1488,25
rDXWsJ4plAsqwP8AI1F24g,3024,1
f-HD8WbLevqG-2MyeGtBLg,3461,32
PkkV5sTCzhz_2IYZ8zHkkA,1380,3
Wr1usZwm4LAw0VGDwlo0Xw,1617,2
UwK8XJu5A8ToYtYwywbGWg,2313,2
1eobtXVpVr2Ubnl4SklgPw,3242,83
jq3MjnOz4Zl9RWRLoPVg8g,1982,2
XbLZ1k7188b2wq9gN2yBZA,3927,4
pongITVZ2Uy313fxDmzEZA,2027,1
zGkwv_e1sCn46fHfPCVpjw,2533,16
mcIQjCASo2SAoiGenUhIBg,1558,4
dbOUPC5FQTqzRGtVD6H5zw,1607,4
88-xOFGBNXkvLGjUbotKWQ,1045,1
NJiKfFA84LlZUftj3I0u8A,2683,2
YgQMgMHG0bazzJ9LmVRI8Q,1525,64
fqluHw3IPTagxVPL0MKFaA,2640,1
JyUTGZqRQuHS0OBAAFd67w,1456,19
Tx3scSWbNG0G9r6BsfW0LA,1934,2
jWVTD6-v8Jjgi0khdnAsZA,2370,23
24YU2BtJcwMBkyAPkqw8Nw,2174,20
Dc6Idh6ch9etVPw_XtTO0A,3525,15
-X7M9kq0sOmAsuERcHcRZA,2547,7
wtNJSyeXC4sKtt-iuewesw,2957,12
eI4bVXrue9lQYXGyd3pHCA,2801,3
RT8dYQJjCQCJGnMgi0iJug,954,1
PZHuJ9yKeCs5hkY1PsxiUg,1138,1
LrzKDRjByAr4tMY4psaqAw,1939,14
6EviFhD1Motdogsw_jJTKA,1390,4
I5hQDeoJwiPhJpVYdpgbkQ,2532,1
gzQLKS60AIYuWt_ePGfpLg,3483,10
lMCDRwmdghY_gNh3yrbWaw,1513,10
MEWg-Ct-5nneY-W4tIRITQ,3413,3
acHt6d5ftPMo5cEpooyOEw,1696,2
wRdZ0do1HUbCigu3BoK_tQ,1850,2
JJjICGZnsoPTWASOcGCXiQ,2578,26
1E1NBpS5Wgs9yKQf5QFY7Q,1500,1
yl345EgJ0KCLbIpBiJYAUA,1644,6
oJrICIU09uDBpqWrzkpYkQ,2755,1
vP6SdJp4V9wKJHSUBV9_kA,1146,1
NAb7dAtpD0rwSycSMPyCYA,1112,2
u-zQct-dN4UVdS0RSko8jQ,782,1
hcp36cP7scOJo3e0K56oSQ,1138,1
n8knso4sVoLixHyMYfX_eg,1529,1
-2vWe-PvhDDyCuSi9TveDg,1587,2
0LhefTpA1NX7aOZ_9t336Q,1199,1
b7eP1ZfwffvirqNhgMM0DQ,1708,1
H3uzynplpG3TIEmINS3hPQ,1433,5
kWkCEEIGn2HxsvHfDegtpw,2195,1
iuIjj2dgJp3R8nL360Capw,1652,9
IySEPJwtKxG5yZ4D0IUrNw,655,1
_OieW9WQknl-HgWJxjDiFg,1163,1
tVgpWz8odviFnE1SmEMXhQ,884,1
mVgRfmKF1ikkQOSGRi-7Yg,1375,2
fAs1aNbaubGvEU6x1FE1Sg,2070,38
7dR8Pg_Dh40w1Y-PrAGNTQ,1546,1
JAS2ZHvVPBprml8MAv0rlg,686,7
cqLHbUBpfRUnniwWmJLt2g,1178,1
jmtFJrWoKV1sNTy-2dLoCw,2623,37
sa3lQyM78ZrtYCwSPmrisQ,2756,6
A2soMcQgeqRIKahWe5Ashg,2989,2
EnuD0TR2MD5CyBnLen5IDQ,1836,1
RczZfW63bOzjZWdqSV3d2w,526,2
PMLWeHTd9syQcXhx1ZPNKw,895,11
lVkFTspwFHLgSH17iCUsFA,2352,37
3L1_7osVn6ZutwYovtMFHA,791,1
MKtcLtoLosTpfUQF9lNNaw,939,1
qN2lhlVedjXPua1cnjenWw,826,1
HRfHlx1iaFg_Xalobr0iWw,1677,2
z4gvwdXucGV-rOt5XOaFqQ,1926,11
Hb-U5_vDPSHy0dqDNJHV6w,1918,4
E_BpyJrm7i2Zi8kBzuEGjw,847,5
8L03TIxlaj0PfTnCM-Y1yQ,2593,12
bx1RLGZo1CtyIMCOIBl_Yg,1759,21
uB_y-jYLremMXBuBQmpvHw,760,1
7pfG8P8h4WuwR2acNC7Zsg,2570,5
kA0yCOylnN_h1RNLRPcZfw,1625,9
_gMkWpBgthj_b_Z6hTokhw,1457,5
DagbA4OT57Hxjw3MhPxq0A,2456,8
DO0Lwths_s2L0BAiR1JnzQ,2544,7
kCelKHZfqrKJPWI3sMZCpA,2466,3
UFjRQAC6iwnNCACvilUhcg,2166,10
s-4JKUqdgLhOqKD-zI_0wA,2893,5
fCE_pQ08xjoFL5gMRWsV4Q,3844,24
oJQ_uQSfjaoDCPTnBfW0uw,2824,61
MX68zYd4yAtYUe9GGNDM5g,1206,124
E7ghX3VQQ7nRV5EiKSrnxg,2176,1
gjFGMtnpJn4-PkjJIyKCag,3117,2
9WqklwKhYrNO6C1zb3Wv1A,2290,72
6BwDyPXNrGWTHqxwbHPRKw,976,1
JrQP2-j9D9Go5Aw6FpIFmQ,1410,1
O6OKJB30IOGt9RawOGXmnw,1262,28
h06Wo7DKUlmUHed8HkgS7Q,1208,1
23IksB8Sz0K1Z3ybTQiu6Q,3649,599
cNV6Sh0t0mwHk5bdkYecqw,1174,4
V6DpvDMiBoADEWGxBHgX4w,2173,46
hubB8pU1IWgZyhRXFLKeDg,3376,13
Ofcs8ShrtxBZa--s9M1-kg,2968,112
ssOh0S7C-JJe6hp1-Mlp6A,1553,1
m1PMRXDF7bDvU0A2mPs1Cw,1731,1
KuS7ImP6d3nYTDUJQv4jjQ,1604,7
3YV1aE5STW61oEzcwvujkQ,2642,3
S-pclUCXt_WiaO2cVX95pA,2267,1
EnAE-MoYP-VdMlXD7a_0Gg,2132,1
h_7QIDRU83BghDUy7Fujog,1330,1
ZBLXLXWkW6C4yozWET5xJg,2230,2
f8UQvw4CGC7tBBLDAAbzNA,2237,2
EyUc4GISPch8smHzStUdrw,1910,2
AqQsoHjHLZWEs6nKoJNrZw,3004,111
_kZ7CNJqKHPVdiVtb75Tpg,2624,4
U2N3T9a_ZF2iQ-n1Vzv1qg,2301,21
v5a2-pCNZdJr__rAoZIflw,1269,1
oH8D76l407K_TCB1pHACAA,3174,4
4bsY6oCXNMo4MgUEcHeCIA,1328,1
S7qf_KM5K8Y9R9KG5X-MFg,913,1
jFGnOkZzTzHk_G2dNVi41Q,2087,3
R2a_c0d0G_Q3UVW3022ZJA,2718,18
vGeJLM324heI_-YNayTFAw,2033,2
6cLjEZOAmLNiL3Xx2-jNfw,2850,1
B2yajxmGNpTrEnfPSflD1Q,2308,1
J0lGe01lvb8btP40H5cW7Q,2268,6
kdXw2iyLbzzOmu6TL60MFw,1820,9
ZhIT6MOhQdEZKEoXYxprNQ,3344,24
nWgBtb8nHG-m4F3aHS_1lQ,2610,3
qp-k6tDzSWMgiJ7eb9lr_w,1303,34
T7RcVjH049to4G6EFIwzkw,3178,25
lAj1ncCEfYg1dZC6ldxVaA,2502,3
B7EzpvzZp3LmaSHk_-rTDA,2391,1
vpIrx8wDOVZEPXqLPaMcnA,1294,24
1vKBmwjOdg3weI5mVMaxDw,3112,9
eLAmXEqHPhnafdu4SRdOGQ,1949,28
QBx3WgtDtfgVRclE1A0Dvg,1279,33
NdqfbDFAceJuwNBLif5bhw,1213,2
jSMlBIZrR7eA7nDpXcnROw,3721,5
dSejNhauUj9gUfEJXVTkHA,1140,1
8sSo8Fa-Dt41QcdhJl0qyQ,1785,1
HR4Q8uMIsd285SmhgVvHnQ,1672,1
3IUKBkCOtmNu6FL1V5WYQw,1725,1
gEB9x5o7IgIWIrGfND9n7w,985,2
8ztaU9jKGh4VF_Xt22-L_g,1375,1
tPiGA65VtaDe83oivDS93A,2304,1
smy0r8g2sXn3aYu9OJXvlw,756,1
9u5deg6Nl-kYzL_9FHIvVw,3650,98
aLDZvvQyEHufMOjJOmRvLw,2479,2
BEneEk7qVUlG3qiIcP4gVw,1295,2
GCGOOf2CdeYd_0uYgtyrcQ,3944,317
Zg2IDC_PPmhPseJoEQ9Uzg,1830,13
LiRkxH9go8lrilvD7jqc8Q,1839,12
o3HIcpHkvpFX9vkNnwI30A,1594,4
Es16i8YB8fcWJalypz51pg,2236,11
B0_Jo7JwqdLCYs-Wo8B6RA,3375,167
Vu7PEZ0lPwbqW-J5uN_B7g,2146,4
GAGxtjFCdk9FcEY5GlN0Lw,1414,20
OYsYRXdglFnZJo_FXP8oiA,1516,3
AnrUfJey1x7Q6YpWVL3F9w,2752,11
WhmcPmwLVwPYIvISvuViWQ,2244,19
LDX11QAWUAU6tJPGO0qEAw,2003,19
G-240HeXPDuzrwwtSn7uPQ,1293,2
TwEQPdQybR50LdCxEcBpdA,905,1
4PnE36P4TJrHKIsZOTUi4Q,3574,24
oY4zfsSVmz5L6_W0fnrsIQ,2429,8
pWOZSVCWdlHjQkivfxTHNQ,1831,3
zpmwd4rB-cwn99kCqQ2wYQ,1622,1
HI-poWzxOyaVWfuzgwzhQQ,2942,2
J9dGuIC5P-V5KHbTvvUdsA,1603,2
NT3KoaePzoDTNQD7JxhNpA,1986,136
A4rCWRWH9iC7hA7yNEoLEg,2145,1
PVGDHc33wM2jkORrXymW_Q,1523,1
6msrgDXRuiL2b4jMOxxYJQ,3017,1
jnYAoBMA_MfB_cm5rEyu3g,1367,2
TAez4fLJB5vhKgHFNuFTZw,2619,44
CZsCHQHcA_cq3Yvts5fvjA,2516,7
aM9D9wuy3kH_migXT5U_kA,4173,87
a9DdQaZ2yxnK_JZkzHZBGg,1989,25
1le03H5QKqHAUZed_EWwyg,2731,7
1DCFppoyOv8ndShZdIQC0A,2109,19
ivatZxAIDV3M78Op7cTgwg,2110,25
W3MveMkOqr_dFBZE0fFqYQ,1557,45
Jcen19FnDI2YLXnEeoys_A,2824,2
NkQxtNTbMu6yeJ7RDxbJ0w,2722,4
H5B6ivCZ0f8HMVHq9JsPbw,1656,5
alxAvlMaOTYnr4KqWD3raQ,2232,4
fzmRLQntXhwyi07PJnwGpA,3396,4
BHDXH-ym4z53snavk2rPIA,1075,1
733yuC-JpB9mQf6ow1eUEw,1900,1
ctEjDpdDokkK04qWZEJmQw,1370,1
Q8X_as3IHwYKrvJjgHoqWA,1362,2
N2M-YiGG8EA9XZpp9r1elQ,2264,4
cNTuZV8MoRgyn9TyjFGLAQ,1097,1
R-AEiB-dlt0F0Qj8qZdsEA,1067,4
ud2S2pG_8wtQiiZEonvYhw,717,3
4wOar2W47CmvZAzMzF2lYQ,2992,5
hnrKoMe2zsn5xi3pMOVVTw,2286,2
twyddCDcTGFTOtTskMLRfQ,676,8
ioJ_ScEDZyMJL1AEspQ4dw,1657,1
qsFIB6D32xvDpUl9ozCI_A,1792,1
IZlYLLNncWTYE-kEGsu2KQ,2098,3
ullCEBv5Aq9dHXIk5CJQjQ,1356,1
vApeRVYxJSZKFxIkPcZhAA,2022,5
z6T1R4HB-9W_eVqdtjlH-A,1062,1
9mBMqva64FeB4yqgPBsqeg,2376,2
_K3xmBsQzR6M-ACBCzgr3Q,1762,4
y_WA4gytTBO8bg_3SakkTA,2082,1
k5BDBDJtqXrlHOSdGcfeUQ,1449,1
darSYoSfaPaR2clkJEKHlg,610,1
FcSeL8alHPwh0oxB_rkjaw,1370,4
zeaF5gjZctcpTzX6t86DxA,2312,4
W5fbo52ZokK-a8vrSzhqyA,2024,15
EWFZT2ECjq3-tfV8U6gIgw,1355,1
nD5pbgxn2ugivDukBlADKQ,1388,3
U4HfWD2G9GxZ73v7bq_Cbg,1870,2
zfaXbyw6cSh5R-oICQNKNw,1433,2
jOZDXTq6YimbWn2UcVwspA,1738,3
o5EgBBBzywo_d1Wjy-qB4g,1662,2
RJKlHrnwbLIsJ9IfXYylng,3846,38
XJxiW8blh_KXiU8w8kMpuQ,1738,2
5yXG_zO_zg1siLRvCFXprQ,1280,4
e37pZZtvHDVAb_5KgfviIQ,1835,1
pMpAs0M8UBBG55hwazrrKA,618,1
p4fJZuqCR5TLTcz3j3p7dA,1077,3
HEYjS3ws2kPcjpax_9_mcQ,3166,5
490HuX7m-dtHZisLjA3FQg,2132,1
c6Sgb40X0quJtbgzrtjsOw,1856,3
bBPR5m1s-Qf9hRW2c3615Q,742,2
XTd8E1KvYWLFZO1R3gwpiQ,3735,39
xF_RNwdON2kEBWsXqE5FqQ,2206,3
xg-pyofLPXmNcLUeFaV57g,1005,3
EVY0ZInrWpJCevZtDKjpFw,3470,4
DXLlfnd3R1uCRTilgo3pjw,1233,19
a-aTz5z5TiBmyY5v9HXGqA,1175,1
Ua3uLRrnrqFtPj-NPSttZg,852,2
osLsso5-o8mDLNE0T5HhGw,2920,2
LMkeGY3i63J0kBGRUNA5Hg,2693,4
dS7kxY-JZnyAfaQTv3fr3g,3291,60
i_8CApEclqUAFQWUaUUXnw,872,1
o0K4scPZjMAg8xTdVV4FCA,929,3
_tcvAd5eOphXVE7YBAzhIQ,1054,3
76syjbpLHpJuKinw4SVpBA,654,1
Anfamrke4f8ajSVaHoS_bA,3159,4
HRCiI-Lk4De3UFsUCwGJYw,965,2
vvPL0gLamAPV8gT_PIzafA,996,1
6ThNxevFqzXqhflC0Ni3lQ,3226,2
2j_PPa5cw_smUDJu7ZeCWQ,549,1
hPEIGda6jRSEKg1THPfGZg,2577,40
JwniEbP2ZRBK7vSlttJSmg,848,7
f6muwLWMyYvBXmUR3NFY5A,1067,25
p8P_2DCy6bsqwTo7bfWtyg,2098,13
x1LF6qfODH3KZPw_o64qqA,1522,1
FrMB3sr1Is_QXIdM5-4spA,944,3
otpNMhK0tXzqi2YaW1cbOg,634,2
F4VbYxWvQeHaKORNQqfeEA,1249,2
qmgoKQkEESXCs7c8o8FUlg,1733,5
EpKRsLBSu90VSRldmBpqrA,2831,28
lFVOIAA1jaorJWl1xbVqhw,1862,10
HNz3Xq_RGEVwSziGgffZYQ,2490,1
pumjfvIGCaaUIQN52wDJ8w,2483,1
dgunFQ50DXvRIz0zl-2_2w,869,1
_hh0-YQkr90SRb8zenXukw,1358,33
rgkQlblDj55UQzjkIp4Bfw,1985,1
fgdX390_E1th9CmydYsL8w,2042,4
am4xdWil679oSLR5879fVg,819,3
unBb868quHF9F5W4_ljPeA,2054,11
v7dGWJtZ2zOBUn_LlL1wYA,1449,1
U0i74tsWRYouhP08IS41fw,3249,8
LPl5RByU6xjOGLq_43ix5Q,2321,8
5ky1Cy7UgiRCOBmpOPcJSw,2048,3
f_aadRoNXdkQKMoy0SSZCg,3041,68
md7EIzpNHgyFnnhwT37CQQ,2108,5
nej7eKRfbzGUoVWBpcX4tg,1584,2
lXLLMkZXdSmzj0ZKLFndJw,838,2
RilMrbDY19seg8Ui7UnShA,2050,1
rmGP0qc9oXrx3IYkZakg5Q,1698,1
A-f4x_ysNJEtL3zSUYDYFQ,1829,2
vfsZCpbnWqC3tzmDSBCYjg,3268,3
iyOKce03qEbq9yTKCzgrsA,1470,13
A4Dc2y3RXam0x87_9YH6Fw,1540,11
uYSiguBE1w61uLppayoKsA,567,3
5UWRKSSInyVkJHVn-GfFcg,1900,2
8ebLDDgXKBb-kbFW91OzdA,3562,2
dPTjP0lxQHHHu5aSFVsNvg,2907,10
LT3TDizUxXB_1_27M3X4Pg,859,2
kAbEZfnAQcHyuEFi7R2LDg,1506,8
krbo6REQV173gezRqFwhDw,1080,1
_NjGo_3oHVMwgwv7yueeIQ,1034,1
xzyzWHw7ylCOy6afgAIQnA,3026,10
aVimV-erLayetZsn2Ew2FQ,2715,11
WmgdyEiv6XDmGEUgjKwJSA,1192,3
BGdBwrcKG7tL5TxVo_eFmQ,2998,3
aujdQgdtjIsODW55it9Cvg,2716,3
Qi8LAQ4hBPMubqIzlGt70Q,1467,3
0HCPrZgYOfWZKk-X6OnS4A,2569,2
6JV-Mm1WteVocqLRc1sWuw,2617,26
Z7ib9CQiab90LwlwHlFaQg,2241,2
N67MPxXk-RwDCaJVmsLWLw,2452,30
yUlS1QeiymIw_cw8z5AfVA,3571,35
oM1GSESF0D6mkpPeSILD9w,2526,1
4gE5kPqAkalt0s0cnOc3JA,3003,40
rldfReV7NweR2SHwIfCh8w,3199,27
FFe-oLdU10voepAwaj2pSA,1971,99
nX1KmS-Je0patsF7C6axag,1482,10
gTvWs4tQJtm4DlSgVTGjRQ,1864,36
sUpQ68_w7KC5Byl5cX9ouA,645,1
T7p_TxkvuoXksUbhS6ScLA,3927,6
FqPgeWzRltaUCzLPo5Cjsg,1578,13
eBVhE2GCLKYNP0MyduYATA,2198,3
XmYXe8SoQv1CLWvsho62aw,1062,3
f7yHQ6xU9xEd6PWx_-6IVw,3224,15
iEEUm6gn762XPxWZty-ccQ,540,4
Zmca0vPjFRg8PPKtlON6Ig,1870,2
1qnqMOeRUZfMx6q6huPhMw,2927,19
erS33O9YEVhTrBKM9YXf6w,1915,6
Vcw02_-d0nBT0YT0LC-1Yg,1263,2
6SDFsfUJrqR-XkbyZLkdzw,1261,2
F-VamOufCoii0OF6XPNkOA,888,2
uOjHiDFO3TofiIU87YUHkg,1445,2
QFkIb03MKauH0_wpoQHWkg,2606,1
VwiYJN6BxqtW_zF8hefhmQ,2765,59
uoG5Tl1SZGV13UfD6ZzsGQ,2473,73
pU7vGD2sb-eP-qdP5QrMzw,2705,4
7OdLKevU27SFI8_BfoKa_g,1259,3
_b_VAhPmsFViwvS6q3_kmA,2318,21
93IJLgiHeWsm70SgNfMm5Q,1613,2
mdF7X3ZQVQDeoMsPi2-XfQ,2351,5
VKX-lfECr5Mz4dT0g3RbcA,895,1
BuqMAbPUbk5OZZKuYCHggw,3145,12
jV6Wyx-sxY7iTgwixhuaag,2585,22
EZSYcNsC4DeBcUWv1G_8IQ,2312,29
sC0o9qV2NwJZPOXrs_78cw,1467,50
JjzZrqFBlNxFfNw6WzLMTw,2350,4
-zFXKrXRrd6VuthGCuLcnw,1610,27
pnhiFA8tRdPHxDE4XsdiWQ,2787,11
ELu4duWsAdEhrE6wDioRBg,2402,2
O0PHemys_nh0G5-4aJWkCQ,1615,2
FQP16KOZRgGaNE_hS-rbug,3829,288
rSIetFNdGcC7ORkWHYSXUA,2863,10
CwN9NdiO1fF2sg0BLLZ1Dw,1744,20
XvJ6wzahmWSV43xSQrTH_Q,3575,90
ZOfVsN1TVLfLEnj6Alsfdw,3188,24
jufqqhC1N_UxqiW6rbw6QQ,3604,52
wz3UO2ze9bhJ75AMYxEuQg,3712,2
gnj6bfsSUYdblv9C6J958Q,2084,10
9vH8bWLkLXBJrW0_y4BbLQ,2772,10
T4AAw60lYz2rZXSvXb9_Uw,1991,9
q69ZieY0TvEjWLwgmEDaEQ,540,1
3Qthe2ydo_thBWfrEIsYyA,3916,17
Gt_RvDcMbbvMYno-gVGHzg,3783,30
PgDA0VkvZ7cg2JEyjOynVQ,1633,53
Aue-6GhnYAc7wM_owkQ2Dg,2369,6
mvTIAV8qczDw9851eLMb0w,2297,49
PEBLTriT4ACxLELxWbiY3g,2280,16
MDaIkmSA940jLFcRzxZyrA,2579,4
kA528bHw7c2dwAmqvk63oA,1939,141
S5ur8tJr_r6SgDQPKNxcKA,917,1
Nx4DOabJwhJZKOI1IvSaQg,2966,49
cPau8UtdHaPleETJTovhNA,2272,24
hFLUbJ8vUoDYwEIxSqNYOw,1996,5
LnQNU2vBMSyfdhyEbSF64g,1130,20
vp9--ox04SBKfUFHrxlIDQ,1477,10
OX2_H74xnYSRCJiQS6q-_g,1341,1
5csyoXPKwBFuAtcakQ-khg,959,1
sxly-8so1-W5GRO9awcKWA,3900,71
iIsDJ1SCVY8WbYJiy-QrbQ,1900,2
OXB9WJk-p5iRWvkMQafc9A,2890,6
-1gsm9r8FAvnbbio8mz0sw,2664,7
_eLrZ2vH72z2JpJLzVS0bw,1096,1
aQzYlIIBul4gUGqMw6Mfug,3387,43
t93Vq0uaYS6mbJmxtdyrQw,3051,67
jHaNhxjziw2cyEt0JjjzRg,1311,13
C3H6HGXZjGIzXI0r478SEg,2689,1
xF0AlJdP1xfrKhx0ptbt9A,3768,2
s7W8fVP3nKqCdgtqow9UkQ,2837,8
IwY3bmUpxOrOZ7PH4rgryQ,944,1
KxQ_AY1F_ZsrBFjNmk45YA,981,2
fcn5dhhHI-Vd7Q87FsmX6Q,1768,13
TrNsvD1cmA_KIx82pJNA5A,1116,8
v9UsO6afzlOMh_DX7uqBog,3860,64
Hg29NQlfngCqaNYDTtRYfQ,1675,4
dNu2zvFSvI4i_49V0WYUDg,908,1
1355M8xu6cQ7ZyempSBRIg,584,1
ROUIwBvBHhKLJ6fEoI_-Fw,1089,2
Awio3n8EtwxqfDXTp6M7rQ,1099,1
0TSVKr-HNheoJakwXO07PA,3238,12
Zkc0HCQHtJ0itq0MgiW8tg,2246,8
97y-6U0kdaHPLQZspskWig,1528,9
cVEhLYj4xert0AdBaNMV7g,2503,2
DaQIOBBzrd3mMlltHEM1sg,2188,2
tpfqEshxuy2hix1Dm9tHlA,4150,88
MoAZpmiPfUcxxkMGQ2mQoQ,1638,10
aZFKnKaOTb6UqX6R4T-npg,2592,1
hHUyfy4cSG35W9qmZgiH-g,2567,15
SvwnUqiepuyHLjPe730qXw,2334,8
Ewg4wGbziqNbA1k0xhJZbA,2305,2
zZD8WDTNHxrhaJN_6xGrUA,1525,14
PDbBAQ-0SNcOIxl1F5_X0w,2410,38
oNgpTWoQs3Lv3hSpZJx1IA,2147,113
GJBSLvg9J6F_67Klw-yfFw,2494,1
kqs_u2YkS61JDBvA59pmlw,3226,16
sa7URFFokUgCYysDFur55g,1776,2
wm1865qAVMRO94asji956w,1292,3
WSTch98K1jUWJZ37AGz0XQ,3193,56
iSvyBjGBa-7ICRdgfu2nSg,1536,2
lBmnESaA6FTWwF9Ckmfpfg,2198,13
YGqC9TZRb1CAH0qFlDwYew,1623,1
EGAwpG1dPjijY2DoV8ZLhQ,2646,1
zE02tmX1qj-abinNpaQBHg,2841,1
2whTgW_TDIPh7qRdTxzm0Q,3365,288
Q-aWbgesLQKEe0Nb3d4k7g,3299,9
FuNRSVldBxDEqgwljTf-5g,3058,45
2DdxVW84YEP4kfd8xd0LwA,3164,1
PkTPpZe2dPko6SwEfLKgDQ,4403,20
pNf4KSrkng14ko1Ej7_58g,2771,3
9H9DTAvWDAVqT38nvwSnHg,2253,5
bHrcTMTVKZGjyv1MMgcKPw,1858,9
gk7BZGrbE6mQGG1o0X2dKw,1340,11
eqSnMAiFbbE3eNB1ORBz4g,2256,3
i_5n_1THtKtpBL5aB2sIAQ,1685,1
oP0le2cG_b7Y3m-WGkPi-w,2570,2
SjhWFy2xRvGmxk8syiindw,1099,3
cQABvqTj0-KGX2hc-C0mnw,1423,1
dMs6kjti1uRWh55to0hJKA,3499,41
dHGdDR6PDCR36WnB5OcvAA,1264,1
UPPey1XnsxnxgDbwTDZQDQ,3389,17
czjP_oXCnoaaUe9CU9m07A,2881,42
e_I9gwVhF8hyoSYDzAKoPg,1440,10
pb_UUbeNS3ngiKocBhzJCQ,1741,27
B_u7JvsAa6B1LsNAYWxivA,2458,4
QOTbWuAr7SSbm9P52c7Z3A,1306,18
uFKZepIb8R7kie9RNcE5Xw,1931,8
h5rvBafNwaIZ_GjEM8KxzA,857,3
jX3PEn0OVXMewCWGnyJ6rQ,2238,13
xHg6EyTyslcuQLGQY7oH6Q,2229,2
aXHRZFiQ08Li0C1lvGaJoA,666,5
FcvRjw-s7bKcJ2iNxWBPUw,2233,2
8I8_xqgf2ujg0jg6rzmW8w,1884,13
tdreLXhwLC0993MJTu339w,2916,13
hHalCWsydYgFB-VXyPZpMA,1067,1
qM860LaOe0n0CpBEPQKycQ,4150,190
won8ehENkZb8a_PxfgXnmA,3516,2
E9niqGU1YnPYBHJKSbUvSw,3550,2
Glm2X5WbLnk0kmZHvoOT6Q,2769,59
vX-VGDipZcohYdoRmWdjfg,3490,31
VToDrJgtyOmk58_NtPblQQ,3041,161
-jWYQ06E-z6ho9Vid6CJQQ,1845,3
hNIBq7eRAoEEN0_hQvG-hw,3957,332
5hRCj8BFog5l6E-WyWrO3g,1172,1
S9GD5PRbE11cdF11xF32hg,3696,312
10py8EBiL3T8feiKPyVsyQ,1031,4
9HqfYfwe8N3DtrHuQU0hkg,1404,5
SrewskFET67WUro4RspZvA,2617,6
FNPFktA_qT_mR8V_ApFt_Q,908,2
ezdyJrhtCi5T9SicoLbpbg,1576,4
MmIDQHKBT5HDAcRWhszhbQ,2452,19
o2Tq3Wk2z_J1Msdiwm3b-w,1047,2
bMGAZulyZgCqAe13rbneMA,1334,2
fruC_X33J2F_K2uUk_ZdHQ,3458,26
7qU5JhdBc_FS7C3NJlvUkQ,3522,22
dMPdDtCgj8N_fKOp_YOXhg,2896,84
rg6ib-7eowI3prGu1Z9rBw,592,1
21tVksJ9ycMaeL2WRbJXwg,2217,22
oNlrjcxJgWXyJr7_uD9BGA,1768,1
g0qkkX_GAf--ygeQl1z9Ug,2580,2
9F_FPQo6bSCIHeSsPhKuUQ,2882,13
CzM1kJcL1z5ZfvTyDqvX5w,1689,12
HiW9i_ZR6njGLphh8TlvpQ,4004,84
jmPzUBZ04V5WEzJPKbkCow,3122,66
0S9Fv3-yLLUuQcjiqYkFrg,2290,7
ZRZ1GxGWdSd-bKCFCY25Xg,2601,4
RT47MjfaQQxKHqcB9KNJsw,3304,10
WPCUD5piFx_5f2wLsEE8eg,2414,57
JX-zvsp3o-5xffFIcpS4Wg,2091,1
xrbPOyz6VXxE4PietS3cWw,717,2
tt2qIFKZumubxk_UwXhijA,4096,196
SVLpEPDJKEsnXGKRfOuPIg,3084,2
OfvubkLXq38LQZmD1Nv4-g,1287,2
LYoG5Aom-G28luE83kXgLA,2546,2
XCiJDh4M11dvB-sBaNRZUw,2462,14
hRG63zh021wTD7bfMtxH9w,3660,96
QFiVwESmbMfJHmpTXLYhQQ,2356,7
yl_oMVjmDVVqu-LTrh-GyQ,2129,25
3Zt-6obu2buED_3KSO0RAQ,999,2
FkSuuDKBGKldLYvYQhmXFA,1777,8
vVo-MVTu1qEs1RRb_PIi6Q,1707,8
il2eeG6C7k_HMLyB5IWCFA,2223,10
cFZOzCxMlZgQlhx7ZpQMrg,1641,39
boFdfcGlxcM5Kow3UeJsMA,2418,5
e7rPPBVpOujIas2rVd03BA,1301,31
8uGAUD2H2WCx-ZTkVvUPDg,2354,1
fkvs5Lau7Eke39Xo25bDAQ,3073,44
itWhVwev2lg8Ua-QXhFekQ,2494,137
3Qj8Rhse7ypZScq1y_M1-g,1461,3
0iPu0Heax4sPLbx0XwNOTQ,1357,7
45l5DFed4NT3vwJ5A8Bvjw,1529,1
zA8vtTKttQm6I-lpHcCvfw,1108,6
7StgQHU3dwo6f41pXh660g,1736,2
2vymhqYYq5V1hfieJuwpIg,2934,24
4bh5nVvnjvlZQii1QMlgig,2022,1
Hfw4oiNKT4ZF1qcXQXWheA,1896,3
81M9MYz6Z_IiEPshrkhGrQ,1384,440
Ohn7ICF-0y0AyfVie8nw0w,2755,1
nxdd9sN7Fi58c_h3iKDyJg,2215,3
tc9YfYypY-Y2_wHuDgrUTQ,2172,6
YqaLpeVdNx425vXLLXSfWQ,1725,1
tp8DWELz4xZJbc_4nR1LwQ,2229,26
z-uGoRfpSGdFzEoLrlHrTg,2172,11
drzdrlyoRhTj4qQUj6D3XQ,1756,3
S-cb4fPj_VLIKHL25THUyQ,1716,2
axtt9TueR99y8lfgCLM8eA,1535,8
a3cn5PocvjMrA2alFl-iiQ,2490,6
em2bF70ZQES-mmuSLZL2WA,3979,21
mLssVAXtPzHoiks9XFhEtA,1472,2
LhBR4yqMg1voYcUgECJCqw,1186,3
h1RuqEuOr2hB2OSx4muu7A,1752,2
D8FOHNjPwHUjDrbjf-yhkw,2061,18
K7oNneK9o38EVqblHiIRkA,1489,3
YE9ag6Y7oJbzu4O7vOWlWQ,3064,32
Bjtjm3HTZ3VJbkMr7d8vHg,2396,3
f_CTmZtiFPvNE2WP0zxyUA,831,3
_OocnhzTOKbXhY3qoIBDDQ,1666,16
ZxBENdWG8hrjYB87HsqEag,756,1
ajIustlTR3sIZtxIKaiMSQ,1444,3
QIdETVlXZ9aAQtRrnt0vUw,2003,3
HYksYcqCAxNSZ2qNslwFJg,969,2
XnTiYBlQvLXZWWrTAkhR0A,2667,3
4QHJjZAjndiTRSipt6Snzw,1508,3
nnKy8eVHm0ZEMB5W5E18Tw,1247,3
iRj3mp8hkxDUrQfqWjs0IQ,3263,46
Bd6PXtREpRBWzk7YreCN4w,2768,8
edb7R3Aw1dBDDv2UOFIWwA,2734,92
HYihouQkLGUpwFTuk8TIoQ,663,2
dXl2F3_MtY6Lzhr8Q-QWJA,2128,3
-_GXy8drGYlpi-E-wOe3Zg,774,4
OT4xKGgykAVxEUBIYv2b7w,1577,1
YHs3klDdCqJVMypvIkQH3A,1419,4
Nvg7g4y3pYbUEuh9cizNuA,3161,32
QUko2DVtz6vmpdl99Z9D7Q,1210,1
HLd30BAbnju-_DVn-E4ggw,2601,15
6Bye2fg4QD9KJcBYqbv3Ag,2397,1
jtzRx3iO5HrH4jwcfdg-OA,1325,1
XG_egS24k-4eGLkKkdLXuw,2632,1
eMOTrul6TXpfUX0Gprh2ww,2538,1
SKDVaI8eqpjNoaiY1IxYAA,1948,20
lZafXtvH4nj4dmPjcLjgDQ,1773,20
m1kP8-FUEh1qkGDo87PkMg,1991,23
cMXT3DnBDtlCfGv49NCtGA,1035,1
r_ORHp767eE5VCf7OqLfXQ,814,12
pmRyyjdH3zj5nhqBVGE1Cg,2682,4
ZQMFhbDPDq29d43rbjOQ9g,1018,3
LW57IL5vTpJTnQxq8TIoAA,809,3
Bl68CQ9iyX34dkxMXazdGw,1251,3
_hveEGHHfzXPVmMzRxtKTQ,2919,5
NGt_IL7am-KoAF-J0wcIxQ,2412,6
1_0hYnYPVx3Y_pr8roxnEw,2499,12
KWOqAibcfH3JGAtp_NNXrw,2592,1
AOWAzubmSLoSKlG_1UUsTw,2991,13
Ob93tpFStF16Z5shBU-A-Q,2435,1
WCJxJmMELkCvpv5SXwof2Q,1773,1
IxLILPTrfscBNXx82XZdlw,1457,1
46cIhWXP-6801eRTR7F_AQ,2875,21
4-dn0t3XQZksmgNYnGufzg,1637,1
EVvdK8HsuxNRorGri0O4Mg,1476,1
8wufiqS5eM6g8sosCo1opg,1076,1
qnWCEDkuKjOjHE5QpzBN6Q,2217,7
sdeWzI-YnPQIcQuNDHWNig,2311,7
FvPZ3-xcg9GDsbIMkRJVng,828,1
0bfkNP_uUdqALg3ZQH_tMg,2416,14
-Z56vhgDqvGRjOGgteEe9w,3043,4
x5xjErjg88EJg3EZQ1FxAg,1332,19
j4DNY2lGn1PMCSwXqelYLw,3015,1
exMOgf1_-BU_SJ0S2577Pg,3070,17
0Ge4hEQ8HYnrkfm8UHj2BQ,2213,133
c-T0pEURrmeKAPz7Q194sg,1646,6
HBce_E3g-F7bd1zTC32y4Q,1851,1
lGU_ccPwaIuhiCCV4cI9_w,1670,1
U3GyYCzT3SKRkpmgZUKBFA,709,3
V3s5rrH7CWNj5Iseu6x7wQ,1309,4
MAmDOzNTCrtn-XKCRRNLIQ,1829,12
FNEiS57vbEaNReofHDNuGQ,1766,2
nYp-4BeBTF71CET86G1d_w,1535,7
tUzo6bCbCmrzOxb2RtRSyg,3528,31
n8VvghRU_3udx6Qa2CY7yw,1283,1
PJ6WOJdjpnVpGWV8ed3ynw,1387,1
bYwvvqZO0fL0J34YI3n8Rw,1270,1
xRg_rfd6C1dUfEvJpZnXDw,2315,1
qYbWTWH5leltA0bzWAOnmA,2721,27
cSKLV3CudAbHGW5GOHoRJQ,2893,372
UlGGOpg_NWvzatPKucxuDA,2684,7
cBR5y-QddmEeRffDuypWxw,1622,3
1OP2duo_J7jAHo4s2XZkVg,1347,2
0mqIN5b33P_PUk-DyDA0JQ,1858,6
k4nNs9Sc_IFt5i2BOl_sxQ,876,1
ROlX610BtrlFABECeklgMQ,2137,12
DBXSjSazeTSr4j1fFmlDZA,2639,30
ekRa_2bdd455WB60n7AaaA,1398,3
FiR57MWyPjrf6RrNR4udDw,2639,9
LEAegi7qiQ5bEaRVioqkqg,1290,18
ZQu3pv6DTJYb9f_wdARa2g,3432,45
lwAL-pR4Xcsd2VQ0uVVCWQ,1097,1
iygdVI3PZoppcXoCGTMyew,1289,3
ybkendolU_dcFl5Y1qQ50g,2089,5
yymVJHiSkgHrDgDAnTxn-g,3197,18
Rzm2psMUuhe8bwPeAymd3Q,4404,412
ampNHD9UR1APVfE5UR4oIA,1320,13
cvp_MEqjGe2XCuXBwUNbeg,2346,13
UE9mHxOrdnEaNumb2wAVZg,1037,1
p_uBMSPEILS3Z80XjmUvkw,3547,20
Xt2OvUgup9M4evtOMd77TQ,1445,1
HyEOPHCUUOr03K9UovJVjg,1057,1
TJYEYqfzPSQ7gGIp-GvHhQ,588,3
7j_ZlAFIe-gLLVwYUPVMhA,2455,5
NwumeTfDhYPbdaWHv9AWBQ,617,2
FUDaY6RCG4e4rh6xg0-54w,1249,1
TiEc1u55GeSh6ev1ejWVQw,1276,2
cB48zr03Q6WB2t8k3XBL-w,2509,31
GzMua0zXmZ8uYk9lxWbqDw,3209,6
SsSEM4CrR4DLWo26m_DBjQ,1706,2
7MgN8QzOoNJv56pOUZbTlg,3043,44
crRDG4Dr2i9PAN49_OfvhA,3117,3
R1hRrlroszHac9Rkz0Tj_A,2185,8
HtMG_uQ7dr6PywM969TPGQ,2178,10
xcmIG-RVjTnaZEl6poHPDA,2226,25
btWMwG97faLWmhedE0vyaw,616,16
Xcu_G58iN3HXEh-53K2duw,2998,4
F2QBU2ADiDs6MlCP-qjqaA,2456,19
ljTry36Dbazh0eZwSM8D-w,2283,5
R5K35E0JsdoX2hO92ckKBA,2398,36
V69-NTuFZUst0a5QNvRDvA,1156,1
XbtHBYzK5zOl_O0IZdaGNQ,1687,36
h51I9nSSCn9lWUNIH-Fz9g,1152,12
QqP6_H9I1LtsPovIdxBZWw,1031,3
h4Mqj1dllGOl0LF3A2INHQ,1327,3
117a3aPbQMFcwWvFLPQiyQ,2839,30
yG51iqSBTaxhmozoG3r4VA,3259,2
X0j4u9tewOAD_Dk7qP89ow,3407,4
2iGuj5waZlk-pDzz8yicoQ,1327,3
whXSbQZjGlPpkGdiyBMyWg,1583,1
7X_X_JNjS9hWNrPeVUOH5w,1598,12
jY0StFGkOacBzwEKT1hFwg,1677,2
cbWb4-XPIVQrpwKOXDfhAg,1536,1
xgnmjz_xxcxpyMP8QjHdKQ,2243,11
07xE9HbJzBFcQDCKojI-Aw,1116,24
r5Id_JJUmyZE0cjoQhL5dQ,2773,4
COHBBc8fjzhdqZRAcN9VRQ,1926,1
v7ruuyzOW8RK-O3Qmw54kw,1257,9
LyGFEXW9AjzRyU_QdPUcGQ,3982,128
BX4wM7bCxwZ898xFCyv7KQ,1480,27
YtYxF5tXkMc39jiLn3P6nQ,2641,58
4tvc7gY7jCN945y7TIe1kw,2630,26
IjbkCU-82j5o2gzFQjNrwQ,1374,1
8obzNYp48j93dF4ggtiIpA,1485,3
i0PzVSGx97ucHFaVboZWwg,1536,6
U_E2S78FMjNXDdg3GgE6Kg,2301,2
d4ZZfv1w4-SetXiI4y4-4g,1345,2
YIRgeajdYVH4zd3EonnxCA,946,1
KiE5-D8bUO67lacmmP4Mkw,4556,72
AE3jqrd9r0Z5nRkwtQ6oKA,2944,22
tEZ0XcwTA0bLuaUm0QBH7g,2420,3
KZs4kaQIdq0QmXIcbDJabA,1520,6
3pJpP0QTNDwzW8zRFJzkMg,2673,17
j9z9HTt4zaghCVCSiI3Y5Q,1878,3
AqZ1VgCwCvNVJ1S1g8Bihg,3852,157
bFZMumjvK-_d1ReGadTanQ,2210,15
bsjCcDOlmrJGDLB4KPuhng,998,13
AkVNT1k_SwrV7aSEvsASTg,1121,10
xjMDttlljRKL4eABd5z6Kg,1964,124
36Rh_Hz54UjQ4wB52ozKDQ,2266,14
94n6cA3tUJdRkOjNiaw1_g,3751,52
IagFUo3nrOv1ZxJWX6uV6A,2855,10
X6bgcZc-S1PC0T4lM2cmzg,1641,1
J-kPCSIEMhoN1zxfQpzhDw,2855,3
p7J4aqahNfbv1eygmv4NeQ,1457,1
bELnOYmICNlGyWX9FwYonw,2612,4
gsek4xopoGom-dJUWreVzQ,2322,4
yAcAn2PD0puPKqRHAv8uJQ,1275,8
gdj7Gn3jjiIaOA004sHzEQ,2992,5
93YZPtZpX-HGAyhBo0h7Vg,1278,4
DCJ7gBWvVhWSbYUcPddNLA,2732,2
9fWfqYQsK0mMCwZAgMlX_A,3076,175
senLA596yQ9okQ_PJBFd1g,2946,8
ilDfMzM5-l8HMMZ49V1qhQ,1486,22
wPSe9Jw7leB1gI7SzsC7zw,3073,2
_LAIjdavIMi1lYHXl-JmOg,2581,4
qYAKd07pAyED8UGF_nbVXg,892,1
0hVrnd5kMmCDPTnFzJbhPw,2264,8
jzVynQKv45I7Ich_Zgfnjw,3298,25
Izt5PQ8pZDppGh3FfDKEhw,3005,4
GUMRofOs_LDHVKuMUVgGcQ,2755,3
7Xm4S9ygQ2s83BdqgvMd7A,976,1
08i8mBSm0U9XqkxDs0Jijg,1412,1
71tzgNgPnJiLwIohFPXAfw,2316,1
C2MesT1W5pydAoTaLtB_jQ,545,1
aj-ObMOgHmXMvRSNNQkTsA,969,5
bXe7lht8dWGCVxhfxk9cBw,3383,90
w7D7bgI0VOxkJer6QBIyJw,2797,35
PrWSrHn-IjM6fOYu_R78cg,2403,4
GWdYjTHL1E2ICKpTUjkvLA,3837,42
MKiZDHFFkTvN62aAk4-H9g,2375,4
ORU8c3-cM0BUmC7sKrA4Qg,3615,63
4fdKXTzgCBaaBbcoMxKQ1g,1019,1
aFk1EJLT8x3Mw8Q5uV4nXw,3278,47
gqGTIc1Xv5Vt-BDMo22nOQ,716,3
1MmEW_C4Nm9wy2gtvqhNfA,2507,1
6-wXAgDmiyOHYJRxI1QYEw,1458,1
Nwa3VXMLDAs_e3TeQNNRng,3058,54
mrAoUE5now6xIl_5DeeK_w,2425,22
OPQrLXx-BVhFuofMU15AJw,612,1
ww3J6Y_PY7sQA89lEetOxw,2368,1
jFmOWVUMzbHJrj-eOqDChQ,3905,70
605Q8DK3Bi3uKRpTXes3tA,907,1
M3emmPOeYUvO4Xbkwb9LKA,1900,26
YrGYVAGaJvn3akDZHL3PYA,617,1
HVbDve9u0Xaa8I9sz_8bcg,1651,5
AivLRhlD-bU20IbsRLIDUw,1521,1
KK80aR5yHP8ZS_tYl8SZuA,1613,1
-jDQEgBqYoJsnqNVjCa2pw,1705,2
DEdjJFyJBzEQ2ArWEe8RyQ,3363,27
Vpbd2zLMYGEritGRm4B7zA,1733,2
DO6HtMHJZ1OiOZQn91UTTQ,2593,5
1y8GnsYig1lPZ7gzOwrzCA,3121,8
tjBEOk-68C-9V_SD-C3UjA,588,2
KdVZX_rayszTUC2ptO4ajg,865,5
s3BjcRkWWQlhJkZ-jig-AA,2560,1
1nrg7dW0Rsx8nq-dI_enrw,1532,5
rqS9bVnQ5k7GgZo62mRdiA,1036,1
-C1fqfFfkp30RWqEGdDBiA,2407,1
sfwSIWTYbDBNnI68RT_7zg,2737,4
BODI2jDTBLxyGPFRuCisTA,3219,14
eIKwV3M0oJpx6TNLVhMy0Q,1588,10
IgrSTcxeqXc8P1S5fUDaLg,2686,2
fhGi84k4Nx6-TbyKZh1xVQ,4260,15
0h45VdpEklr1Oh64fWeCYQ,1086,1
oE0zim0k82jV4a331Bt_Gw,1893,1
wqjm8JwEGVPi2mW1wDKMgA,2227,1
2eq_f1FtPvnxfFF4MHMZwQ,2681,25
_fdd7CIevOliyTOC_CbYDQ,1977,2
kCUMn3mT-LXh0IPF_DR5yA,1973,42
iH7yugwki5QNrD-GMwaVcw,2883,17
dHIXqFHRPZ-HhTDhf0kTSw,2225,17
DNTveehxItn1DPXtdBsObA,2107,16
-USFHLTN_dUoZvo-pvhm4A,1332,1
sUjnl0Jnk3tZ34rKA9qWgg,653,1
ERBX1Rh68T8UFqw63wyZbg,1905,2
ssKfpC79cJrdoE8mAXsKdA,2199,4
60XSGLtRDP_Ae50NGSMkCg,1618,1
duwpD-1GQjswz6L-feD-JA,2550,1
ZGiKRSW1ktI7i13dAW0epA,2946,7
VUVCdGGJlvGM12ldCwv8lg,2292,1
AznmbGXVx34l3YyTgBUQwA,2615,20
nLRXb2AFve2FuK10KGW1uA,1210,23
sclDC_ugRW5iIv240dIgcQ,1268,3
M-iAqDwdkDNbiC0nB9XMkA,1295,1
HOJUaMANlxilDnuIrYNZAA,2193,1
0N90rle6B-wc5Aw_YIInWA,3412,4
itTbibLexM_aOItxOUeCnQ,2591,6
Nnkyw_G9vKCFlCEiDH49JQ,895,2
GfDjvh-gWaBGbVoQNWt-xw,2699,9
SUypKE_qLTzFZTvFntzfbg,1792,6
2jeBUzJ32JWx0L4z6V8hvw,2348,62
0JsJiDXnIWoMAdUuLMYmvw,1878,1
iyvmgq7T5sMp0uA52lCI3g,2281,4
KCL1fZd1ZLqoUnA9m5S15A,593,2
J44pVwcNjAQhBMU9hKzTSg,3325,1
FzO3_gZd0wzBDQ5cDQGXfg,1962,88
SAFkyYKMS-JafIo2hnyo5w,2293,2
HaZ3tcmbBxonWpA8XVpoXg,1319,2
wio1X7aZecWxSdoVdiSxYw,881,4
AJEug85Fzrr4RAxbhrJ9DA,1630,2
mhQX9m16JqVMbfZ0uxF5fA,2358,7
rMeITv9ebE184R4KfrHiSQ,864,1
3hATIvflvHMY78mQ51bB2Q,2354,9
X9wuEyWnGJF8LEAd8EgSlQ,2552,5
Zh3PLCw28_4dILNIsM52Tg,887,13
rtNcWxKknlEENuGkI6ND3A,1099,1
S2zkWKQeore8qV05_iqZUw,1337,1
eok7c1He913xCVTXHa7p5A,1509,10
D85nQlpntHNiwnomUdwfFA,1048,4
70GS2cFAD_hI5RvcHFyGGw,1998,3
ds7kw457b4f5xnVkkOm9cg,1788,12
vY3DQflVl0R6SlhKRc15Mw,4040,12
ew-VYYwHrOecybzSzF44EQ,1372,5
QIhcRQ8S-gzhQYp7QG_hcg,758,1
ATCgZzveKKgq0xhv4H_svQ,2225,2
jkGZOOZmM3eXnSAhbo2whg,3260,1
B0P5NKjR7yqPC8BVDb2fFw,3109,14
a3OXvVHqo6R4wGfLS1WWIQ,2636,14
3_cg-aEfy0nKK1v-8nmQYQ,1791,1
Kpl_x9K9MDUwMvnctf604w,2217,11
GwKh5eYrTaGGaSPMeThLXw,3020,127
YPZe0RuIkHIp7YG_UQqc6g,1881,7
DThCZjx3tsD_bX6wncEUuw,3569,24
ZUvZ0iPqGpIGHUNtnh6OkA,2384,4
0CkAxPH2zAjml7cJ3tmOXw,2267,3
-NDbobkSR7oLSwbyopLKJA,1648,2
AqftwjyoIiHFZHruXLUa-Q,1426,1
uOSVllEOhxdSWc8Q4cgdtw,1864,9
bQxqUWWHLbn63G2ehLGW-Q,2784,21
Uc38Agx6cJk2YhJrKSB7og,1391,5
TjADdMMtUfpxK_EDURVK4g,1154,13
xjKKPsCBhrVAT_AZ-X9MTA,3007,12
78BupUiXkQ40qPV0LGKxmw,2188,1
T3cwmVMeEXbo5HedmVIzpQ,4391,125
ZAv0JB8b5S1camWFKdIoJA,1967,2
6RusYntlH9U4CgsSliZ7IA,1984,10
DYGAgZFDjvWFyya39Ktmpw,1729,12
j7qVjYvukJSTzxqmLLJiFw,1745,1
HbkddWh3lODHz-LfwveYbA,1723,5
zEnNXKl8GWum-HmG6TWSFQ,1842,15
lvSuqSHJgYk6o7he0VoiWg,719,2
9PgPyAGn5KQpaIaproUD9g,2361,3
FVX6DrHRFoGZO1pAxjY9xg,3019,46
joQ9kBJJ_jW_1XaKLbh2EA,1878,21
Ot-alAJ0UISRbNiWDN9S-A,980,1
tlf3e00IO40Mu0DqsjwSOQ,3317,58
xafjSsismVpKqLveh1gvkg,3567,43
sanUDq8BmwY8kHO_Zgvm0w,2602,2
LL4UzU78TysHHiOmA15qww,2655,4
q6lutH_fr1B9kw5V7-VhXw,2100,54
yqGZwNaLo-a6SFtSUlOeLw,4637,26
6htWs5cVaQ-WIbHpHkYtxw,3601,32
XPVYeG7cgV97mFl_iLfNPQ,2663,2
Eo3nr5pSwdKsZiSbK_VCog,2225,73
elUlH6nRHH7kMmUXpsqH7Q,1772,4
OjXnY3JwayM0RdI4cyneQw,3772,11
laEfRCF1DpFzndP2Xz5t_Q,2729,64
acNYpxzJ2SWMxwfUVNXUSQ,1274,9
LkR2Q2jxFJWaN5EKUIyM5g,2833,171
UfVgtsv00ZbkkXM-l4HS0w,1563,30
sXKKdtD2nA_e3-V3hlesmg,2978,10
-oDEeNk7V_hup1iJ2nH-lQ,2834,7
2HG3kUr7-D41HrNM_EdneQ,3090,1
gwlscP5h5g3NYv_pebB42A,3188,109
fGuc_dIIMxX6B3hXw3Pv7g,1920,7
t0ns1pEx8NxITkKLH7Xivw,1207,2
IlFWY_Y2vzOVN4w1UhJy2w,3479,12
rbx--cM8s2EanQwOsU6CZw,3271,14
Mw5b5YB_7pVSbSMx7LsP9Q,748,1
xx80ezq9ZOq2k3PyHCQBAQ,3767,13
W9cD6ULrPePrZyeX7zSUCQ,2777,2
DaVqABTwgFahcCUDaXEKBA,2582,6
yt3j90JCUaauWBBHi1bCAQ,2323,4
DGX-BUIsFS0hv021vjkQKA,2589,10
EVPX06lYzhZyDH5dLdG8Hg,3217,1
LtH8GJJ6wQiha_4q3ZYvwg,3808,59
5MRcjukcJmd2Ekfp4eYCLg,2043,3
Iw086CY38R2cm4_5bf4rbw,1588,4
-eW-wq-CMUU-EVsvp7sVGQ,3290,41
UiVreI9wFz5Nzmz_d5lehw,1455,2
OoTkMia-iqtYSatBVXyM7g,2620,94
AjrcdfQnA_rOPur1osvZkw,2571,7
egGUEdQb9uCrgotchi6KMQ,2016,8
P4FzVmiN1XaiipFTmxHiJg,2247,33
MqdXSymv6fxxoW05Fo9ruQ,3451,25
Bb7EiYX_d31CKxbNKHmnig,2520,13
xoJTxedJP-SebNvjVnEWsQ,2227,26
xV7lgmwD9OiQk0y6PiNn0Q,3694,27
V2JSAnHO-5PPD8pBuHWrKA,3668,12
eucc1uPKt-fHLc01yiTmdg,3481,37
y-tubvUbH4TNO3krNhzpTA,3996,124
P-jNQPH5Dv9xCUtaGhH-WQ,3640,72
xt3hrApcyIx0XP6bV-UQDQ,1637,37
a9pEvaCIQL_Jox2I6Xd5tg,2768,31
y-tfoWHWE2KQCOvqTq5TkA,2423,11
_XRfZMK7IzXAuMNxerpnUQ,1291,6
XH_co7RPi38etjAymv66vg,1631,1
OvgfUJi8PplcooiLM2qgRw,2652,7
E8-hE2jj5hSlgagE-pzqcQ,3930,63
fD4UzBPpvo0IBMmorHwgMw,2820,2
US-NBwFvfvDkJCLt9bkQDw,2802,11
SaAm3l3uNBPryAxvvrcM-g,1942,23
_SN3F5n61SBajhhUZXxnSg,3249,2
dDQ0FWrDBlFHnb2x4IpQRw,1171,9
Tmp8jX9xE8ZwlA34iJ15Yg,3251,4
2mrI4_wdNXG9EWRkBMz_MA,1769,16
-OCAOE-xuyPhy1Y6I02nEQ,1808,9
4XzrzGBHjLxEP4ctJf6bww,1994,10
hy-5QQOMK5UNeUxH2u0mwA,1686,1
I84G_ibOXTFrUJVVBO0k6Q,1519,26
EaNY2C-e0GMdyauZ-picEQ,2612,2
op4Q9SARJPdHeb69Ke99_Q,3471,54
GtHG9lZAboUW8AxWXDNNfg,1780,7
tWfd7biIkbR8jl0X3xP1iA,1521,1
b8KVxpca_KoY3YLKfexPIg,3653,32
XMkSslCMFw8D6qbiqAg9lA,3129,61
n06Q14EIj3pHvH4WEuFF8Q,2678,29
rF0g6R_qXVbopVMv2n_iJw,1629,2
KeDonnan9lMaLphcxfPgNQ,1316,18
DTHhZkNyXQEDf5WQOQ9xdg,2334,4
hoJOginr6YLfnJ1GL4iyCA,848,1
QfK0QwdNCM-KzS5FtdwKjA,1969,3
ATFA7-q3nH7j5OgMCfmKgA,979,6
fs0xfZ1JKigEHO_nB0R7mQ,869,1
34RFoMPfOuFMPuLnrXPvKw,1926,1
TAu-vo32uro-t6WNRb1q4g,2463,124
2QUlCcTjHMc0cBcvvJNFQg,2621,2
xC6p6vr3Rou-_68y4m4ekQ,1583,12
Lp69C9GxZNJq6PTN5nEJ0g,1493,9
3hbFwHPQojLQvJ3Kdf2NAA,1541,2
YMMW3EwzQWe5_SILzohdAQ,909,1
rpD7bVQM1FKsQ4pVJg-OSw,2309,1
A-r39bB9vlWKtn8aSOv_TA,3012,3
9SotcjIWB4wphUOyKSYrZg,2517,1
QcdqC1XRIwNUUwhdNhE9QQ,1605,2
9f3m0or7_3HVDiT5UgPQng,2831,3
fVdQqy9NNWmSRE01tZj2ow,1676,6
R5K-cRvonjDA6p7481fdqQ,1166,1
JVC1qcmsjVj49JDClOa7MQ,3099,6
IQarY8dW8NwhnJcOwauwmQ,1368,3
dHeUC-2iukg3WRzkjWzMDg,1754,1
0tynbJSkFD6pWpBZRhtyzg,992,11
KObGj6x8H_y-FUHaZwnmSg,2544,21
l7WsMCOq8laWvGcUyOy0Cg,2517,2
UPK6nfZD5-KUa6NuZM8y1A,1402,2
iACCuIpCBXlWbstz7xWodg,1051,1
07rOBzq-8jnxTWgqTKcmmw,639,3
GhlHqFDEpsON4Ot62S-yNA,2249,14
bLAFDhe9mIW9nP7LS-4gyQ,1424,1
if_ZPuKnhFFFyXkgrWCvKQ,1748,2
jccZueYEf737P4ZcPlgcNg,1618,3
0i5ZksCMDvQMvugd-vG05Q,920,1
sEVFlkDgX4XKssUZg3WHIw,1788,2
Ef4zLL-esnQbx09Z8R_vWQ,4023,9
i_YIfMqN6FRXvUB8SmOP4Q,2257,3
V0-QRRKLMaD2AsCOiS4shA,1061,1
VhVqWyW0PB7YoG2NtNAk9w,1680,26
gMHtZ1tkAZrrt5xdSuHwZA,3386,3
f1GbosolHqZYTzF81rm--w,2341,7
8P1z8C9ltyzr03kyKqaNkw,658,1
u9EDXbHk0tZk9wogsTKGXA,2843,4
xgOILRN7MwPZ4fdUyK4CHw,1019,1
oJQ8YbW064jDuJkQBa66tA,1397,7
QSRgobEdkF4RSexivi1hlg,3960,48
0FHdzUBfxSEHHF1UgjbFeg,1060,1
-LUp3MiK_I_B7X2DwffHEw,887,1
WtO8n_8U1kVf-8Mrf6k4Bw,760,1
b8c1oSq7G4BSgjt1zJRREg,862,2
rF6IXwyWGIZK3yzmzCfXjw,1884,2
GA7Wg75I3JvE3h8YfKNobg,2349,1
1RMfB0GSaZSW75zY3px-Zg,832,1
37K1-PlPZHjOCM9tQYIFdg,2918,17
MPprTbeKGXcBFvbXqHSqHg,3552,31
0C2ntmzZctK-u0bt-BQJsg,1040,1
MQj4FxGtELD7ZAIsFuPh6Q,2680,15
JiY00yPeHPm9LAExM001rw,1561,2
3QDIz9bi_8sDQLPD_kPjNQ,2130,1
s8y8YfYMfNfkwOaeSnUtLQ,1353,1
n0MrcQHANcsOn9a8Ltou4g,1745,4
v-c5oaU6gbhVviY__YWzuA,1398,11
tHogisPdOQm-495Zyd1LOg,1974,4
FwVbil03NyEx_8EfYU8Mmg,3136,9
Rieh1VmRHfjIoiFmfRXymg,2323,4
P3L19RGn8EmVz7_myWjQBA,1622,8
Pz_YgGTr20XB2dhGt1buTA,2007,5
q8n8RswfVC23kZFJlftlDg,998,3
ByU5EPw4UM7KqEvVSsVfVg,2100,2
yuBpX459P9Vw9FR4wJFBxQ,1875,1
I1cuuWj76b4wx8anZXMgtg,3475,6
eK2XJohjMaT-1mjltMJleA,3297,40
_Ke7mtv57t5AyNIjh51HFQ,1553,26
EptRSr9WzMGyMeaW7ONo8A,1963,17
tHpDxC0EOoL0gYtNLpVO2g,609,3
5PBgJtGmu6J4qRBFj6dVUA,2696,1
t5T3Oy4XSDadEj0G77YT_g,962,4
x8ijOAOZQhUQ6S66e6_aSQ,1648,14
ec8A5y8ArqywC-aITCLzkg,1403,2
nE3UAtfyt1rlKTrTFgf0aQ,2061,4
jmzPqmVG9nKk1ZZdth6IrA,1096,3
auDcrw4LFuz9ef3OBQSp5A,735,1
IhAza_-FXgmZLNm5A0v-IA,1272,1
7zvur6QcjSM9VSwMx2hvwA,1864,1
k-D_oZAClCiQgXHdmdcJmA,1366,22
ZhFVSKbo9l3caUUuJfFqDg,1494,1
EbpdQnwTbYAhC5bJbl_9EQ,2518,4
dKLq7NGN6okzv-h1IhmGkA,3305,8
_pcLm7QpWgQNBdAirDII9Q,1080,1
TA5feWS-M2WEIdjWI-MYPg,1263,1
kBDVXoQPIl3GzPFNNjkJWQ,1007,2
US4Y3aStR2LaJ-6FLpYzPQ,3090,47
GoH7vFMPBkHSd16PqVmdJA,2992,2
9DQ2n6Jtwkkel3gjF3rJug,2133,5
IwrOTX1gmVxaha1pyghgYw,1707,17
Lfa9g8aYqs4KPrVtY1CFsw,3139,8
c_CJJgz83Y6vtV5deEV4Gg,2619,4
aVor8JjpkTuFifxNKfQ7qQ,1320,1
zfxPs2zJxmG-0EHBpDT6zQ,1749,1
eWRuu4IWGl2qHD1QjSIPiw,2392,1
UEKKyaaFyR-z9D3bEp0UHg,983,1
umEBQXaoTNJ4tCmjDkBnhA,1962,6
i15yxccSD_UUsKXIJHjXIA,1255,1
hQwfi5lEFv54_A1W2wBXvQ,2096,1
bMmr4VGYKhJyMEeFt7XdoA,2401,5
x3SVHpcxZ1uNBzHZqwIBIg,1291,2
IzRblToh8nFlHzCrrISVfA,2192,4
nGwxruVOjWpc8v23UXoKBg,1836,3
ifEqjYgcamOmAlhW0d4Vuw,2697,6
2qQ35-SFiPvZnU_x4q_tLw,875,3
ows_BLzMmh1XmDVn9w2edg,663,28
wLzc3IP2mR99RLPoy5VKwg,1029,9
0g-k1JIUM6EiarOa91h_ig,1214,5
9d0ryqJoLY-WlbF6vHGZvA,1270,5
mfAbcvIDp0uKgiH5M3PuCQ,1863,12
4fUYJ_1Qp7os8KgYjxlpeg,1385,11
tcpLqqk1Bq4TPNhhcMAKjQ,2610,24
MSYdhEas6mv7kyYgAMpHtQ,2187,16
WNMfgm2OeEOV-Z4XdqIDtw,850,2
Jk3tKLwh-szbZubD5P_7xw,2005,2
CLPCHz4Pv_KbiWwtoplcrQ,2038,21
eSEwFRvU6K1vqnQ3gruNFQ,3434,58
h9T-JJJ4qW07b7HWFokWhg,1817,19
C2KIYqxLuxKRxUEeWDGifA,1918,25
QnlR1yZ9z6bmc7qole-lyA,1044,3
guINPCXmgIBmLYn3k_vwGQ,877,2
AldpYpp0Eli69Zg6q8Fh8g,3589,4
r943RaVgCDp2yK5Z2OabGg,1012,2
7vndEwoBACxaWi3r0AdYDQ,2386,57
bW3OUlcvp3I3tXlSc5c1Kw,933,2
2L6_LpQzeNSpj4vvNXpD_Q,538,1
PGA-sWM6d1eXMYw-_KHZlA,1268,29
51BW8Y3AoXPoe9hURmzE5A,1381,1
wV7AObFcbp0qfouPfxc58Q,3065,5
G1MwI7aqR5wSLDywSh5fCQ,584,2
QnSUEEVKMHW87ZLcjtnzog,3108,24
vZMgxnZuKAXjBCFMcTW9_A,1662,2
v05FCCdc0BfQ394S92qMtA,1466,31
-9OIms4jE1bdD1fz7AzAFA,2347,27
hjH8ZDlHitPJd_n1qIEg3g,2546,35
qck_6SIjo5UZFq5VwAbfGA,3162,8
GIaFewdu8VLfig0jJn88SQ,2542,20
QoLxFPP4SoZ8WvKR-FyceA,1484,18
VSNCmFaLjm6WXLn9-I4OGg,1769,33
7GJyNZW8t2xmC4X7Kx_K6w,1696,4
O-UorbEJvx7oESzL5Rj9bA,1599,1
HDj4NpMUL6sZ1b5kutmrWQ,1956,2
bhkJOuwHYP_WKKAcV5obIg,589,1
XKFbJSg5gkO8y2w9NMrlgw,2931,5
s1xk-qf32Ca-PTxSktGwqA,1459,1
mNGqlQfS5GfWC9C0LEz0Dg,3525,18
LpjewX58yj4mITG6x9_3Sg,1603,16
NUTtQOfGe0RS_41azjAW0A,4324,48
5CfFCiTiwNlUJxfOSuQEjg,1401,5
HM_4PEkC_NCaS3TOas-sAw,3859,11
Aa9O-XR0L_Qx437hlasZpg,2912,9
PwSST1r9D2crJXQuPSTotA,2604,2
qlQ3p6eHRPnzJ3GeDUicCg,3016,12
PzI5r18rk1sUw-AZbsTbDQ,1992,71
_LYbgQWnzrMCuUsVyHXf9A,2622,1
xYIvnyIzeBh19uTFrl-o9Q,1646,42
jjkgmlwH2RvDMvVhuzU8Xg,1038,2
tM_vsBQXvYQHLvrVff8oBA,849,5
XvagaUZHU-oJTQ88-eeRow,833,1
b4KW8Et_ZddZaxDkiFXIOw,4139,51
I5Opk_Zsc0BT1LmUGawO9A,1279,7
bK-_3MIqbo94inyXudgG3A,2026,5
j4wbd9XKoSnSDlvHyWi-Cw,1903,5
V-ZN9g7hZCw3vvHHNfGLIw,2655,30
vL8rVuDXlxHlSToyN-gEOA,2862,24
6HKRq-Q5am2S77tzj8OqNw,1928,3
tMHaMT62Q05f6IGom0q_MQ,2714,3
g0zUN18lSO_eWJ-cZezqUw,1991,8
G8V-9cRJmumORgTCMF_h0g,1194,2
duM4kUT69b7Onn4OTQ7-eg,819,1
JrliyYGnJU-hYYX0JR2Yhg,1429,29
rfU-3dpPDPYC73bMXSLTcQ,2712,27
eane3HrypV8Uw7MAqS2NdQ,2524,21
urALBFTYSuu_9Wdc0J5vIg,1068,1
g0Mx9TuRgLNaF8u0JHnJGw,1613,9
v_iVZ6zPDXGlIQYC80WI5Q,616,3
TlrTR6UoYxp7vWzerdB5jA,681,4
7cKrDxbbAtq90FcK_Fk-Ug,2576,1
2zQeU2Trv6-Gz7gHHWj-QA,2621,36
M-kKyltWfGyb6rScwzE1XQ,1639,25
FF49jryXzkduRuAye0MDqg,1355,3
nm3dWZz5FfM3A20HWUXASA,2616,1
DNAZEQa1o_fnOtOoZs-K4w,1024,23
SLYsTH7cyXeQoUcf8ELq9Q,2503,18
jtyEzKnszpnl1hZT7EbNHw,1494,2
bPnmJXjtqn06eJ4ff2sSTA,2078,4
1sVs8tkTZHSczzbx5nbs5A,961,1
WgKWezqC5pYHc1enXRqfEQ,937,8
T78L2p5yLI3meOp21a5jjA,2927,1
3nnv8u9BmyrMRlgK2jNw8g,2068,1
fVtUAhhfsQw3Mt6FOciqyw,2196,44
OL0eorjkyb20WRPCrFU9Gg,1413,8
I7gErV_4HjtRBeVn2nnk8A,1539,8
v9jv6mo-09LpwUEJ-NN51w,2294,36
-sSSSl6Q0AJq52MHVuJ7rg,3539,2
4VZJ5qVod_ME8g8mR30LAw,2775,1
V03ehsGTNr1nyNa8kxlIjQ,2599,4
_03V8bfBXZulvHonWAv6qw,1308,1
Y1YAFjfDrGreA0g-ISInZw,542,1
YSO2tuCPZ203i0OK6GKlwg,1269,1
-BTMiJIvQTVuhAET47q_Ig,2426,2
LiD9xQoVlMpxL4Axs4bwvg,3323,6
Sv0NGW8s2ZzQW6k1snugXw,1463,5
tjIvIDDHTqjv-t4FTRx0nQ,1645,1
CYXAFdLX8TGdOw8MYUPKcg,2609,2
h-nKL1PnyWhJK_f6-7IScA,2666,244
ysYaHtMezh-Dq6FkM89_Hg,1597,1
Vg5ZpoouSlxGkqwGJP0UaA,1054,3
ymOynAdpMh8mavdQvT08rg,1012,3
TnMBAVxQrFnKyH0vW3M6Pw,1529,3
fmZYt4xLNs1OJAAMWwJHgQ,3092,82
AbBVmHxrBM08xmClx4X2FA,2300,1
YxCDswmC4akLuVeWONz95g,1127,1
XfHpk6_wqA9zcEtLU6SRAg,1633,1
veBIPQ7ph3-iPeae3rsrTA,3245,9
eN3zpyAOciMdUdkHngJG7w,1551,2
Nr6OL2Qe4b3kThh73up1XQ,2201,10
oxHmTO6MwNPs524_-J-FRQ,1035,4
FiF5HhSSpv7N2zCOSDgdKQ,1003,2
J3zFRIGyBCyECzjtXHEc4A,2786,6
n_Q9mORkf3IREyEJxtyXtQ,1716,12
eED_liCkENIJEgGDzJ8foA,1582,1
OfPARANLXvQbUH9rnC1dyw,854,1
1MMuH642NDS559wUT_dGVg,1703,272
LvqmuFh9_Os2saP68TovGA,1795,5
PVRk0cGyR8OH8FKHwBnzCQ,855,7
2U4kH848ltMuXCvQJeeFQQ,2038,11
3plgg_3QPIbOVIrslS9LdQ,3448,31
8owwbEgHUfHxxqziPdg1lg,2102,5
pyfgcOCgRE6Klyq8L74Mlg,4405,2
IcZLlyBJvXwy5nGDvL44zQ,3082,62
ka9vXFMz1lqNftOkN5wkvw,1164,5
1LFSJHvSErX-wjJ6Vtl9AQ,3705,208
oFUnuwRkMWEmHPXJZ-0CoQ,1438,3
fUBxHlrVpuVT1dXEmnGTMw,2171,1
fLYo5vnhisF7IxthjAm9XQ,1902,3
vMV2C7DaJ7J57FFlTw5sqg,2666,3
1uMi3ZvJtKPvnQkkPPp2WA,921,4
EDVcesaM7QeCoZSpyV6tWw,651,1
V8DltvAwGYSXR3WNB-uQZw,2641,2
yxdcdZiLg8FTGznNlkAu7g,2873,34
GKVKgSbZ4SVNkdexdXQngQ,1067,9
8CA5dd3OKKmkS305EAh_rw,2191,6
1ZsZKvdQSI2bQ4Nc-iznIQ,974,1
aFpvv_Io1PeuJEA1JZW_0Q,1948,10
DpXGcWeuuypTRCASNgd0sQ,1297,2
N0iMJVV0joZGa6IXUpB6Ew,711,1
nv6CD7D1_1pB3J8jQ2F3xw,1053,3
XXRMesUvdSN9OfslsD6MCg,1116,3
OVm0lMne3p4-S-e0WR4FFA,1775,11
rsN7ucwR07mZDxwQiyq8Vw,2963,10
lB9T1_4OQga5Yjp2RGZn9Q,836,24
4OCNhCS-b4Hx1mLEkTnamA,3493,20
LDgOIEmaABKP7pl3wdgVbQ,947,9
tXEVM72QmBVr6GroUqEjew,2784,19
uW24R1MtJe0sn6Y9F2lMaw,1782,3
pGY1HKUm80XRkhV0vL0uSg,3099,3
WE9nJ-SS7pkYYuASw_F2qw,752,1
zd4Mv-Y2ic1XVTzjbQj51Q,1507,3
IWA6isLnPJ4dVx5h07_7vw,732,1
cy0xS4zj0zOOJlTGLVuTTg,1656,13
2D-e8K3PqVQb74XgIhfUBQ,1506,3
PB7kh3j3U8LFpetaDvLK8g,2096,16
4t_Q84YvnPL6ufq6RcHgSQ,1956,122
opGIJYUffrDYI4wCW0uxPA,1149,18
necAocwUWcNhTC1gwxrTaA,3535,3
yhoifCdVNF-3iZ5rS1gq8g,3076,4
jClQcV8tuF7LAdiHsvVkNQ,1804,5
juX_IMtufB5yhEfV83YaeQ,1610,2
3X1XKHhdpKFwyxolKPG-yA,1500,1
LmYC333wstmrvXQRFJbZQQ,2818,57
XQFZMXNrmVhcVWVfITztnQ,758,1
bOFmyPXZlgmqNZ5IBg9akA,1173,2
7S4T-LpnFE0GcRjy_KR7Gw,1421,7
hlFS_0tUaQtupkJlSxQ7EQ,3849,62
7QInFbO3HpgL_iwTPxt8zA,3214,37
vlqxr6yEYOCvt2kM07YVeA,865,1
ELj6UsQxDSoH13voSSw9sg,1481,2
xaaFc2Dlit6Jl_5e5_mTuA,3325,13
nP9672He36EkfgUXW6bLpg,770,5
I3zCWPkrR7QnYd3ho8979Q,1747,11
6lblBcU0CGPH8sNIciKaYg,3886,12
5J1_Nf4x7yRkZYyPOVOv_A,1923,3
4Ha6X2GuVChn4Bcuavgodw,1597,1
wpGHXkb0KbLIlEyCIM_JaA,2117,1
Suhox_RBnP8kps7241Jj0Q,789,13
Jf52UO8gCmeXVXmGonJ4aw,3472,11
qyFpnrDblCIC2arJqPJtcg,2529,134
emnUxDRdv8Oc1CbXePmdkg,2869,2
56uc1zXyRLaqG4ewl6Y7yw,3756,80
SmdVn5Pbyr6nZkYT7s3whA,1074,3
b6MWkeH8KB_eXXkLnWI8_w,1592,2
JHnCtgthB9fZubaT-hr6RA,1304,3
gQ8vIKg3sBhoGC7pYsVeVQ,1413,2
gf2RENHMxqqb3JZnGY1eXg,1862,2
MoZVl7LB36ld-XIPWVacFg,1669,2
JDVwJdPrxoEQliTmIEWJgQ,1899,2
JgFYZUglJw_EcxuLbzx5kw,1406,31
C-us9JoTnYgeqyq6F8Q3LA,3868,1
WFemH0rGRRao6UZ3EiFT2Q,1698,5
5rVGOGPZwBZTafjoGIf75A,2218,21
muX0EMmzSPgy2G5PQb9_Jw,1985,2
kc4HOa2U9_C87jFnzhXFpw,2627,10
ZhG8o33dJ2PbxFwnKsbaPw,675,2
TNhrTCVgDJ0lLxM0CBqssQ,2505,97
N2ez4wPU3yiJNHrFRsKqAg,1459,1
Y1k8BGCFESfDp-shIk4EWg,538,1
89TX9Uz_LvcU5vGaKj0agQ,1051,2
1DLzEqgV3Y0Sa1M1wCKMcQ,3229,4
hqAla4o_V6FvyWkYQdbLtw,1247,2
lLkNh0aCCRLgK3LJuynbFw,2065,2
JyJ0r-HtkmecIRHyOfj4qw,931,6
IbJM3coBn_IAhwxzH30G8A,1948,1
bSW4X4gzGGrdt73W6pkREw,2030,2
al3PY0_O9NVgYnMBEEPb4g,2235,22
XJo-f8YPo8sDRJpbcoq63g,1638,2
0vmPcWEMWEoxQDm5_e5Lmg,1539,1
4KdEEylRivFITqkBxD65Ww,2745,11
exU8OnmQXOzJOrrkqgZrAA,2766,2
4EFPghuNLaeq47sOU3thHA,1042,1
G0nBEDUV2htI8xk8TDR2wQ,3057,6
FGEtp5gm_e79yPh6jnhECA,1410,6
iavu1chhw2PlkrOV5efp4g,1528,1
3Z7O0W3eOZHOGu5Vy-0_cg,2485,1
yiCRtDlPs7uVtjnGpb3org,1089,10
l7___BEjqb4HprjyytpMxw,2428,5
pEi-WgQxFyvUfqgWo768Hg,1142,1
PlCSLCdRnYNWJK1ktMDqgw,3068,16
LX3v6DYTEjYO4EnuJVlzGQ,1590,14
NCYLePtaj05bysUNIhSmlg,2841,4
n_77P_XaTnp401qX5OkYZg,2671,15
HYOYDiLdtHIFUx_4fg7E8A,1990,1
DroQZb_hXy178A3UU26ZIQ,1141,7
X7Bda1C8XZGYVLV6npQRHg,2747,6
D7-1dZr2yVK53WNkJQOv5Q,575,1
ChRLJJVFy2a1wU7Ari5D0A,2638,50
47VzQgxc2KxA-bK6ROmPIg,2264,10
azS3_VPmE7c07xm4lBh4gQ,2803,2
Xk-nWWc1Pq1pVamnJPlxmA,1959,1
mLILnpprlRq5B2nsKBXJGA,2462,3
wGgn9CxG5x_2pKeEB73IyA,1063,3
W8Lq5qqx90XM6TGMvFDyeQ,2228,10
z6igh8qqR0nLptP-jXg1Dw,1017,1
iEI693lruef6tAY7zVy9oA,793,1
0qqmDtkbGQlSTkuY0wGqFw,1337,14
bY1svhjnaxLqoAuLSuij6g,2722,336
rO8BlXQdAVTX2koeAv8zhg,1500,1
qB6L40sziDiOvE--1igavg,2709,116
i8h7sn8VVgBVuWgi6gh50Q,1889,11
DUmeIOKouigV8EvInQkBuw,4199,92
1cVde9iAuj6OVyGCwz8xeA,688,2
k_kT5aMv51-VyO4K6Pct8Q,1294,1
6LSCSW8HY27OGNDiGXZj8Q,3462,2
2MBZID1jHoSAhe32onlMPA,1989,2
T2FhM2IXcv355mdllNg8dg,3130,7
rsPI3uIEu2Wz6S3pq40qPQ,1739,1
eWPGlUfAvbbzFBrw8zEAPw,1392,3
r10ib6GoGfv9ZAM8Q8Yj6g,2100,24
q7qn-3u3Jl7z5TsUFTPWAw,2109,3
BowjlzGADniBtqEXEkkU3g,794,1
JGc9FqiuYQNZlRcaN6SMPg,1288,3
K1-7Bi7egkWx9jOOYZlkfw,1267,4
WpNVsqjPnoIJbIxuRdcz2g,899,1
4a97YtX8oNmhvqw_2ohP2A,1831,89
B1oVNwAAN1ti-3hPZ1cwsw,2215,5
tYFjq46_vKqNmOqPA8klLw,1839,4
27uqZLQperF-2XENQlOhbQ,2332,3
rOYgPR5KQ4x8urP8VcGDqQ,2721,2
yz6NxTFa4JYrMKC1680Z-w,2223,1
k0A9heZifnMznYzxpiueIQ,1064,1
XuDsh-_xfzC-J0qyB6Sgdw,1622,7
37RCsy6w_DdZ_i8O8MzbhQ,1158,2
ec4d-DK0lKDTHzm91BiI1Q,1241,6
RvkR-PV3jlrcJh8GHCDuAQ,2775,27
PfjwBj4mBzCARGbDYEtqFQ,990,7
qiY0BvKIxtDKED77EB9YiQ,2317,1
XWYYNLti5wboJJh-jT5Klg,1518,3
c6TaSLqyOdcSOk4F6eR6eg,1638,38
kPapKyV_HcmjXZukzusTcg,3541,7
Xu16c5BdDKiatTWRYQy1Eg,558,1
oVcob2qUgeDxhdxyMELE-g,537,1
coXjysW91jn8osB0SgLbUw,3071,24
DLy6786SYbUu4F35t4Y01w,1639,16
HMsbPBj-mdJtbLd2owtxYw,912,3
zS7MqvGGZNRbj64Bu2wQiw,903,8
IeHTSwA4EzaWymlw507JlQ,1320,1
tdquDqiOhKoivJJjbfKw5g,970,1
OVCAoz1GLy9BtgItBTciqQ,1828,13
f3KrSfduy8Ell3ht_dMUyA,1459,2
Fw6_t_a0F_1jE50UmOIFgA,831,1
Npr2lZNyZTObrZuyKmBxTw,1196,3
b5wA2VG8VgbPhuKZOjKJzQ,1535,5
4wAzW5vUP9RrvtoAfASCmw,1543,55
1ITlYhtvFIudpplNse55Dw,1786,30
k90QC6DnBA1_o21HyfnVKg,1841,22
m61sAybeT8pjZDu0tz0qjQ,717,16
enwk6xK1vvTZ_BV5m_ailA,888,1
eB9Mt5S5FiiuTCnwL8smJQ,1992,1
iq2L1HvKvXq7LCWKS3drNQ,2321,4
T9vRtfF21Ktc7SEIZShwBA,539,1
rylCV-aqwCZEI2cYaQjgRw,2655,23
mUnp1m8PLzdL3_B5AnNg0g,2863,76
skbal_lXgTzTtjXkyeKDhA,1520,1
i0Ex6_7pzKyzsWDQsy-7HQ,2202,1
mrVIXhRTD1t3yGZtx7uquA,526,1
x9xc8fgqGVtuVsfyKQ98gg,1466,1
gswo-bJWhsEI7Q1LB3-_FQ,2153,5
2Y7uLyY6C-YQ8BFg9OGaIA,2349,2
e3Kjh1bVNZRO3PKBClZ9EQ,2322,23
6ErHJKQD8-_B7HmvEoYp8g,3871,2
CVeTCbidX1-FX2nVtNdy0w,1551,9
kHV-_0gxS4hGt5Ebnym3CQ,1046,1
wAicv92c04uLc4O6z8a1BQ,1067,2
PK6txq7fd945nX86_dSw9Q,2341,390
gk-ujYA8loxaHqxIwaAbag,2130,18
tg4FkGnRkCvBNfevT9Qmng,3280,14
-3hAkR44yxHLylVrl6FCVw,1058,1
VhfLc4KTKTpHZLe2HU7hyA,1303,1
_dOFdMAVHnvzsLd4XnLR7g,2623,4
12JDv0Qj9E475HZn3OEGJA,2747,12
4cFDxUt-YzhPxKarQ3ZkRw,1059,2
WlZBq94Q4z_RIsZn939QCw,3241,24
2krtJCBjMpSMdI8dc6-4rw,2756,13
juFiGjYYXzhdSa5lM0ZgcA,2632,92
MJkomOFKNKaMj4pgm0XIfA,1917,1
oD9HFlyp9hu5vQzoN8H1lQ,1688,1
pJI-3i33Xx9M-Nbnk4Dxbg,1434,1
SgUy2jjGWzyX0klMRrGuUg,1952,2
L1-wfddwBJod17MzhzZcbg,890,1
qSGYdC8q95SQ1oETjRWf4g,1099,4
y_Q6AvCo_qlUb7WIyPP8TA,3781,74
ZzOmh_aXTXYIWESmi3PbBw,1836,38
xFHcfte82BDNSmAL4QBsMg,1329,3
T9U2gjnsYA3guuX0Vo8Q8w,2046,1
TGxQIGYW1hWEl_I3p_WdtQ,3075,1
CQb_BGj16OzypaylBaCKXg,1354,4
q1JksLqbC7w-dlM6gm7VMw,3121,3
UO7JT8e8SoR2ZcSlrOXU0w,2408,2
_FZzi_aO08_9CFTU0Cre0w,1310,3
XVJTUS42nXpd0EOsMRiQzw,1877,2
c048-faB7IFaEThTHz2XUg,1257,4
1fr_eXG-FIeIK_jMcEhe5g,2264,4
zfLGEgDhnizIgVFQdRgROw,1134,8
eH26SSRYy-Pv96IW5K1atg,2537,1
c6KNwQsdVgDSD776QX9NGA,1809,17
MKhomgg7YUIovvQCStCIVQ,1871,12
lTVcAVEMGAiVc-AP1181CQ,2384,1
q68yQx7j_81FkcGrcNYtWw,2746,19
4Xnx7S862ELAx7oTITlLJg,1466,10
qawJs3xpeSxlDRyEg0QIgg,986,1
uomlbjGbgoctxIA3GNemYQ,1090,6
xmzGKzeUI3CsIwTkQmGAPQ,2311,10
egMfP04lZcYFUk-igKyibw,2449,1
x8-QBNNfgkeVQRUgi64DPQ,1168,1
4RufjCliv5S3ykdEvMwkyQ,2786,2
o8eYK1_iPX_7hKvSOksU_A,2837,2
X089DTXWhnHaLBh1tou7XQ,1203,1
chkECNj7OkTSRUp5bG13ow,2118,11
HGC-fh9CTk_-UDOKFapruw,2219,2
GYVa1yEOxK2J4noMiRCtaw,1749,1
QI2b-fSeZ5uTDdMxOocF0A,1359,5
jc68Bec9-HuM1rKR9p60wQ,2865,8
LSI0Nkj1SSCPKbByP4GGqg,1767,4
SoQB39w6eplADCEdm-MFQg,2749,26
n_4YM29QPUHEzLFUWymwSw,1970,16
HoYpXT3eciHvaaJdWx-dIg,1681,17
202DEZ4BPHCQo9CnniRQuQ,915,3
RbcKCBmCVs-O5Fo6CLBG2A,3005,57
Gf1O7Pijtr2HN-hvp0h8rQ,3096,13
YLnXZwXQsJNMjYEJbYIIdA,2325,1
UAYhFUogZmpyJCi7tWqMpQ,1209,1
iOmXhEyfconIhuzApQKcRg,1671,32
Tn1QQsoIALXrE67MfYv-KA,1625,7
-h8hSSQH8ipY2RriwfeWsg,2698,11
k9Biq820zaWwrH0rzgk2Hg,2331,4
YyjlQPWTyG0OQsJggp7jaA,1529,2
1Q1sxeLt_06gzaeKm7j5fg,3021,13
2Kigqce7H-9pgJZUAiqeZQ,2818,9
z61ccjy7T72X_q7KHoOP7Q,1845,1
qaxE9PGq_jgXE38HjAX4ug,3664,61
Kvp3VLTDvUXD-H9iLcyeLQ,3127,1
W5XTyQnSHWD6aSiUcSw_1Q,1665,34
SLwh-wIrQPWs1w3y6FC-tA,1464,23
A_a75zaubcBqSIoiSeKxvw,1644,4
B3FlvQJpIbiBuG6kBo5MXg,1927,2
LIqHaNBUuUinnElPhtuX2A,1772,8
-e9klTqzYKZLODTQRksUkA,2147,2
LZbyZPVZjV9cZ4GEsu2gIA,2165,2
25Be2eHc-sEqgv7E2w-uTQ,1319,2
zmbGtVW8wmV-IYhyXbe9PQ,2508,12
lhcwYBf7Y8Uf2mqldBbepg,2112,3
YAjwwMcYVASfSlvtgs6U3w,1255,4
2cjEyKkgbstKNkV8ed452Q,2384,8
gMYHnPQdSiraeTAcvvCDzw,781,73
6nxaKHN9K5mxD8Yja3uA9Q,2223,2
VHVN4N6VWLIJI4vp-7qESg,1404,3
AjFjn2G6l-r5M1Fc2a9uyg,794,1
owkCqOj_VonKahIA6EIMeA,1597,2
jmtliNhpaz8dRk62R1uEKw,2855,11
TxWtLXEg_8KadRB79bQKkw,2243,1
eBsrpOgqTIyQb0YyU-Yszg,1422,1
c16GE-BJZzWcVqIsOzNZjQ,2552,1
eWrTTflAB2oxvR4V1Th6PA,1897,1
lpdnbjZVgfUvrLAydMw2rQ,1305,3
VU35x4JJWgRiA3VFkIfrfw,2615,88
2WsVXK6WZdDz47tIPt5T0A,3543,44
kkdW1dOsFiRnxMxCuI5W9Q,3959,13
91jkiyG5nZsGawOtsu071g,752,4
8yR-R6qoRmUhMBWYBrn2qA,2795,2
4PXhmp4eJtQeQ17OQukCxg,3015,43
fQi3pZLgwmGWBvsCL2sT7Q,2960,1
gTW99e3MvD976qHdgbXByQ,789,1
HluITn6DeE2l4oKugCFwPg,1409,2
1bwDfmTC8nY-ckc5v0cqdQ,1707,1
qi9hnRYGReZeIAzRAN0w5g,1434,1
Ju90GAQwC18ahPmHr6ziQg,1518,81
mfJOsAtfKYywL6BJYTshpw,2849,1
fRv5gsqKeRrj3noGsjdzQg,1068,5
ULc4g7AUVqbPbn5KpcP21A,1247,1
KiRBO-qHPcAcVshKWuS3Nw,2183,1
kce-SJA1tmxb_uRGAsHbew,3031,14
hr3WmSQOkHIUcx88G-VrBg,3417,26
pYTs9t-46Qci97olCuNCxA,1114,3
h92pgcgHgS0GPKV-tEw8vA,1719,4
9hhBezBZ3Mdzq6MhPkRLYA,1923,1
wtWNUc_DTmQsgVFWKZF2GA,2363,8
O7Et_ot1reQX3dqi4AU8Gg,3268,21
f4KfNOk0-Q7_4rImC5YjMg,3437,1
C-2N7MNXTNIbral6Bble2A,3436,136
26nVu2FZTrYt3PEMXLCR0A,2460,25
FNoiBly4I2-sZNfrvmDlZA,1416,4
fhGr8pVGL3eE9IfExoLm_A,2495,5
A308EWFT3l5XlHLbMogSTA,1087,6
nj1kkYu16ozsGo-vHacIcQ,4190,124
r-YBuVJlEScUr5uueugUxA,2689,54
EMHUa_fk3dp8oWRyBjmMRQ,3451,149
5jfxW-grvtA2CsnwTwt41w,3825,314
MjU3IXYqyDXcnRq2KTKHnA,1283,3
ikhSTvSn1Cy3Z045FngVUQ,2437,14
O6-b3fT5ocBuCLwHUU4-Xw,1777,1
iUpMZjHmXPqc8O1Uy9boDg,3908,204
ArgJcWKNHrdMy4Y_zd0iGQ,2584,2
PPHjVmoXRRqK7zlh0GkvNw,1988,2
1j-Oaf65XAGJHvuJxWaX-w,1253,4
dkwwpc8GqCtu0e3rhV5LyA,2571,4
9LZmMDuhaI9j5xVA1nf8RA,753,2
ZIPOPyS2iNvm8eQY50b8hw,1245,2
J26b_8yXlKo5ABszOGY-ZQ,607,1
MjH_JWufWiDpTTRTSKkByw,1694,146
6DUF-dQxWFCQVZHe--uZlg,1008,9
T8Hg9GIF0mQa5tvNKmZL7Q,4466,493
6DlKLMJTLnE65ijoaiNxQQ,2895,2
cYQQ-rNjbG5Ast_-S6tDZg,3083,40
TVjDT3DnOj_whNzj2ceIAA,1610,4
YvOhJYuO4vs8OZ7Ssu6rXQ,853,1
76vs9Y9RGvioW1RspAIOvw,2180,9
3ZBWsi1rV-43R_9SYY6GeQ,1678,1
wXXFwBm1yyk2bSOA5vnc_w,1806,4
_zEjgG6_OY6NQbUqthubmw,1086,1
bwkBjGSNM_FLEVrjZOI2kw,3439,3
b4XcgtNzWAriAucXDF8T7Q,3614,81
8zXVEqYMHlWssFCQYpjqTg,1584,92
YFOVi8viu2l4ZI6uuslwlg,2288,14
7E3eE7GvXmyn3sefpVEEEA,1683,14
i6pYN_631IgSKph55fN2-A,3883,428
VXQ5S89fUnEqEvLtTTh3hQ,3805,26
nhmgfH6J9yXX5U9uR2jZCw,2270,11
KjxHuHGt0OcBFXDmTw9b8g,1403,2
fe2iiSraAl39eejXjCxGEg,1829,1
ZpObGBuiwDchtzgU82X31w,2787,18
5HT19hy9abs-uq_XYmEdDg,1232,1
djBM0G38TOEH91lG-D7auw,3090,36
du_1WrLGnUwCyRDLf5CM5g,2894,9
EgPRdMxVXebqXLg2aC78kw,619,1
xqaSVWzChJeFZsKyITFrXA,3294,4
Ii0cT8r84iEC-JGWDC9y_Q,1581,4
BQ9rWVDMRfb7fGYyf7f3Mg,1967,17
OfORDznlGmatYe4a-Pz-TQ,2157,2
YSO6E3-SZySMeicIuSfEnQ,4042,3
C-XO35LSlGnTT0u6EnbhAw,2490,5
m5n1MVM0LmfrFUBN-G2HIg,1979,13
aPP85bUXjhUj2C8hO-Onsg,1335,1
x-x9ckFjAYjQfUs477k3Vw,1273,1
KmiuxTCLbEPeZx6DCep33Q,2575,50
nO7R2wxu4zsQjaERLfDlBQ,2252,20
ZGfdI4zBAWvXJvIpPxPQ8g,1967,11
I3eDv80RG-lNhDa68e6gYg,2106,2
lwVrTV4lVgYhNuM3zMbNEg,2181,10
esIY7mQoWajq3HZYF4oU-w,3432,12
w_PPO6s7M0CM9bn4V_TyBQ,3372,3
6tXRRGJgQtf4WEbMfMCSxw,1754,2
erXxsyKAz_0__0gfb2iDhQ,1616,43
f9i8wTjrHtX0hsI-gTNhuQ,2451,60
Na5OLCHDStOGB6_aloIyfQ,3107,29
S5toI9ymTjuOn7k5Nodo9Q,2361,8
yRHzujHArQTuaF9y3MYBTg,2762,4
PBUt5qAnjS8dVOM4fqTSLw,2345,44
6_ec3F0YA15jkvVkdFNnpw,2844,2
y8slvnuQ4e8Sl_gRzcLmsw,1438,6
p92b_jMRYC2bx4CQVabnQA,1244,2
dcKEvfmp4k4K0EGJfAUi1g,2566,3
g-MkcubyeqMA02OjEThFZw,958,2
YcaubIFMtT961pnUOeWcFQ,2576,3
54zq6vTdx-mlNbzZaANwWQ,1564,2
AfhUTndmXcyoIYqHjfSPmQ,2171,1
AWfnEBmfqmoLWtrDeXePVg,1058,7
7jVQ_QeWGcach1pax0Bvbw,1932,9
BT7XMlWcx5YzoflPWsW-IA,3298,183
aWVzjcV7Tg21Pb2lnaIcCg,2471,5
jLbMHlIJb4gUAzruJKj_tg,1760,7
m3UAGrUImUWHXK8s670uzw,2510,9
oFVEI1QE-gWcDrgVoy8etw,3630,30
OWIyDWrIdaBfGBdvVI3uxg,1137,8
PLa0VunmG9hRsrONVQt1Lg,2296,12
QcAdv3QudkK0EHrYJ6Q1pA,2057,12
jGtRhCKxcKkL0tazLB2wIw,1550,4
0_P0i6yZz_ngBADbPt9LRw,2598,36
CHcX8OFcG6HB8HP82Svi-Q,2370,10
gTFVzFbU5xIAqzWGzEcOKg,889,1
ubpyC7X_DkVtCMsAAwa05Q,3031,30
AY3iVjwO_OVJYj4JgePsdQ,3744,14
GZsxBTABHIMhOs_JgpSKUA,1417,2
cSojYNbr-4GOSaLOYXs0jw,1911,10
Ap8x-RuH0_7eMIb5_wjzTQ,2766,27
BfmDC26FJl1KcYAwm6Uajg,3074,40
8JUdf2cb7d5yuU4KWi98Gw,3785,22
cQjFUZ3wHW5MEajjiOw8zw,4063,411
gSpmMaxaM6pPwRLetluaeQ,2008,152
mWit76CIFOTdzRDYup06Hg,1403,34
-1Eu-fym0JHDzU8dVYPUuw,1186,1
Tb1OYHt0qlNXvxjhAHRdbQ,1629,65
VCASKRHft7YeWCP5J8CcQQ,2180,3
gXLW6p4TU559pkZFUum9iw,4271,18
i4XSenKNeP8gBJKf2AmPVQ,2571,5
psJ36LwugFXKyBn1pqPQeA,2509,1
wNUjO_V0xh4CV1ie9XKAUg,2740,2
FetnyRmjxqjmgo5wl_bk4A,3060,44
E_I0N2e6SItsFXb3punECg,3487,20
FYzWfjYo6CEgbk1Fs-58KQ,956,8
1TZyvAV8HgRmFgzteKAbWA,3876,24
Nl2WaISuHcAW23ByeTdk-A,900,1
umXs22JxE0Y0R7TJYXyNCg,1230,3
J1e75fu_hDtQXbErpoQ-Cw,3035,13
kAmsXFtv_QtFH9j4Kf8qWQ,3124,7
MZ1K6wsgANv3UMzanFR3fA,2144,2
5qwM6HyBIdoXCVpr43Ct8Q,2830,11
UlkAX5KuEPWPjlRMkTlC9w,835,1
fZe3s5Ceszfy3Yz2Av6IkA,1038,7
ar8CxhI8qbXcsuhLEYEQpA,2088,2
AwwkMEpeacWbRL1cUnKcbA,1315,3
PM6ozU6YhyBJFtcOOe7QiA,1328,2
gfD8VFPRqeccSoDKbZwXpw,2400,2
DlDWwfC_CFDH2ncI0jvKlw,1593,1
-ZC0CckjA8MHqU7kdD9Y9Q,2139,1
66W-FNmHyg3o65t26Jp97Q,1518,3
gxG3_Gq7sP-aKDC3cBXYNg,1223,3
Kymz_HBLaj6-1bQcZxh0aA,2052,2
B9XQUuBZK14JmY_edK50Jg,2047,2
g9w4GjdjOwtJ6Grw9xZMzA,1015,1
DeLboyqCmApKXNlVIU__qw,2824,14
BYkGcXVOn0u4KuZK0beJMw,2206,6
AsKo9nzAlIZrRK-VuyprQA,576,1
RbkicW1CvRX3-3VpQZ8lPw,1558,1
n-j8CxcBF-k48fKNoGvXkw,1778,5
pmoIMK8zGWvKsVOPDBYfzg,2537,10
2n-LERs_CzB1gk59hv1hQw,2129,7
JqMOTxb98C9Cu_5yHvXXtg,2814,1
dUzLBLDZ-inZiBQtX4hadQ,2044,2
8JRHZ0UidrZh5cM34tO0_g,992,2
Arm3dFf6UsDSvxsYio3AlA,2397,6
7Vv1FSJ_baRlT63c_RicPg,3725,18
uvM2yzYnrweldXRexRQUww,2563,4
whp9tf7h8leWCG3JDGcNEw,1757,22
00x123TqQFUKeLQaz1uxHQ,2756,5
ru-dLEChbvRyG7_F3REKNg,1596,15
xIuDp9aTkPF0J1GwNfMn0A,2376,3
RghcPCgOUAiW6zAEMO8S4A,1805,2
7idziWzGS42Lj11k5epm5A,1093,6
cldmQhp1IWDuOof5IB79kg,2337,5
SKPDSQim_ZV-HawujqiIhA,1200,1
h0xTpqZxVf0LrdwyOwEgqw,2572,9
sqxsuL8M44dMgY2GANaw5g,1595,10
CsYm3_wbE9N4DM5yrci1Rw,1596,2
hseDjFkLWIj8HcdCI94PKg,692,2
0LzFW1B2_S6gybvq1EvMzQ,2329,5
oKB431k0en79oZ7IPKOuTQ,720,2
-0dgiealNJ3AeX9RmI8F5A,1966,2
tqEazHm-7jL8afvtSbnKZA,1552,2
JR8-d8PPuwKJjS8bIJRJ1A,1403,1
Qb1eIfddJH3e8QvTDtCZFg,2175,3
8AZ0or0GM52x8tga_TX7MA,1732,1
1-jCkJjqV0-vBAbpHJMXHA,2813,5
EObX2FiiuJc2I0k0ufgZew,2872,3
xkjJ-LQPxWcQVWwpo-4SEQ,2599,2
KbIW50c9J1Hg-H1gH_TkCg,1438,1
vKpANQLPY6o3pLZqANJETA,1878,2
bMaqFexDY_OmUcyndKzpAQ,1619,1
62OxyVAdm6YR1f2AIzrh3g,3348,7
Ec3-JuHnoxWqXWbZgM7khQ,599,2
Khc8BGk2oizc4bTfp9wrCA,1333,3
Hqg1TTa5sFCDgrT3ZDkiFw,1205,2
PPC5pFO7ESg9VynlaSrlVA,1416,3
aP14R5fPFlFbSRLsZ9oLqw,1625,1
m0d6zkSYlQuVSquq17r4rA,2872,2
0STk0-0BQwOD6F2dITKrsw,1575,1
79mXj8kK_paOXsTYsC2ggw,1260,4
djkLvzfJJ49x0WtCpiN3oQ,2773,1
HqUiSeJ-R79T3o7Yy5iK1g,988,2
vgoUlZAkm10XkzIac_v7sQ,2908,3
kCngcGEE1xxyXbswXFiVtA,3399,1
c4I6w1CcvNTjR74Px9ftJA,2136,3
65OsQ2_rE-lhJsKfjgfK9A,587,2
9p9PlYc4-qis6if1LvQCJQ,1658,3
y50floM9kgv6HBo4ieh6xA,705,1
JJVh6ln8WFRA9OksPaqxZg,2032,2
yUyjmAGfQYVP-xQt0jI9Kw,2483,2
uGkk7dqpnYQlzVfEkQqK2A,949,1
EigCVGJF7wUfHgaENdHA-Q,1265,6
4mqdyvQCW42wbTCogs7wkg,1390,4
u-g14YFek_Jc2otiO9cfEg,811,3
wkzuF7BFri9x4tB2lKpfxg,2495,1
fbM2YGpToLAYbIsKsUMH0Q,681,2
CCgOjzS1l0rkNEfoPJU2Eg,629,4
Nd6802zhNvZPQg8LDfw_Lg,551,1
sx5ND6Mra8Xl4y9m_DDP8A,1804,2
XU78E5vXsxH0r10OYj_AIQ,2616,1
PXOzx8bfp9C4_TPgKGmxug,2104,3
kZo8mweflKPmNuAdjYnnVg,1423,6
1Ti8hLNy4Qm0wCTbpdKCFA,1187,1
U2TzP-G4JRGNURT6UMxJoQ,2062,1
TFJmbrOkUymzTcJm_tZMFg,1394,6
-gL7Fvc92Vtm9RnlZzVtWg,2238,14
Cy_ccbcx7XO7l11Xv8Ou1A,1480,1
h-jetz5lt09D_MXF_UdZ0A,3321,32
DKdMtgf1wHS7M25rV07j_g,2212,3
8en_O28vCzkIFBqugUrUqA,1746,11
KdQWFbPxPH4zKyfscMaPVQ,3096,20
gUXseaYN07tmwSWJgK2ADg,2172,58
IaidQbKrHAzLDqLQqWD9gg,2477,14
bKb0KIzYifbV6tchMEszbQ,2756,9
ySzY_a1B4D-wbZZYbvDB0w,3210,21
DR7b7abxfuMxJz6xbWBhHQ,2712,81
muU-ihbBfTJx4K6nE9-XcA,1657,7
c4eznNs8hVrxcm6pwnrN_A,2184,5
pbEBcjLzPCqU-gXXKyypsQ,1562,4
GmtwKhyim8d6WRkil-mNNg,4062,7
WBkaeKP94JtLhVeEV75wHQ,3280,10
VTnrD2s3Kgv4s7crGMEfWw,1661,1
YYmJ0IY0qz_lFqN1nznYDA,887,1
KJwy8ueJ4Y06hFmYFwvhAA,1750,1
hHC2RnPnPHWDQYoq9EtBSw,1203,3
BzrMtoaUMX-QlFbIB3DYiQ,2056,8
bnYOD_-dbUYwbrxc0QCxpQ,1970,2
Mr-veAU0cT6D9B2O-q87PA,686,1
4lGlK8W_avC8m2G_acN3BQ,972,4
04-aXJCbe3nAHarWQyuC2g,1322,1
nP5Fxg8YwGmzVPNF_Jwfgw,3423,16
olAo46HsbA1rVCwP47lT2g,2427,3
ATPr5uHvyHbZX5zDvfWOvg,932,3
_IRR9BesbwH2GP-ZpXWi_Q,3383,1
2Pvuo0Dng8Oa9-OdbzCZcg,2199,1
_h-WG9FBNXd1bFvjWksUDQ,1990,4
BQQyqCccOIiusTJxjAs4tQ,2457,9
Dmu0g4AUdio9wpy9aHBmYA,1289,2
hylDMGaYbGYAXtsIIWQqBA,1540,4
_SG0jeIUWW6KromWFLuSYg,1121,2
8O8YGTaLjx7mepuwUejkIg,3269,15
FPJeHxXmXA2-wgsaguFuKw,2999,38
-JC-EKTXBo3fhtuxzztzNw,1904,42
3YgaKMhMWT3t9kBVkuzCxA,3278,27
jUw0ezPZfY7bEP7BhhVjng,1459,1
VkC9cPtDM-T--Sgcf8iYew,2339,23
xZIUr-o2S_Ab-XBr3F1z1g,3219,23
QjAi0jpUDAnsDzPG85YmQg,1542,27
PPKX74DNNxvMm0tIRgkq1Q,1778,21
IEF-azdw_VSE3jV4c-lcFA,2711,10
cvwO75K4FKpUkT07YRerwg,2530,6
O0O-gnNadHwHjOtN2px72g,1909,2
WrB_EannvqPRrtcImsSJbw,1381,1
GucMxLdZazUeL_cn25amAw,887,3
cYRUT_dYUQu9vPFFOx17hg,2493,11
YeyE2eTHZ3epu9uAsoyzwQ,1582,3
VsJm29uI8zYwKv_jZV5DPQ,2575,1
NGhIkelqYc8UDNFRSWS9YA,2281,1
CNc_qWYRVQ3NVjc6m4nJZw,1927,142
-8SKTi1Tpgshk9tmc-6pMA,2569,10
yFDzr3Qxb_QdoDEs9AYe6w,1190,1
8o_heRRLijEIBLGA5NE3tw,2126,1
XpJCgkAZVtNOTwY6vSLMgA,1906,3
9xXzsdGzfUqtqJLV8fVwfQ,3020,5
cCjkjhlH05Fpsef9kna3NA,2727,70
Sctl8GB-aqVbLxtZliI5_w,1998,7
_XECZS5RGj0-KPLeatoskA,1108,15
f0a1RLw9wQI-pR7ZukuAAg,1082,2
2X5KwkgKtkHk0E_HcbAJ-A,1294,1
gHqmDmJapyhiwYNmjnTB1A,1392,1
0Wkl_PlUPqf3H75KRXX_Tw,2718,4
4ptFazF_h9wYm9VRq2VdZw,1414,5
CP5006pjG4Ei8yKsGBRbhA,2690,9
tjyTnePrfRA4EpGpZSmHyA,2320,2
s0Wbc8GC9YyicDq4e7N5uA,1237,4
YP4VSVWMilhWLvj903_-qw,750,1
vYhL8mHF5f7RvNBj5aYRcw,3150,1
xU2Frym4cYAM3CRloLhYnA,2345,23
YfNQPAqVPIxn47CdkpmurA,583,1
PnWzW83b3yUzyy2JjbVoWA,2850,11
c639KLuOtmBwhVpt1FPBAQ,2103,7
JEvkxNey0RblZzaD9OYjgQ,1160,2
4Vq6sCxdi0EPEkooWrbHnQ,1286,1
gvYSs9aKCYcoJKLnPOxaFw,2524,4
yjE1tgZk83_TS4RQ_0KWsg,1446,2
kBrnqnEpWvzFHBFmB-xxCQ,529,1
5lQYtoLCOiEqkjlxrKkVWA,1151,2
AtPCHzb_JREHkwTmzNXtoA,2232,1
azbHrkFq3jUu2R-5cMLATA,2955,37
dnJlboTu7rUsjj8vtE8uIA,2303,3
CHFZEJ1lEL1cuYjRrY7TcA,1792,1
swkilamgSUvPOZViUTyEzg,2635,1
7C9VIYL1LGejwgplEb-S6w,2897,1
p-ecKoQIBGU-EK-izeKcUw,553,2
vxa_0b4S1pzuWmBRGjDpSw,1042,11
ewKZ--Du8WZDYbOiKMuPcw,2558,5
0bysN18dbRSjD5iON1yZDQ,1369,1
nHrjZMPevfS_8oKP_71FQA,3375,3
avKru8t1lJa8tXu0n021zQ,903,2
WA51bi8X6PJj5eW0Jzb7uA,1288,15
_cy9lYiDaihETp8wp9MhLg,1494,1
lzZZaPFjPoWSNjA_hvNW-g,1195,3
mfmvX63JZAhpY3ZI7YJUow,2417,48
zV2TwUyu6PleL1cevAUSYg,2621,2
gkIrC21DoQVxaKEtnP7XPA,1823,1
fB3jbHi3m0L2KgGOxBv6uw,1456,16
qM1LxEv924p4VC2lw6zBQQ,1733,21
rK8RvMpzWbB4emaiBqnvUQ,1656,102
UarZg6q5dcZtt21vkwLJRw,1889,2
w6s-xuQEM5Vu6ExzkWizjQ,3999,13
Wi6qQaWJ-6ffkuSAHcIwMQ,2939,50
U-VBKRO8iauDGAQJM-597A,1500,2
S0Hd_etBLUGgSSmnu0bH-g,2543,1
_UDVfxdZXa7M7XjLMKxAfg,720,3
92MlPBSSDcyBVoUYDpDtiw,1745,1
zx45D-Nb5ecP0SJsBNlIsw,2281,10
WOCNGGEpU1L7TUJia2zyKQ,1538,2
HWDchlDQ3fgaCpEYq5_Uhw,1307,14
dA_TLM8jJy7DPrdHVn4V-A,3007,18
N4amEPQY_a-n713UWc5Bww,2041,1
YTOBI6nytgj6K_QzfQCHGw,525,1
_ekYRTYmIVDU7EVWhNrvqA,760,1
BxEK5dGmLXEra_pJsBUZoA,2146,1
ifY1sJwlw_o3qoVq_hF0UQ,1965,8
pNVei-fb_EKEwzkxvT6oWQ,1012,2
_j4WeocTw0AwZk3KNsFbkA,2013,6
O7lBG-3f3KNM2gT0p8K1Mw,1560,2
mqmTJVgen1RspG8zWIFiaA,972,3
G8z-yGxtdzE4_QN77D44pQ,612,1
UqS2enZIyZT-o58S5ZQ58Q,1613,29
A5zw8xz4YUGa6GNkKCl09w,3212,1
kg6vrJmppI8LScfsySI6dw,3383,74
qoHp2ZZ3RXEt9CHXNRu9MQ,923,1
X3ChC911l0VYHJaE_L5aaA,2578,4
GHY4WUG3onbzyaQJ2KMKnw,1445,1
_oqwu0hJb68Wj9zhkUuN6g,1455,3
t2M_n2zOe5_ZTVpyotZWSQ,814,1
XN0A-FOGAksDXhih0worSw,1435,1
pB3bsPVmEAh2n6BVq6zMPg,1562,1
r38qUWG02c3ZLvKHaDFOhA,2866,232
WUzgmRAVrCaLlxF_I7S7pg,760,1
SX9Ppdt2XxmB8QCMIXW6Nw,3332,12
gvpypMemxzAN-8nusBjJoA,2680,2
DcdpioszLTZ6vZBySIa1WA,3442,18
K_YdYZivcKwooE9GQHk8Ww,541,1
_xnEdgUNo4PlnEb7takKbw,2023,3
WPA60Lk3i8Cl4u6OphoSVw,2434,6
UennpgBhLjJYdWuIz-5_wA,2265,14
YuOKF6JFx0ZK5JCUew_nug,3156,20
uq_QRbGNwq6IbB9kRIRyjg,1779,1
OoKq3-_3vdUEUzFaHxVqWA,1655,1
ie3O1tB0Y0GW9-i0aKIGpA,2623,1
4Kht14Ir19OFPXZzpaSGYQ,3862,50
SzPSs_PT5dSmo_U-j9qrTA,1835,1
ndeVGQx8XdGY7GlCUcQ7ZA,3525,10
Clx7PJ9VHhufbO_dORw-3w,1475,5
9RbYzhQTZ6YDMJuttuxzhA,2795,57
BCS9GXE7YNDwlRN9TYELnw,1927,29
7rqS7VGmHDy5HzH4OkvmXQ,1453,1
gzraJjUNSTQEJNeNwMlMOg,856,3
ujcqQPLjzeRXibkviFsRjA,2056,4
WHvWMu7IeQA5K-MYOL1JAw,2385,8
dQaBJXmpAvz1jobgmrs6og,1083,5
hUq39cZR_Med1uGSC60Ldw,1704,7
ii4StEJJjf_Dbv7klM0uzQ,1520,22
3M_OLwE6bNnkMhlV05HVMw,1805,3
D9g0ewEyvqt9B9XIkAdLTw,2385,1
f6PwwESTNVAG2s59F_EE3w,2707,7
ZeEfmNb-ZO_pEeYvlPSPAQ,1452,2
EOC-mWxDgGY79zh_t6Xnhw,922,3
N5Ll3jHdrmZspWoKrgmfUg,1172,1
y19s0ORc70orlVuftrFcLA,3521,83
BD5saSNRuNBIiIFv993Rnw,2374,69
djwlM1klnWUPqoBn99n1OQ,1639,5
zIyp0j7uH5lXiImthL6lZw,1229,1
eoyMDmov0M7qW888QOiOkA,2187,2
Be_wUYxRJj38UALkN9jkcA,1371,1
cVhQTPNX90rghZ1CGlLCpA,1000,12
Vbp-0mRwEzS5ArQ9APFchw,569,2
SkCknG2nXsJgasrosoL_Pg,2661,20
SJrtlEBRqdXNSDifC33h7Q,2400,6
CY5f1SG1FsyDatjjqKrhrg,2965,59
Bi1ZjW5Zmk6Tp4zLfnF-4Q,3293,1
rOCH1lnKC5zHDGH221jCcw,811,1
FxI_XWxJzmahJTGi0GCRag,933,1
DrzEbTA57FyD0e1DQHF2rg,1922,2
zJ2zY0rBIxwdY2pLDwoyYw,989,1
qBiIWs-v_QD0tsHa9LS92w,2172,2
bgwqx7MWjKl_R2yaY0EFIg,2283,2
frFpe-6mkJrWDR7wyk96UQ,2872,1
D22O5iD4KI9OGOwx8Nh8Cw,3534,3
iQGQeHj9IYcTgaAw23ZemQ,3062,2
Zw4Gb-m-5xTuZoTV1SJpQw,1683,1
Zyn73QrQxpPGR8VvYRnXnw,2141,4
-ZJwy-FKAL67Jk94nLlirg,2293,33
UhsgM2TaPKlO8pI_Kuz_FA,2244,3
kqRZoBUhcNjlp8AtKfolqw,1644,2
KMXzPyTu3nYJPB91xE6b-w,2634,3
flQ8d3936PAT0oK8taVzuQ,774,1
G-rdAYZ4l5XUJLhqQebNPA,1847,26
o-rX-5nXXKvzokbdxlNxuQ,1560,12
yZ0O6RwH7Ljr1UuiQQLeHA,1347,1
6J6FW5Vp_6n3MxeI3GaB_Q,1248,1
VvFtFZwzVv_dzU2ZkCe1Gw,1974,4
v_1IshclUCCGGYV997i6-g,2648,2
8ipqWKMDBkT9y9G2E_29rw,1444,1
8mL0dwVQQm73hAGH89NbAQ,1170,1
4BhMnjawAblJmzfMhR4o_w,962,1
pDFUpWvX4VxLPjVaS5FBxA,2740,4
sBkpzw3tBpL4pbRifaJpBg,1581,12
99y77YdiScSJ7isZTZ8qlg,1899,13
4lEW2iKRZjmXq6gYpvNnog,1199,1
_dJ3UBWisrY0qsGDRk6lgQ,2293,3
jkSuGs3GI_I0gygLaorwMA,983,1
39EuW3UN4dUH6XiLgd7h5Q,1944,1
D9IXtxPMN1GGhAD6NOBm0w,2028,12
B5xEfTITFESf6WsMHcQd3w,2315,1
Vc52TMk9FfQRSZj4w4uhEA,2372,7
6SiabTHonaMZUximZgf6DQ,2002,4
VeVJKMfiWnJXK8nFiy_eTg,780,1
xhQSXaWgTezoRMFcbi3pSg,1625,4
TfR3mD8ueI7FFDY7Oly5FQ,1343,1
mwsEoSssJx_FOaPnzI13_Q,2762,1
8jUO8sFl7PazxiLio7n9hQ,906,1
ut_wCXaQ9u3QjZJYnMpixQ,1191,2
5SaRna0xlREGKDvmBDeQ1Q,2816,1
_iD74LwgGhh5PWIBJ03Tyg,2473,11
BlMTpA51cpqeWpU8hfA66Q,1661,3
YbEXELACitkYezC3mTCYdw,528,1
HwzkB-IMyV2UsWUIbpPaVw,4102,5
Z9oUacLzGli_2hf7aLnx7A,1316,9
bY1pXj4YuGDuUiJqalEiaQ,2051,4
euXjDbQLyIMFIBGiyTl_bA,1255,3
IFG9aIg_1yzvlmas1mszfg,1867,2
b3vgfiCYA72RUb60H7tWHg,1326,4
2kswB2HJKwPwvISZqjXYYw,1365,2
8EUI0PwJIWMOugrnrFh1Mw,1632,1
_f0PzBVIKmv4P2sMlAHgOw,3456,1
BMaWbxVhosCorcTfg12lCw,2485,1
n7KS2na6iF2uvn6dgGLYkQ,1882,59
nrBGPhed_7HSMOxDq0P9_g,1416,1
gLZYBCqHchGJ-_St6OB8sQ,3292,1
k2DtR4Bj4PZzkVgdt98JIA,1531,2
r4FbaGAQtiHMlIn3KWYoOA,2152,1
muT25mpqJkW_Id4auZybdQ,2490,1
sWPEkxJb__TwuOWxSu_eUw,2419,4
UeBgMzxCx5Qn9KTC3RWCrA,1571,2
PF-roVkswV8zFgOthch-nw,2725,3
n_UWZtCMTyrCgpD8-Gw47w,2781,11
vabcJZkcJIQUaXkHt1gedg,3615,64
iqHxtsO6SEeNbjoKHuw-Mg,1011,2
1Ig4aodzuH-tIqjXumL_Bg,1348,11
IHVjaPoKTFQ2QmZ1THSWZw,1900,2
Z9LiRSCZRQ839f1fxRDt-A,2796,3
wtBzInOLfozDxuQz4n0gww,1640,9
qhQJJHnK0_sJanTP1Ts_yw,2542,4
v611ZhsadruGE6qQ45Mucg,2391,3
XSLzmNxObUzuaIKxjBJ18Q,3930,102
IGmNPRPwBYk64uY_E42ERA,1435,2
1A1Y_II_KIznZnzaCNzR3w,1315,7
Kzggh_3v1_BKwoBa-g_SpQ,1508,1
1Pje2KfryyArwgZWP0H4wg,2177,5
eyEWG-OlUYAmc35-magNjg,1683,6
dPnT8Umxqt9JEkQvQsfZiw,2337,12
4rTxdf0I0QpXflZ8InFbYQ,1827,5
9SPk8xExCeDoob1ThQRLhA,3697,81
5T6-BLjqAJVKiqVGfEGg9A,1486,2
2SnQLx5dzcdDUhTOg3lg4Q,3810,7
40syl_uGSmZp3g-GaMMGZA,3459,20
9YPP_wlN-UnrAX-ySpnlRQ,1643,11
yUWnc0LEPEuddhvkRuEaTQ,1528,5
HPysAuN-dyerwpshaM3bOA,2593,4
91zpWwqrcCsvg1VUF93C4w,603,3
CjBeKUH1PSzUvWlVMzVFtg,2488,1
Fj4qIk8xxw18vNrVvCaakw,3361,93
EUuDvdy_AbcB9wABz7jANw,2917,47
yuC4luTurFZfwsjWsO2l1A,2434,20
Em0MzpDrV1PueDR7t_rOrQ,1598,1
XYTmI0CZIQGpwTCYEFTwBQ,1208,1
7F90Y1Oo0B_iHu1ZUVW-HQ,2865,4
jWSDwDwf6xXDKSISSM3TLA,1654,6
vKPjocQyCHClkabkNjtuAw,2614,5
OM_jlluJ5Ou3iuoUz2wjlQ,3290,26
IfQ-96VkNChWfYnMhKlQng,2264,4
BucBHYm7R4nVCD8jR5QSlA,1474,1
9m2BzfaFLHfEvhNVW2IiKg,1325,1
PEwqELvOx9NuipkZEv7FsA,2006,3
MFLYxAZwVr98ymEGOzM40A,1452,3
BjAA-x7Ae0VdzgatqVunbw,2284,25
Dp9OizWZ3CqBYTq3mx36zw,2067,2
JX0DBCWhiRf_6zt5WUugWQ,3168,2
PEv3isnik6IEbJetdR-IPw,3108,138
O4-KFRWHpflJrV-tBV4X1A,3127,21
DxmE8eGyBa5ur9Yy71PBeA,3104,2
NKEpImUN46PImbphkfgxYg,2112,1
bodz_h8AmL2RVwRnRpDR-Q,2290,11
YOtKKYc5Pmtbeg0sJnvmVA,2046,8
Uhx5PvL5GJ4EvjlLlEvquA,1796,5
CSf7om4Axe8bIZyJYaz_CQ,1766,1
HTDuLlRN1sOnQyQYjH20pg,2357,7
ZgoOEUKqeTVFKSw10ZNN_w,1159,1
N2ZEZ8pkTmFzEhMg3aTZyA,944,2
4e5NYQVFuBx3mgM4pPxrDQ,2824,14
ENq9e4EtwbtGjI1aM_gYvg,1427,3
JQdIk92K34BCnVWPXDt8Ew,2258,1
NUXVQ3YGFFY-jyjprK1fsw,2493,1
d4Cp-LQRWAx7ghZ3r0GvQw,1209,2
90txBc3bzl-vcaSjQPuYLg,2892,3
bFeS3lldZX4u5X2RfjVpMg,960,2
1D6D7UeqhxPDdu4qnKdafQ,2685,11
1zA8sO5kqFC5r-RLT4I4yw,684,3
Zz_JpudZpvVVJWGTONltUw,1689,2
wjk_D-xJjmrkUi3hfvWt0Q,959,1
G8bXCLImxaWe8IT49tR4JQ,1478,7
cann5Aw1Vy_hwJ6UlL-scA,838,1
XVoJdbA2N99yJyKpRhOsgQ,1545,2
lrKme5pw8xAxH-veIfsK1w,1574,3
qmHCcvBEv48-gjCNQD2OSQ,2785,2
C8sVuEDgUdQR2XQgxbv21g,893,4
tnk94ZyO5MVJoLFr-nRgcw,1788,1
AT_pltV2MYQaDaxSLz5yQQ,2396,1
6Ic-by2s0pFwsjKlCmdydA,3809,7
qvZg2ptrOiRlyAFEhWI6iA,1234,2
tKaJtzE_V-4ZX8ID3SrPOg,982,1
ijptFikNtcKhJJFrDddDPQ,1930,3
mUck0Bz9BkSVkpDrxAQU_Q,1688,1
HfhdIN-04MB5R2xoqXvnlw,2378,1
EYWYK4j-woZPbh9J9Vf70A,3213,9
maiawVRoAqN22YjD0fH61g,2508,17
UOgbPPTv9C_dLpv6bLJ0yA,2661,4
i09L4VItqOdKmjt-bGw9_Q,2774,14
270tNkG8vCxTDLMbn65k2Q,1918,5
o11hVoxG5gu58KfbJjUtqg,1427,2
vhZOZNzEw0d98uvr3FqExA,2403,6
ajxO_IJzg5pUOXyh5QVqBA,1423,1
pjc29hxYa55HBRwvy3J3Ag,1748,1
naCKE5EClCi3VoIqFENPhg,2171,2
h0nYPD04uY9IL3WbzDD8GA,1360,4
C4-RPEmDb7_I_GbdkrSrXQ,1532,1
yQNcGAjqU2pMmGnxGHwJNQ,585,1
NHSBiqGV1GFJ6pVYDW7i6Q,1510,3
IMxwZ642RCQ2TtnwVqwrig,1613,2
HMPH4YkIkeISKJ6uGrdaXA,1298,1
MnmaV4zJz6HBI-78DhXiKw,1157,3
RzHuUh6whEzcYIr3bli_vw,860,1
YqBDNItT5R6DSrz-hUZ_jQ,1524,2
Z__g5zzbIwStSWIOHZ96kg,1532,1
l26IEcKpQudEjENUz1YJKQ,1979,25
LKR6fpcgo1av7K01joeifg,1552,1
2lVjaBwPPYI3Hso9MMHdOQ,1088,4
5WOkepp-ZbAogLlp3Iwhgg,2840,3
ifvggUZIS_MAYNQfObBezQ,1286,1
bAzxSePAe09cgbAViQYvcA,2547,2
OYDvdm2QhuxKeScJhxMlOw,2652,5
1HV4pn3pSjO2pepWJ9JebQ,3064,3
h286g2QGJBT6Z7PaeGMBhA,2353,8
Hlx7Gaa4HSi7MY2ni5h3Cw,3012,1
Tco8AUCSncWlvl52BqYHLw,2846,8
MX2UFnilvGSp9nGSz0eDbw,816,5
rzIFCoMGcYQO1We9tFYa0w,1515,6
DtiLGC6jytigIxg7g6fQGw,1245,2
HbLa7b2RRRnZ4TylbSX-5g,2553,1
kbnf0BQnww-wm7Zf_ciwdg,2099,22
Nt0CoidQqi5OfnIcrtCckQ,1772,8
B3cd-MkkZwiN_3q12B2Iig,2852,2
4i-VYvbnCGNufte_c0JwzQ,1919,5
86rao3rA9qlXzPGYU2L00w,2340,2
-N5dEfC6nBrG74Az-zeAWw,2439,3
8-2E4E4imNPl4XxW_9de_w,2571,2
AAaAfOJOnNeKdFdfHNJvpg,2562,6
6nqcGgz_bmIgT8JTZfiebg,3493,1
hMM1AlamOWyzStkjz20VOw,3878,10
-f8604riVw3y34nOQTf8Aw,2564,8
9jmmQ7GU0tWKyxYxVihkQA,2807,2
NEyLZL4lzVMualnMQe-81Q,2567,16
lE1HfsrcX2u0ysvjsnQlPA,1447,1
qst4uglcGpoHhv-f7P5o5g,1990,10
M-kGOGnakskbECgA9AnELA,2718,7
rZFEr8JXo2Pk1dKrqOGMYg,1933,7
bsRL7Hawoi9AZx2Yfh-Ixg,1388,9
-RFyBiExDQtLppkiJyy4fw,2144,1
lVD6e8GZxu0l84UXwIkGqQ,1484,1
smTKeqJtDuTZMOZIQ7VzJA,1355,2
Xl523yeF74-LT_c_G-2h2g,1643,4
zcZNHgRMMAORSFc4GvDSoA,2433,6
QItfz2gty_FV5rxG_pDORQ,969,2
aLpPYN6EyxoO9UlcCfbQpg,2313,25
C82E_oPOat7gwiy4BK8z0g,1490,3
Z4FyTE70PbIb-0fWPX9yBQ,3310,17
8HYpl5rz1MC9ZA4Jw7wofQ,2509,1
q8NRXDxD7MqM4I5rW9Vu3Q,1030,1
ZVkzFB2pPJxSG-ZbmLJecQ,2169,1
M3TEvjyOjrpuORkNu9P5MQ,1122,6
Jn83rYYf12UQO3KeDCYmQw,1174,1
DFqjAC6LH8SYvXWFaWoFYQ,641,1
Ls7oNbbFv-yEGSMJrwLegg,1006,3
I76CXeKm6NW6kA01cM8Wdw,3018,13
uN1T5VaReTMYgwGxpnOKIw,1287,5
e5Sfv3AeooSZe7NfeyKBRA,2199,1
o_4JQFUoX0vCGnJAgTXrLw,4475,32
H35YXpzx7lyF3S0RVsnuBw,3102,8
uwgd_fTNdsoexg7fnXTnSg,1245,2
biLFd1smlba7_D77m5Fd_A,1385,8
ligUmid3Y4oQxwCpxOsCiQ,2350,5
rurgOZJSUCwqseaIPfW3eQ,2472,21
q4mPiQYXqbW_6Nc9zV5eTg,945,2
LGocUvP27OrSOp5MTEvz8Q,2384,46
L5KMg8Ii7erQzwNGI0Tj3g,3060,15
gRUkm8HHceTTTabsPSB19A,1228,3
DrVcEjHVOlbmkJTFQe3FDA,577,1
O8_5cvQ5BuVlxXIeC_9PIg,4137,7
Xl2zA6GyY7ZVJ-eWomM5_Q,879,2
oiBWDxHDwWn2G7ag3JcX6A,1721,1
i80bhXFaFDe_uDzogl2BLQ,575,1
KbXpMNlZ04N01HiKl21gGA,2668,6
HXzDWCj28G136r1X-rCAtw,4499,26
br5jdZWiNmln3QU-uH1q_A,2009,45
DQc2k1NLNoHk2XYHmiAuBQ,2504,1
UyQ6MR9WWRamjMlmpMeBWA,953,8
mBOn9C5ernrd9B_KWCDa0w,1807,18
mIxjOoEE-njRBkedAFGEjw,817,1
K4ptq7nYTZdASG1SfFu4Vw,1136,1
Ci_nUcZBKYm6FXICHRdyGA,3289,1
0lBI_2w2aNSbD3CMIE6QDA,2511,40
IowFMxsC699aPtuuvo-Q0A,804,1
RyY_x6960gPAzac-yemlCQ,1107,4
yyn6XlbeBawU9O9GM1QYqg,2219,1
c2x9ZSjW2mbX9Af_rKwKYQ,2120,4
ZU_oxa-QcFDD6n01TGVvww,2549,103
Z3B1s4EptdwtsJm7SwvF7w,2140,8
jmpABQBniXbll75gU6WjPg,3891,17
x-mu4RsBtvKjO7Q292zd0Q,2144,1
Yf3CgnYrMWB9gCvv2uSuzA,1668,4
knQ3vUwqAdW_TF4VwtxOaQ,2287,1
Cj_SDx3sbVKB0O80kQ7n6A,2143,1
uP8svfaveyfWbijDqtj86Q,2644,1
-T423irHS8tfxhikKmaIfg,3114,5
wY0BvdZ7ml-DMNw0Sl1e-w,2677,1
6truu0mQssQp_XQzWfaRQw,4064,56
_vQ3u3oMXi3rR8fbHqFfKg,1125,5
t1djzawZgd-ac6j5eacCwA,997,1
UjdFXQ7RLwPGXxCHjAHP_g,1620,2
MdFOgvuk6k6YWP9_YKPVRQ,3265,10
CpAwM8IExD-AEKC-IDYPYA,1219,3
ooYnVFzj9tymEQ71PsgZaw,2214,1
QeEP4Z56rMqA5M1QB83g-w,1591,1
_AuiAfoU77JkcoQbBPSQMQ,1836,2
fmL2HdPJROTNMT_9xxhkEA,3132,10
mZM61isqUm3U4jR1_jMiJw,2420,2
jPxkRNI3mZdP7RFzX4Sxxw,1498,2
W8kcDM9WvDOlZcR4EZCSdA,2510,22
SkxkoWF6qt7G9k_Y8kiL3g,2632,1
to_ZZtKTuzrdA-u7TyioIQ,2230,8
fm9W7Xkz0cB0LiiecoHqTw,1931,1
EGgwommd-M7nlp3KV_fLKQ,3567,23
99fYKIaVYas9auwd8PeiGA,2838,5
Ebjx4MogUW6sbEaUL9RwoA,1383,1
6b1hQFQmh1hC89rBuC9EMQ,2130,1
NhLVDkwrWeeDLqw-Xy8dLg,4134,236
e4SSCiZLm3TivJ0UTYzJww,1979,5
LadPJM1-AcmELqOjIg9acw,2215,5
AUpMUaLYfnMU0D3DpwjTAg,1508,6
mYYZRyakF84FltwlmlQxVQ,597,1
t1awB4pgfb6ltpXmk1AHLA,1307,1
i2qBSAPhCUOS38VOBrDR0w,2347,3
lUOo5AT8ytMCqo7kK2sALg,2780,13
nl7oiaHDLyrQrxQzmE8uRA,1043,1
1PfxoOPXvXd7I4BqFfzMyA,2096,16
AJZdmb2OdHYWvqZ0r0N-Mg,2127,1
lfrhz0FNJy5_neMMItNDoA,1541,2
xdGjQUj1dz364mL31O5uHg,1155,5
IJluB_wMzCPi7Sn8ENPIrA,1152,1
nVQvk_h4jf9oxmMpXuNqcg,2064,11
tQNYQWzaU1XRvBOMk8GZfg,2819,24
CGhQyzbP83fSESVQhf1m4A,1431,1
dmXbzD9jdxxz3pKrFx7M_w,4746,3
SMP7-1ji-hWZnqk7tEZkKw,3924,3
sRuD_3SEl0Z78Kmi9z1g8g,1494,3
v_LD0zvPLwfSu87gPG048w,1601,1
rZUwUyDpRJ08GU_rjPUkYQ,3874,36
9tcXQ6Yj2y9whmdWF_z2sg,2442,4
zrW9epoXLiZJuysnrMg1MQ,873,1
gXZK0tmYj4pcgDAz9TqmwQ,2233,21
U6vCcV5SdlEKwQJgH5i43A,2824,9
6lbk7ZEap2Qg4EmrcdZjHA,3762,7
EpW44e_YvecQOHv3kJQ-Cg,3566,143
vBqXgEdLQPnQUGL3rv2iVQ,1295,26
h_H8VNrWQt8ktSkQToY4LQ,3063,40
LQvrqx6yLNL-VrMp9JRrUw,2566,110
sIfa-JlbCigiFKsvc8p0Jg,2450,15
-3rABBzbDaie7ZzPKucToA,868,2
waByEEsUPTn_YogsLbLW8Q,3258,1
HwL0cUMC7-qghiAKBzMpXg,2871,242
A4IfLUkcwoziLGXlwufZ7Q,1273,2
ZvDrFzX7wL4KvjDhQ5FOlg,1632,2
xp3pOqeCt5q-GmZuRQR1nA,3243,8
F3qpsG14FelvWM65_J8I-w,530,1
PIE915xLL4IFzW_6OwtsiQ,2655,1
yWs6SxKfuQX_eq5dQhBKbw,1280,1
Hfj_fj-zBhF8W0VlN4qTWA,1130,1
sAqwTCvkk9IHN8x1Ev-uBA,1312,2
0hxlqPzwTfqM9L2TMGew8g,1314,8
Bk7Ob6UEPUdI5LOzqlwolA,2753,22
Ka7EVy25XyhVCpLXYLjCnQ,1896,3
fgkeZFZusgZ6gd7UqEX3Sw,1599,4
V9jMDDmBnw_TscL2YdFnoA,2511,17
bb1fg2wM8VyhuOdKnfmZSw,1676,6
2U2MshnXKFxJZNSESzzGWw,2625,6
BQk_TnOI6JI5ogqT5FpviQ,1174,106
sBK07ZaGKfxryYTIjJ-VcQ,680,1
9KnxQFJ-BuCTJPcY_WC4JQ,1827,20
aTgSCZIB4JvEII-mUOMw6w,1451,1
q7hOJKUsyph8BdyWJyfcag,1828,1
xurAxSOHJQYjObWGxtwVTQ,588,4
3BdU5NdADH3QF_cAFGeECg,2172,6
HKrOVhwsLjIJZJ1TOAEAtw,3601,2
eJFzw55f9d41c-ZmENjySg,801,1
C354Mw7JxAveF2wmLW5tuQ,2391,14
sM4feyRVJQWUkqykIRL0kw,1332,2
iOfA2zYDDlmGsXlAinv_BQ,1038,3
oeoByZl3x2x7fSZpuIQc4A,3152,1
VvK1zePp1hi5xMEmkQmhnA,1003,3
UFczr4BUwjaIC13ADn92IQ,1043,2
YJMSUWzr9_Eg6B0LZ8abhw,1883,1
CWaz7QvkMnwDNpwg3nH2Og,1303,2
wnPf_vF2cO6Qy30z9kDIKQ,1155,9
2HSgTqNxDz5JO18HIfNwGQ,1095,12
BZiKb9G9haJxMz3N6IV7rw,2485,99
ioW8orYpWx-QqSyz8ElHuw,2034,44
zLf8SChooJm5gSepG1bTlA,3962,45
CjcRMDjzcg2pSv8fnnijMw,1523,1
CT6lB_JP_zLI-nqJP2pxWQ,1149,1
Q_0ibbeWzNva_2yC2vAs7g,2680,43
ckYAvtgGOEffLwoZagQLoQ,1048,5
J7yZJL7FCdjQjMS9t44NBg,3607,5
O2yz26OSRW1FhqAd5Lunyw,2776,1
L9VcftJhvuwZLcvbN36JzA,786,2
H35vqLm7Xkm21s1QmcXWAg,603,1
lsI-Wlf1zvpiiCt362mPSQ,1818,4
LvOKJDrGwEmcb3qyyVzzPw,991,1
aQMSnkwQ8OK3O_j27FEoew,1529,5
89pslFq3HDdapC7qQVkCGQ,2693,59
c62CsE9kaxntqQscmz8eJA,2650,10
LFHsJlgo75DJt98ZOzWiTg,2417,15
COcjFEoA09n1Skn62SJ98w,1327,1
AdmxuEDzZJpQacWv7kgz-A,2014,2
YWKrBQbVlhW_fH9cOZvXAg,1480,1
H_qEXfRiKgGZJ7NVya90Pg,2622,2
F7e1UDDqG0FzXL9Uxgkr7g,2140,3
vvqKD8Xow2IsmwOL1lqS9Q,965,1
vqLEKX0cep_c4SLwVgDZaw,2758,18
E3V1RCFctz1A1FQ7ndqgug,2887,15
aZqh8ysfvxUOGuqEhGKIZw,1207,4
nQNEtaiKXeKM6NxA9zvFhA,1278,23
ulgayQTwNSXP8PdpLbUdNg,2728,6
4wqo2KjsZBIBq9rrY5K56w,525,2
uvaeJl_gON3QYXJs6DdLlw,1130,2
ONwkCUgSZdH2zamk2_m4jQ,3641,7
56JPU0PsP3jmk5cVNrEfWQ,1112,1
DkLMVw6hwqzOgVrWQ_leDA,1320,7
QiuwHAzzKXE8bwXfKv6e_g,933,2
qkxo6h5056HaA2QD91OEsA,527,1
ToIp5weLfzXTCxZJC1e6XA,1793,1
jKhUiL4_sS_UTt8ZoK76Tg,2502,12
UsP1cZAMAAZ3tM_YYVpcJA,2889,2
U5TcMTpfeA-NkRpZVh9lsA,1419,3
TLdKlUyQIkXm76HV3clJaQ,2152,2
_K5In9aSnT68AtDn4iQdhQ,988,1
LvmcReKYyMxCn2rTf2TJYg,1416,1
S7UIfsUeX-l_be-kWpKAWA,617,1
nvCrm2h9o3WumJQpVHAFZg,2865,1
c1q1BT92iSC0C_UyfAWk2Q,2788,6
qeRWNk1U-ie-Yaz56jGmMQ,3305,29
gm-6oYCIwvRkYmY1tuVNEQ,1248,76
43jT3WBDzxtsCrRgZiAOzw,1679,24
DdpXYz8A2BnQUA5VIPzRpQ,2620,2
Er7va1rRXiQVVcz2LOwXKg,2500,6
NwY2PrLb4ry6mjXCMG_96g,1552,6
DK3ZqEMjWoUvKEeZquBPIg,1490,3
0cXivZX9iq6QOLRSMEKTcQ,2796,8
_ef3d-y3F3z45_DVNsTA6g,1372,4
aObDNcu5EkdNto8YVVN9YQ,979,10
h6EwGuHna3x3gf4e3ktn1Q,1716,3
3VAUWkC_LELCE3hNYXnzLQ,2194,17
lvCkxpkdrTaUWI7hp_7yJQ,570,3
RfsYlss2CXoh_3DDdmaqRA,2674,25
enfPX6WsP8NA-aLK77JuHA,2019,3
wk2WEDfI2XI499MPLYHu5Q,1353,7
6NwKP61UqJUv9SbCOzxvYg,1497,10
1kH717ewPhnzSBWwxHlVUg,1102,4
qR7Ai0RDh4P0moZei830Pg,1461,8
Ml3fvjZm2whseXDcKoDZEA,2417,1
XwPwBR5VXOuQj4gMpHXuNg,2871,3
8f9KtXCtWuaBc5JzZMOhqA,1008,1
dOnGTPEjoqNe3_bAIUMLIw,2681,95
66NNZprvIGV5DWlw7ddppw,1709,1
TUa1REJilXdRlmurmDW6Pw,1587,6
wF3g6OCwuheW6uLXt_pWCA,1980,13
XmeaR9g4CDKcIReJXgISwA,1528,2
vWmei3r2QNYQpZmJ_H42Uw,3402,19
v70HsJrp080Ykd93NSENGw,1841,28
LxMmM9kMmXK_iDqr24W56A,1638,6
-_luz6dA42GpEriFC1WffQ,796,2
lEBik3xopZvBoi87h4yNLA,2999,30
gITYpTlHAGskzZvXsSQFTA,2739,12
V6lkqzPJZQT1gEh88HAXAA,1161,1
9gjoOOrHSUMIBqABJf3B7g,2516,22
4FAKIbAk3jnNdTA4LttpMQ,2188,12
pnkwR23F9B7fLbvLw0GXUg,4334,16
2q7xxdTFOblvdXbezdi7Pg,1138,12
cgLfmgrplkFd6xZVrVXNzg,2434,4
bILZ2rMGrqBAI_75YcyvFA,1556,1
ONVfQpPKD_s26ddEGRq5Vg,3289,5
qiLHmHnw3UlJp-NOiv6Njw,1956,1
SlRvPaB0vHItJucoNpRI5w,2726,3
nhJMt-OZ4QvnU_8KgSnDpw,1362,34
6qvhwviKaY6greDiTRJB3g,2020,1
_VdeGMXtCA9b7cb9vWQRsw,1067,2
-DZbbt-NsIse2he8Qylg_w,1907,7
f83sg8__Eoolay0fWQHZDw,1394,2
DsQ6I7AbQfigaO9N8UymWw,3143,2
d6HLPGZ5f7SY-OMxLHwjKw,1383,4
vvDRJeKVr1FauvfnILHx9g,646,1
SQHXmTRhaCbbtosHvGuLPw,1651,1
5l0SGtjYsaw_EWZ4H9tIhQ,1665,3
svKEi82eX9DHgPKvCDy1Wg,2241,1
C06Vr0NqM8NqDzs8bhSlAg,2007,4
zNyJvyDRdVwhzvLaFmbibQ,3160,2
zLm0nDGGlp8mC9jFpcRq2A,1502,2
O89IPNO4_-25d-hjJlkY9g,2441,9
4yng7-5Yec4LXXVuuW68fw,2111,2
ahNL4OXxWLODWr2L4pUAOA,1366,3
PMmN7iVg5YxHX3KwJjj0xw,1616,1
BA2hk583kQnAtKylZIW_-w,1635,2
RwacvWB763OtV1wW7uD3uA,2463,10
NHsD8OipFu4R1bgi7jP9cA,1477,1
l_Yqe062KzdG8olHMToYTQ,4050,10
Dt3nKKaO4WFIuVm2ce2kOQ,1633,1
XSQ_YkWdGHuUEfQdbH5yRw,2491,3
f9RP262Sv88KhVJcm4Rclw,2407,5
cMzrDCH21dLGT5fVyMQERA,1247,13
c3VfkC4zh_W4IFB5e9cn2A,2639,1
j2ABvHuKJzfupPIBQzvVYQ,2660,1
1zfcCefH9D6CKVfOT-n1LQ,3182,6
LpvgVcTzMabzZs_UiWqjOQ,937,57
epYcy2NFk56KMrbE0jPq0A,2198,2
wAwXB8A_VlHFIsLxqM6AEw,1325,5
1TphWPI6_4Nftc2TaPmjwg,1624,1
RmbvECTI3XKd39U8xCpPbA,2055,6
S5nQE-rAB0JLhABtXnwd6Q,1531,2
28PkRyffxyRoygbCzF0ucQ,2328,15
mtbEmuZRhPdyGvkqRpNlow,1854,24
_OdsHH21_rqYCkl1rBBWFQ,1627,1
KJiBpY4yb-dQAVZlRiystA,1000,1
Of9j_YMbiiCIYS6MxtkzJg,2083,2
FwWCMixNRHpQLTPQsQ7zvw,3427,32
LZTd6qlufDOw6e6DZhmXAQ,2297,1
0sA1lu0ey5RoXRQKfCpFSw,1171,1
4mysNKqTAoi0BjsC2u56bw,918,1
t_BzPVl-dAzQTuBpoI8tRQ,2559,2
x1rGgt2YE22QLix_B8svIw,2366,5
8h1z0_Jyi2r0n-XsraiN4g,1896,7
UwaCoIx4eA65iaWJP7AoBg,2702,3
cyo9H3qxrQ3zYDAG4zdKjQ,2596,1
xeR6yGSdXIgTWQ6dQL4wPA,1084,3
haDCw90GkBe8UIbQIfyqrQ,2026,1
sTQU48ylBs3dPXRPrew5hg,536,1
nD-NVsBmeUGET0QYhVPDHw,1704,2
NVoSn0v520afDCHkquvklA,938,1
7ovqGij-A7tlQxeR-MYXJg,2609,1
rhR-eoIvIZWp2sUnzUwA9w,2028,2
FZ9sm3l8HGeiB80BvdD3_Q,1215,2
K5jxECHoilX1oaw7BtXP_w,945,2
mWS8L2rlhVcKXmySa3gAkg,1597,14
dSCx33xczkQURJ_JOUrkng,1679,3
1BlINA5uMUytj7wTILsJGw,1273,2
34rdpTpoBLy35qC5fS34-Q,1368,2
sB0jG62tld0FzlXv7Hu6Sw,2268,1
z8Ligjw2VrlDF3WxWT6ClQ,1887,4
GptPK1FtfEZv40TfyvjkPQ,688,1
7FEt2UhvK2la3R06FDEb3Q,530,1
NKcER8WB-ie6OdhrAV8SVw,2655,3
GOFYN3iqtv3bXoVd9ASDNA,1898,12
IVpFC4GnbiCgRKZURCeXYg,2241,6
sag-nGi-d5P6fJSTpTErmg,1395,3
m8d-l4GwOnPsdeEm0V_jig,1113,1
l_j1Cn4pQJPg0SgSRy0c5w,1806,41
G6bckRXcw5cDVcCPEMprAA,3159,10
4nxzGN74SqfqaBuNYbulug,1688,1
Vah01iNmUxw_CcYNLRYyqQ,3001,10
weHMKafD7eJ0Jocxp0sltg,1715,1
2HFPAgeqMo3eePzB4s2iXw,2729,2
M1kKLjS-WMbkinUpWaMniw,1012,1
FbykY9SXtul8BL1V-fsdig,810,1
qdiRntE-mTwnCFc42WkJzA,785,1
gre9v5TLLwP-O8vdGmTmCg,1869,4
eO5DSO6EMd5GLTaKXNeetw,1312,2
1XopzPV9MgCr8a8gVp8gZg,877,1
V9Bh491wRBXRRIJFgSx80A,1619,16
IYAagm5i8uXBmnDs1k3dAw,1856,3
J07HnaTBe3LPJKuhqf6Mbg,1713,2
wUhisw3ORk6LKRXbXgmyHA,2483,14
vokb8PrC6T7oygSFEp2-Qw,544,1
a218rgh5Dd7pPwa4bWt-ZQ,3098,1
OKxzx-wVPeIlqWegggeFIw,2478,9
xVNL9NmeIlA0Gxi45lpITg,2728,2
S181_37pHDAhevugxSI9lg,869,3
NLGdyquFnAKfwbv8W3VtRw,1097,30
qukjqCSbTtEGJudOdUgv5Q,2091,2
EAH-M69zhc7TAYqWyTTAOw,2014,18
5hn01EHieuxRIuEdHfiOsQ,2248,7
vyK8txmse-HVk7hAKCvuMQ,1308,3
c2EfZuhjfwJ2VxTkTRv9Ag,2470,2
FnCainW8-y22elDRGbDQVQ,2728,4
pBkUEhtmWPydM6R0AyYxCw,1966,5
gpAU9jdt0uSjrFLrY0eVVw,1301,5
lWj05zhILfRkn6yUqisXHw,2104,5
G0FhK0X_KzVZGmYuu9foGg,2222,13
D_hVHO7PjHQO4Hc01lzoZQ,2986,4
C0o6y03pe2KYuELXHh8rYw,1317,1
lXmAxH7QjbnWMs42NprBtQ,1398,3
t0s0OtZXdm6g1l5YIO3aEA,1309,1
cz6P2DJHqpOmUnHCCNhzIw,1294,10
lVoicNkaq1ozdKBGvXeoDg,2730,2
9aqd5ObjxqR-WymkqfkjMQ,1382,3
5HdNRyDIzVTDCIy7mEpZrA,1936,9
BQd2IsP9sS7Km4ifFfHbpQ,1097,17
FeiBea_GjGVLltCahIIHtg,1068,13
yFLrzYmONwuhd1vHrCDESg,3670,58
CPuopwhAU5fNIl3ojVWryw,2457,24
BXKsPU7-1FfL0aWx6tofGw,1706,13
CPC-dQv_TGoq-XUaVFZZ3w,1591,2
ftskVMQ1XlY0ryflcri5Sw,3240,29
KrO8Pf4GF4vp7Oe5S5WNlA,3648,25
KX3QekL3PaJ6U6UIkSc0ow,3830,21
VdieqW97PijMlUQvJwzsyA,1935,1
1Z8BR_TUFD1pdScWrzhTYg,1942,10
U6n3kWVmu8-1zc1gx8PwAA,2901,45
PlN6IAGsxvtWJIQhh7w6eQ,1925,1
pl6mi2FwdXXsoW63Vcczfg,1252,4
4Z38_hLihCdqf5f5I73ZZA,1640,6
bJl99uorAnrh6XFpegqkuA,954,1
_qbzcT55i-USNGSAOTCtJw,1571,4
cfsKMf3-68l5VUSPldmHhA,2395,19
xvG8H9QczdGvFQ0nSMdVkg,2852,2
iBdkYc6cqmfvSsoTsnUkmg,1740,2
VjoVpSrrgUEiYK3qssvc2Q,2399,26
EgC1-POEXwxClWpUg627hw,1965,2
Vf2RzEJMWpYQE7cGT2jnyQ,2856,15
mxKNFsLCMSSFanV0oPsWyw,2118,6
3X-SBiW20VF5IuT2zqwGqQ,2478,13
c3O8wLFcs0rD9O-B86Ftog,1053,4
KcG-uYzDJW1R8zsSxyJguA,2591,6
w7dfkMg9VZIZcm9_A-t-8w,1657,17
JHss3zJRbKLtyxKZDygg3w,3003,6
9FYwgafova5w-7N71j-WRA,3479,7
5RTyN46ViQ5H5olP8pO4-A,1446,2
n5b2IYBICyYLrlqDPIir3A,2935,12
ijuFJKRsq2EFgRGXGJ6wfw,1345,1
D2xohpH853BLi3VEXDzV7Q,2551,2
tVQfZQb87TauWPRqGkdLZQ,3559,22
lmhGTnqYlaq1lkwjSQuVBA,2155,18
kqQMHg_jJdaXp4f8BUdvIw,1127,1
AYoPyoYNIQS0M3r7eRNiYA,1302,9
4tMb0zrtxZNK4QbywHwWZQ,2584,17
gX5EtJ0AoD3UNxNUgSgPqg,1289,14
Rqsqr3N1Dk5_wUonwt5hSw,1861,65
YYioKbU3EvLanEpr_O_VCQ,1490,5
zVy-SoYxNq0PAOWt6zK1eg,2301,1
n2vvyn0eIkdvyP2ydBXsoQ,1123,3
3ULT7RTt8Sq3mY4n7Dx49Q,1857,1
w7lNHw9BW1F8ArcpWGIkhA,2130,4
VbZbg2uq8w8bfbx3i0hp3g,2513,1
nIQCYZ9WPIWPlse7isZxsQ,1536,4
VeAXrEqdUbt3uDIrua2X4g,2479,3
V9jFkoz_QUaoGFHfeFfUNg,2509,22
oSChvoVRelhqVDt9gAlnCA,1279,4
1eDGGl-2fAYgp2mNpoTcTg,3236,19
dHEAFK_pyCQSfSDBRJpzOA,2718,3
fVDUAv7TuUlhhpbRarHXOg,818,2
heMGptAXzSRk2NYWHd9vXA,999,3
jcSeam9CVlpfuO73WQe_8g,2521,4
kKQ9avOyCcNCgKWqZ0FAxA,1689,26
33NKaV9ig3u0zuUhjzWlfQ,1946,3
dyi-iCFNxUs8-IzcZ3QR2g,3096,2
0UBZ4ydEaZSp-nmjC8d9Gw,2636,16
5S76-_z074GyJ0eIm_MCsg,2740,16
rpxIooCUvkX75Tcv5XvySw,1979,13
fAmX1avQVUDWkCI1BdQtfg,3169,1
5n3HQ0BMLiARhbh9ZPYtmw,1429,9
Bq2YRsvnINh-wWBMs_S6KA,1906,7
XXAtHg9nP4Injo6-WbEkGw,1311,1
qFfUpFSALP0E3qHxuxX0xg,1159,29
tcurtmlWFSjtoe8rJ0JFQw,1445,1
PUeyqqgqOe2cKZiuHpmjbg,4298,1
I4wJOD1J2Duls4wbVx4C1g,1136,8
HJHGJXe5XTYjFWeQIIdauQ,2641,3
2S6KRellmWmOk1E4JAAZSQ,1260,1
ykmAtm97BlIgLGTj_PrOqw,1596,2
rsig83MWsTJbnXGEs99fzA,1417,1
b4c9kDA8pgLb8JK8wuPDJQ,1722,1
jUYUGnClbjmrhAt9faV7lQ,1829,1
CbG8IyebmiVRBbqHzLQ-aw,1404,1
fDUXPC-itdiqEculWKAXPQ,1419,1
XGYviKnEXH6k_FmjByTEsQ,1901,15
35kNgZemq1FRddAgEnNhVg,2601,4
GBoW7O6qPJ_rGEVw_0OVdg,2139,2
CKQFvwkvrqatpT4-CQH88w,1989,1
3dVBjjKPDmZV0yQ-bxVMRQ,1711,1
GeVaSmWBtecz_nrnUjaS8A,2826,3
pwIW4YeiQ2pmvEq8hEz8Sg,3067,25
IHjtt1EjqFfjIl21TPowLw,1425,1
JDHvQr96uNvJoDQWm-GjZQ,2446,1
LdHEwVBnnb9mrWIPDov1FQ,3439,41
RkxCru1SH7L3QlOAjMHDTA,2832,45
BCH7Oo3kkWhP7pUt_XsRUQ,1363,1
w67ylnXJMlipg0xXuPF1mA,1311,8
8t5f2IyfXnbkBz7RczjnfQ,1977,3
zN_Madr5OtEVlJNvvaavpw,1479,10
-49PcWrWqGk3XAS0DqifvA,1913,2
oRdDVe0YySaKI3GMBnb2iA,1036,5
TIcUoRymA4Jt7s3vxTkTRw,873,1
Q2froP6Fwm_sQrPkrH29rA,1536,1
wfWiLHX3oqWVcvja8X41eg,3107,1
NTydYsBCZUj3Eb388V4hlw,1364,14
-9Hsoava72ZCkHXY5zR_Ng,1746,1
G_P0alhMDhGidbu_ScSLng,1286,1
1s3i7Dh5jYlbyw_SAXzNog,1624,5
Ulvl1Hi2KDEyXhB320JVzw,2333,1
3FK3ZzBf3o852C5lRpd9qQ,2470,1
fMYabEBs_1bGujyHkDBAvA,949,3
Q03bJfK5ZmRnwiV7v1xABA,2333,4
X6lY8FkRJeRUHdj26DZTKA,2638,1
dAWZi1As0dM4-KrGysVFzQ,751,1
KaMxnRxz0u8ItLBU-9hH3A,1630,1
7ZMCfAwvOLfvjltyFRKtBg,1658,16
Ok4f1mREgBrNmMuA7Gt27Q,2036,1
Yy_W4tSQXcWIUnRhbobGTg,1829,3
mf7KWsrGZK33a8uso6YB3g,2058,1
c16b-C2Q5i8D1fi1VMylaw,4170,48
WoRZ4A2pTKTNu8eyuh_I5g,3048,2
2-MPicZD6uJv6Ku8uy_LsA,1967,9
t0-TRmHN0xGMix5JM9FzCg,1448,1
8JhezyVhbbU54PpVSLayHQ,2120,11
4pdakPwk1llsSZLwxD1fTg,1865,3
C1Gl3uJTC_Jmm1YJ9FmaMA,1444,80
1WP2SKQ9B69JwJzYv5K93w,1827,10
qI77o_4psonHT89QlNp_kA,1614,20
F3LLGwf9pUhCaiFMRsd6ww,1308,3
y2-gqde-Q2bU4n3CojnFug,1723,2
qZPRBlEXE3XB1suUFxixXA,1553,1
8OnJknhUnfHAkZ7yBCr1zA,1957,4
i-wXIAVW9dhiyeFgzxeAoA,1946,2
mRWSiEp0nomCbOdq6drIYA,2204,3
ie6kFhS6oWuGd6P9gkPmRw,1881,1
-wN1CEy-EJP55cSlRmZy6Q,2228,1
iAPByeJOo1ijpgUDHEe3VA,2162,1
8DLXUV06X9KemhODtrvSMA,1674,1
8K5V4zlMUYneQ4yTmEeCbA,1467,1
tnv9fi1jG2pfq0DnJySoFw,946,2
vxTfG6U8DGpq7V5EUOjP3g,2336,4
6qIOoTKIKtDOmCnlDrrqOw,723,1
uyqS9Zb4pJV8Gp5Rax2_0w,1485,1
xiO1CYqoZKYpIvyrxvM1fQ,1080,3
eCA-B4rEQKtbPxx9AGvH6Q,2178,1
_-AokjOxtVULjYvwTYHcmQ,3343,3
gp-Au_IGFW73W6NF6ADpKw,1635,4
0woz5_m40ZOvPfm0IO-2oA,1187,1
Nyl3WDPt120L4Iky6W6Xvw,2514,76
W4VErcFnjENDdylgH_sd1Q,4138,151
Jz3osKaAa_PGIxAkFe2Irg,3025,2
rpC4zk2glwNbJeTPdwyh-g,913,1
p5GkigoscfKImq7A6hCUCQ,662,3
8my6r3vdHSP235m1KKqtXw,2747,5
4TuIJoK-RtJ72MyMhsp6FQ,929,1
xkRoyfVJxSTdc7cboIoxCw,3360,74
LWrFJwA5Krb8EfONgXeqAQ,2769,20
UglzY73eExgU5HHhX4SAKA,720,1
TjWbbnhn6GQFdPbZDvEevw,2386,14
LLB_pM3SsJJvn5JNmrmTPg,2650,15
1J6ndI47tttUnI5xGRuGUQ,822,30
Cix0z35LroSKD4nITywiHg,638,3
8Wp4Y6Nq_S16rkq6ouzWTg,1033,7
FHsvOHuZ1WGSgzID6-rh4A,2183,3
SkzIzEf0mbnvYvJV5jV1tw,3136,14
FqHl0QyQUK8IZuIG2a2g2w,2884,5
NxIchJRAoi-zuPhHMEtNng,1454,3
fK10nL3pX9AO7xK4T8yw3A,1688,18
oszjgx27qBjO_11jVx21sw,3061,103
qW5oET8JKMdnPA6WeEFZOQ,3507,1
UJhEWrmAFQ7FzCypKRdrOQ,2688,113
N0zQ_1600YgfJ5M44KcMdg,1276,2
is_guX8vQvjk8eoDKakmVQ,856,2
khkh__4Zljf68UkZboR5PQ,1634,43
lg_BPFxw0VGaqar62BaRKQ,2682,48
eWFLWkqvBDM37hO4ZEEBFg,2784,6
d-_F5bhWnxCl4fWRemnstQ,2653,11
2M0MqnPp8EEVI_imRJ-klQ,2485,3
VkhtRZssCnTM7AUDk73wZg,1676,3
IaKBY26hW52T1A2lbb85_w,2281,1
pcoPXZpj18E7zhYa4P181g,1693,4
Q0Eulpn11S-Pcb-iZIaV7g,1265,1
V06wEmLk2G-YwrtRaHCf5w,2043,3
NVSYNfZzfZMkXOJqUmcT4Q,1919,31
PHu46dpsMmDKxVDkcoOyZw,2061,11
1K5D_Ama82o0lUtT3t4JYg,2626,113
iDTAYbsdpby_fqUfVmfobw,983,5
6hKr7f3dXAaBcLEIbwcgcQ,800,1
qKX9NMKK7jfEt8MQ18ejew,902,1
GScl32A6Q5agBYOlECRYAg,1373,1
MLabljqBZEDGGatyltdzlA,2204,2
z2Oykt2cvVWcn506L9kWBw,3267,1
PIVXJbCKewyjJ98pai00Gw,2956,6
DeI48PN203lpA7O49wxMcQ,1220,7
A4ORQ2qOyftdMAWtKyOBcA,950,8
Nk11iU_T9-9ZnvNAYOCEsg,718,6
ast2CVOKDTZQxk5gXPzK0w,1000,3
u7mVMrmthZlA-Q7-j7NdZg,1992,20
OS3xCJ4GV4-kHHI-YqBpqg,1609,3
3DoUdYzoEUth_Z1rz1aZ1A,2601,1
WldgefPWXxkNvAIRAIAVLQ,1283,1
9pEc15fMiQHTJ-Rs0AZqAw,1214,5
FlvxNFnDhgMXJ5n4YYT1dA,1721,4
9d2ImC1GbiCa2vKWNoPIQQ,1073,27
T5flbqIKLXshktBV00qAKg,3108,478
QK031hyuGn216Yj3I9VbyA,1106,2
3iuBKd381AYd6AnA2u1PDA,1525,1
WEBaUTqiml7A7DWyKlOLbg,539,2
2lDELERGFkVXZy6lSTPljw,1287,1
WbALAuxatOd2qeYYlJ-dEA,1821,2
AI2oNVIwXk6SVsEJGYXOsQ,3732,38
drLchfjaI-BdsDHquMkVag,1349,30
-sMT9yPBp_6gRQF1J_1Qhw,2217,2
kEyBir1Z4Io5qEfDidZFkQ,1639,1
dIxWm-UTGYnmo-xBG0nSJA,1707,1
_AP7acudC2ItXwOC9XoQow,3418,4
EIfHJAu9Yvlxar-5eKVWFw,1772,7
tjyFNOKa9XHzGvC7D3Pk-w,2516,7
elYYgZPJs6U0InmbYllj9Q,1090,2
FGz3D77wcIftOScVIn7Ihg,2235,1
jw4Czf_6AVv3hLy1uzbv8g,1244,1
5ppxiWOWBHJx3-xhJYoRbw,990,1
we0owwuQcGzQiLsYer5Dvw,2705,55
kYjk-3c5IDn0ccc5cPy4Vw,2569,77
axVu8OIlEPWtyOPK5w4aeg,1955,14
X4N3NBynYSCbqaMvHcMEXA,2352,20
g8wAU1vHCO37ix68QxE8BA,3195,81
3MmEKMdqGUL2jZqb7zn3BA,3372,12
Xy2dOpCdL61GeA4RO3U2Ng,3293,77
usFqkpknyEOnOzNvnEqMaw,1375,1
s2Q41hPq6FRC3pvfp5T4RA,4243,52
bQI2TJ6Ly0q5PAcAFBJnUQ,2377,5
JqGhnEVPmNZOzW1VLJ88bw,2508,1
nhTuI2MgdzH9IX1foYi0UA,1214,3
7nSNPSUPSXLDWJ3B05EDsQ,2247,1
515Y75hDm_L_bTktvZKxWQ,3142,11
wJdfiOKdV7BCh0ERkn06FA,2137,16
aghjzUht0PXc2hVa39ITGQ,1499,27
F5zwlv9rxY6yXZ8aoEx_dg,2182,16
BB8OXfnRUChrddM6inJ3sw,982,1
T3yndu3H8Q66Dupn_tjlFA,2152,55
d-6zwlCabtm8j04YqrK0lw,1751,1
pDXgE4IZUVn4U_RiX5yuuw,1233,2
sNMRrTPqllndNdGkZ_LdMQ,2109,3
zy4s0Wo0gVdHZR4xYrWbrQ,1517,1
JHXdPi3B7RHu3GYpuUapJw,2041,1
r88XBZZQZi2fQBLhwDJ4Uw,1855,2
-PDOE1JY5CeDQWG9aw1snQ,2353,7
UXeALi5X5BFP90Omoc5U5Q,1663,3
W8y7G-SfUBCW5xlznWIA6Q,1835,4
gyG_c1VSA5gUSxh4Ye75Fw,2603,15
5zOXVAzq8PCFkhaawt7-PQ,2941,13
pINx_huiEAlCCzQf2OD_yQ,2749,1
_lTx9_9KyFIZgVl44gKkxg,1866,1
uJ7S9LiPWUkEH87EQNV3NQ,896,1
oL5hcYAZ6b0Ih7q-_BdRZg,859,6
6r7khyj-BmtbPcy-py5RQA,1557,1
hWMQk2t3uJOcakTDgR_0mg,1535,16
_EjXK2WdIUlRRh9p5jA-6w,1249,1
PzEpGsKWpHDAX5WS5YM4OQ,2608,1
WVmIk4TrR6BG-PthI17CPg,1934,12
2eDcv6WP6ELU3bj3kyRWvA,1398,1
89C64EVSzoyDWRYBAqc1sw,935,6
pjgnDn62Jc3Tr05FZRJuxQ,608,2
0lPIXVZ1Vlw--fnCxFdRXg,623,2
6KPYEe1_4QmbB8GdDv8jZQ,2716,16
i0ynYHHdCsKisprGEABgTw,878,3
C4wETESfw8nSDdyXYRewWg,3083,4
A4R9gcVsBXzmHPdiuUdFfQ,1015,1
V9S-29lrAHbTRIPMOkw3YA,2119,2
-ZqOaAEFQRV8mGQkv8RgIQ,2026,4
ReueU58VNe4vbURpyWow8g,3095,12
imjBHF3sbMnJYSnWhX5-Cw,934,1
OHK7Ll0LCq4wQ6pPzUKiug,3126,7
Sp1aWiirdX0f0J-YBQwQ0g,3021,9
H3Ore8m-I5zKhdV92c4LgA,2767,13
o1l4y5UC2tqHmy7CQY8rwQ,1689,1
eHX-7e19-_9WQLFLfuwZNQ,1634,1
ZtwnDFdSZeQF6bQpJtgAcA,2539,3
Lngbq2AX1Aff5aQCap-ERA,793,1
Di1nQ0JjpUw8584tP4zm3Q,1939,3
95uzDi8x7g4quPDGkdnUKg,1633,1
lciGfhynqgBpxbv1uFmgZg,1869,1
8TUqaUUnpkyp76_Vf3zJGg,2480,1
W2x7-Obw1y05KKth-W3MoA,723,1
6cJ4IZA87QVd0i_rIDLwAA,903,15
DpemLmdKSbbE2x6Hyfz8_w,1241,1
uOOXg1qnvPvsN02BzyYAwg,701,4
FoSrVRYGHbiBR3sKLC-7bQ,3154,16
tpUEN-ZUJukpk6ZA_THg6w,940,1
6QFwrGhDJjOp_wfi5rlqGw,1161,1
0hKPeWzSfOfM0lyWPOQCZg,895,2
feBM3Zk_xeg5ulxN9Dc61A,2255,12
H9iDz3qe67vBlgcRuy5wJA,2622,26
F7MkGraQd5HRboRQqxtZ9Q,2855,12
EdHeZ5EsJ8hVaOePPegD-Q,2109,1
y9HvnmNjogyhMU6NjbRaXw,3283,9
AwG1bBnON-3IkurN4Bx1hA,1684,5
NTn9ahwGi87lFTKTIrxiSg,1598,2
8uJlwZin3Fno3_MCEMuBUQ,1195,12
CKC8KBwziQZXjz-WT64_PA,1463,2
VJRtK7BoxD-EqL4QiJ67ng,3103,7
xP_rL_dxs2_y9VgNt41ChA,1247,1
nysKRVy8_B1rKsh_VTJ-aA,674,1
pcprAAuGzDO-eD6bhoroHg,2149,5
fygYzQeBTJVuG7J82b6FRA,1964,1
VFqavu5frCHQAYs-Ekri6A,1053,2
SXb5wXJ37XNsdi8fIdBbyg,3646,76
wbxrKDT-Fj3irsgZ1quYwQ,2786,3
Ik6hDcYDeHNtFkOX2Zmvig,1227,2
y0ZY4UQqYq5O5iW--e55GQ,1847,12
RD9Dq4x2_QWD8-RbM_J51Q,2247,13
uwwWobT_WuVwK7HcZtu4sg,2446,1
xqClA6BY7_uF1nYlGZyh6w,3245,8
kKzeC9WM1Dfe0RI0tkTVxA,1841,1
glmU056KJUV2nXfysJ8wbg,2505,10
9JB5TPEA3mYn1iKFlQZp0g,3146,1
QHQJKNH1jj3O5dxyhBGUgQ,3060,25
FtezA4Ky6iQAybLu1x39XQ,2313,18
e6haBmH-BdD9-7Z3RUeOyA,2378,23
mchmAZjEIQQDeasTb1mGRQ,1753,9
dBfNUGMo_3jzezwG4LE-QQ,2215,1
SazYt9c5PMnIHmlMFTSukw,3644,11
iRS4RuZV-3MbZx6f2WAAeQ,1147,1
PowHqt998myX5T88S9l4ZQ,1333,6
iKPpMQDMTQzeGYWEgfL1Pg,1186,1
0SemTHJehKukGMcNY5LBfg,2316,1
yEMxnrvAGzItb8AtQ234hw,1264,4
sJD5Huu_1P7118FgrHMOoQ,2061,10
aUUgeJtPIwVlx7kkpQT1Jg,745,4
UrunsB6pmQRfzsO5lKaXnQ,1555,1
fN9BH9mD9M1srTDP4TXeXg,1543,1
86y52KX3YJtGUQNc2gxJMg,1217,1
nSZPTaBAj4uA7sr6LQHXLw,2455,47
5CaRtzTU30XzFDvI09L7vQ,2584,1
4oUCLDUmYj3XvoT-w9h8ng,2078,1
AmNaLMihrrKp4viFJ9hrMQ,1750,34
s5k_auaGuIoEsk1339R6jg,1139,1
ZK9mb0EaeMvn6MUZz57DNg,2188,23
yEY7Acah6iaWFw_zAoM7JA,1287,2
GrpxNjp8Vfa0KdQl13ifLQ,781,1
oiVpyFXOAdQUHvQLwr-58g,1907,27
Qm1ZMYaod4SYALNM4mp3Cw,2042,1
YuvPJMXkjxXWsujzFrL0ww,2117,4
gihGzUDdEQizQyoGoSeBpQ,3413,1
9DVKT4f8E7zw9TMv_ozjEw,3103,170
vJbSrfH06ZvFsoN1fLaAPA,1924,2
UZlrcbdGV0QgkFD5g64VfQ,1722,1
ESg3428VNomqKyNMadrLMw,2655,9
ExBaLLM3y5XFUb1gWA8bXA,640,1
R6rDp4LgGS3VKdMRzycraQ,1579,8
_0ggoMc_cR30ws1Kp2NnRA,2911,8
s4X6u7XTJOdtjWIlU9QeBg,696,2
67gR1lPE4PXU3rRms8YJMw,1471,1
vppJWyRr_sD0wY2nOlPKQA,3005,5
I4ey8VSse3nh0LJ06srzuQ,1620,21
9bzfasmnlEdCErtUKDs-rA,2145,8
LDyv5gCBONXTXZ8wHtbKrw,1722,1
ihkWXPLfDb6UcMHdgYmrFw,4159,20
QItW1ialgTlDEPCoeLF3Lg,1309,1
moQj1GFPQ8JIKUVluXPEgg,738,1
UrYoHOorlYct5EU6FsX8gw,1700,8
pB-Cw-3Uu4CQLMQwKoPgpg,1922,56
KCI49wuSOQfn0CPlGa7hkg,966,5
gkvOFeGJkcyWnh_WJF3ZqA,2743,4
oKG5G-w2rJN5dv5YmrxBkg,551,1
w62rWhs-IvUY-bkf0_tVpg,1045,3
H6KIrFNAhR3kLNgXl-V9kQ,1216,1
t0erG9ZyiskNwWRZ3w8z9Q,2004,1
WgY32Mrasqr-IYl__Qztig,2608,2
tp60ANnbARpE6Sa9WAMrlA,2882,1
v--4hlQf67koms9mZEW6eA,1767,3
mYe-v_3GVLDguNtxxutBPQ,3707,14
ANJ1iQ3TWA0UjwRi-Ij4QQ,2040,6
m3FMc2zoZYbDtai79WaKsw,1272,3
Kpl0QPcv4tx9bLTX-dNK7w,2207,8
yhKLJki1EKnGLWSN-yg5ew,887,1
9aKGEfYY3b4WbV4tqpBBGA,2063,2
pFt93dHlLvBy7C2bFyRfXA,2791,4
HAd4Uh9RWJFoHWZuBurDGw,1232,5
mLayoc7jdaHIb-MokXND-w,1710,48
wHH2A43S_lXeaHO-iit1kA,2729,23
FmJWPlz1YZBQjUrXcWW2Tg,2992,14
BnrW9uawQzKJEw4wLtnQug,1032,6
gnS2OgMUcFvrV_7rRQ88PA,1968,2
ALYSlZPCUv6kNe6uvClp-A,2454,41
AF86RR5qeTDyxr14TX9Q7w,2623,2
nAa9xs-TmSbYdCB07uo-Gw,1652,4
EnfNaZAD9NWaGF-zbrWuuQ,2821,31
f0krhF7tZcAx6ssOV-_sXA,2606,6
K7QnIpzN5S0upKXJLw7xMA,1642,2
wCp6yQNuwZaXpW2Bxt052g,1878,7
0ac4LNIBxrJk-pxG0pH8uQ,1887,2
u7g0AjsnPcYAk3vgiEvG8A,2998,4
0cHrHaGgZ8PSaU9tUx_-Kg,1256,1
pE6q9vYkFTEvA664_Za5gQ,2626,18
idJmQ3uEmiwXHuSxbOZwwA,2429,13
ezUQfznW_rgnX695ltW-Sg,791,1
H-VzunzqX0jcNSHj08Fkxg,1229,4
TnLG6CvaWkd3gtcFov60xw,2412,42
OjHygmtD9rjqnSuYzB-ytQ,1825,3
BqKK-D93T37UXU4ac-J3zw,3620,2
hZj_2qPiezaa8pISw8Coeg,1129,1
HgiF7lAIZloGj6LJLd9xTg,2608,5
s34ZmKzCaWE2z-FBlJiIxw,2356,76
2lNFm4lrwxcbYCDE9QwRlw,2298,8
27KwcOfV76iOvi5Vd6Z-3w,3456,55
mj_27DCqOy5FxC11xM7XzQ,1457,8
AMRSWGA3M5EAUyrQHsQpFQ,1683,1
Rca93qr7Yv9j4etXFBSuyQ,1078,8
d3I2JsEsy54mt-kcSlZpvg,1652,2
Or5Nw7zJDOMfRb3vnxGzmA,3097,36
VbZIIc5Yad3T-p06z3ZBkw,1348,1
URmjkTT0ZEcphAFSU93JQA,1595,1
Y2lDsWjwAcD-dKr8tlqVkg,3066,11
YsrdwWPDBDsfrgIBQpkE9A,1558,2
3_wTmqjLjNOItj8mTdLt6A,1676,2
_hYM4RcJJHPQkACMksu0OQ,2069,1
6a5wOkNSPEVCoA8dtSK7-g,2659,5
d68_paNd0WOMC8gQaLA5Xg,1968,2
wVXbmXPPQ8Zfb0TBevlAMQ,3939,20
6hcPiCWRsL5QJzTcGovnSg,2027,29
0P3eIiMD46TXmqw84AFuDQ,1894,101
c82X7IhILjAa7IwYe-s6fA,1832,2
TX65cHSYWckbwpibAhbrjw,956,1
XPKttLoYv52XC0LQRMpydQ,2485,2
aFGI2jCWJVkjd4r7bRrVhw,2690,16
XZbaFMZLWVl0Ng3AsEOtuA,1381,1
3aQRpUv8ocz6LH078qTnwQ,2405,6
VWzFS7XwzVdloU9vdYYXsA,2693,35
oROa64OfrRPBRRrQKeZQXw,2883,47
UfwXXNXV9FyIJHd4b-OAwQ,2893,17
AOLvd8g_EeMDS1ASmCvZKw,1659,1
CTq7-oDTbD2KkAOebIB6aw,1243,2
yMxA99rFNfwSoEDWqWbyhQ,2144,3
z9JOrY7W-4hI9Smr8z6uLA,758,1
UdqzhTUoPe0W9Mtc3Jk76g,862,1
XL1RVon6l_8acKxUAG8rJQ,610,1
QovpiELPO2QOEEGfF6_Whw,1857,1
vsLvV9B-IvmLGRK1BQYhQw,529,2
oLF0cSnpuBXaf3lSAYAtCg,2069,2
Q248MgEV3mW0zw1i6se1jQ,2522,1
uB4xnkgqKnvF4QTpLsvnPg,2878,1
zkulO_i8PIn24_CdAuNDkw,3048,2
0n9tqyuzjuegm81OkXNUNw,2828,6
25b3Ys6SBJoyyl5eGGOooA,3667,40
5cQDGsohTHAY4ovpdL4ksw,621,1
ecxna244Evs7xIOBAOH4jA,1618,17
0-RXFn9NkN_Zz6NaVJu-dQ,1151,5
6URsePk2qP1IEnRHzJWiJQ,736,1
60H-ANWEqWrzw2rsDXfKxA,2925,2
IhedsFIWAXZlviUrFeKuPQ,2255,21
2Z2t1RwrAHnanpIB75G-ew,1328,5
ycyJYeFmt0FUV9qF1dELIw,2576,1
-odXQXyo3do1e0EiOGhLNg,1398,3
OvHqxJcI1wzzs7eDJ_8liw,2681,2
9jX85Fn7P0bFEHyq5XA6gQ,1908,9
423pS9qW4vF30CyPJlXCLA,1462,3
UQUo-0EWDEx--G3Qr36qAA,3163,24
0tFwsUV9iLNqWNVHIxDwnw,1648,6
BnLgT8rmo8GhveEfjXfmsw,1360,1
TMkebzswYumZb5-tlE60fA,2955,50
LCze-Fxae8X6IysCKF6-Zw,3240,108
uC-ZSaFVhQ5vo2A7J7-brQ,1278,1
RjRbX_LLMDlQYRujt_Wjjw,3188,13
mCNC1NbcCugkUB4SsYftNw,1026,13
Y6-FLe1DTSVjcE8tk6thvQ,1485,1
pbjkbafrjhaHzTJBoEX8bA,2480,25
HgqMxyi0PKCAYRAibfn00Q,1185,1
0osXzJ_b6IuAC-YfIsyZgw,3764,32
NifFw3qo8Tem0ICJN0-CCA,3156,21
KA5LALLQngvmW0heeIpg7Q,2356,1
vPyQhoTn2fWFhqNeThVaxA,3251,10
bp0MukbNTNT7X-9ArTu4Sw,2502,17
RbvxCaj3YtfSg5le3fNfhw,1231,61
yLpCmZjZeF9dynBPuDZfLw,2011,1
YpJQfii6f-V_7TNL_fljuQ,2313,7
sCprdNmapHvKX9-jZZn5Iw,1552,4
EzcISebuvh2erOiEjowIfA,2145,15
O-Q0u2lCUQZMUaFR4oSYvA,1225,17
F0hwWgZ-tLeSOVrB2X6UqQ,2865,2
EKLC4hLC2LLNr8NuCHNpMw,1382,3
VwH1Tpiddek5Be8m6kEYNA,1672,1
LgrGZJkpJKDZVzwlhVyEAg,2999,13
uqK5RMCZE1Sf_Cr6iwQ7YA,3065,13
Qbgnnck_kO5pjuR63HjksQ,2311,74
Y7vtUzYA6kSL_ug4F-9c_g,2531,19
naWreC4oqwZvYx5fIvwHow,1139,1
mmprWQ2G6rLTu9LRowNPlg,2484,1
GKYb9sh1UcsKTS1TkYqlfQ,1946,1
xcAcDiTFqAEaX05jp9W3SA,1558,1
lp3L9vFuUrAO8_P-glNNaA,3835,2
uV5l6p2wFeNFqrYtuGpqkw,1473,2
_72Zcu2U6RJnTrgTKkLeEQ,2601,7
cw_C2c7jO-mvBCnYrnb1dA,1231,3
mlCi5Rqa_gUG31uAJJ-prA,2143,14
Db0-HF7rHj5oUOGuUizvHw,1400,2
LFdUQl7dRkbru8hyQug9-g,1253,8
oAvvlXeebpeEac5Y_ICadQ,600,1
mdq4o8hpp7w6mi5JkHhfeg,1069,8
DpqqG64SqCwy6Va0pMAVdw,1662,1
_vJSFzWm7MylCMBHtZXHIw,1980,1
rBjT2k1DxfOAI9aUVZ_1Tg,1520,4
toYjq5ADbSDhak4BoIrYyQ,3163,17
T8wwPLM1d-rS3-n_w0h2RA,2855,3
dlltEVZcDxNODFJECdlpqg,546,1
6gkBuqAigMbAesuShTTldQ,922,3
_ahSNa2BNT3mXu18-XbJCQ,1098,3
z71CJRE3lrmIV5YK5QWMUQ,1353,4
bInj4PhVE_MxwCOnG7eK0Q,2987,1
LPMYXyAsAStLIMFOfRoI5A,1643,2
Ae89Z-3mYGLgoGxxjSsQTw,698,1
sXy4woLHLlXnoOs9wjpACg,2278,1
ndlu1aYRCSo0082rsCXIZA,2430,2
FcvSe3qVWvWalIuggb0RAw,1621,1
GANnIKUUBLwx-UG-cVyrBw,704,1
B8_PM3CSF4Qwf7KL5ttD4g,2195,2
jiuKujAYsvYhJjjjiLIkIw,3612,58
ViwJX5kzuyDZt3xMw907rQ,1915,14
TYAKBNqqN3tux5My4M-5Ig,1739,59
dVuuYoMM_18EzIltpXaNxQ,1389,11
ae_HEVjuEAwDUsYJLUc-2Q,2049,10
IqWIFgG5Xza9ayKHajAz7w,2752,1
OGALV3Ozh-693M9umfte6w,2099,18
9OZN1R3k41GE7cIT29T9Lw,2111,1
4c9OO7ppnObx4U7VQQNRvg,1113,1
3a7SGs9NwqEQYMwDq0FdJA,2022,3
Xz2hD9-S2Kc9r7yyfmlnkA,2736,118
OOzaNKIqpGISA1F2zPmHGQ,2038,7
TmusMDIi2c7hCvM9Q_rMCQ,1779,4
lNgM-2WCtttCLYzqJEFOlA,1332,7
8Y8KUihJVZsM1cyL62rQ6Q,1888,7
YS1RogZmXEB3DAREciFe1Q,2685,26
YKmm-ayPf0Zx3XQEwRYE_Q,2326,5
e1N4Ae2ZCUMm_mUGotqWtA,2969,30
CYrvTcR60D6SFUc7jdPWVg,1710,2
vTiPOEKDKtZUNPNlYBzYew,1561,5
wV6sXURaYWTsKI3-6sIHfw,2055,1
DR-hfgueBUXUntx12_AS3Q,1035,8
IiP_LE1VEJ6Xr9l06e6ErA,2992,2
UYeEMwga7RoinN-TN2GosQ,675,1
orslvo8FZrMOJEDmBKOwrA,4298,97
4Uj17PxYlzkZnmREIk_nNA,3519,1
DYc8H2PF0xoDrZX5vP0reQ,3448,18
e0FS9XYIHM8ejQt9iYCzuQ,581,1
4mPP-sTdu9iW_2hDktzBjg,667,1
1ZLkqBFuebCLGkgvGxkJtw,2000,6
CLY_3qJu794Uo2TTTgeVLw,3068,5
Bu2Bq4U3FnwwzQ-E1U9Bpw,3164,7
OESWTyJnaM-fTY1km4xqgQ,3055,3
dYydV1nqk1HT_8Y90a08eg,1978,20
5sCowK0Xa0FddPJY7eBSNw,2131,1
r8Jy3i2zONRk5Xgs949kAg,1051,2
xgoBaoFFCxHA-n9oyThnUw,806,8
eW5NY3Ht_awmnSSOQ53KZg,2242,1
GWjBw4ew2VOwrTaGDTLz0g,2286,2
ggfsclJtg5FUbaLhBGlREQ,1055,2
-YzKyzC9BseBQh6hykUlHQ,2686,4
fNDUUc5-uuUO-aS4r4pESA,1188,2
2gYZn4whfabXCTBFIOnKRA,2677,1
f_wjkLeyUrx95BcPGyDZLA,1371,3
I5Tzi2F6HgsT5ssqUU7v6A,1958,1
qQCGq8fyZaVsyhP5aiDXow,2404,2
AURVrt_kfuYKahmh136_pw,568,1
HihIvvT581sDesXBYxUPEQ,1952,18
7ecSEQV2wk8MyDUZJ8MV3g,3290,31
VWpjnJH4PBOuZ0QIt9HxyQ,635,5
HV4FcqzP8CHqvYBpDs42xQ,856,1
osGYZG8wMc3oLu6DLT5IZQ,633,1
lfq5v0ZG-tEmKWT_Q_u0OQ,2556,2
vJNqv2dKGw6oGhSDxIZH7w,1467,1
CCqH2FxNUNARIEeuav1-xw,932,2
E32UgnjjqgPDO9tJUq-aJw,1236,1
YmXDorvj5dg-dJbGjj8dQw,1107,4
-Ol--lt4zPlQmRhIAWFAsA,1687,12
bg_yM40qYAp-as0IuLairA,1755,4
NEy4h0QGKEfoVY61h9QuZQ,1730,3
vDn_m-AyLuf3ux_rQUHOOQ,1149,1
rsIl0HKiP1Kx7cvdkW8RvQ,1339,3
8R6kYvM4D-vRmQAqnBozpg,2096,2
iFG56qKtio1_cQpoy5bXDg,913,2
xpCWELFcXtdtdRaQTo42qQ,996,1
oAQ46EzrBiTIvOgxM39cNw,654,1
WVLXTVAnFINorKQ4K6q8-w,1124,3
CoroPrIUv1vVyTDy0Ob79w,1102,1
6g4MrJXb5MvO1wsjXd9OzQ,1241,1
asVqXxh49EqrKTxaOdB1sA,2243,1
LS3JJAQEHKeGqaa1UJMftw,2843,3
NF_cqPQ23UR0NPPJJAsTqg,2562,1
kEYsXzHPuhz8hLEnzJ-SHw,2855,1
xw4EHG05LVzcUErtPOp3tg,2170,2
AhJgWuHyDPuqIwOZBaxHZw,2032,2
rUB9Tzwqi1VHmtOgnB9bcA,2079,1
3tXQ2zy4uuHuQL2pxATw9w,1630,10
F8aTT0_4s8szBoL1IU24Jg,2452,1
tYD1fEhOcQf7iDfaD1hwwg,1611,3
q18rNs0VOUdOFr1Y5cKnQQ,1597,1
ymBK4FNkC7dfDwGJBGNhYw,1532,9
WdRputBt_j-anzoEnR_fVg,1830,2
jc2pW_7_ZP63MzxLcsdCFQ,1059,1
VnnACYYdEJosWYng4buQMw,1460,2
DdexgTEXnqxBgltRXl_OCg,2008,3
d4rBJmQG0UXmSmnCuiT1KA,1179,1
CgJVimw4HpVho-XRF4ORyQ,1627,34
2FYxt5cXt-53Vsyzx3sWpA,1492,1
AfErbdOzmaivSlGr8llo8g,875,4
mvTNhb5MLh0F9dlEKctebg,1731,7
FLrMqzuo2ewuHGXJityB9Q,1038,1
sqVSVR1jHZiCHZgDZ6fdfA,810,3
JFsAYMnzpT6sNXTdDiyCAw,1617,4
JaOZpSzu6FQ8k0s3VcRziA,1446,1
4bR0Vn2KuGQ4L0KScONCzQ,2719,1
ivPt2hvPky5IaCD8T97r3g,1913,1
km4Jr-lsVXYFrVbREUX7vg,797,1
rapLt5jRfwHiqAOrClE-Rw,2654,1
JQ7f0OtZ0DXrJCz6zRF0Iw,689,1
mgIEg5YvsOY-WVTCGaXalg,653,1
jJH1kZO-uyAIi8ZRKZb1Rw,1642,2
_s02ThBbievzd5WGbiEP-Q,3185,20
PQGKCZ9OFBf7TBkEeDWG4Q,1545,1
wjykIbxZL943CgLX5tiDJw,1762,3
VL13zdaW3bIlhL96igNJbw,1836,1
kbWaq0oam_uTFdHXjka38w,1644,25
BixJel6HTzGwChHRJ3IcTA,3702,9
6NPMxYf_3-OHL8zuVOM_BQ,2318,1
awVVEIvAR-TC5Uv6KHWwpQ,2178,1
8sHiYVTFosxzB4SdhU91dw,2172,1
N5NbMpQmvZeYEz6i48jzCw,1051,8
mF2SwgBpL1ImRCn82KTM5w,2908,1
al3NyKEJ3KBH-AJAO-YLVw,3082,11
mau35GyHq9qDK-arfuNztQ,2444,1
